39-26-37-981000-001-01 112                                                                                               2          2             324     0   0  108   04              
39-26-37-981000-001-01 341    80  160000 91    80  160000112020    1 3   3  2                          2                 2          2              30    10   0    0   08              
48-07-72-071001-001-01 112                                                                                               2          2             800     0   0    0   04              
48-07-72-071001-001-01 312                                                                                               2          2             200     0   0    0   05              
87-35-70-531002-001-01 111  3600 1290000 93  3600 1290000 92020    2 1 2 1 22                          1    2   24  600002          2             600     0 480 1560   04              
87-35-70-531002-001-01 341   600     600 93   600     600102020    1 2   2  2                          1    4   14  100002          2               0     0   0    0   02              
87-35-70-531002-001-01 411   375  150000 91   375  150000 82020    1 2   2  2                          1    4   26  100002          2              75     0   0    0   04              
90-92-88-291003-001-01 111   200  100000 51   100   50000 92020    2 1 3 1 31 51  100  50000102020113132                 2          2             920     0   0   80   04              
90-92-88-291003-001-01 132                                                                                               1    8042 42               0     0   0    0   04              
90-92-88-291003-001-01 311    40   15000 41    40   15000 62020    1 1 3 1 32                          1    2   16      02          2              60    40   0   40   04              
90-92-88-291003-001-01 341    40   15000 51    40   15000 92020    1 1 3 1 32                          1    2   16   20002          2               0    20   0    0   04              
90-92-88-291003-001-01 411    20   15000 51    20   15000 72020    1 1 3 1 32                          2                 2          2              80     0   0    0   04              
16-34-22-801005-001-01 111   360  150000 41   360  150000122020    1 1 2 1 22                          1    4   16   20002          2             120    20   0   60   03              
16-34-22-801005-001-01 311    60  100000 41    60  100000122020    1 1   1 22                          1    4   16   20002          2              20    16   0   10   03              
16-34-22-801005-001-01 411    26   16000 41    26   16000 92020    1 1   1 22                          1   15   16   20002          2               0     0   0    0   03              
66-03-93-271006-001-01 112                                                                                               2          2            1080     0   0  120   04              
66-03-93-271006-001-01 311   130   90000 41   130   90000 92020    1 1   1 22                          1    2   16   20002          2             130     0   0    0   04              
93-03-21-311006-001-04 112                                                                                               2          2             120     0   0    0   02              
93-03-21-311006-001-04 412                                                                                               2          2              44     0   0    0   02              
91-42-46-841009-001-01 111  2808 1092000 91  2808 1092000102020    3 1 2 1 22                          2                 2          2             648     0 126  126   04              
91-42-46-841009-001-01 311   200  300000 91   200  300000 92020    1 1 2 1 22                          2                 2          2              50    20   0   10   04              
49-38-79-421025-001-02 111   216  120000 91   216  120000102020    1 2   2  2                          2                 1   10842 12             108     0   0  216   02              
86-53-32-921042-001-01 111  5640 2115000 95  5640 2115000 62020    3 1   1  2                          2                 2          2               0     0   0    0   05              
86-53-32-921042-001-01 341   480  200000 95   480  200000 92020    1 1   1 32                          2                 2          2               0     0   0    0   05              
86-53-32-921042-001-01 411  2142  490000 95  2142  490000 52020    1 1   1 32                          2                 2          2             400     0   0  100   05              
51-52-11-491044-001-01 231  1560  429000 94  1560  429000 82020    3 1   1  2                          2                 2          2               0     0   0    0   02              
68-51-31-951058-001-01 121  1232  550000 91  1232  550000 72020    2 1 2 1 22                          2                 2          2             350    48   0   50   05              
71-14-80-871059-001-01 111  1800  900000 94  1800  900000102020    3 1 2 1 22                          1    4   33      01   84012 12            1440   120   0    0   04              
71-14-80-871059-001-01 132                                                                                               2          2             600   120   0  480   02              
71-14-80-871059-001-01 222                                                                                               1  120012 12            1200     0   0    0   04              
71-14-80-871059-001-01 432                                                                                               1    6012 12             200    40   0    0   02              
79-06-68-491059-001-03 112                                                                                               2          2             840   120   0    0   05              
79-06-68-491059-001-03 132                                                                                               2          2             240     0   0    0   02              
79-06-68-491059-001-03 222                                                                                               2          2            1040     0   0    0   05              
71-40-42-061059-001-06 112                                                                                               2          2             360     0   0    0   02              
71-40-42-061059-001-06 132                                                                                               2          2             120     0   0    0   02              
71-40-42-061059-001-06 222                                                                                               1   10042 12            2900     0   0    0   02              
71-40-42-061059-001-06 411   540 1080000161   540 1080000 82021    1 1   1  2                          2                 1    5042 32              70   120   0    0   02              
71-40-42-061059-001-06 432                                                                                               1    6042 12             160     0   0    0   02              
27-54-41-371060-001-01 112                                                                                               2          2            2700     0   0    0   02              
27-54-41-371060-001-01 132                                                                                               2          2            1200     0   0    0   02              
50-50-37-471061-001-03 111   756  245000 91   756  245000 82020    1 1 5 1 52                          2                 1  388812 12             540     0   0    0   04              
50-50-37-471061-001-03 132                                                                                               1  108012 12              78    30   0    0   04              
50-50-37-471061-001-03 221  2000  600000 91  2000  600000 92020    2 1 5 1 52                          2                 1   80012 12            1000     0   0  200   04              
50-50-37-471061-001-03 411  2700 3600000 91  2700 3600000 72020    5 1 5 1 52                          2                 2          2              60    60   0    0   02              
50-50-37-471061-001-03 431   600  600000 91   600  600000 82020    4 1 5 1 52                          2                 2          2             120    30   0    0   04              
25-09-89-031062-001-01 132                                                                                               1   20011112            3800     0   0    0   04              
21-11-75-861063-001-01 111  2688  750000 92  2688  750000 82020    2 1 2 1 22                          2                 2          11 1  70000  2872   100   0  120   04              
21-11-75-861063-001-01 411  1120 1120000 91  1120 1120000 82020    1 1 2 1 22                          2                 2          2             140    70   0    0   04              
21-11-75-861063-001-01 431   360  300000 92   360  300000 62020    2 2   1 22                          2                 2          2             366    30   0    0   04              
63-59-38-211064-001-01 112                                                                                               2          2              90    18   0    0   05              
63-59-38-211064-001-01 132                                                                                               2          2             300    24   0    0   05              
63-59-38-211064-001-01 221   100   15000 51   100   15000 82020    3 1   1  2                          1    2   21      02          2             380     0   0    0   02              
63-59-38-211064-001-01 321    20   30000 51    20      30 82020    1 1   1  2                          1    2   11      02          2              30     0   0    0   02              
63-59-38-211064-001-01 432                                                                                               2          2              17     3   0    0   02              
51-70-28-891076-001-01 112                                                                                               2          2             144     0   0    0   05              
51-70-28-891076-001-01 312                                                                                               2          2              10     0   0    0   02              
45-88-08-271077-001-01 112                                                                                               2          2             720     0   0    0   04              
45-88-08-271077-001-01 891  2000 1000000 94  1000 1000000 82020    1 1 6 1 62                          2                 2          2               0     0   0    0   02              
83-42-33-561078-001-01 112                                                                                               1   24042 12             240     0   0    0   04              
83-42-33-561078-001-01 891  3640  780000 91  3640  780000 42021    1 1 2 1 22                          2                 2          2             140     0   0    0   01              
51-38-42-661079-001-01 112                                                                                               2          2             960     0   0    0   04              
70-13-86-621080-001-01 312                                                                                               2          2              18     2   0    0   02              
15-64-51-681081-001-01 112                                                                                               2          2             108     0   0    0   04              
40-74-76-771082-001-01 111   120   50000 52   120   50000102020    5 1   1  2                          1    1   51      02          2             560    40   0    0   04              
71-92-06-801083-001-01 112                                                                                               2          2             160     0   0  140   04              
74-62-00-181097-001-04 112                                                                                               2          2             240     0   0  120   04              
08-25-45-411134-001-01 112                                                                                               2          2              50     5   0   20  452              
08-25-45-411134-001-01 312                                                                                               2          2              34     6   0   20   02              
02-54-47-041198-001-01 122                                                                                               1    4042 32              60    40   0   40   02              
59-82-97-201233-001-01 111  9000 5400000 91  9000 5400000 82020    1 1 2 1 22                          2                 1   90031112             100     0   0    0   05              
61-64-62-241235-001-02 112                                                                                               2          2              35     0   0    0   02              
61-64-62-241235-001-02 322                                                                                               2          2              18     0   0    0   02              
61-64-62-241235-001-029982                                                                                               2          2               9     0   0    0   02              
32-46-17-361236-001-04 111   378  120000 94   378  120000 72020    1 1   1  2                          2                 2          2             120    20  32   80   02              
28-24-87-551305-001-01 111   756  420000 91   756  420000 92020    2 1   1  2                          2                 2          2             216     0   0  108   05              
20-66-75-401323-001-04 121   360  180000 21   360  180000 72021    1 1   1  2                          2                 2          2               0     0   0    0   02              
99-92-94-711329-001-019982                                                                                               2          1110  10000    35     0   0    5   02              
96-56-62-651331-001-019982                                                                                               2          2              85     0   0    0   01              
85-21-92-451348-001-01 111 4000016800000 95 4000016800000 82020    1 1 2 1 22                          2                 2          12 1  10000   228    50   0   30   02              
85-21-92-451348-001-01 261  4000 2800000 95  4000 2800000112020    3 1 2 1 22                          2                 1   60031122              15     0   0    0   02              
85-21-92-451348-001-01 351  4700 5076000 95  4700 5076000112020    1 1 2 1 22                          2                 2          2               0     0   0    0   02              
85-21-92-451348-001-01 411  9800 4900000 95  9800 4900000 82020    2 1 2 1 22                          2                 1   20031142               0     0   0    0   02              
35-22-61-351401-001-01 111   700  476000 31   400  272000 92021    1 1 2 1 21 21  300 204000 92021112122                 1   15041312             200     0   0  200   02              
39-91-71-061403-001-01 111   400  400000 93   400  400000 72020    1 1   1  2                          2                 2          2               0     0   0    0   03              
79-50-93-441462-001-01 322                                                                                               2          2              20     0   0    0   02              
79-50-93-441462-001-019982                                                                                               2          2              33     0   0    0   02              
88-91-41-191541-001-01 322                                                                                               2          2              11     0   0    0   02              
98-95-18-171556-001-01 322                                                                                               2          2               8     0   0    0   02              
98-95-18-171556-001-019982                                                                                               2          2              11     0   0    0   02              
07-54-14-551559-001-01 222                                                                                               2          2              60     0   0    0   02              
07-54-14-551559-001-019982                                                                                               2          2             450     0   0    0   02              
00-17-71-971596-001-01 111   280  112000201   280  112000 22021    1 1 2 1 22                          1    0   14      01    7022 12            1190    70 140    0 5604              
00-17-71-971596-001-01 312                                                                                               1    8021332             260    80   0  140  804              
26-08-75-881665-001-01 121  1500 1200000 92  1500 1200000 92020    1 1 2 1 22                          2                 2          2             665     0   0   85   02              
59-65-56-211707-001-01 222                                                                                               2          2              60     0   0    0   02              
36-06-21-601708-001-07 331   200  240000 91   200  240000 52020    1 1   1  2                          1    1   22      02          2              90     0   0    0   02              
42-24-69-581725-001-02 112                                                                                               2          2             216     0   0    0   05              
51-51-72-361744-001-01 121   500  500000 95   500  500000 92020    1 1   1  2                          2                 2          2               0     0   0    0   02              
15-97-35-811745-001-01 121   100  130000 21   100  130000 82020    1 1   1  2                          2                 2          2             200     0   0  180   02              
15-97-35-811745-001-01 322                                                                                               2          2              30     0   0    5   02              
15-97-35-811745-001-01 432                                                                                               2          2              30     0   0   34   02              
46-39-86-171765-001-01 122                                                                                               2          2             300     0   0  100   02              
46-39-86-171765-001-019981   100   50000 21   100   50000 52020    1 1   1  2                          2                 2          2             180     0   0   20   02              
88-80-90-941766-001-01 122                                                                                               2          2              81     2  45   72   02              
17-64-18-791768-001-01 122                                                                                               2          2             150     0   0    0   02              
76-34-61-711779-001-01 111   216   60000161   216   60000 82020    1 1   1  2                          2                 2          2             702    54   0    0   02              
76-34-61-711779-001-01 341   220  200000161   220  200000102020    1 1   1  2                          2                 2          2               0     0   0    0   02              
97-53-95-821780-001-01 112                                                                                               2          2             810    54   0    0   02              
97-53-95-821780-001-01 311   600  900000161   600  900000102020    3 1   1  2                          2                 2          2              80    40   0    0   02              
97-53-95-821780-001-01 341   360  360000161   360  360000102020    1 1   1  2                          2                 2          2               0     0   0    0   02              
97-53-95-821780-001-01 351   220  240000161   220  240000112020    1 1   1  2                          2                 2          2               0     0   0    0   02              
97-53-95-821780-001-01 411   600  700000161   600  700000 82020    2 1   1  2                          2                 2          2               0     0   0    0   02              
41-24-27-931781-001-01 111 14040 3900000162 14040 3900000102020    1 1   1 22                          2                 2          2             864     01080  216   04              
41-24-27-931781-001-01 151  1920 2400000162  1920 2400000 92020    1 1   1 22                          2                 2          2               0    16   0    0   04              
41-24-27-931781-001-01 341  3096 1432000162  3024 1400000 92020    1 1   1 21 51   72  3200010202011 121   22   16   30002          2            1152    36   0   36   04              
41-24-27-931781-001-01 411   768  400000162   768  400000102020    1 1   1 22                          2                 2          2               0     0 192  192   04              
00-71-13-591782-001-03 111   600  150000 91   600  150000 62020    1 3 5 3 52                          2                 2          2             300     0   0   60   05              
00-71-13-591782-001-03 411   525  315000 91   525  315000 42021    1 3 5 3 52                          2                 2          2              90    60   0    0   02              
70-69-92-641783-001-01 111  1080  300000162  1080  300000 22021    2 1 2 1 22                          2                 2          2             432    36   0   72   04              
70-69-92-641783-001-01 142                                                                                               2          2             170    20   0   50   04              
70-69-92-641783-001-01 152                                                                                               1    7042 12             110    20   0   40   04              
70-69-92-641783-001-01 341   240  160000 52   240  160000 92020    1 1 2 1 22                          1    3   16  300002          2              40    20   0    0   04              
70-69-92-641783-001-01 411   672  280000162   672  280000 52020    1 1 2 1 22                          2                 2          2              84    36   0   48   04              
94-30-16-271784-001-01 112                                                                                               2          2             215     5   0    0   05              
94-30-16-271784-001-01 341    40   40000 93    40   40000 92020    1 1   1 52                          2                 2          2               8     2   0    0   05              
31-80-34-981785-001-02 111   720  252000 91   720  252000 72020    1 2   2  2                          2                 2          2             440    40   0  480   05              
31-80-34-981785-001-02 341   640  320000 91   640  320000 92020    1 2   2  2                          2                 2          2              40    20   0    0   02              
31-80-34-981785-001-02 411   300  140000 91   300  140000 92020    1 2   2  2                          2                 2          2              70    20   0   60   02              
11-59-35-061785-001-03 111   756  240000161   756  240000102020    1 1 2 1 22                          2                 2          2             270    18   0   36   02              
11-59-35-061785-001-03 222                                                                                               2          2             110     0   0   40   08              
11-59-35-061785-001-03 341   120   75000161   120   75000102020    2 1 2 1 22                          2                 2          2              35    20   0    5   02              
11-59-35-061785-001-03 412                                                                                               2          2              84     0   0   24   02              
36-49-19-371786-001-01 111   540  125000 93   540  125000102020    1 1 2 1 22                          2                 1   54041112             756     0   0  864   02              
36-49-19-371786-001-01 351  2160 2160000 93  2160 2160000102021    3 1 2 1 22                          2                 2          2               0     0   0    0   02              
61-05-13-101798-001-01 112                                                                                               1    5641112             106    10   0    0   04              
61-05-13-101798-001-01 411  2648 1102670 91  2648 1102670 82020    4 1   1  2                          2                 1    5042 32               0    56   0    0   02              
03-94-16-921799-001-01 111   504  224000 91   504  224000 92020    1 1 2 1 22                          2                 1   37842 12             238    50   0   54   04              
03-94-16-921799-001-01 131   252  126000 91   252  126000 82020    1 1 2 1 22                          2                 2          2             106    20   0   36   02              
03-94-16-921799-001-01 362                                                                                               2          2              20     0   0    0   02              
03-94-16-921799-001-01 411   954  480000 91   954  480000 82020    1 1 2 1 22                          2                 2          2               0    30   0   24   02              
96-34-88-551800-001-01 112                                                                                               1   15082 12             300    50   0    0   04              
96-34-88-551800-001-01 132                                                                                               1   10082 12             180    20   0    0   04              
96-34-88-551800-001-01 342                                                                                               2          2              30    10   0    0   08              
96-34-88-551800-001-01 412                                                                                               1   50082 22               0     0   0    0   04              
96-34-88-551800-001-01 431    60   36000 91    60   36000 52020    1 1 2 1 22                          2                 2          2              25    15   0    0   04              
55-36-84-451801-001-01 111   540  350000162   540  350000 92020    1 1 2 1 22                          2                 2          2             216     0   0    0   04              
55-36-84-451801-001-01 132                                                                                               1   25041112             700     0   0    0   02              
42-29-89-481801-001-04 131   280  140000161   280  140000 62020    1 1   1  2                          2                 1   14042 12             140     0   0    0   02              
76-08-90-561802-001-01 111  1386  595000 91  1386  595000 82020    1 1 2 1 22                          2                 2          2               0     0   0    0   05              
76-08-90-561802-001-01 132                                                                                               2          2             870     0   0    0   03              
76-08-90-561802-001-01 322                                                                                               1     542 32              10     5   0    0   03              
20-12-62-771803-001-01 111   420  180000 92   420  180000 72020    2 1   1  2                          2                 1   56041112             980   140   0    0   01              
20-12-62-771803-001-01 411  1120  400000 92  1120  400000 82020    3 1   1  2                          2                 2          2              80   100   0    0   01              
11-69-14-701804-001-01 112                                                                                               2          2              58     1   0    0   08              
11-69-14-701804-001-01 342                                                                                               2          2               9     1   0    0   08              
58-47-83-551805-001-01 112                                                                                               2          14 2  10000   126    18   0    0   02              
58-47-83-551805-001-01 132                                                                                               2          2              72     0   0    0   02              
58-47-83-551805-001-01 411    84   35000 91    84   35000 82020    1 1   1  2                          2                 2          2               0     0   0    0   02              
37-48-48-041836-001-01 112                                                                                               2          2              20     0   0    0   02              
37-48-48-041836-001-01 362                                                                                               2          2              20     0   0    0   02              
37-48-48-041836-001-01 432                                                                                               2          2              20     0   0    0   02              
93-76-89-481837-001-01 112                                                                                               1   24042 12             340    20   0    0   04              
93-76-89-481837-001-01 142                                                                                               1   36012 12               0     0   0    0   04              
93-76-89-481837-001-01 431   130  500000161   130  500000 72019    1 1   1  2                          2                 2          2              10    10   0    0   04              
70-84-46-341838-001-01 431    90   90000 92    90   90000 52020    1 1   1  2                          2                 2          2              16     6   0    0   02              
26-76-44-681839-001-01 112                                                                                               2          2             280     0   0   12   05              
26-76-44-681839-001-01 432                                                                                               1     242 12              48    15   0   15   05              
65-72-55-001840-001-01 112                                                                                               2          2              60     5   0    0   02              
65-72-55-001840-001-01 412                                                                                               2          2              80     0   0    0   02              
99-71-08-471840-001-03 111   624  175000 91   624  175000 62020    2 1   1  2                          2                 2          2             180    60   0  216   05              
49-42-19-851841-001-01 112                                                                                               2          2             859     5   0    0   04              
49-42-19-851841-001-01 432                                                                                               2          2               3    15   0    0   04              
31-86-83-671842-001-01 112                                                                                               1    6042 12             284    16   0    0   05              
31-86-83-671842-001-01 132                                                                                               2          12 9  20000     1     0   0    0   02              
31-86-83-671842-001-01 362                                                                                               1    2042 12              40    20   0    0   03              
31-86-83-671842-001-01 411    20   30000162    20   30000 52020    1 1 2 1 22                          2                 1    2042 32              60    20   0    0   05              
31-86-83-671842-001-01 431   120    6000161   120    6000 62020    1 2   1 22                          2                 2          2             280    60   0   20   02              
49-86-16-681843-001-01 112                                                                                               2          2             600    20   0  100   02              
49-86-16-681843-001-01 411    60   45000 93    60   35000 62020    1 1 2 1 22                          2                 2          2              60     0   0    0   02              
49-86-16-681843-001-01 431    75   75000 93    75   75000 72020    1 1 2 1 22                          2                 2          2              35    10   0   10   02              
86-98-06-331856-001-01 112                                                                                               1   48041112              80    40   0    0   05              
88-48-03-011856-001-04 111   432  120000 51   432  120000 92020    1 1 2 1 22                          1    2   46   20001   41841112              86    36   0    0   05              
58-38-27-141857-001-01 111  3200 1600000 91  3200 1600000102020    1 1   1  2                          2                 1   24042 12             500     0   0   60   02              
58-38-27-141857-001-01 341  1000  800000 91   800  800000102020    1 1   1  2                          2                 1    4042 12             100     0   0   60   02              
58-38-27-141857-001-01 412                                                                                               2          2              30     0   0    0   02              
58-38-27-141857-001-01 951  5200 2080000 45  5000 2080000 42020    1 1   1  2                          1  180   14 6500002          11 77000000   120     0   080000   02              
07-82-76-341857-001-02 111   114   30000162   114   30000 72020    1 1 2 1 22                          2                 2          2             608     0   0    0   05              
07-82-76-341857-001-02 341   120  100000 51   120  100000 92020    1 1 2 1 22                          2                 2          2              90    20   0    0   02              
07-82-76-341857-001-02 411   690  350000 91   690  350000 92020    1 1 2 1 22                          2                 2          2              98    40   0    0   05              
66-14-13-151858-001-01 111  1620  450000 91  1620  450000112020    3 1   1 22                          2                 1   54041112             540     0   0  216   02              
66-14-13-151858-001-01 331   320  220000 91   320  220000 62020    1 1   1  2                          2                 1    4041132               0    40   0    0   05              
66-14-13-151858-001-01 341   150  120000 91   150  120000112020    1 2 3 1 32                          2                 1    2042 12              30     0   0    0   08              
66-14-13-151858-001-011012                                                                                               1   48041112              60     0   0   20   02              
36-33-35-191858-001-09 111   756  210000 91   756  210000102020    1 1   1  2                          2                 1   45641112             220    80   0    0   05              
36-33-35-191858-001-09 341   120   70000 91   120   70000102020    2 1   1  2                          2                 1    5541132              70    25   0   50   02              
36-33-35-191858-001-09 411   216   90000 91   216   90000102020    1 1   1  2                          2                 1    3642 12              90    18   0    0   05              
70-07-82-731859-001-01 111   240   70000 92   120   35000 72020    1 1 4 1  2                          2                 1   12042 12             240     0   0    0   02              
70-07-82-731859-001-01 341   240  120000 92   200  120000 92020    1 1 4 1  2                          2                 2          2              40     0   0    0   02              
70-07-82-731859-001-01 412                                                                                               2          2             126     0   0    0   02              
15-25-86-881860-001-01 112                                                                                               1    8041132             240    80   0    0   02              
15-25-86-881860-001-01 341   300  180000 91   300  180000102020    1 1   1  2                          2                 2          2               0    20   0    0   02              
15-25-86-881860-001-01 411   300  210000 91   300  126000102020    2 1   1  2                          2                 2          2             200   100   0    0   02              
39-53-93-811861-001-01 111   400  200000 91   400  200000 82020    1 1   1  2                          2                 1   10042 12              80    20   0    0   02              
25-77-45-141862-001-01 111  1118  300000 91  1118  300000112019    1 1   1  2                          2                 2          2             472    62   0  118   02              
32-28-64-631875-001-01 121   750  400000 91   300  160000 82020    1 1   1  1 91  225 120000 8202011 1 2                 2          2             375    75   0  150   02              
32-28-64-631875-001-01 222                                                                                               2          2             480     0   0    0   02              
71-47-50-921876-001-04 112                                                                                               2          2             120     0   0    0   02              
18-03-93-661913-001-01 112                                                                                               2          2             126     0   0    0   02              
72-94-88-221916-001-01 112                                                                                               2          2             378    18   0   72   02              
72-94-88-221916-001-01 311    40   60000161    40   60000 72020    1 2   2  2                          2                 2          2              60     0   0   15   02              
15-84-04-211918-001-01 111  3240  900000161  3240  900000 92020    4 2   2  2                          2                 1   32442 12            1080    20   0  648   02              
40-11-03-431931-001-01 111   432  120000161   432  120000 82020    2 5   5  2                          2                 2          2             324     0   0    0   05              
51-16-84-331932-001-01 112                                                                                               2          2             580    20   0    0   04              
51-16-84-331932-001-01 431    30   42000 92    30   42000 52020    1 1 2 1 22                          2                 2          2              20    10   0    0   02              
53-04-56-801932-001-02 112                                                                                               2          2             540    40   0   67   04              
53-04-56-801932-001-02 121  6120 5950000 93  6120 5950000 92020    4 1   1  2                          1   18   43  300002          2            4450   300   0  290   05              
53-04-56-801932-001-02 431   800  770000 93   800  770000 82020    1 1   1 22                          2                 2          2             216    30   0   34   04              
55-83-06-851932-001-04 111   378  125000 92   378  125000 52020    3 1 2 1 22                          2                 2          2             522     0   0   18   02              
55-83-06-851932-001-04 431   390  214000 91   390  214000 62020    4 1 2 1 22                          2                 2          2             450     0   0    0   02              
04-39-71-361932-001-08 111   120   42000 92   120   42000 72020    1 1   1  2                          2                 2          2             200     0   0   40   02              
04-39-71-361932-001-08 322                                                                                               2          2              20     0   0    0   02              
04-39-71-361932-001-08 431    60   96000 92    60   96000 72020    1 1   1  2                          2                 2          2              20    10   0    0   02              
41-12-45-181933-001-01 112                                                                                               1   10842 12             432     0   0    0   03              
41-12-45-181933-001-01 121   450  240000 93   450  240000 62021    1 1 2 1 22                          2                 1   15042 12             150     0   0    0   08              
74-41-63-531934-001-01 111  2160  600000161  2160  600000102020    5 1   1  2                          2                 2          2            1404   108   0    0   04              
74-41-63-531934-001-01 322                                                                                               2          2              90     5   0   25   04              
74-41-63-531934-001-01 431   300  252000161   300  252000 52020    2 1   1  2                          2                 2          2             150    50   0    0   04              
66-14-94-181935-001-01 111   108   36000162   108   36000 82020    1 1   1  2                          2                 2          2             486     0   0   54   02              
66-14-94-181935-001-01 432                                                                                               2          2              20     0   0    0   02              
28-72-49-681935-001-06 112                                                                                               1    3642 12             214     2   0    0   02              
28-72-49-681935-001-06 121   288  135000161   288  135000 72021    2 1   1  2                          2                 1    9642 12              96     0   0    0   02              
28-72-49-681935-001-06 432                                                                                               2          2              20    10   0    0   02              
56-51-57-981936-001-01 112                                                                                               2          2             270    54   0    0   02              
56-51-57-981936-001-01 121   168   72000161   168   72000 72020    1 1   1  2                          2                 2          2             476    28   0    0   04              
56-51-57-981936-001-01 221   360   75000161   360   75000 82020    1 1   1  2                          2                 2          2             720     0   0    0   04              
98-18-22-891937-001-02 112                                                                                               2          2            1020    60   0    0   03              
98-18-22-891937-001-02 321    12   12000 52    12   12000 72020    3 2   2  2                          1    4   32      02          2              76     5   0    0   02              
98-18-22-891937-001-02 431    48   40000 92    48   40000102020    2 2   2  2                          2                 2          2              92    40   0    0   02              
12-92-55-031938-001-01 112                                                                                               1    3052 112 3   5000   451     0   0   36   54              
12-92-55-031938-001-01 311    20   20000 42    20   20000 22020    1 1 2 1 22                          1    6   16      02          2             110     0   0   20   04              
05-92-83-741938-001-02 312                                                                                               2          2              24     0   0    3   02              
29-60-24-001950-001-02 222                                                                                               2          2             140     0   0   20   02              
80-22-16-231951-001-02 112                                                                                               2          2              60     0   0    0   02              
11-83-65-021952-001-02 111   216   60000 91   216   60000 72019    1 2   2  2                          2                 2          2             162     0   0  162   03              
83-93-74-591954-001-01 111   400  192000 41   400  192000112020    4 1 2 1 22                          1    1   45      01    2042 12              80     0   0    0   02              
83-93-74-591954-001-01 312                                                                                               2          2              10     0   0    0   02              
01-06-14-471956-001-01 121   120   55000 91   120   55000112020    1 4   4  2                          2                 1  276042 22             120     0   0    0   02              
19-09-34-021969-001-01 111   504  140000161   504  140000112020    1 1   1  2                          2                 2          2             378    36   0   90   02              
56-90-00-491970-001-02 112                                                                                               2          2             108    20   0    0   05              
56-90-00-491970-001-02 411   112   70000165   112   70000 72020    1 4   4  2                          2                 2          2              48    10   0    0   05              
58-50-67-671971-001-01 111   882  210000 93   882  210000 92020    1 1   1  2                          2                 2          2             252     0   0  396   05              
58-50-67-671971-001-01 411   225  180000 93   225  180000 92020    1 1   1  2                          2                 2          2               0     0   0    0   05              
11-00-28-031972-001-02 111  3906 1395000 94  3906 1395000 92020    1 1   1 22                          2                 2          2            1260   252   0  252   04              
11-00-28-031972-001-02 412                                                                                               2          2              70     0   0    0   05              
19-01-37-031973-001-01 111   126   33000 31   126   33000 92020    1 1   1  2                          2                 2          2             116    10   0    0   05              
19-01-37-031973-001-01 411   128   50000162   128   50000 82020    1 1   1  2                          2                 2          2              32     0   0    0   05              
16-14-63-931974-001-01 111  1188  330000161  1188  330000102020    5 1   1  2                          2                 2          2             324     0   0    0   02              
16-14-63-931974-001-01 411   360  540000162   360  540000 82020    1 1   1  2                          2                 2          2               0     0   0    0   02              
78-73-09-301976-001-01 112                                                                                               1   25242 12             144    36   0   18   02              
01-58-42-071988-001-01 112                                                                                               1   72041112             320     0   0  130   02              
01-58-42-071988-001-01 222                                                                                               2          2             110     0   0   80   02              
01-58-42-071988-001-01 312                                                                                               2          2              26     0   0    0   08              
32-78-55-351988-001-06 111  2800  560000161  2800  560000122020    1 1 2 1 22                          2                 1  112042 12             180    60   0   40   02              
32-78-55-351988-001-06 371   140  140000164   140  140000122020    1 1 2 1 22                          2                 1    3042 12              30     0   0    0   02              
25-96-98-141988-001-07 111   800  320000 91   800  320000102020   10 2   2  2                          2                 1   80041112             220     0   0  130  202              
25-96-98-141988-001-07 231  2400  960000 91  2400  960000 72020    1 1 2 1 22                          1    2   11  480002          2             400   200   0  200   03              
25-96-98-141988-001-07 412                                                                                               2          2               5     0   0    0   02              
08-18-13-461989-001-01 112                                                                                               1    6041112             340    20   0    0   02              
19-52-92-511990-001-01 112                                                                                               2          2             280     0   0    0   02              
21-07-86-971992-001-01 111   152   56000 91   152   56000 42020    1 1 2 1 22                          1    3   26   30001   58852 12              76    20   0    0   02              
21-07-86-971992-001-01 311    60   54000 91    60   54000 52020    1 1 2 1 22                          1    3   26   30002          2              12     8   0    0   03              
57-66-23-771993-001-01 112                                                                                               1   20042 12              90    20   0   30   05              
57-66-23-771993-001-01 312                                                                                               2          2              13     2   0    0   05              
57-66-23-771993-001-01 412                                                                                               2          2              30     0   0    0   08              
28-97-65-631994-001-01 111   633  350000 21   633  350000112019    1 2   1 22                          2                 1   35442 113 1  10000   236    27   0   54   04              
86-15-44-911994-001-03 112                                                                                               1   28041112            1500    20   4  420   03              
86-15-44-911994-001-03 312                                                                                               2          2             170    30   0  140   03              
48-18-40-432007-001-01 112                                                                                               1   28541112            1018    27   0    0   02              
48-18-40-432007-001-01 312                                                                                               1    4042 12              20    20   0    0   03              
23-38-07-812008-001-01 111   520  250000 92   520  250000102020    2 1 2 1 22                          2                 1   30041112             100     0   0    0   05              
31-46-39-262009-001-01 112                                                                                               1    40411113 1   5000   200     0  40   20   05              
31-46-39-262009-001-01 221    80   80000 22    80   80000 82020    3 1 2 1  2                          2                 2          2              40     0   0    0   05              
36-61-47-762009-001-06 112                                                                                               1   34041112              90    20   0    0   05              
27-69-09-192010-001-01 112                                                                                               1  131041122             160    50   0  200 1002              
67-18-23-872011-001-01 112                                                                                               1   36041112             270    60   0   40   05              
67-18-23-872011-001-01 311    80  140000 91    80  140000112020    1 1 2 1 22                          2                 1    1041132              20    10   0    0   08              
23-38-22-852012-001-01 112                                                                                               1   19442 12             108    10   0    0   02              
10-79-15-552013-001-01 112                                                                                               2          13 1   4000   104    10   0    0   05              
28-82-13-872014-001-01 112                                                                                               1    2041112             135     5   0    0   02              
95-44-14-692014-001-02 112                                                                                               1    6041112             198     2   0    0   02              
62-10-06-922027-001-01 111   216   80000 91   216   80000 72020    1 1   1  2                          2                 2          2             324     0   0    0   02              
62-10-06-922027-001-01 312                                                                                               2          2              40     0   0    0   02              
42-38-34-362028-001-01 112                                                                                               2          2              90     0   0    0   05              
83-09-48-582029-001-01 111   432  180000163   432  180000102021    2 1 2 1 22                          2                 1   43242 12             108     0   0  108   04              
44-32-20-342030-001-01 112                                                                                               2          2            1600     0   0  320   02              
44-32-20-342030-001-01 312                                                                                               2          2              50     0   0   10   02              
86-02-52-322031-001-01 112                                                                                               2          2             360     0   0  120   02              
68-75-40-962033-001-01 112                                                                                               2          2              71     1   0    0   05              
68-75-40-962033-001-01 121  2240 1000000161  2240 1000000 92020    1 1 2 1 22                          2                 1  179221322             560   224   0  224   05              
68-75-40-962033-001-01 412                                                                                               2          2              80     0   0    0   05              
66-23-15-542045-001-01 112                                                                                               1   17642 12             200    36   0    0   07  60 600009191
19-73-12-232045-001-02 111   590  250000 91   590  250000 92020    1 1   1  2                          2                 1   23641112             118    20   0    0   02              
62-61-78-732046-001-01 111   140   50000 21   140   50000102020    1 1 2 1 22                          2                 1   48052 12             300    60   0    0   02              
62-61-78-732046-001-01 311   140  175000 93   140  175000 72020    1 1 2 1 22                          2                 1    8042 12              60    40   0   20   02              
62-61-78-732046-001-01 371   700  245000 93   700  245000 42020    1 1 2 1 22                          2                 2          2               0     0   0    0   02              
37-38-65-382047-001-01 112                                                                                               1  138042 12             160    20   0  440   08              
37-38-65-382047-001-01 232                                                                                               2          2              30    10   0    0   03              
37-38-65-382047-001-01 312                                                                                               1    2042 12              20     0   0    0   03              
51-19-63-662048-001-01 111   560  160000 92   280   80000 92020    1 1   1  1 92  280  80000 9202011 1 2                 1   28041112             280     0   0    0   02              
68-42-20-722049-001-01 112                                                                                               2          2             360    40   0    0   02              
08-25-98-682050-001-02 112                                                                                               1    4042 12             280    20   0    0   02              
97-07-45-242051-001-01 111  1023  365000 91  1023  365000 92020    1 1 5 1 52                          2                 1   14041112             270    25   0  216   02              
97-07-45-242051-001-01 311   210  350000 91   210  350000122020    1 1 5 1 52                          2                 2          2              70     0   0    0   02              
71-98-45-442052-001-01 112                                                                                               1    3642 12              98    10   0    0   02              
71-98-45-442052-001-01 312                                                                                               1     442 12              11     0   0    0   02              
77-92-16-672066-001-01 112                                                                                               1    4042 12             315     5   0   40   02              
77-92-16-672066-001-01 311   480  480000 91   480  480000 62020    1 1   1  2                          2                 2          2              95    65   0   20   02              
35-93-00-792068-001-01 112                                                                                               2          2             350     0   0    0   02              
35-93-00-792068-001-01 252                                                                                               2          2             160     0   0    0   02              
35-93-00-792068-001-01 312                                                                                               2          2             200     0   0    0   02              
53-91-30-092069-001-01 112                                                                                               1     542 12              88    20   0    7   02              
53-91-30-092069-001-01 312                                                                                               2          2             113    20   0    7   02              
98-95-98-622070-001-01 311   12012000000161   12012000000 72020    2 1 2 1 22                          2                 1    8042 12              25     0   0    0   02              
13-66-67-952072-001-01 221   240   90000 93   240   90000102020    1 1   1  2                          2                 2          2              80     0   0  160   04              
13-66-67-952072-001-01 311    60   75000 93    60   75000 72020    1 1   1  2                          2                 2          2              60    20   0    0   02              
24-27-78-932083-001-01 312                                                                                               2          2              13    25   0    0   02              
51-49-82-492083-001-03 112                                                                                               2          2              10     0   0    0   02              
51-49-82-492083-001-03 312                                                                                               2          2              10     0   0    0   02              
73-25-52-852085-001-01 312                                                                                               2          2              60     0   0    0   02              
29-87-29-692087-001-01 311    80   76000 91    80   76000102021    1 1   1  2                          2                 1   17042 12              20    50   0   80   02              
92-24-01-442088-001-01 311    60   60000 11    60   60000 62021    1 1   1  2                          2                 1    8041112              60     0   0    0   08              
31-32-30-422089-001-01 112                                                                                               2          2             108     0   0    0   02              
31-32-30-422089-001-01 311   100   70000161   100   70000 62020    5 1   1  2                          2                 2          2              60    10   0   30   02              
73-31-47-952102-001-01 432                                                                                               2          2              21     3   0    0   01              
02-38-53-952103-001-01 111   700  126000 91   700  126000 62020    3 1 2 1 22                          2                 2          2             900   100   0    0   02              
34-93-93-402105-001-01 311    20   30000 21    20   30000 42020    1 1   1  2                          2                 2          2              60     0   0    0   02              
82-80-81-612105-001-02 311    40   26000102    40   26000 32020    1 6   6  2                          2                 2          2               0     0   0    0   02              
08-12-12-352108-001-01 311   160  170000 91   160  170000 62020    1 1   1  2                          2                 2          2              60    20   0    0   02              
46-01-30-672109-001-01 112                                                                                               2          2             100    20   0    0   02              
46-01-30-672109-001-01 311    80   80000 93    80   80000 72020    2 1   1  2                          2                 2          2              60    20   0    0   02              
89-05-97-182110-001-01 311    75   90000161    75   90000 62021    2 1   1  2                          2                 2          2              20    35  40    0   02              
19-03-71-262121-001-01 112                                                                                               2          2              80     0   0   20   02              
19-03-71-262121-001-01 311    40   32000 91    40   32000 52020    1 1   1  2                          2                 2          2              40     0   0    0   02              
72-87-81-322122-001-01 112                                                                                               2          2              12     3   0    0   04              
72-87-81-322122-001-01 252                                                                                               2          2              80     0   0    0   04              
72-87-81-322122-001-01 312                                                                                               2          2              50     0   0    0   04              
62-47-33-372123-001-01 112                                                                                               2          12 1   6000   177     3   0    0   04              
62-47-33-372123-001-01 222                                                                                               2          2              80     0   0    0   04              
62-47-33-372123-001-01 252                                                                                               2          2             160     0   0    0   02              
62-47-33-372123-001-01 311     8    8000 91     8    8000 82020    1 1   1  2                          2                 2          2              52    10   0    0   02              
62-47-33-372123-001-01 432                                                                                               1    1072 32              60    10   0   10   04              
62-47-33-372123-001-01 912                                                                                               2          2              60     0   0    0   04              
46-20-06-252123-001-02 312                                                                                               2          2             170     0   0    0   04              
37-05-92-602124-001-01 112                                                                                               2          2               3    20   0    0   08              
37-05-92-602124-001-01 312                                                                                               2          2               0    18   0    0   03              
85-54-66-362125-001-01 252                                                                                               2          2              60     0   0    0   01              
85-54-66-362125-001-01 311   100  100000161   100  100000 72020    1 1   1  2                          2                 2          2              90    10   0    0   02              
85-54-66-362125-001-01 871   180   72000163   180   72000 42020    5 1 2 1  2                          2                 2          2              15     0   0    5   01              
35-74-58-192126-001-01 111   100   60000 91   100   60000 52020    1 1 2 1 22                          2                 2          2             200     0   0    0   02              
94-09-90-452127-001-01 112                                                                                               2          2             216     0   0    0   02              
94-09-90-452127-001-01 252                                                                                               2          2              60     0   0    0  202              
94-09-90-452127-001-01 311   150  150000161   150  150000 72020    2 1 2 1 22                          2                 2          2              40    10   0    0   02              
41-24-37-002128-001-01 111   100   30000 91   100   30000 72020    1 2   2  2                          2                 1    4042 12              60     0   0    0   02              
41-24-37-002128-001-01 252                                                                                               2          2              80     0   0    0   02              
41-24-37-002128-001-01 312                                                                                               2          2              30     0   0    0   02              
41-24-37-002128-001-01 861   100   30000 93   100   30000 92020    1 2   2  2                          2                 2          2              50     0   0    0   02              
96-25-27-682140-001-01 222                                                                                               2          2             300     0   0  100   02              
60-98-83-842141-001-01 112                                                                                               2          2              20     0   0    0   02              
60-98-83-842141-001-01 312                                                                                               2          2              51     3   0    0   02              
47-33-48-342143-001-01 112                                                                                               2          2              25     0   0    0   02              
47-33-48-342143-001-01 222                                                                                               2          2              20     0   0    0   02              
47-33-48-342143-001-01 312                                                                                               2          2              21     0   0    0   02              
41-90-49-082143-001-02 222                                                                                               2          2              25     0   0    0   02              
41-90-49-082143-001-02 242                                                                                               2          2              80     0   0    0   02              
41-90-49-082143-001-02 252                                                                                               2          2              20     0   0    0   02              
41-90-49-082143-001-02 312                                                                                               2          2              60     0   0    0   02              
93-04-22-652143-001-04 871   190  420000 92   190  420000 82021    3 1 2 1 22                          2                 2          2               5     0   0    5   03              
93-04-22-652143-001-04 911    80  250000 92    80  250000 82021    1 1 2 1 22                          2                 2          2               3     0   0    2   01              
93-04-22-652143-001-049981   100  100000 92   100   10000 52021    3 1 2 1 22                          2                 2          2               3     0   0    3   01              
51-55-51-262145-001-01 312                                                                                               2          2             100     0   0    0   02              
88-95-93-562146-001-01 252                                                                                               2          2             300     0   0  100   01              
37-02-89-812146-001-03 432                                                                                               2          2              18     2   0    0   04              
98-78-94-132147-001-019982                                                                                               2          2              96     0   0    0   02              
82-49-19-232159-001-01 312                                                                                               1    2042 12              90    10   0    0   02              
82-49-19-232159-001-01 432                                                                                               1    2422 12              36    12   0    0   02              
40-34-16-232159-001-04 111   108   30000 91   108   30000102019    1 1 2 1 22                          1    1   16   20002          12 2   5000    50     4   0    0   03              
43-91-81-402161-001-03 112                                                                                               2          2              30     0   0    0   02              
43-91-81-402161-001-03 312                                                                                               2          2              10     0   0    0   02              
92-29-28-062162-001-01 111   108   35000 41   108   35000102019    1 2   2  2                          1    5   16   20002          2              80    10   0  108   02              
45-96-39-562164-001-01 112                                                                                               2          2              40     0   0    0   02              
45-96-39-562164-001-01 312                                                                                               2          2              20     0   0    0   02              
79-35-82-232166-001-01 112                                                                                               2          2              40     0   0    0   02              
79-35-82-232166-001-01 312                                                                                               2          2              40     0   0    0   02              
82-21-30-392181-001-01 252                                                                                               2          2             160     0   0    0   02              
54-85-06-092198-001-02 111   630  210000163   630  210000 82020    1 1 2 1 22                          2                 2          2             751     5   0    0   05              
54-85-06-092198-001-02 431   252  105000163   252  105000 42020    1 1 2 1 22                          2                 2          2             176    12   0    0   03              
01-99-19-152198-001-03 111   150   51000 91   150   51000 42020    1 1   1  2                          2                 2          2              50     0   0    0   02              
56-62-89-782199-001-01 111   480  120000 41   480  120000 92020    1 2   2  2                          1    2   32   60002          2             680     0   0   40   02              
77-31-17-492199-001-03 111   100   35000 41   100   35000 82020    1 2   2  2                          1    1   21      02          2             150    50   0    0   02              
97-95-25-482200-001-01 111  2000  500000161  2000  500000 72020    1 1 2 1 22                          2                 1   80051112            2500   100   0  200   02              
97-95-25-482200-001-01 221   240   60000161   240   60000 62020    1 1 2 1 22                          2                 2          2             320     0   0    0   06              
97-95-25-482200-001-01 311   120  240000161   120  240000 92020    1 1 2 1 22                          2                 2          2             200    40   0    0   01              
97-95-25-482200-001-01 431   100  144000161   100  144000 52020    1 1 2 1 22                          2                 2          2             140    10   0    0   01              
97-95-25-482200-001-01 501   600  720000211   600  720000 72020    1 1   1  2                          1    4   12      02          2               0     0   0    0   02              
97-95-25-482200-001-011001    20   14000161    20   14000 42020    2 1 2 1 22                          2                 2          2              30     0   0    0   02              
99-10-27-022200-001-03 111   324  105000 91   324  105000 82020    1 1 2 1 22                          2                 2          2             108     0   0  108   03              
14-73-22-192201-001-01 111   200   72000 91   200   72000 92020    1 1   1  2                          2                 2          2             490    10   0    0   02              
14-73-22-192201-001-01 312                                                                                               2          2              30     0   0    0   02              
89-10-69-312202-001-01 111   324   90000 91   324   90000 62020    1 1 2 1 22                          2                 2          2             324     0   0    0   03              
72-15-83-722203-001-01 111    80   20000 41    80   20000 82020    2 1   1  2                          1    1   21      02          2             130     0   0    0   02              
81-50-48-562217-001-02 111   498  196000 92   498  196000 72020    2 2   1 22                          2                 2          2             110    40   0    0   02              
81-50-48-562217-001-02 311   180  225000 91   180  225000 72020    1 2   1 22                          2                 2          2             170    20   0   50   04              
84-58-41-512218-001-01 311    40   50000 51    40   50000 72021    1 1   1  2                          1    6   16   30001    1541112              15    10   0    0   02              
55-19-95-162219-001-01 111   108   60000 92   108   60000 72021    1 1 3 1 32                          2                 2          2             312    10   0    2   04              
55-19-95-162219-001-01 311    60   30000 92    60   30000 72021    1 1 3 1 32                          2                 1    1041112             190     0   0    0   02              
91-90-18-922220-001-01 111   400  168000 41   400  168000 72020    2 1   1  2                          1    4   42      02          2             300     0   0    0   02              
91-90-18-922220-001-01 311   200  300000 93   200  300000 52020    1 1   1  2                          2                 2          2             100     0   0    0   02              
05-40-62-632221-001-01 311   150  150000163   150  150000 72020    1 1 2 1 22                          1    7   16   30002          2              90    30   0    0   02              
24-15-17-332222-001-01 111   500  150000 93   500  150000 92020    1 1 2 1 22                          2                 1   20041112             565     0  25    0   04              
24-15-17-332222-001-01 251   320  160000 93   320  160000 92020    1 1 2 1 22                          2                 2          2            1320     0  30    0   04              
24-15-17-332222-001-01 312                                                                                               2          2            1505    85  20    0   04              
24-15-17-332222-001-01 432                                                                                               2          2             300     0   0    0   04              
14-85-96-302222-001-08 112                                                                                               2          2             120     0   0    0   02              
14-85-96-302222-001-08 312                                                                                               2          2              10     0   0    0   02              
21-66-19-792235-001-01 312                                                                                               1    2042 12              15     5   0    0   02              
04-72-30-292236-001-01 112                                                                                               2          2             115     5   0    0   02              
04-72-30-292236-001-01 312                                                                                               1    5042 32              50    50   0    0   02              
04-72-30-292236-001-019982                                                                                               2          2              20     0   0    0   01              
00-11-58-552236-001-02 222                                                                                               2          2             120     0   0   30   02              
70-46-23-362237-001-01 312                                                                                               1    20713313 3   6000    12    20   0    0   02              
33-40-18-382238-001-01 311   100   20000163   100   20000 82020    1 1   1  2                          2                 2          2              80    20  20   50   02              
00-38-57-232239-001-01 222                                                                                               2          2             360     0   0    0   02              
33-71-74-272241-001-01 312                                                                                               2          2              20     0   0    0   02              
31-14-86-012242-001-01 222                                                                                               2          2             105     0   0   25   04              
31-14-86-012242-001-01 312                                                                                               1     721112               9     2   0    0   04              
53-95-94-122254-001-01 111    20   10000 21    20   10000 72020    1 1   1  2                          2                 2          2              30    10   0    0   05              
53-95-94-122254-001-01 311    60   45000161    60   45000 82020    2 1   1  2                          2                 2          2              20    20   0    0   02              
74-70-00-932255-001-01 311   100  100000 91   100  100000 22019    1 1 2 1 22                          2                 2          2              40     0   0    0   02              
79-86-31-642256-001-03 111    80   40000161    80   40000 72020    1 1 2 1 22                          2                 2          2              10     0   0   30   03              
79-86-31-642256-001-03 311    75   75000161    75   75000 62020    1 1 2 1 22                          2                 2          2              50     0   0    0   03              
79-86-31-642256-001-03 322                                                                                               2          2              15     0   0    0   03              
79-86-31-642256-001-03 432                                                                                               2          2               5     0   0    0   03              
30-93-95-652257-001-01 111   326   90000162   326   90000 92020    1 1 2 1 22                          2                 2          2              90    18   0    0   02              
30-93-95-652257-001-01 311   360  360000162   360  360000 82020    1 1 2 1 22                          2                 2          2              60    20   0    0   02              
30-93-95-652257-001-01 371    20   50000163    20   50000 82020    1 1 2 1 22                          2                 2          2              10     0   0    0   02              
14-19-73-232258-001-01 312                                                                                               2          2              80    15   0    0   02              
80-56-51-762259-001-01 112                                                                                               2          2              94     0   0    0   04              
80-56-51-762259-001-01 312                                                                                               2          13 2  23000   310     0   0    0   02              
16-88-52-772260-001-01 232                                                                                               2          2              60    30   0   50   02              
16-88-52-772260-001-01 311    40   50000 91    40   50000 72020    1 1   1  2                          2                 2          2              20    20   3    0   02              
19-61-62-902277-001-03 222                                                                                               2          2              70     0   0    0   08              
29-32-41-812293-001-01 122                                                                                               1    2542 32             150    25   0   25   08              
22-44-20-212293-001-02 112                                                                                               2          2              25     0   0    0   02              
22-44-20-212293-001-02 322                                                                                               2          2              20     0   0    0   02              
48-54-13-872293-001-04 122                                                                                               2          2             100     0  80   20   08              
79-64-91-552294-001-01 122                                                                                               1   20042 32             220    30   0  300   08              
83-01-75-412295-001-01 122                                                                                               2          2             200    50   0   50   02              
83-01-75-412295-001-01 222                                                                                               2          2              10     0   0    0   02              
80-85-79-462296-001-01 122                                                                                               2          2             130    20   0   50   08              
78-59-25-362297-001-01 122                                                                                               1   12542 12              50    25   0   50   02              
78-59-25-362297-001-01 222                                                                                               2          2              20     0   0   10   02              
90-57-92-072298-001-01 111    50   40000 21    50   40000 72020    3 1   1  2                          1    3   32      02          2              20     0   0   30   01              
90-57-92-072298-001-01 122                                                                                               1     142 32              99     1   0    0   08              
86-59-55-562299-001-01 121    50   60000 11    50   60000122020    1 1   1  2                          2                 2          2              30     0  20    0   05              
61-02-06-092312-001-01 222                                                                                               2          2              70     0   0   80   05              
75-37-54-952313-001-01 122                                                                                               1    5042 12             350     0   0    0   08              
75-37-54-952313-001-01 222                                                                                               2          2             280     0   0    0   01              
85-96-93-022316-001-01 122                                                                                               2          2             290    10   0    0   02              
68-30-71-792350-001-03 122                                                                                               2          2             180     0   0    0   02              
14-98-81-492352-001-02 122                                                                                               2          2              80    20   0    0   03              
12-97-36-292352-001-04 122                                                                                               2          2              70    15   0   45   08              
18-73-48-012353-001-04 122                                                                                               2          2             150     0  10   40   08              
54-52-86-502371-001-01 122                                                                                               1   15041112             200    20   0  100   08              
19-16-49-472426-001-01 122                                                                                               2          2             250    50   0    0   08              
65-69-85-942427-001-01 122                                                                                               2          2             200    20   0   80   02              
81-05-05-172432-001-01 122                                                                                               1    7042 12             210     0   0  140   02              
43-06-56-912446-001-01 112                                                                                               2          2             440     0   0    0   02              
59-21-82-292447-001-01 121   360  180000 92   360  180000 82019    1 1   1  2                          2                 2          2             360     0   0    0   05              
59-21-82-292447-001-01 922                                                                                               2          2              50     0   0    0   03              
06-02-80-212449-001-02 111   108   45000 91   108   45000 82019    1 1   1  2                          2                 1    3622 12             180     0   0    0   03              
08-04-12-232450-001-01 112                                                                                               2          2               8     0   0    0   02              
08-04-12-232450-001-01 432                                                                                               2          2               8     0   0    0   02              
32-08-98-112451-001-01 111   200   70000 21   200   70000 72020    2 1 2 1 22                          2                 2          2             100     0   0    0   02              
02-48-82-832463-001-02 112                                                                                               1   72041112             480     0   0    0   02              
02-48-82-832463-001-02 122                                                                                               1   75642 12            1474    20   0    0   02              
47-13-32-572464-001-03 121  9000 3500000161  9000 3500000102020    113  13  2                          2                 2          2            2240   150   0  360   02              
47-13-32-572464-001-03 311   480  816000161   480  816000102020    113  13  2                          2                 2          2             240     0   0    0   02              
84-08-06-472466-001-01 122                                                                                               2          2             100     0   0    0   02              
50-73-58-262468-001-01 112                                                                                               2          2             400     0   0    0   02              
50-73-58-262468-001-01 121   450  150000 91   450  150000 72020    2 1   1  2                          2                 2          2              75     0 225    0   02              
89-90-41-692469-001-01 122                                                                                               2          2             360     0   0    0   02              
67-03-39-722471-001-01 112                                                                                               2          2             100     0   0    0   02              
68-67-25-542482-001-01 111   324   90000 91   324   90000 72020    1 1   1  2                          2                 1   30441112             108    20   0  108   02              
84-22-10-902483-001-01 112                                                                                               2          2              20     5   0    0   02              
84-15-81-242484-001-01 111   500  200000 91   500  200000 92020    1 1   1  2                          2                 1   20042 12             800    40   0    0   02              
84-15-81-242484-001-01 432                                                                                               1    2012 32              40    20   0    0   02              
81-42-62-102485-001-01 112                                                                                               1   21642 12               0     0   0  216   02              
81-42-62-102485-001-01 411   672  245000 91   672  245000 72020    1 1   1  2                          2                 2          2               0     0   0    0   02              
98-07-44-472486-001-01 111   600  210000 91   600  210000102020    2 1   1  2                          2                 2          2             100     0   0    0   02              
98-07-44-472486-001-01 411   180   75000 91   180   75000 92020    1 1   1  2                          2                 2          2               0     0   0    0   02              
47-67-96-082486-001-02 111   756  245000 91   756  245000 72019    2 1 2 1 22                          2                 1   32422 12             432     0   0  216   05              
47-84-06-542487-001-01 111   756  210000 93   756  210000 72019    2 1 2 1 22                          2                 1     222 12             216     0   0  432   05              
47-84-06-542487-001-01 411   900  450000 95   900  450000 82019    1 1 2 1 22                          2                 2          2               0    20   0    0   05              
47-82-17-412488-001-01 111  1000  300000 94   600  180000 62020    1 2   2  1 22  400 120000 7202012 2 2                 2          2             680    20   0    0   02              
47-82-17-412488-001-01 411   270  135000 91   270  135000 82020    1 2   2  2                          2                 2          2               0    30   0    0   02              
16-18-83-882489-001-01 112                                                                                               2          2            1300    20 120    0   02              
16-18-83-882489-001-01 121  1080  450000 91  1080  450000 72020    1 1 3 1 32                          2                 1   10842 12            1368   108  36    0   02              
16-18-83-882489-001-01 222                                                                                               2          2             400     0   0    0   02              
16-18-83-882489-001-01 431   100   60000 91   100   60000 62020    1 1 3 1 32                          2                 2          2             150     0   0    0   01              
60-01-61-292520-001-01 112                                                                                               2          2             108     0   0    0   03              
00-90-94-292520-001-03 311    20   36000 21    10   18000 92020    2 1 2 2  1 21   10  18000 920202122 2                 2          2              20     0   0    0   02              
00-90-94-292520-001-03 431    24   60000 21    24   60000102020    1 1 2 2  2                          2                 2          2              11     0   0    1   02              
05-19-50-612522-001-01 432                                                                                               2          2              90     0   0    0   02              
22-75-70-322524-001-01 112                                                                                               2          2             450     0   0    0   02              
22-75-70-322524-001-01 312                                                                                               2          2              90    10   0    0   02              
07-14-14-702526-001-01 112                                                                                               2          2              72     0   0    0   03              
89-74-27-612527-001-01 252                                                                                               2          2             300     0   0    0   02              
21-30-41-122527-001-05 432                                                                                               1    3042 12              30     0   0    0   02              
59-63-78-892527-001-07 312                                                                                               2          2              20     0   0    0   02              
38-66-19-412560-001-01 112                                                                                               1  160041112            2080    20   0    0   02              
38-66-19-412560-001-01 221   160   38000 41   160   38000 52021    1 2   2  2                          2                 2          2            1280     0   0    0   02              
38-66-19-412560-001-01 242                                                                                               2          2            1120     0   0    0   02              
38-66-19-412560-001-01 311   300  600000 41   300  600000 72021    1 2   2  2                          2                 1    6041112            1920     0   0    0   02              
38-66-19-412560-001-01 321   100   90000 41   100   90000 42020    3 2   2  2                          2                 2          2             580    20   0    0   02              
38-66-19-412560-001-01 341    30   47000 41    30   47000 72021    1 2   2  2                          2                 1     042 12             870    20   0    0   02              
38-66-19-412560-001-01 362                                                                                               2          2              70     0   0    0   02              
38-66-19-412560-001-01 431   360  720000 41   360  720000 52021    3 2   2  2                          2                 1    6041132             910    60   0    0   02              
38-66-19-412560-001-01 901   102   55500 41   102   55500 42021    1 2   2  2                          2                 2          2               0     0   0    0   01              
38-66-19-412560-001-01 922                                                                                               2          2             320     0   0    0   02              
33-20-45-662566-001-019981   250   35000 92   250   35000 72020    1 1 4 1  2                          2                 2          2             500     0   0    0   02              
87-80-88-842577-001-01 112                                                                                               2          2             190    10   0    0   02              
87-80-88-842577-001-01 311    40   50000 42    40   50000 72020    1 1   1 22                          1    5   12      02          2              60     0   0    0   02              
31-12-34-482578-001-01 112                                                                                               2          2              85     5   0    0   02              
31-12-34-482578-001-01 312                                                                                               2          2              18     2   0    0   02              
50-89-79-362578-001-04 112                                                                                               2          2             100     8   0    0   02              
50-89-79-362578-001-04 312                                                                                               2          2              17     3   0    0   02              
57-34-90-342579-001-01 111   200  160000161   200  160000 72020    1 1 2 1 22                          2                 1   20042 12             260     0   0    0   02              
57-34-90-342579-001-01 311   300  504000 91   300  504000 82020    1 1 2 1 22                          2                 2          2              30    70   0    0   02              
57-34-90-342579-001-01 431    20   40000 41    20   40000 12021    2 1 2 1 22                          2                 1    3052 12              50     0   0    0   02              
03-51-31-802580-001-01 112                                                                                               2          2             275     5   0    0  202              
03-51-31-802580-001-01 312                                                                                               2          2              90    20   0    0   02              
36-00-34-172581-001-01 112                                                                                               2          2              40     0   0    0   02              
19-69-36-162582-001-01 112                                                                                               2          2             100     0   0    0   02              
19-69-36-162582-001-01 312                                                                                               2          2              40    20   0    0   02              
81-90-64-932582-001-02 111   700  315000 92   700  315000 92020    1 1   1  2                          1    4   42      02          2              80     0   0    0   02              
52-35-01-102583-001-01 111   100   30000 41   100   30000 82020    1 1   1  2                          1    1   16   20002          2             200     0   0    0   02              
52-35-01-102583-001-01 311   100  170000 51   100  170000 72020    1 1 2 1 22                          2                 2          2              30    20   0    0   02              
52-35-01-102583-001-01 431   100  160000 41   100  160000 62020    2 1 2 1 22                          2                 1    1042 12               0    40   0    0   02              
67-65-66-592584-001-01 112                                                                                               2          2             108     0   0    0   05              
46-01-46-902596-001-01 112                                                                                               2          2             280     0   0    0   02              
04-45-84-212596-001-02 111   200   60000 41   200   60000 52020    1 1   1  2                          1    1   22      02          2             200     0   0    0   02              
38-21-54-732596-001-03 111   200   50000 41   200   50000 52020    1 1 2 1 22                          2                 2          2              87    13   0    0   02              
38-21-54-732596-001-03 311   300  390000 41   300   39000 22020    1 1 2 1 22                          2                 2          2              65    30   0    0   02              
70-04-49-902597-001-01 112                                                                                               2          2              20     0   0    0   03              
70-04-49-902597-001-01 311   120  180000161   120  180000 52021    1 1 2 1 22                          2                 2          2              55    55   0   15   03              
03-81-40-042598-001-01 111    20    6000 91    20    6000 72020    1 1   1  2                          2                 2          2             120     0   0    0   02              
03-81-40-042598-001-01 312                                                                                               2          2              40     0   0    0   02              
79-69-38-692598-001-03 111   324   90000 91   324   90000 92020    1 1 2 1 22                          2                 2          2             148     0   0    0   02              
71-80-87-222599-001-01 112                                                                                               2          2             180    10   0    0   02              
63-68-95-782600-001-01 112                                                                                               2          2             256     0   0    0   02              
63-68-95-782600-001-01 312                                                                                               2          2              70     0   0    0   02              
96-72-67-952601-001-01 112                                                                                               2          2             155     5   0    0   02              
96-72-67-952601-001-01 312                                                                                               2          2              27     8   0    0   02              
52-12-15-012601-001-03 112                                                                                               2          2             180     0   0    0   02              
52-12-15-012601-001-03 252                                                                                               2          2             130     0   0    0   02              
52-12-15-012601-001-03 312                                                                                               2          2             105     0   0    0   02              
52-12-15-012601-001-03 911    50   12000 41    50   12000 62020    5 1 2 1 22                          2                 2          2              20     0   0    0   02              
31-62-76-732601-001-04 111    18    6000 91    18    6000 92021    1 1   1  2                          2                 1    5441112             615    15   0    0   02              
31-62-76-732601-001-04 311   120  150000 91   120  150000 82020    1 1   1  2                          2                 2          2              50    30   0    0   02              
41-43-64-192603-001-01 112                                                                                               2          2             170    10   0    0   02              
41-43-64-192603-001-01 312                                                                                               2          2              80    20   0    0   02              
10-26-89-172603-001-02 112                                                                                               2          2             240     0   0    0   02              
81-85-70-182615-001-01 111   100   60000 91   100   60000 82020    1 1   1  2                          2                 2          2              25     0   0   75   05              
47-38-94-742616-001-01 311    30   75000161    30   75000 72020    1 1 2 1 22                          1    1   16   10002          2              20     0   0    0   01              
47-47-77-472618-001-01 311   200  160000162   200  160000 72020    1 1   1  2                          1    2   14   20002          2              20     0   0    0   02              
86-05-32-232620-001-01 111   864  320000161   864  320000 72020    1 1 2 1 22                          2                 1   18622 12             108     0   0   30   06              
33-87-64-652621-001-01 111  2200 1320000 91  2200 1320000 72020    3 1   2  2                          2                 2          2             160     0   0   40   02              
33-68-64-862622-001-01 112                                                                                               1    3052 12             150     0   0    0   04              
51-21-65-292635-001-01 231   480  240000 91   480  240000 72020    1 1 2 1 22                          2                 2          2             180     0   0   60   02              
51-21-65-292635-001-01 311    60  156000 91    60  156000 82020    1 1 2 1 22                          2                 2          2              40     0   0   20   02              
87-28-67-892637-001-01 312                                                                                               2          2              45     0   0    0   06              
65-03-17-072639-001-01 231   200  120000 95   200  120000 62020    1 1   1  2                          2                 2          2             150     0   0    0   01              
01-89-35-762640-001-01 312                                                                                               2          2             180     0   0    0   02              
18-61-60-452654-001-01 112                                                                                               2          2             100     0   0    0   02              
24-22-77-122655-001-01 111   200   80000 93   200   60000 82021    1 1   1  2                          1   15   14   60002          2             200     0   0  200   02              
24-22-77-122655-001-01 312                                                                                               2          2              60    40   0  100   02              
99-69-94-532656-001-01 111   240  108000163   120  108000112020    1 1   1  2                          2                 1   36082 12             600     0   0    0   02              
52-66-15-242656-001-02 112                                                                                               2          2             240     0   0    0   02              
09-77-46-662659-001-02 112                                                                                               2          2              40     0   0    0   04              
09-77-46-662659-001-02 312                                                                                               2          2              20     0   0    0   02              
09-77-46-662659-001-02 322                                                                                               2          2              10     0   0    0   02              
47-19-86-882672-001-02 111    54   42000 41    52   42000 42020    1 2   2  2                          2                 2          2              18     0   0    0   04              
08-23-56-622677-001-01 112                                                                                               1   24082 12               0     0   0    0   02              
16-50-27-262678-001-01 112                                                                                               2          2              50     0   0    0   04              
35-57-95-512691-001-02 112                                                                                               1   12042 12             120     0   0    0   07   0 10000210 
47-00-46-322692-001-01 112                                                                                               2          2             270     0   0  108   04              
47-00-46-322692-001-01 312                                                                                               1    2052 12              40    10   0    0   02              
39-54-66-842693-001-01 112                                                                                               2          2              40     0   0    0   02              
39-54-66-842693-001-01 312                                                                                               2          2              20     0   0    0   02              
91-80-39-562694-001-01 112                                                                                               2          2              40     0   0    0   01              
91-80-39-562694-001-01 311    10   12000 21    10   12000 12021    1 1   1  2                          2                 2          2              40    10   0    0   02              
86-49-59-312695-001-01 111    72   40000162    72   40000112020    1 1 2 1 22                          2                 1   10842 12              72     0   0   18   06              
86-49-59-312695-001-01 312                                                                                               1     442 32              16     4   0    0   06              
50-01-22-992696-001-01 112                                                                                               1   26042 12             200     0   0   40   02              
50-01-22-992696-001-01 312                                                                                               1    1252 12              25     8   0    0   02              
50-01-22-992696-001-01 412                                                                                               2          2              40     0   0    0   02              
23-46-30-522711-001-01 111  3240 1500000 91  3240 1500000 72020    1 1   1  2                          2                 1    5042 12             440     0   0   50   02              
23-46-30-522711-001-01 121  7000 5000000 91  7000 5000000 72020    1 1   1  2                          2                 2          2               0     0   0    0   02              
89-50-33-812714-001-01 111   720  390000 91   720  390000122020    1 1 2 1 22                          2                 2          2             480     0   0    0   02              
89-50-33-812714-001-01 121  1000 1200000 91  1000 1200000112020    1 1 2 1 22                          2                 2          2             250     0   0  100   08              
89-50-33-812714-001-01 931  1200  300000 92  1200  300000112020    1 6   6  2                          2                 2          2               0     0   0    0   01              
33-55-50-672714-001-04 121   900  720000 94   900  720000112020    1 1 2 1 22                          2                 2          2             180     0   0    0   05              
84-67-51-772715-001-01 121  1560  960000 94  1560  960000112020    1 1 2 1 22                          1    8   14  300002          2              60    20   0    0   02              
57-47-30-232716-001-01 112                                                                                               2          2             150    40   0   10   05              
98-76-92-342717-001-01 112                                                                                               2          2              20     0   0    0   04              
98-76-92-342717-001-01 122                                                                                               2          2               0     0   0   14   02              
81-05-28-512730-001-01 111   600  400000 94   600  400000102020    1 1   1  2                          2                 2          2              80     0   0  280   02              
31-77-47-702735-001-01 121  3985 4383500 93  3985 4383500 62020    5 1   1  2                          1   10   56 2560002          2              50   115   0   50   02              
27-89-89-482751-001-02 122                                                                                               2          2             200    25   0   75   08              
66-44-70-132754-001-02 122                                                                                               2          2             150    25   0  200   03              
95-20-72-752807-001-01 121    50   30000 32    50   30000 62020    1 1   1  2                          2                 2          2             400     0   0    0   02              
57-77-58-512808-001-01 122                                                                                               1   20042 12             170     0   0   80   08              
76-91-42-392812-001-01 122                                                                                               2          2             215    35   0   30   02              
13-39-33-842833-001-01 242                                                                                               2          2              50    10   0   40   01              
75-91-49-952843-001-01 122                                                                                               2          13 3  30000   130    30   0    0   02              
75-91-49-952843-001-01 132                                                                                               1    2042 12              20    10   0    0   02              
75-91-49-952843-001-01 322                                                                                               2          2              20     0   0    3   02              
75-91-49-952843-001-01 422                                                                                               2          2               0    10   0    0   02              
75-91-49-952843-001-01 922                                                                                               2          2              13     0   0    0   02              
75-91-49-952843-001-019982                                                                                               2          2              30     0   0    5   02              
97-90-78-932845-001-01 121    40   20000 22    40   20000 72020    1 1   1  2                          2                 2          2              40     4   0   36   02              
97-90-78-932845-001-01 421   200  200000 91   100  100000 72020    1 1   1  2                          2                 2          2               0     1   0    0   08              
18-57-38-572846-001-02 122                                                                                               2          2             150    25   0   25   02              
18-57-38-572846-001-02 421   400  600000211   400  600000 72020    1 2 6 2 62                          1    1   26  100002          2               0     0   0    0   02              
45-58-23-032848-001-01 112                                                                                               2          2             400     0   0    0   02              
45-58-23-032848-001-01 421   500 1000000 91   500 1000000 72021    1 1   1  2                          2                 2          2               0     0   0    0   01              
94-34-32-832848-001-05 112                                                                                               2          2             296     4   0  200   01              
94-34-32-832848-001-05 421   590 1298000 91   590 1298000 82021    1 1 2 1 22                          1    2   46  400002          2               0    10   0    0   01              
32-62-78-172849-001-01 111   200  120000 91   200  120000 72021    1 1   1  2                          2                 1    5042 12              60     0   0   40   02              
32-62-78-172849-001-01 121   300  210000 91   300  210000 92021    1 1   1  2                          2                 1    7052 12              50    20   0    0   02              
32-62-78-172849-001-01 131   200  140000 91   200  140000 92021    1 1   1  2                          2                 1   15052 12              50    20   0   40   02              
32-62-78-172849-001-01 322                                                                                               1    4052 12              40     0   0   20   02              
32-62-78-172849-001-01 342                                                                                               1    2052 12              30     0   0   10   02              
32-62-78-172849-001-01 421   200  400000 91   200  400000 82021    2 1 2 1 22                          2                 2          2               0     0   0    0   02              
32-62-78-172849-001-01 922                                                                                               2          2              30     0   0    5   02              
32-62-78-172849-001-011002                                                                                               2          2              40     0   0   20   02              
28-25-83-472850-001-01 122                                                                                               2          2             202    12   0   36   05              
28-25-83-472850-001-01 132                                                                                               2          2              94     6   0    0   05              
28-25-83-472850-001-01 421   200  400000 91   200  400000 62020    1 1   1  2                          2                 2          2               0    10   0    0   02              
88-07-76-372850-001-03 421   100  200000 21   100  200000 82020    1 1   1  2                          2                 2          2               0     0   0    0   02              
48-32-03-052866-001-02 322                                                                                               2          2              30     0   0    0   02              
49-04-68-352867-001-01 122                                                                                               2          2             240     0   0   60   02              
70-30-87-902881-001-01 111   100   70000 92   100   70000 82020    1 1   1  2                          2                 1   10071212             350    40   0    0  102              
70-30-87-902881-001-01 121   200  160000 42   200  160000 92020    3 1   1  2                          1    5   36  120002          2             250    40   0   10   02              
75-66-24-492882-001-01 111    95  180000 21    95  180000122020   20 1 2 1 22                          2                 2          2               0     5   0   40   02              
75-66-24-492882-001-01 341    70   28000 41    70   28000 82020    1 1 2 1 22                          2                 2          2              28     2   0    0   02              
89-46-50-462884-001-01 112                                                                                               2          2              20     0   0    0   02              
32-58-54-822885-001-01 342                                                                                               2          2               1     0   0    0   02              
22-11-88-242886-001-01 321    20   30000 21    20   30000 92020    1 1 2 1 22                          2                 1   25041322              20    10   0    0   02              
05-21-43-642892-001-01 112                                                                                               2          2              54     0   0    0   02              
05-21-43-642892-001-01 321   160  200000 91   160  200000 92020    1 1   1  2                          2                 1     882 32              12     0   0    0   02              
30-79-15-052892-001-03 112                                                                                               2          2              10     0   0    0   08              
30-79-15-052892-001-03 122                                                                                               1    1542 12              88     0   5    0   08              
30-79-15-052892-001-03 342                                                                                               2          2               4     0   0    0   08              
26-02-57-302900-001-01 111   200  150000 92   200  150000102021    1 1 2 1 22                          2                 1   20062 12             100    60   0    0   02              
26-02-57-302900-001-01 341   150  210000 92   150  210000 82021    1 1 2 1 22                          2                 1    1042 12              15     5   0    0   02              
26-02-57-302900-001-01 421    90  211500 92    90  211500 72021    1 1 2 1 22                          2                 2          2               0    10   0    0   02              
11-84-43-782901-001-01 112                                                                                               2          13 1   1500   195     0   0    5   02              
11-84-43-782901-001-01 132                                                                                               1    4042 12              20    10   0   10   02              
84-67-69-892902-001-01 112                                                                                               1    6042 12              90     0   0    0   02              
84-67-69-892902-001-01 132                                                                                               2          2              45     3   0    0   02              
84-67-69-892902-001-01 341    70   70000 21    70   70000 82021    1 1 2 1 22                          2                 1    1042 12              18     0   0    2   02              
42-64-34-582903-001-01 112                                                                                               2          2             180    20   0    0   02              
42-64-34-582903-001-01 132                                                                                               1   10042 12               0     0   0    0   02              
42-64-34-582903-001-01 421    48   96000 61    48   96000 62021    1 1 2 1 22                          2                 2          2               0     0   0    0   02              
66-74-34-222904-001-01 112                                                                                               1   25042 12              70    30   0   50   02              
66-74-34-222904-001-01 322                                                                                               2          2              80     0   0   10   02              
66-74-34-222904-001-01 421   100  170000 91   100  170000 72021    1 1   1  2                          1    1   22      02          2               0     0   0    0   02              
45-99-60-942905-001-01 112                                                                                               1    6042 12              80     0   0   20   02              
45-99-60-942905-001-01 322                                                                                               2          2              15     0   0    3   02              
78-96-68-722906-001-01 112                                                                                               1   67222 12              80    16   0    0   02              
78-96-68-722906-001-01 341    96   96000 41    96   96000 82020    1 1 2 1  2                          1    3   12   30001    1022 12               6     0   0    0   02              
17-19-40-212907-001-01 112                                                                                               1    3412 32             298    34   0   68   02              
17-19-40-212907-001-01 122                                                                                               2          2             290     0  10  100   02              
17-19-40-212907-001-01 132                                                                                               1   20812 12             288    16   0   92   02              
79-65-91-282907-001-03 421   180  270000 92   180  270000 72021    1 1 2 1 22                          1    1   22      02          2               0     0   0    0   08              
42-59-87-532919-001-01 122                                                                                               1    2652 113 1   2000   127     3   0   26   02              
51-20-76-342920-001-01 112                                                                                               1     342 32              60     0   0   17   02              
51-20-76-342920-001-01 122                                                                                               1    2042 12              20     0   0   10   02              
51-20-76-342920-001-01 132                                                                                               2          2              20     0   0    0   02              
82-14-02-372921-001-01 122                                                                                               2          2             140     0   0    0   02              
82-14-02-372921-001-01 132                                                                                               2          2             130     0   0   30   02              
82-14-02-372921-001-01 322                                                                                               2          2              90     0   0   20   02              
19-67-82-362921-001-089982                                                                                               2          2              30     0   0    0   02              
35-45-76-622922-001-01 112                                                                                               2          2             392    16   0    0   02              
35-45-76-622922-001-01 132                                                                                               2          2              34     0   0    0   02              
35-45-76-622922-001-01 342                                                                                               2          2             144     0   0    0   02              
39-25-98-642923-001-01 112                                                                                               2          2              55     5   0   10   02              
39-25-98-642923-001-01 342                                                                                               2          2               7     1   0    2   02              
77-63-97-982924-001-02 112                                                                                               1   52072 12             100    20   0    0   02              
77-63-97-982924-001-02 132                                                                                               1   18072 12              20     0   0    0   02              
77-63-97-982924-001-02 342                                                                                               1   35072 12              50     0   0    0   02              
03-82-32-102925-001-02 112                                                                                               1   10211112             204     0   0    0   03              
03-82-32-102925-001-02 132                                                                                               1    1711112              51     0   0    0   02              
03-82-32-102925-001-02 341   102  122400 91   102  122400 82021    1 2 3 2 32                          2                 2          2              12     5   0    0   03              
47-73-88-652926-001-01 132                                                                                               1   20012 12             150    50   0    0   02              
47-73-88-652926-001-01 342                                                                                               1    5012 12              50    10   0    0   02              
49-70-62-322938-001-01 112                                                                                               1   21641112             100     8   0    0   03              
49-70-62-322938-001-01 132                                                                                               2          2             108    18   0    0   04              
49-70-62-322938-001-01 411   183  150000 44   183  150000 72020    1 1   1 22                          1    8   14   60002          2               0     0   0    0   04              
98-72-24-882938-001-08 112                                                                                               2          2              60     8   0   40   02              
98-72-24-882938-001-08 411    36   13500 91    36   13500 82020    1 1   1  2                          2                 2          2               0     0   0    0   02              
98-16-58-292939-001-01 112                                                                                               2          2             324     0   0    0   04              
98-16-58-292939-001-01 411   448  224000 91   448  224000 82020    1 1 2 1 22                          2                 2          2               0     0   0    0   04              
97-14-97-262940-001-01 132                                                                                               1   54042 12             304     0   0   20   04              
63-28-39-312941-001-01 112                                                                                               1   12041112             240     0   0    0   04              
63-28-39-312941-001-01 411   440  102000164   420   90000 62020    1 1   1  1 21   20  1200011202011 1 2                 1    4041132               0    40   0   50   04              
10-79-10-162943-001-01 111   360  120000 21   360  120000112020    1 1   1  2                          2                 1   96021112             480     0   0   60   01              
10-79-10-162943-001-01 141   120   50000 21   120   50000112020    1 1   1  2                          2                 2          2             240     0   0    0   01              
13-60-86-392943-001-03 131   420  200000 55   420  200000102020    1 1 2 1 22                          1   41   14  150002          2               0     0   0    0   04              
13-60-86-392943-001-03 432                                                                                               1    1042 32             410    10   0    0   08              
35-91-66-392943-001-04 142                                                                                               1     582 12             120    10   0    0   02              
35-91-66-392943-001-04 411   405  225000 91   405  225000 72020    2 1   1 22                          2                 2          2               0    18   0    0   04              
52-53-44-122944-001-01 111   200   90000 45   200   90000 82020    1 1   1  2                          1   40   14  100001   10081112             200     0   0  100   04              
52-53-44-122944-001-01 141   300  135000 95   300  130000 92020    1 1   1  2                          2                 1   10082 12             200     0   0  100   04              
52-53-44-122944-001-01 331   100  130000 45   100  130000 62020    1 1   1  2                          1   40   14   60002          2               0     0   0    0   04              
64-72-48-232945-001-01 112                                                                                               2          2              20     0   0    0   02              
64-72-48-232945-001-011002                                                                                               2          2              20     0   0    0   02              
91-79-41-802957-001-01 112                                                                                               1   50052 12             560     0   0  140   04              
91-79-41-802957-001-01 231  1080  540000 93  1080  540000 72021    1 1 2 1 22                          1   15   24   80002          2              40   220   0   40   04              
91-79-41-802957-001-01 312                                                                                               2          2              40     0   0    0   04              
34-70-67-062960-001-01 222                                                                                               2          2             130     0   0   20   04              
71-25-33-162961-001-01 222                                                                                               2          2             270     0   0   30   03              
81-26-65-302961-001-04 112                                                                                               2          2             120     0   0    0   05              
81-26-65-302961-001-04 312                                                                                               2          2              40     0   0    0   05              
67-75-87-742962-001-01 112                                                                                               1   22051112            1100     0   0    0   04              
08-98-55-432963-001-01 112                                                                                               2          2             600     0   0    0   04              
08-98-55-432963-001-01 312                                                                                               2          2              20     0   0    0   04              
89-30-02-672964-001-01 111   600  150000 92   600  150000 32021    1 1 2 1 22                          2                 1   24042 12             360     0   0    0   04              
69-63-47-362981-001-01 112                                                                                               1   48042 12             120     0   0    0   05              
61-82-34-682981-001-04 111   240  112000 91   240  112000112020    1 1 2 1 22                          2                 1    8042 12             160     0   0    0   02              
15-25-36-672983-001-01 112                                                                                               2          2              20     0   0    0   02              
15-25-36-672983-001-01 312                                                                                               2          2              10     0   0    0   02              
88-33-69-392996-001-02 112                                                                                               2          2              80     0   0    0   04              
88-33-69-392996-001-02 152                                                                                               2          2              40     0   0    0   04              
88-33-69-392996-001-02 342                                                                                               2          2              10     0   0    0   04              
11-02-33-602997-001-01 111   120   42000 91   120   42000 82020    1 1   1  2                          2                 2          2             240     0   0    0   02              
27-70-95-262999-001-01 111  2160  630000 92  2160  630000122020    4 1   1  2                          2                 2          2             160     0  80  480   071000 500002121
27-70-95-262999-001-01 341   150  160000 92   120  160000 92020    1 1   1  2                          1    5   16   50002          2              20     0   0    0   02              
27-70-95-262999-001-01 411   364  240000 92   364     240 72020    1 1   1  2                          2                 2          2              91     0   0    0   02              
47-30-53-573000-001-01 112                                                                                               1   24012 12             690    30   0    0   04              
59-36-48-493001-001-01 112                                                                                               2          2             900     0   0   60   04              
49-72-09-773015-001-01 861   640  240000 41   640  240000 72020    6 1   1  2                          1   20   64 1800002          2              40     0   0    0   01              
49-72-09-773015-001-01 871  1920  740000 41  1920  740000 72020    8 1   1  2                          1   20   44  200002          11 2 300000   100     0   0  240   02              
49-72-09-773015-001-01 951  3420 4800000 41  3420 4800000 72020    4 1   1 22                          1   20   24 1400002          11 2 650000    20     0  45   36   02              
72-00-94-623016-001-01 132                                                                                               2          2             150     0   0    0   02              
36-05-18-273019-001-01 132                                                                                               2          11 2  40000   350     0   0   64   01              
90-87-97-823020-001-01 112                                                                                               2          2             126     0   0    0   02              
02-25-96-123034-001-01 111   324  135000 92   324  135000 72020    1 1 2 1 22                          2                 2          2             198     0  18    0   05              
50-53-97-993035-001-01 111   648  330000 42   640  330000 92020    1 1 6 1 62                          1    6   16  300001   54042 12             500    40   0    0   02              
50-53-97-993035-001-01 501   660  568000 94   660  568000 82020    1 1 6 1 62                          2                 2          2               0     0   0    0   02              
35-05-63-483037-001-01 121150000  100000 92   150  100000 92020    1 1   1  2                          2                 2          2             210    20   0   75   02              
39-50-51-323038-001-01 111  1000  500000164  1000  500000 92020    2 1   1  2                          2                 2          2            2000    50   0  150   04              
39-50-51-323038-001-01 131  2000  800000 52  2000  800000 82020   10 1   1  2                          1   12  106  300002          2            1800   100   0    0   04              
39-50-51-323038-001-01 311   100  100000164   100  100000 82020    1 1   1  2                          2                 2          2             100     0   0    0   04              
39-36-43-123040-001-01 111   160  100000 52   160  100000 92020    3 1 2 1 22                          1    3   16   60002          2             320     0   0    0   04              
72-68-04-923042-001-01 112                                                                                               2          2             320     0   0    0   02              
89-40-51-883052-001-01 112                                                                                               2          2             840     0   0    0   02              
68-23-21-383056-001-04 122                                                                                               1   30042 12             480    20   0  100   02              
68-23-21-383056-001-04 362                                                                                               1    1242 12              50     0   0   10   02              
78-10-18-943056-001-05 112                                                                                               2          2              60     0   0   20   02              
78-10-18-943056-001-05 312                                                                                               2          2               5     0   0    0   02              
04-23-29-783058-001-01 111   200   70000 41   200   70000 82020    1 1   1  2                          1    4   16   50001   20081312             700     0   0    0   02              
04-23-29-783058-001-01 132                                                                                               2          2              60     0   0    0   02              
04-23-29-783058-001-01 222                                                                                               2          2             200     0   0    0   02              
38-77-98-463071-001-01 222                                                                                               1   84021112             960     0   0    0   06              
38-77-98-463071-001-01 351  3920 3444000 92  3920 3444000 92020    1 1   1  2                          2                 1   14021132              40   140   0    0   06              
65-09-41-663073-001-01 112                                                                                               2          2             440     0   0    0   01              
96-10-29-263074-001-01 111   432  240000 43   432  240000 82020    1 1   1 22                          1   10   42      01   21642 12             341     0   0    0   02              
96-10-29-263074-001-01 352                                                                                               2          2             150    10   0    0   02              
52-87-01-713074-001-03 112                                                                                               2          13 2  30000   180     0   0    0   05              
52-87-01-713074-001-03 352                                                                                               1    1252 32               8    12   0    0   02              
83-83-97-843074-001-04 112                                                                                               2          2             200    15   0    0   02              
18-27-56-503076-001-01 111   120   50000 31   120   50000 82020    1 1   1  2                          2                 1    6042 12             300    60   0    0   04              
18-27-56-503076-001-01 331    50   50000 31    50   50000 82020    1 1   1  2                          2                 2          2              50     0   0    0   04              
26-56-21-873076-001-04 112                                                                                               2          2             120     0   0    0   02              
26-56-21-873076-001-04 222                                                                                               2          2             240     0   0    0   02              
22-18-86-073077-001-01 312                                                                                               2          2              90    10   0    0   04              
22-18-86-073077-001-01 351  1000 1200000 92  1000 1200000 72020    1 1 2 1 22                          2                 1   10042 32              40    60   0    0   02              
22-58-01-553078-001-01 112                                                                                               1   24022 12             690     0   0    0   04              
22-58-01-553078-001-01 122                                                                                               1  160022 22             500     0   0    0   04              
22-58-01-553078-001-01 332                                                                                               2          2              40     0   0    0   04              
22-58-01-553078-001-01 351   700 1200000 21   700 1200000 82020    2 1 7 1 72                          2                 2          2              20     0   0    0   04              
04-35-28-363078-001-02 351  1200 1300000 21  1200 1300000102020    2 1 5 1 52                          2                 1   10021132              20     0   0    0   04              
79-17-75-553090-001-01 111   600  324000 91   600  324000 82020    1 1   1  2                          2                 1   20042 12             340     0   0    0   02              
12-15-07-663091-001-01 112                                                                                               2          2              12     0   0    0   02              
81-32-17-943092-001-01 112                                                                                               2          2              30     0   0    0   02              
81-32-17-943092-001-01 312                                                                                               2          2              20     0   0    0   02              
01-31-69-053093-001-01 111   120   30000 41   120   30000102020    1 1 2 1 22                          2                 2          2             120     0   0    0   02              
08-93-73-163094-001-01 112                                                                                               2          2            1296     0   0    0   04              
66-31-98-443095-001-01 112                                                                                               2          2             100     0   0    0   02              
66-31-98-443095-001-01 311  1500 1050000 41  1500 1050000 62020    2 1   1  2                          1    4   23  300001   10042 12             400     0   0    0   02              
12-95-59-213097-001-01 111  1584  520000 96  1584  520000 82020    1 1   1  2                          2                 2          2             792     0   0    0   04              
12-95-59-213097-001-01 311   150  450000 96   150  450000 62020    1 1   1  2                          2                 2          2             130    20   0    0   04              
93-36-30-053109-001-01 132                                                                                               2          2              80     0   0    0   02              
82-67-31-093110-001-01 501    70   84000 92    70   84000 62020    1 1   1  2                          2                 2          2               0     0   0    0   02              
18-57-18-843115-001-019982                                                                                               2          2              45     0   0    0   02              
40-18-89-323116-001-01 222                                                                                               2          2               7     0   0    0   02              
69-54-28-673117-001-01 111    80   40000 41    80   40000 82020    1 1   1  2                          1    1   12      02          2             250    30   0    0   05              
06-70-18-543128-001-01 111   444  150000 21   444  150000 72020    4 1   1  2                          2                 2          2             433    40   0  217   02              
06-70-18-543128-001-01 431    20   12000 21    20   12000 72020    2 1   1  2                          2                 2          2              40     0   0   36   02              
90-08-06-643129-001-01 111   920  306000 51   920  306000 62020    3 1 2 1 22                          1    3   31      01   36012 12             480     0   0   40   02              
90-08-06-643129-001-01 131    50   35000 21    50   35000 82020    1 2   1 22                          2                 2          2              10     0   0   60   02              
90-08-06-643129-001-01 141   220  220000 51   220  220000 72020    2 1   1 22                          1    2   26   60002          2               0    20   0    0   02              
90-08-06-643129-001-01 152                                                                                               2          2              40     0   0   20   02              
27-42-34-263130-001-01 111  4320 2000000 52  4320 2000000102020    3 1 2 1 22                          2                 2          13 3  15000   864    10   0    0   05              
27-42-34-263130-001-01 421   360  360000 21   360  360000 62020    4 1 2 1 22                          2                 2          2               0     0   0    0   02              
45-58-24-423131-001-01 421   200  300000 95   200  300000 52020    2 1   1  2                          2                 2          2              20    16 214   10   04              
02-24-34-263132-001-01 111   360  216000 21   360  216000112020    2 1   1  2                          2                 1   12011112             220    20   0    0   07   6  50002111
00-83-50-403133-001-01 112                                                                                               1   10021112             400     0   0    0   03              
39-92-70-013134-001-01 421  1188 1650000 92  1188 1650000 62020    1 1   1  2                          2                 2          2               0     0   0    0   08              
96-64-64-183147-001-01 112                                                                                               2          2             655    25   0   60   02              
96-64-64-183147-001-01 312                                                                                               2          2             115    30   0    0   02              
17-86-57-813148-001-01 111   200   80000 11   200   80000 72020    1 1   1  2                          2                 2          2             240     0   0  120   02              
57-20-31-663149-001-01 112                                                                                               2          2             296     0   0    0   02              
62-65-17-393150-001-01 112                                                                                               2          2             200     0   0    0   04              
62-65-17-393150-001-01 311    20   35000 43    20   35000 72020    1 2   2  2                          1    1   16   10002          2              10     0   0    0   04              
59-48-24-653152-001-01 112                                                                                               1   72041112             475     5 240  240   04              
59-48-24-653152-001-01 311    40   60000 41    40   60000 62021    1 1 2 1 22                          1    3   16   15002          2              10    10   0    0   04              
81-00-58-343166-001-01 121   200  100000 52   200  100000 62020    1 1   1  2                          2                 1    6042 12             200    20   0   20   02              
81-00-58-343166-001-01 252                                                                                               2          2              15     0   0    5   02              
42-00-78-103168-001-01 122                                                                                               1   10442 12             112     0   0    0   02              
42-00-78-103168-001-019982                                                                                               1   45342 111 4  45000   293     0   0    0   02              
44-11-82-583168-001-03 121   147  100000162   147  100000102020    1 1   1 22                          2                 2          2             147    21   0   42   02              
02-79-56-673169-001-01 112                                                                                               2          2             140     0   0    0   02              
02-79-56-673169-001-01 122                                                                                               2          2             160     0   0    0   02              
02-50-88-113185-001-01 112                                                                                               1   18041112             540     0   0  270   04              
02-50-88-113185-001-01 311   120  180000 91   120  180000112020    1 1 2 1 22                          2                 1    2542 12              35     5   0   15   02              
76-50-08-943186-001-01 112                                                                                               2          2             252     8   0   40   04              
76-50-08-943186-001-01 312                                                                                               2          2              15     0   0    5   04              
78-32-84-413187-001-01 111   280  100000 41   280  100000112020    3 1 2 1 22                          2                 2          2              45    15   0    0   02              
76-44-53-443188-001-01 112                                                                                               2          2             300     0   0    0   04              
51-12-48-043189-001-01 112                                                                                               2          2             100     0   0    0   02              
51-34-40-933190-001-01 111   120   60000 21   120   60000102020    1 2   2  2                          2                 1    2041112             340     0   0    0   02              
51-34-40-933190-001-01 311    40   40000 42    40      40102020    1 2   2  2                          1    4   16   20002          2              40     0   0    0   02              
71-65-11-523192-001-01 312                                                                                               2          2              50     0   0    0   03              
71-65-11-523192-001-01 432                                                                                               2          2               1     0   0    0   03              
69-32-86-523204-001-01 111   324   63000 91   324   63000 72020    1 1 2 1 22                          2                 2          2             432     0   0    0   02              
96-05-32-133205-001-01 112                                                                                               1  144041112             880     0   0    0   04              
96-49-61-153205-001-04 112                                                                                               2          2            1080     0   0    0   03              
96-49-61-153205-001-04 312                                                                                               2          2              20     0   0    0   02              
94-43-36-883205-001-06 112                                                                                               2          2              40     0   0   80   05              
02-22-03-233206-001-01 112                                                                                               2          2            4600     0   0    0   04              
02-22-03-233206-001-01 222                                                                                               2          2             120     0   0    0   04              
02-22-03-233206-001-01 312                                                                                               2          2              40    20   0    0   04              
04-27-33-343206-001-03 312                                                                                               2          2              18    18   0    0   04              
48-07-76-493206-001-06 111   400 1440000 91   400 1440000 62021    1 1   1  2                          1   12   14 2000002          2               0     0   0    0   02              
09-76-80-663208-001-01 111  4788 1230000 91  4788 1230000 92020    1 1 2 1 22                          2                 2          2             540     0   0  360   02              
09-76-80-663208-001-01 311   480  750000 91   480  750000 82020    1 1 2 1 22                          2                 2          2              80     0   0   40   02              
09-76-80-663208-001-01 431   570  190000 93   570  190000 72020    1 1 2 1 22                          2                 2          2              25     0   0    5   02              
75-95-65-453209-001-01 311    40   60000 93    40   60000112020    1 1 2 1 22                          2                 2          2             100    40   0   10   04              
75-95-65-453209-001-01 412                                                                                               2          2              20     7   0    0   02              
75-95-65-453209-001-01 431    40   50000 93    40   50000112020    1 1 2 1 22                          2                 2          2              60    20   0    0   04              
14-67-94-833210-001-01 112                                                                                               2          2             240     0   0  120   05              
14-67-94-833210-001-01 311   160  240000 43   160     240 42020    1 1   1  2                          1   50   14      02          2              20     0   0    0   05              
22-95-67-143211-001-01 312                                                                                               1    2041132              55    20   0    5   05              
22-95-67-143211-001-01 431   100   40000 91   100   40000 82020    1 7   7  2                          2                 1    8042 32              20    40   0    0   05              
00-02-43-543211-001-02 112                                                                                               2          2             360     0   0    0   02              
00-02-43-543211-001-02 311    60   60000 91    60   60000 72020    1 1   1  2                          2                 1    2041132              20     0   0    0   02              
44-17-25-083223-001-01 111   522  261000 91   522  261000 92020    3 1 2 1 22                          2                 1   50442 12             144     0   0   90   05              
44-17-25-083223-001-01 121  1638  650000112  1638  650000112020    2 1   1 22                          1    7   26  260001  126042 12             180     0   0   72   03              
53-39-95-473223-001-03 112                                                                                               1   10841112              90     0   0   54   05              
06-86-69-013224-001-01 112                                                                                               1    4081112             280     0   0   60   01              
06-86-69-013224-001-01 121  2300 1035000 92  2300 1035000 62020    1 1   1  2                          2                 1  100032 22             500     0   0  100   01              
20-59-72-433226-001-02 112                                                                                               1   10842 12             108     0   0    0   02              
20-59-72-433226-001-02 121   216   90000 92   216   90000112020    1 2   2  2                          2                 1   43242 12             108     0   0    0   02              
98-13-48-063226-001-04 112                                                                                               2          2              20     0   0    0   02              
98-13-48-063226-001-04 121   108   40000162   108   40000 92020    1 1 2 2  2                          2                 1   43242 12               0     0   0    0   02              
20-80-75-393227-001-01 111   200  180000161   200  180000112020    1 1 2 1 22                          2                 1   25041112             400    20  40   60   02              
20-80-75-393227-001-01 121  3600 1080000161  3600 1080000122020    1 1 2 1 22                          2                 1  800042 22             300   2002000    0   02              
57-04-59-093228-001-01 111   300  135000 93   300  135000 82020    1 1 2 1 22                          2                 1   20042 12             100     0   0    0   02              
57-04-59-093228-001-01 121  1100  550000 93  1100  550000 72020    1 1 2 1 22                          2                 1   30042 22             100    40   0   20   02              
07-11-53-333229-001-01 121   800  650000 11   800  650000 52020    1 1 2 1  2                          2                 1   60012 12              80     0   0   80   02              
41-59-20-523230-001-01 112                                                                                               1   10842 12              46     0   0    0   02              
41-59-20-523230-001-01 122                                                                                               1   97242 22             108     0   0    0   02              
05-64-48-413243-001-01 111 21840 9100000 95 21840 9100000 82020    1 1 2 1 22                          1   15   1410000001   60042 12              10   360   0 2400   02              
24-27-63-883245-001-01 312                                                                                               1    1031132              15    10   0    0   08              
24-80-96-773247-001-01 121  2800 1400000 93  2800 1400000 72021    2 1   1  2                          2                 2          2               0     0   0    0   02              
70-27-78-933248-001-01 112                                                                                               2          2             400     0   0  100   08              
70-27-78-933248-001-01 311    80  160000161    80  160000122020    1 1   1  2                          2                 2          2              20    20   0    0   02              
55-03-85-133249-001-02 111   400  100000 91   400  100000112020    1 2   2  2                          2                 2          2             360     0   0   60   04              
55-03-85-133249-001-02 311   100  125000 91   100  125000112020    1 2 5 2 52                          2                 2          2              20     0   0    0   04              
29-02-83-483261-001-01 111   720  180000 91   720  180000 92020    1 1 2 1 22                          2                 2          2            1080     0   0  240   05              
29-02-83-483261-001-01 311  1200 1020000 21  1200 1020000 42020    2 1 2 1 22                          2                 2          2              90    70   0    0   05              
07-56-54-183262-001-01 111   628  785000163   628  785000 92020    1 1   1 22                          2                 2          2             560    36 216  216   02              
07-56-54-183262-001-01 311  1240  520000 93  1240  520000 92020    1 1 2 1 22                          2                 2          2             240   240   0    0   02              
07-56-54-183262-001-01 411   576  120000 94   576  120000 82020    1 1 2 1 22                          2                 2          2               0     0   0    0   02              
07-56-54-183262-001-01 431   300  100000 93   300  100000 82020    1 1 2 1 22                          2                 2          2             180    60 120    0   02              
51-14-72-583262-001-03 111   200   60000 91   200   60000 82020    1 1 2 1 22                          1    9   13  140002          2             500    15   0    0   02              
51-14-72-583262-001-03 311    80  100000 11    80  100000 82020    4 1 2 1 22                          2                 2          2              20    80   0    0   05              
51-14-72-583262-001-03 431   100   60000 91   100   60000 72020    1 1 2 1 22                          2                 2          2              70    50   0   30   05              
71-53-32-343263-001-01 111   360   75000 91   360   75000 82020    1 1 2 1 22                          2                 2          11 1  10000   340     0   0    0   05              
71-53-32-343263-001-01 411    30   10000 91    30   10000 72020    1 1 2 1 22                          2                 2          2              30     0   0    0   05              
71-53-32-343263-001-01 431    20   10000 91    20   10000 82020    1 1 2 1 22                          2                 2          2              20     0   0    0   05              
15-53-65-253264-001-01 111   240   30000162   240   30000102020    1 1   1  2                          2                 2          2             600     0   0    0   02              
15-53-65-253264-001-01 152                                                                                               2          2              57     3   0    0   02              
15-53-65-253264-001-01 311   140   90000162   140   90000 82020    1 1   1  2                          2                 2          2             160     0   0    0   02              
15-53-65-253264-001-01 432                                                                                               2          2              35    10   0    0   02              
88-67-31-993264-001-03 111  2000  500000 91  2000  500000 82020    1 1 2 1 22                          2                 1   10012 12             400     0 500    0   03              
11-13-37-023265-001-01 111   540   67500163   540   67500 72020    1 1 2 1 22                          2                 2          2             860    60   0   40   05              
11-13-37-023265-001-01 151   180  120000163   180  120000 82020    1 1 2 1 22                          2                 2          2             254    16   0   90   02              
11-13-37-023265-001-01 311   140  100000163   140  100000 72020    1 1 2 1 22                          2                 2          2              55    60   0   25   02              
11-13-37-023265-001-01 431    40   50000163    40   50000 72020    1 1 2 1 22                          2                 2          2              20    10   0   10   02              
90-95-86-113266-001-02 111  1680  490000162  1680  490000 62021    2 1   1  2                          2                 2          2             305    15   0   40   04              
90-95-86-113266-001-02 432                                                                                               2          2              27     3   0   20   05              
77-48-80-613267-001-01 112                                                                                               2          2             580    20   0    0   02              
77-48-80-613267-001-01 311    20   15000 93    20   15000 52020    1 1 2 1 22                          2                 2          2              15     5   0    0   02              
97-89-67-153268-001-01 311   600  450000 91   600  450000 32020    1 1 2 1 22                          2                 2          2              40    80   0    0   02              
14-99-84-453400-001-03 122                                                                                               2          2             400     5   0  195   04              
66-71-90-733470-001-03 252                                                                                               2          2               1     0   0    0   05              
22-61-86-863492-001-01 111     7   11200 31     7   11200 62020    1 1   1  2                          2                 2          2               3     0   0    0   03              
22-61-86-863492-001-01 341     5    7500 21     5    7500 82020    1 1   1  2                          2                 2          2               0     0   0    0   02              
56-39-47-013511-001-02 111   240   80000 91   240   80000 62020    1 1   1 22                          2                 2          12 1 200000   244    36   0   80   02              
56-39-47-013511-001-02 121   240  240000 91   240  240000 62021    1 1 2 1  2                          1   29   16   50001   35042 12              70    40   0    0   02              
56-39-47-013511-001-02 311   110  130000 91   110  130000 72021    1 1 2 1  2                          2                 2          2              10     0   0    0   02              
01-55-74-143547-001-08 111   500  225000 92   500  225000 72020    1 1 2 1 22                          2                 2          2             365    35   0  100   04              
01-55-74-143547-001-08 341   650  375000 91   650  375000 72020    1 1 2 1 22                          2                 2          2              70    20   0   60   04              
01-55-74-143547-001-08 411   687  470000 91   687  470000 82020    1 1 2 1 22                          2                 2          2             283    15   0   10   04              
32-17-78-073586-001-01 112                                                                                               1    2042 32             380    20   0    0   02              
20-25-86-313586-001-02 112                                                                                               2          2             160     0   0    0   02              
81-86-14-733603-001-01 112                                                                                               2          12 2  10000   200     0   0   40   02              
81-86-14-733603-001-01 132                                                                                               2          2             120    10   0    0   02              
09-31-93-253605-001-01 112                                                                                               2          2             100     0   0    0   02              
38-56-07-333606-001-01 112                                                                                               2          2             140    10   0    0   02              
38-56-07-333606-001-01 421    76   57000 91    76   57000 62020    1 1   1  2                          2                 2          2               0     4   0    0   02              
11-40-56-853607-001-01 112                                                                                               2          2             198     0   0   36   02              
11-40-56-853607-001-01 312                                                                                               2          2               4     0   0    0   02              
46-48-20-193608-001-01 112                                                                                               2          13 1  10000    90     0   0    0   02              
46-48-20-193608-001-01 311    80  160000 92    80  160000 92020    1 1   1  2                          2                 2          2              20     0   0    0   02              
46-48-20-193608-001-01 341   100  120000 92   100  120000 92020    1 1   1  2                          2                 2          2              40     0   0   10   02              
65-52-91-163610-001-01 112                                                                                               1    2041132             250    20   0   40   03              
65-52-91-163610-001-01 222                                                                                               2          2              80     0   0    0   03              
65-52-91-163610-001-01 311    60   60000 92    60   60000 92020    1 1 2 1 22                          2                 2          2              20     0   0    0   03              
65-52-91-163610-001-01 321    25   25000 92    25   25000 92019    1 1 2 1 22                          2                 2          2              25     0   0    0   03              
06-96-90-323622-001-01 111  1320  330000 91  1320  330000102019    1 1 4 1 42                          2                 1   48032 12             840     0   0    0   03              
56-19-55-133622-001-03 111   400  320000 94   200  160000102020    1 1   1  1 21  200 160000 9202021 1 2                 1   400411113 1  20000   200    50   0  125   02              
56-19-55-133622-001-03 122                                                                                               2          13 1  10000    90     0   0    0   02              
34-14-13-383625-001-01 112                                                                                               2          2             400    20   0    0   02              
34-14-13-383625-001-01 421   130   65000 91   130   65000 82020    1 1 2 1 22                          2                 2          2              70     2   0    0   02              
21-35-87-243627-001-01 112                                                                                               2          2             120     0   0    0   08              
21-35-87-243627-001-01 122                                                                                               2          2             350     0   0  100   08              
58-58-82-683643-001-01 112                                                                                               1   30071212             600    50   0  150   02              
58-58-82-683643-001-01 122                                                                                               1   10042 113 1  25000   300    50   0   25   02              
08-34-40-963644-001-01 112                                                                                               2          2             200     0   0    0   02              
08-34-40-963644-001-01 251   100   15000 93   100   15000 92020    3 1 2 1 22                          2                 2          2             150     0   0    0   02              
48-70-78-563645-001-01 112                                                                                               1    1071212              10     0   0    0   03              
28-62-38-353647-001-01 122                                                                                               2          2             135     5   0    0   02              
51-59-11-363660-001-02 121  1800  918000 92  1800  918000 82021    1 2   2  2                          1   65   14 1200002          2               0     0   0    0   02              
51-56-87-593660-001-04 121   750  300000 91   750  300000 62021    1 1 2 1 22                          2                 2          2               0     0   0    0   02              
37-00-59-023662-001-01 121   320  280000 91   320  280000102020    1 1 2 1 22                          2                 1   25042 12             150    70   0    0   02              
53-57-52-183662-001-03 121   700  560000 91   700  560000112020    1 1 2 1 22                          2                 1   10042 12             200     0   0    0   02              
57-29-56-033663-001-01 122                                                                                               1   20012 113 1  60000   764     0   0   60   08              
84-24-39-263665-001-01 121  2000 1400000 91  2000 1400000 92020    1 1 2 1 22                          2                 1  160042 12             200   200   0    0   02              
73-54-93-253666-001-01 121  8750 3500000 93  8750 3500000 92021    2 1 2 1 22                          1    6   85 1400001  112542 12             250   500   0  625   02              
33-22-49-703667-001-01 121    40   10000 41    40   10000 82020    1 1   1  2                          2                 2          2              50     0   0   10   03              
97-63-96-063667-001-03 122                                                                                               2          2             190     0   0   20   03              
97-67-30-883687-001-01 871    30   40000161    30   40000 52020    2 1 2 1 22                          2                 2          2              10     0   0    0   02              
60-75-46-463699-001-01 121    80   60000 91    80   60000 82021    1 1   1  2                          2                 1   32042 32               0     0   0    0   02              
99-07-17-063702-001-01 112                                                                                               2          2             840     0   0    0   02              
34-82-27-893703-001-01 112                                                                                               1    6042 12              60     0   0   30   02              
34-82-27-893703-001-01 322                                                                                               2          2              18     0   0    0   02              
34-82-27-893703-001-01 922                                                                                               2          2              15     0   0    0   02              
29-48-35-093718-001-01 112                                                                                               2          2             230     0   0    0   02              
29-48-35-093718-001-01 311    85  102000 91    85  102000102020    2 1   1  2                          2                 2          2              15     0   0    0   02              
84-70-04-133720-001-01 311    40  100000 92    40  100000 72020    1 1   1  2                          2                 2          2              20     0   0    0   02              
46-79-04-893722-001-01 111   200  200000 53   100   50000 42020    2 1   1  2                          2                 2          2             200     0   0   70   02              
94-01-95-713723-001-01 311    30   45000 92    30   45000 72020    1 1 2 1 22                          2                 2          2               5    10   5    0   02              
26-38-86-973723-001-03 311   350  700000 92   350  700000 82020    4 1   1  2                          2                 2          2              35    15   0    5   02              
86-99-26-343737-001-02 112                                                                                               1     382 32              22     0   0    0   02              
86-99-26-343737-001-02 122                                                                                               1    2542 32              75     0   0    0   02              
55-51-32-873738-001-01 122                                                                                               1    5042 12              50    20   0   30   02              
55-51-32-873738-001-019982                                                                                               2          2              50     0   0    0   02              
98-39-03-023738-001-02 112                                                                                               2          2              25     0   0    0   02              
98-39-03-023738-001-02 321    50   60000 93    50   60000 62020    1 1 2 1 22                          2                 2          2               0     0   0    0   02              
69-36-36-133739-001-01 112                                                                                               2          2              50     0   0    0   02              
69-36-36-133739-001-01 122                                                                                               2          2             300     0   0    0   02              
11-59-39-513741-001-01 112                                                                                               2          13 1   3600    54     0   0    0   02              
11-59-39-513741-001-01 122                                                                                               2          13 1  15000   280     0   0   10   02              
45-98-24-043741-001-04 112                                                                                               2          2             180     0   0   90   02              
45-98-24-043741-001-04 122                                                                                               1    7042 12             308     0   0   42   02              
19-82-60-373742-001-01 112                                                                                               2          2             140    10   0    0   02              
78-14-25-283743-001-01 122                                                                                               1    2042 32             130    20   0    0   02              
07-04-66-243755-001-01 431    12   45000 93    12   45000 72020    1 1   1  2                          2                 2          2               0     0   0    0   02              
17-54-53-533758-001-01 362                                                                                               2          2              33     7   0    0   02              
17-54-53-533758-001-01 431   150   70000 92   150   70000 82020    1 1 2 1 22                          2                 2          2              40    10   0    0   02              
51-47-84-023759-001-02 112                                                                                               2          2             140    10   0   50   03              
51-47-84-023759-001-02 132                                                                                               1    1062 12              60     0   0   30   03              
51-47-84-023759-001-02 341    25   37500 21    25   37500 82020    4 2 6 2 62                          2                 2          2              20     0   0    5   03              
51-47-84-023759-001-02 432                                                                                               2          2              15     0   0   15   03              
35-97-97-593760-001-019981    48   96000 91    48   96000 82020    1 1   1  2                          2                 2          2               0     0   0    0   02              
05-15-50-513761-001-01 431   200  600000 92   200  600000 92020    2 1   1  2                          2                 2          2              50     0   0    0   02              
37-54-54-333774-001-01 112                                                                                               2          2              20     0   0    0   02              
37-54-54-333774-001-01 342                                                                                               2          2              10     0   0    0   02              
53-91-81-333775-001-01 112                                                                                               2          2             250     0   0    0   04              
68-35-57-413776-001-01 111    10    5000 92    10    5000 72020    2 1 2 1  2                          2                 1     441132             300     4   8    0   02              
68-35-57-413776-001-01 341     8    4000 92     8    4000102020    1 1 2 1  2                          2                 1     681132               3     6   0    0   02              
68-35-57-413776-001-01 361   100  200000 92   100  200000 82020    1 1 2 1  2                          2                 1    8042 32              20    80   8    0   02              
68-35-57-413776-001-01 432                                                                                               1    2082 32              20    20   3    0   02              
39-38-87-533777-001-01 112                                                                                               2          2              51     0   0    0   03              
39-38-87-533777-001-01 342                                                                                               2          2              10     0   0    0   02              
39-38-87-533777-001-01 421   720 1080000 55   720 1080000 62020    7 1   1  2                          2                 2          2               0    45   0    0   03              
39-38-87-533777-001-01 922                                                                                               2          2              40     0   0    0   02              
39-38-87-533777-001-01 952                                                                                               2          2               2     0   0    0   02              
39-38-87-533777-001-011002                                                                                               2          2               5     0   0    0   02              
83-42-86-523778-001-019981   270  540000 51   270  540000112019    1 1   1  2                          2                 2          2               0     0   0    0   01              
59-87-34-753778-001-02 112                                                                                               2          2             450     6   0    0   02              
59-87-34-753778-001-02 131    75  150000 21    75  150000 22019    2 1   1  2                          2                 1     351132               2     3   0    0   02              
29-01-39-993779-001-029981   160  320000 51   160  320000112019    1 2   2  2                          2                 2          2               0     0   0    0   01              
85-97-80-163781-001-01 111   324  180000 94   324  180000 82020    1 1 2 1 22                          2                 2          2             412     0   0   20   02              
85-97-80-163781-001-01 132                                                                                               2          2              20     0   0    0   02              
85-97-80-163781-001-01 342                                                                                               1     181132              29     0   0    0   02              
45-90-10-233781-001-02 112                                                                                               2          2             220     0   0    0   02              
45-90-10-233781-001-02 342                                                                                               2          2              25     0   0   15   02              
45-90-10-233781-001-02 361    40   80000 91    40   80000 92020    1 1   1  2                          2                 2          2              23     0   0    0   02              
85-38-17-703793-001-01 112                                                                                               2          11 2  40000   360     0   0   70   03              
85-38-17-703793-001-01 322                                                                                               2          2              10     0   0    0   03              
81-77-97-813794-001-01 112                                                                                               2          2             100     0   0    0   02              
81-77-97-813794-001-01 342                                                                                               2          2              20     0   0    0   02              
97-69-40-903794-001-04 112                                                                                               1    6041112             200     0   0  100   02              
97-69-40-903794-001-04 331   160  192000 41   160  192000 32020    1 1 2 1 22                          1   13   12      02          2               0     0   0    0   02              
97-69-40-903794-001-04 341   300  330000 91   300  330000 82020    1 1 2 1 22                          2                 1    2042 12              40     0   0    0   02              
97-69-40-903794-001-04 421    45   72000 91    45   72000 62020    1 1 2 1 22                          2                 2          2              10     5   0    0   02              
33-23-93-773795-001-01 111   600  240000 93   600  240000 92021    1 1   1  2                          2                 2          2             180    20   0    0   01              
73-13-17-313796-001-01 111    36   12000 21    36   12000 72020    1 1   1  2                          2                 1   216511113 1  10000   262    36   0    0   05              
73-13-17-313796-001-01 341    72   93600 21    72   93600 82020    1 1   1  2                          2                 1    1852 12              67     5   0    0   02              
76-50-20-663797-001-01 111  1120  336000201  1120  336000 82021    1 1 2 1 22                          2                 1   30042 12             200     0   0    0   02              
76-50-20-663797-001-01 341   300  450000 72   300  450000 82021    1 1 2 1 22                          2                 1    8082 12              40     0   0    0   02              
76-50-20-663797-001-01 421   100  240000 71   100  240000 72021    1 1 2 1 22                          2                 2          2               0     0   0    0   02              
43-76-27-973797-001-04 111   200   60000 92   200   60000 72021    1 1 2 1 22                          2                 1   20041112             160    20   0   20   02              
43-76-27-973797-001-04 331    60  180000 91    60  180000 32021    3 1 2 1 22                          2                 2          2               0     0   0    0   02              
43-76-27-973797-001-04 341   120  150000 91   120  150000 72021    1 1 2 1 22                          2                 1    2041132              20    20   0    0   02              
21-49-44-333797-001-06 112                                                                                               2          2             374     0   0    0   02              
21-49-44-333797-001-06 341    14   14000 21    14   14000 72020    1 1   1  2                          2                 2          2              14     0   0    0   02              
21-49-44-333797-001-06 421   112  179200 41   112  179200 62020    1 1   1  2                          2                 2          2               0     0   0    0   02              
53-62-39-023798-001-01 112                                                                                               1   28041112              20     0   0   45   02              
53-62-39-023798-001-01 331    80  120000 91    80  120000 32021    1 1   1  2                          1    8   16   30002          2               2     4   0    0   02              
72-85-50-423798-001-02 112                                                                                               1    7041112             230     0   0   25   02              
72-85-50-423798-001-02 322                                                                                               2          2              20     0   0    5   02              
72-85-50-423798-001-02 342                                                                                               1    2042 12              90     0   0   15   02              
56-68-24-883799-001-01 112                                                                                               2          2             170     0   0    0   03              
56-68-24-883799-001-01 322                                                                                               2          2              20     0   0    0   03              
70-70-60-493800-001-01 112                                                                                               2          2             290    10   0    0   01              
70-70-60-493800-001-01 342                                                                                               2          2              50     0   0    0   01              
87-57-04-483812-001-01 112                                                                                               2          2              70     0   0    0   08              
87-57-04-483812-001-01 341   100   50000 91   100   50000 82020    1 1 2 1 22                          2                 1    8042 12              60     0   0    0   08              
13-50-39-653814-001-01 112                                                                                               2          2              35     0   0    5   08              
13-50-39-653814-001-01 322                                                                                               2          2               4     0   0    1   02              
13-50-39-653814-001-01 342                                                                                               2          2              18     0   0    0   08              
13-50-39-653814-001-01 922                                                                                               2          2              10     0   0    4   02              
70-77-45-253815-001-01 112                                                                                               1   16082 22              90    10   0   60   02              
47-37-02-613817-001-01 121    80  112000 42    80  112000 82020    1 1 5 1 52                          1    9   14  150002          2              70     0   0   90   02              
72-20-59-333817-001-02 112                                                                                               2          2             290    50   0  130   02              
72-20-59-333817-001-02 342                                                                                               2          2              30     0   0   10   02              
65-91-88-243818-001-01 112                                                                                               2          2             250     0   0    0   02              
71-79-67-823831-001-01 112                                                                                               2          2             130     0   0   15   03              
71-79-67-823831-001-01 331   120   84000 92   120   84000 42019    2 1   1  2                          2                 2          2              10     0   0    0   03              
71-79-67-823831-001-019981    45  100000 21    45  100000 82020    5 1   1  2                          2                 2          2              55     0   0    0   03              
71-74-59-743831-001-02 112                                                                                               2          2             130     0   0    0   03              
71-74-59-743831-001-02 331   122  122000 92   122  122000 52019    1 1   1  2                          2                 2          2               0     0   0    0   03              
71-74-59-743831-001-02 341    52   26000 92    52   26000 72020    1 1   1  2                          2                 2          2               0     0   0    0   08              
71-74-59-743831-001-02 432                                                                                               2          2              20     0   0    0   03              
71-74-59-743831-001-02 951   361  190000 92   361  190000 32020    1 1   1  2                          2                 2          2              76     0   0   57   03              
25-94-82-153832-001-01 111   100   80000 92   100   80000 82020    1 1   1  2                          2                 2          11 3  24000    60    10   0    0   05              
25-94-82-153832-001-01 331   100  120000 51   100  120000 62020    1 1   1  2                          1    2   16   20002          2               0     0   0    0   05              
25-94-82-153832-001-01 342                                                                                               2          2              30     1   0    9   02              
77-32-67-803833-001-01 111   600  480000 91   600  480000 92020    3 1   1 62                          2                 1   150411113 1  10000   170     0   0  200  102              
77-32-67-803833-001-01 332                                                                                               1    2042 12              39     1   0   10   02              
15-35-28-353833-001-05 112                                                                                               1   35041112             300     0   0  150  502              
15-35-28-353833-001-05 322                                                                                               2          2             100     2   0   18   02              
15-35-28-353833-001-05 431   150  420000 42   150  420000 82020    2 1   1 22                          2                 2          2              50    20   0   30   02              
15-35-28-353833-001-05 922                                                                                               2          2             100     0   0    0   02              
15-35-28-353833-001-05 952                                                                                               2          2              80     0   0   20   02              
37-71-99-363834-001-01 112                                                                                               2          2              90    10   0    0   02              
37-71-99-363834-001-01 342                                                                                               2          2              20     0   0    0   02              
37-71-99-363834-001-01 421    45   65000161    20   65000 92020    1 1   1  2                          2                 2          2               0     0   0    0   02              
54-43-79-143834-001-02 111    40   14000 41    40   14000 82020    1 1   1  2                          1    1   12      02          2              80     0   0   20   02              
54-43-79-143834-001-02 341    35   17500 61    35   17500 82020    1 1   1  2                          1    1   12      02          2             137     0   0    8   02              
54-43-79-143834-001-02 432                                                                                               2          2              25     0   0    5   02              
48-62-80-163835-001-019981    70  100000 22    70  100000102020    1 1   1  2                          2                 2          2               0     0   0    0   01              
17-92-85-183836-001-01 112                                                                                               2          13 2  10000    51    10   0    4   52              
17-92-85-183836-001-01 332                                                                                               2          2               6     0   0    0   02              
17-92-85-183836-001-01 342                                                                                               2          2               5     1   0    0   02              
17-92-85-183836-001-01 922                                                                                               2          2              20     1   0    2   01              
85-03-08-423837-001-01 112                                                                                               2          2              20     0   0    0   02              
85-03-08-423837-001-019982                                                                                               2          2              30     0   0    0   02              
09-79-49-523838-001-01 111    90   40000 91    90   40000102020    1 1 2 1 22                          2                 2          2             162     0   0    0   02              
09-77-56-913850-001-01 112                                                                                               2          2             115     5   0    0   02              
09-77-56-913850-001-01 362                                                                                               2          2              24     6   0    0   02              
09-77-56-913850-001-01 432                                                                                               2          2               7     5   0    0   02              
18-86-63-893851-001-02 361    30   45000161    30   45000 72020    2 2   2  2                          2                 2          2              15     0   0    0   02              
18-86-63-893851-001-02 431    20   40000161    20   40000 62020    1 2   2  2                          2                 2          2              10     0   0    0   02              
83-95-24-143852-001-01 112                                                                                               2          2             124     6  20    0   03              
83-95-24-143852-001-01 361    80   40000 91    30   15000 62020    7 1 2 1 21 21   50  25000112020512122                 2          2              80    20   0    0   03              
83-95-24-143852-001-01 431   100  150000 91    50   75000 52020    4 1 2 1 21 21   50  75000112020612122                 2          2              10    10   0    0   03              
22-52-97-753854-001-01 942                                                                                               2          2              30     1   0    8   02              
83-08-74-843855-001-02 112                                                                                               2          2              46     0   0    0   08              
83-08-74-843855-001-02 132                                                                                               2          2              43     0   0    2   08              
95-93-01-713856-001-01 112                                                                                               2          2               8     1   0    0   02              
72-66-88-883859-001-01 112                                                                                               2          13 1   7000   170    20   0    0   02              
72-66-88-883859-001-01 361     6   12000 92     6      12 72020    1 4   4  2                          2                 2          2              30     6   0    0   02              
72-66-88-883859-001-01 431    15   45000 92    15   45000 72020    1 4   4  2                          2                 2          2              30     0   0    1   02              
84-24-16-373869-001-01 112                                                                                               2          2              45     3   0    0   02              
84-24-16-373869-001-01 331    17   25000 42    14   22000 42020    1 1   1  2                          2                 1     312 32               0     3   0    0   02              
84-24-16-373869-001-01 421    10   15000 42    10   15000 62020    1 1   1  2                          2                 2          2               0     0   0    0   02              
77-48-36-643870-001-01 111   126   84000 92   126   84000102020    1 2   1 22                          2                 2          2             306     0   0   72   02              
38-68-55-543871-001-01 111    10    5000 21    10    5000 82020    3 1 2 1 22                          2                 2          2              52     0   0    0   08              
38-68-55-543871-001-01 331    24   36000 92    24   36000 72020    2 1 2 1 22                          2                 2          2               0     0   0    0   08              
38-68-55-543871-001-01 341     7    7000 92     7    7000 72020    1 1 2 1 22                          2                 2          2              33     0   0    0   08              
38-68-55-543871-001-01 421    21   25200 92    21   25200 72020    1 1 2 1 22                          2                 2          2               0     0   0    0   08              
38-68-55-543871-001-01 432                                                                                               2          2              12     0   0    0   08              
71-09-27-793871-001-03 112                                                                                               2          2              54     0   0    0   02              
88-98-35-963872-001-01 112                                                                                               2          2              60     7   0    5   04              
64-66-80-403872-001-03 112                                                                                               1    8041112             270     0   0    0   02              
64-66-80-403872-001-03 331   150  180000 91   150  180000 82020    1 1   1  2                          2                 2          2              30     0   0    0   02              
04-39-66-833874-001-01 111   200   80000161   200   80000102020    2 1   1  2                          2                 2          2             200     0   0    0   02              
04-39-66-833874-001-01 432                                                                                               2          2              40    60   0    0   02              
01-05-27-433875-001-01 111   200  140000 94   200  140000102020    1 1   1  2                          2                 1    80111113 1  35000   250    20   0    0   02              
04-78-92-483876-001-01 421    21   25200 42    21   25200 62020    2 1   1  2                          2                 2          2              10     0   0    0   02              
04-78-92-483876-001-01 431   120   30000 42   120   30000 62020    3 1   1  2                          2                 2          2             137     3   0   40   02              
36-72-56-753876-001-02 111   300  150000 42   300  150000 72020    3 1 2 1 22                          1    8   31      02          2             160    10   0   30   02              
36-72-56-753876-001-02 122                                                                                               2          2              98     2   0    0   02              
36-72-56-753876-001-02 322                                                                                               2          2              22     0   0    0   02              
36-72-56-753876-001-02 341   150  180000 42   150  180000 72020    2 1 2 1 22                          1    8   11      02          2             132     3   0   15   02              
95-35-64-973889-001-01 112                                                                                               1    6042 12              53     7   0    0   02              
95-35-64-973889-001-01 341    23   29900 91    23   29900 72021    1 1 2 1 22                          2                 2          2               9     4   0    0   02              
18-23-18-313889-001-02 112                                                                                               2          2             144     0   0    0   02              
18-23-18-313889-001-02 322                                                                                               2          2              18     0   0    0   02              
18-23-18-313889-001-02 342                                                                                               2          2              33     0   0    0   02              
18-23-18-313889-001-02 922                                                                                               2          2             141     0   0   31   02              
66-99-22-633890-001-01 112                                                                                               2          2              50     0   0    0   02              
66-99-22-633890-001-01 341   180  216000 91   180  216000 82021    1 1 2 1 22                          2                 1    1012 32              10    10   0    0   02              
66-99-22-633890-001-01 361    90   54000 91    90   54000 82021    1 1 2 1 22                          2                 2          2              10     0   0    0   02              
47-80-77-243891-001-01 112                                                                                               1    1912 12             115     0   0    0   02              
47-80-77-243891-001-01 331    60   72000103    60   72000 52020    1 3   3  2                          1   12   16   30002          2               0     0   0    0   08              
23-60-48-433892-001-01 112                                                                                               2          2             140     0   0   35   01              
23-60-48-433892-001-01 912                                                                                               2          2              35     0   0    0   02              
97-44-20-973892-001-02 112                                                                                               2          2              50     0   0  130   02              
97-44-20-973892-001-02 421    92  156400 93    92  156400 72020    1 1   1  2                          2                 2          2               1     1   0    0   02              
69-11-38-353893-001-01 112                                                                                               1    3642 12              54     0   0   10   02              
69-11-38-353893-001-01 122                                                                                               2          2              90    10  20   16   02              
69-11-38-353893-001-01 362                                                                                               1   10842 12              54     0   0   43   02              
69-11-38-353893-001-01 432                                                                                               2          2              25     0   0    3   02              
88-69-14-993894-001-01 342                                                                                               2          2               5     1   0    1   02              
54-17-82-963895-001-01 112                                                                                               1    5072 32             250    20   0  240   02              
54-17-82-963895-001-01 341    96   96000 92    96   96000 72021    1 1 2 1 22                          2                 1    1072 32              56    10   0   20   02              
54-17-82-963895-001-01 362                                                                                               1   12872 32              80    20   0  220   02              
65-31-91-123909-001-01 112                                                                                               2          2             135    15   0    0   03              
65-31-91-123909-001-01 322                                                                                               2          2              12     3   0    0   03              
65-31-91-123909-001-01 341   203  142100 51   203  142100 82020    2 1 2 1 22                          1    2   22      02          2              45    45   0    0   03              
65-31-91-123909-001-01 431    96  240000 21    96  240000112020    5 1 2 1 22                          2                 2          2              24    24   0    0   03              
65-31-91-123909-001-01 952                                                                                               2          11 4  60000   210     0   0    0   03              
63-37-64-223913-001-01 111   300  150000 94   300  150000112020    1 1   1  2                          2                 2          2             300    50   0   40  102              
63-37-64-223913-001-01 331   150  225000 94   150  225000 92020    1 1   1  2                          2                 2          2              40     5   0    5   02              
63-37-64-223913-001-01 341   100  100000164   100  100000122020    1 1   1  2                          1    1   16   10002          2              40     2   0    8   02              
63-37-64-223913-001-01 421   800 1640000 74   800 1640000 62020    1 1   1  2                          1    1   16    7002          2               0     0   0    0   02              
66-41-39-813914-001-01 112                                                                                               2          2              35     0   0    0   02              
66-41-39-813914-001-01 432                                                                                               2          2              12     0   0    0   02              
25-53-39-243930-001-01 222                                                                                               2          2              80     0   0   40   02              
20-41-14-613931-001-01 112                                                                                               2          2              16     0   0    0   02              
69-79-60-613932-001-01 112                                                                                               1    1822 12              90     0   0    0   03              
43-94-10-023946-001-01 222                                                                                               2          2             240     0   0    0   02              
38-79-29-913947-001-01 222                                                                                               2          2             240     0   0    0   04              
14-63-58-263949-001-01 122                                                                                               2          2             180     0   0    0   02              
10-36-95-743951-001-01 112                                                                                               2          2             240     0   0    0   02              
26-84-75-253951-001-11 112                                                                                               2          2              90     0   0    0   02              
89-61-25-193966-001-01 112                                                                                               2          2             180     0   0    0   02              
89-61-25-193966-001-01 122                                                                                               1    6042 12             312    12   0    0   02              
99-03-56-383970-001-03 112                                                                                               2          2             500    20   0    0   05              
99-03-56-383970-001-03 122                                                                                               1   10042 32             800   100   0  100   05              
14-51-55-673972-001-01 112                                                                                               2          2              60     0   0    0   02              
40-83-11-313988-001-01 122                                                                                               2          2             300     0   0    0   02              
31-70-53-033990-001-01 112                                                                                               2          12 1   3500   120     0  10   20   02              
31-70-53-033990-001-01 222                                                                                               2          2              50     0   0   20   02              
31-70-53-033990-001-01 312                                                                                               2          12 1   5000    32     0   0    0   02              
89-64-05-584002-001-01 112                                                                                               1   20012 12             300     0   0    0   02              
89-64-05-584002-001-01 121   600  560000 41   600  560000112020    2 1   1  2                          1    3   23      01   30042 12             600     0   0    0   02              
82-51-14-664002-001-02 112                                                                                               1    5042 12             250     0   0    0   02              
82-51-14-664002-001-02 122                                                                                               2          2             250     0   0    0   02              
15-44-50-114003-001-01 112                                                                                               2          2             240     0   0    0   02              
15-44-50-114003-001-01 322                                                                                               2          2              80     0   0    0   02              
21-77-05-564004-001-01 112                                                                                               2          2             100     0   0    0   02              
21-77-05-564004-001-01 122                                                                                               1   22542 22             150     0   0    0   02              
21-77-05-564004-001-01 132                                                                                               2          2              80     0   0    0   02              
95-46-77-554005-001-01 121   234  150000 91   234  150000 62020    1 1   1  2                          2                 2          2             496     0   0   50   02              
95-46-77-554005-001-01 131   120   30000 91   120   30000 62020    1 1   1  2                          2                 2          2             240     0   0    0   02              
71-92-23-114006-001-01 121   450  350000 91   450  350000 62020    1 1 2 1 22                          2                 1   54042 22             360     0   0    0   02              
41-08-71-954008-001-01 121  3600 2200000 93  3600 2200000 82019    2 1 2 1 22                          2                 1   45022 12             360     0   0   90   05              
27-44-99-194012-001-01 122                                                                                               2          2             980     0   0    0   02              
27-44-99-194012-001-01 132                                                                                               2          2             720     0   0    0   02              
90-00-90-294012-001-04 122                                                                                               1     112 12             600     0   0    0   04              
17-42-17-194023-001-01 112                                                                                               2          2              20     0   0    0   02              
50-45-96-784024-001-01 112                                                                                               2          2              60     0   0    0   02              
27-81-82-904024-001-03 112                                                                                               2          2            1200     0   0    0   04              
27-81-82-904024-001-03 121   550  240000 92   550  240000 82020    1 1 2 1 22                          2                 2          2            1650     0   0    0   04              
18-34-45-054026-001-01 122                                                                                               1   16022 12             640     0   0    0   05              
18-34-45-054026-001-01 351   240  300000 92   240  300000 62019    1 1 2 1 22                          2                 2          2             120     0   0    0   05              
63-66-25-234027-001-01 321   200  160000 91   200  160000 82020    1 1   1  2                          2                 1    2041332             160    20   0   20   05              
60-71-29-584028-001-01 221   225   27000 92   225   27000 72020    1 1   1  2                          2                 2          2              70     0   0   80   02              
91-25-48-934032-001-01 111   360  180000 92   360  180000 72020    1 1   1  2                          2                 2          2            3120   120   0    0   04              
91-25-48-934032-001-01 222                                                                                               2          2             700     0   0   20   04              
18-01-59-534032-001-06 111   660  186000 42   660  186000102020    1 1 9 1 92                          2                 2          2             440     0   0    0   04              
18-01-59-534032-001-06 222                                                                                               2          2              35     0   0    0   04              
18-01-59-534032-001-06 432                                                                                               2          2              50     0   0    0   04              
55-39-56-434032-001-07 112                                                                                               1    1012 32             590    10   0    0   02              
55-39-56-434032-001-07 222                                                                                               1    5412 12             846     0   0    0   02              
29-58-09-234040-001-01 112                                                                                               2          2             150     5   0    0   02              
87-00-93-354040-001-06 111   300  150000164   300  150000 72020    1 1 2 1 22                          2                 2          2             300    20   0   80   02              
87-00-93-354040-001-06 121   225  150000 94   225  150000 82020    1 1   1  2                          2                 2          2             210    15   0    0   03              
87-00-93-354040-001-06 311    60  120000 31    60  120000 62020    1 1   1 22                          2                 2          2              18     2   0    0   03              
12-61-17-854041-001-01 112                                                                                               2          12 2   4000  2488     0   0    0   02              
12-61-17-854041-001-01 122                                                                                               1   32021112            1180     0   0    0   02              
12-61-17-854041-001-01 222                                                                                               2          2             505     0   0    0   02              
12-61-17-854041-001-01 312                                                                                               2          12 2   5000   424     0   0   20   04              
84-50-65-924043-001-01 121  2325 1240000161  2325 1240000 72020    1 1   1 22                          2                 1   15042 12             840    60   0    0   02              
84-50-65-924043-001-01 222                                                                                               2          2             900     0   0    0   02              
84-50-65-924043-001-019981    36    6000162    36    6000 42020    1 2   2  2                          2                 2          2              94     0   0    0   02              
08-74-51-594044-001-01 222                                                                                               2          2             300     0   0  150   05              
42-06-56-074044-001-02 121    72   48000161    72   48000 82020    1 1   1  2                          2                 2          2              60    12   0    0   02              
42-06-56-074044-001-02 222                                                                                               2          2             360     0   0    0   02              
86-84-40-044045-001-02 112                                                                                               2          2             240     0   0    0   02              
32-39-94-054046-001-01 112                                                                                               2          2             600     0 600    0   02              
32-39-94-054046-001-01 121   975  546000162   525  294000 72020    2 1   1  1 21  450 252000 7202011 1 2                 2          2             525     0   0    0   02              
32-39-94-054046-001-01 312                                                                                               2          2              57     3   0    0   02              
79-73-56-174078-001-01 112                                                                                               1   20042 12             300     0   0    0   02              
93-25-73-374079-001-01 112                                                                                               2          2              74     6   0    0   02              
93-25-73-374079-001-01 122                                                                                               2          2               5   115   0    0   02              
93-25-73-374079-001-01 331    10   15000161    10   15000 52020    1 1   1  2                          2                 2          2              10     0   0    0   02              
20-21-91-334080-001-01 112                                                                                               2          2             600    20   0   80   04              
20-21-91-334080-001-01 121   140  100000161   140  100000 62020    1 1   1 22                          2                 2          2             270    10   0    0   04              
96-18-51-614081-001-01 111   200  144000 91   200  144000102020    1 1   1  2                          2                 1    4042 12              40    10   0    0   02              
96-18-51-614081-001-01 312                                                                                               2          2               4     0   0    0   02              
96-18-51-614081-001-01 331    50   60000 91    50   60000 82020    1 1 3 1 32                          2                 2          2              45     5   0    0   02              
96-18-51-614081-001-01 431    60   90000 92    60   90000 72020    1 1 3 1 32                          2                 2          2              15     0   0    0   02              
06-55-51-274082-001-01 112                                                                                               2          2             140     0   0    0   05              
62-64-26-584083-001-01 112                                                                                               2          2              50     0   0   20   04              
62-64-26-584083-001-01 222                                                                                               2          2              45     0   0    0   04              
30-19-73-484084-001-01 112                                                                                               1   12041112             440     0   0    0   01              
30-19-73-484084-001-01 121   980  350000 91   980  350000 82020    1 1 7 1 72                          2                 2          2            1120     0   0    0   02              
42-26-57-764085-001-01 111   120   72000 91   120   72000 32020    1 1 3 1 32                          2                 1    6042 12             120     0   0    0   02              
42-26-57-764085-001-01 121   400  480000 91   400  480000 72020    1 1 3 1 32                          2                 2          2              50     0   0    0   02              
42-26-57-764085-001-01 222                                                                                               2          2             300     0   0    0   02              
42-26-57-764085-001-01 322                                                                                               2          2              23     0   0    0   02              
42-26-57-764085-001-01 332                                                                                               2          2              24     0   0    0   02              
42-26-57-764085-001-01 432                                                                                               2          2              90     0   0    0   02              
04-41-69-294097-001-01 112                                                                                               2          2              54     0   0    0   02              
12-33-52-634100-001-01 112                                                                                               1   10012 12             694     6   0    0   02              
25-99-47-094100-001-02 112                                                                                               2          2             106     4   0  100   03              
25-99-47-094100-001-02 161   100   75000 91   100   75000 92020    3 2   2  2                          2                 2          2              20    20   0    0   02              
11-60-09-724116-001-01 112                                                                                               2          2            1080     0   0    0   02              
17-66-26-344118-001-01 111   240   60000 93   240   60000 72021    2 1 2 1 22                          2                 1   16042 12              80     0   0    0   02              
69-13-58-824120-001-01 111  2740  560000 91  2740  560000 72020    2 1 2 1 22                          2                 2          2             240     0   0  100   04              
69-13-58-824120-001-01 312                                                                                               2          2              20     0   0    0   04              
69-13-58-824120-001-01 412                                                                                               2          2              55     0   0    0   04              
85-78-30-984120-001-03 112                                                                                               2          2             200     0   0    0   02              
85-78-30-984120-001-03 312                                                                                               2          2              10     0   0    0   02              
99-38-87-714121-001-02 112                                                                                               2          2             820    20   0  140   02              
99-38-87-714121-001-02 311    35   45000 11    35   45000 72020    1 2   2  2                          2                 2          2              40     5   0    0   03              
22-45-82-054122-001-01 111   300   45000 93   300   45000 72020    1 1   1  2                          2                 2          2             160     0   0  140   05              
26-75-76-204123-001-01 111  1200  600000 94  1200  600000 72021    1 1 2 1 22                          2                 2          2             800     0   0    0   04              
26-75-76-204123-001-01 311    30   45000 31    30   45000 92020    1 1 2 1 22                          2                 2          2              20     0   0    0   03              
82-88-76-784136-001-01 112                                                                                               1   20042 12             180     0   0   20   02              
19-64-20-934137-001-01 112                                                                                               2          2             388     2   0    0   03              
19-64-20-934137-001-01 222                                                                                               2          2             200     0   0    0   03              
19-64-20-934137-001-01 312                                                                                               2          2              20     0   0    0   03              
19-64-20-934137-001-01 412                                                                                               2          2              14     0   0    0   02              
53-43-54-844137-001-06 112                                                                                               2          2             175     5   0    0   02              
83-49-56-574139-001-01 111    90   35000 91    90   35000 92020    1 1   1  2                          2                 1    3642 12             594     0   0   90   02              
83-49-56-574139-001-01 312                                                                                               2          2              20     0   0    0   02              
66-95-65-174140-001-01 112                                                                                               1   20041112             100     0   0  100   03              
61-45-39-144140-001-03 111   180   80000 21    80   32000 82020    1 1 2 1 21 21  100  48000 82020112122                 1    1242 12             148     0   0   20   02              
45-74-24-364141-001-01 112                                                                                               1   28011212            1120     0   0    0   04              
45-74-24-364141-001-01 312                                                                                               2          2              60     0   0    0   03              
11-85-36-844142-001-01 112                                                                                               1    6042 12             260     0   0    0   02              
17-60-45-744154-001-01 112                                                                                               2          2             204     0   0    0   02              
17-60-45-744154-001-01 322                                                                                               2          2              18     0   0    0   02              
62-89-78-464158-001-01 112                                                                                               2          2              70     0   0   74   05              
06-97-45-524159-001-01 111   240  120000 11   240  120000 92021    1 3   3  2                          2                 1   48041122              80    20   0   20   02              
75-63-76-424161-001-01 112                                                                                               2          2              80     0   0    0   02              
30-35-93-514192-001-01 122                                                                                               1    2042 32              50    20   0   10   02              
98-25-88-294193-001-01 112                                                                                               1    8051112             700    20   0    0   02              
98-25-88-294193-001-01 321    60   60000161    60   60000 82020    1 1   1  2                          2                 2          2              18     2   0    0   02              
01-53-37-234195-001-01 222                                                                                               2          2              45     0   0    5   02              
01-53-37-234195-001-01 922                                                                                               2          2               8     0   0    0   02              
01-53-37-234195-001-019982                                                                                               2          2               6     0   0    4   02              
25-39-51-764197-001-01 112                                                                                               2          2              38     2   0    0   02              
17-78-73-004198-001-019981   180   75000161   180   75000 82020    1 1   1  2                          2                 2          2             240     0   0    0   02              
91-79-97-084199-001-01 121   200   80000 91   200   80000 82020    1 2   2  2                          2                 2          2             100     0   0    0   02              
62-29-18-134211-001-01 112                                                                                               2          2              50     0   0  110   02              
62-29-18-134211-001-01 322                                                                                               2          2              20     0   0   20   02              
62-29-18-134211-001-01 922                                                                                               2          2              40     0   0   15   02              
24-61-09-854211-001-02 112                                                                                               2          2             150     0   0   25   02              
24-61-09-854211-001-02 322                                                                                               2          2              27     0   0    0   02              
24-61-09-854211-001-02 421   260  520000 93   260  520000 82021    2 1 3 1 32                          2                 2          2               0     0   0    0   02              
24-61-09-854211-001-02 922                                                                                               2          2              35     0   0    0   02              
45-29-72-644212-001-02 112                                                                                               2          2              20     0   0    0   02              
45-29-72-644212-001-02 242                                                                                               2          2             124     0   0    0   02              
45-29-72-644212-001-02 322                                                                                               2          2              13     0   0    0   02              
45-29-72-644212-001-02 342                                                                                               2          2               5     0   0    0   02              
45-29-72-644212-001-021002                                                                                               2          2              12     0   0    0   02              
15-03-38-514213-001-01 112                                                                                               2          2             200     0   0  200   02              
15-03-38-514213-001-01 421   480 1200000 71   480 1200000 72020    1 1 2 1 22                          1    1   52      02          2               0     0   0    0   02              
18-95-24-274214-001-02 421   200  400000 51   200  400000 72020    1 1   1  2                          2                 2          2               0     0   0    0   08              
84-29-09-244216-001-01 122                                                                                               2          2             200     0   0  100   02              
10-54-43-564217-001-01 242                                                                                               2          2             463     0   0    0   02              
83-33-51-914232-001-01 122                                                                                               1   14032 12             530    20   0   70   02              
40-02-49-454234-001-01 112                                                                                               2          2              10     0   0    0   05              
40-02-49-454234-001-01 122                                                                                               1   10012 12              50    20   0    0   02              
00-45-18-144249-001-01 222                                                                                               2          2             400     0   0    0   05              
40-28-44-004250-001-01 311   120   80000 21   120   80000 62020    1 1 2 1 22                          2                 2          2              60    60   0    0   03              
37-53-47-864251-001-01 111   700  245000 93     1  245000 92020    1 1 2 1 22                          2                 2          2             700     0   0  100   02              
37-53-47-864251-001-01 312                                                                                               2          2             480     0   0   20   02              
62-59-88-184251-001-04 111   480  120000 91   480  120000 72020    1 1   1  2                          2                 1   30041112             520     0   0   20   02              
62-59-88-184251-001-04 311   240  228000 93   240  228000 42020    1 1   1  2                          1   10   26  120001     182 12             199     0   0   40   02              
62-59-88-184251-001-04 412                                                                                               2          2              42     0   0    3   02              
31-68-16-834252-001-01 111  3000  500000165  3000  500000 82020    1 1 2 1 22                          2                 1   72041112             480   1201680    0   04              
31-68-16-834252-001-01 311  1200  500000165  1200  500000112020    3 1 2 1 22                          2                 2          2             360   240 720    0   04              
91-89-73-124252-001-03 311   480  400000 91   480  400000 92020    1 1 2 1  2                          2                 2          2              60    20   0   40   02              
49-80-80-494253-001-01 311   120   90000 12   120   90000 82020    1 3 4 3 42                          2                 2          2             120   100   0   20   02              
69-54-12-634254-001-01 111    40    6000 94    40    6000 62020    1 1   1  2                          2                 2          2             150    30   0   80   02              
69-54-12-634254-001-01 311    40   20000 94     1   20000 72020    1 1   1  2                          2                 2          2              20    20   0    0   02              
57-75-82-484255-001-01 112                                                                                               2          2             365    35   0   80   05              
57-75-82-484255-001-01 312                                                                                               2          2              85    55   0    0   05              
30-61-10-204270-001-01 112                                                                                               2          2             240     0   0    0   02              
30-61-10-204270-001-01 121   480  210000 91   480  210000112020    1 3 6 3 62                          1    1   15   60002          2              80     0   0    0   02              
80-41-93-594271-001-01 112                                                                                               2          2            1116    36   0    0   02              
80-41-93-594271-001-01 121  2700 1200000 91  2700 1200000 62020    1 1 2 1 22                          2                 2          2             510    30   0    0   02              
43-23-22-294271-001-02 111   240   70000166   240   70000 62020    1 2   2  2                          2                 1   12041112             220     0   0   80   02              
43-23-22-294271-001-02 121   315  105000163   315  105000 72020    1 2   2  2                          2                 1   10542 12             105     0   0    0   02              
43-23-22-294271-001-02 431    40   48000163    40   48000 62020    1 2   2  2                          2                 2          2              40     0   0    0   02              
67-84-80-744272-001-01 112                                                                                               2          2             216     0   0    0   02              
67-84-80-744272-001-01 121   540  210000 92   540  210000 62020    1 1 3 1 32                          2                 2          2             810     0   0   90   02              
67-84-80-744272-001-01 312                                                                                               2          2              12     0   0    0   03              
10-28-66-794273-001-01 112                                                                                               2          2             700    20   0    0   04              
10-28-66-794273-001-01 121  1530  630000 95  1530  630000 52020    2 1 2 1 22                          2                 2          2             960    30   0    0   05              
10-28-66-794273-001-01 222                                                                                               1    6542 12             735     0   0    0   03              
42-50-43-004274-001-01 112                                                                                               2          2             460    40   0    0   04              
42-50-43-004274-001-01 121  1600  600000 93  1600  600000 82020    1 1   1  2                          2                 2          2            1560    40   0    0   02              
42-50-43-004274-001-01 222                                                                                               2          2            1600     0   0    0   04              
31-50-94-424275-001-01 111   120   30000 91   120   30000 72020    1 1   1  2                          2                 2          2             434     6  20    0   02              
31-50-94-424275-001-01 312                                                                                               2          2               6     0   0   20   02              
96-41-62-544287-001-01 112                                                                                               2          2             170    10   0    0   02              
96-41-62-544287-001-01 312                                                                                               2          2              35     5   0    0   02              
87-52-88-384288-001-01 112                                                                                               2          2             540     0   0  300   03              
87-52-88-384288-001-01 312                                                                                               2          2              25     5   0    0   03              
58-09-19-584289-001-01 112                                                                                               2          2              65     7   0    0   02              
58-09-19-584289-001-01 312                                                                                               2          2              16     6   0    0   02              
91-36-93-284290-001-01 111  1000  300000 91  1000  300000122020    5 1 2 1 22                          1   15   34  180002          2             860     0  40    0   02              
91-36-93-284290-001-01 311   100  150000 91   100  150000 42021    1 1 2 1 22                          2                 2          2             100     0   0    0   02              
91-36-93-284290-001-01 411   110  120000 41   110  120000 22021    1 1 2 1  2                          1   10   14   60002          2               0    10   0    0   02              
91-36-93-284290-001-01 431   100   90000202   100   90000122020   10 1 2 1 22                          2                 2          2              30    20   0    0   04              
89-06-08-544292-001-01 312                                                                                               2          2              30    50   0    0   08              
68-60-12-214306-001-01 112                                                                                               2          2             120     0   0    0   02              
68-60-12-214306-001-01 121   100  100000 21   100  100000 72020    1 1 2 1 22                          1    6   16   30002          2             200     0   0    0   02              
68-60-12-214306-001-01 432                                                                                               2          2              15     0   0    0   02              
54-41-93-394306-001-04 121   400  360000161   400  360000122020    3 1   1  2                          2                 2          11 2  80000   100     0   0    0   02              
27-81-46-114307-001-01 112                                                                                               2          12 2   1500   175     0   0    0   02              
27-81-46-114307-001-01 121   280   84000 21   280   84000 62020    2 1 2 1 22                          2                 2          13 4 120000    60    40   0   20   02              
27-81-46-114307-001-01 342                                                                                               2          2              10     0   0    0   02              
27-81-46-114307-001-01 421    34   50000 42    34   50000 52020    1 1 2 1 22                          1    2   11      02          2               0     0   0    0   02              
48-26-35-364308-001-01 112                                                                                               2          2             204     0   0    0   03              
48-26-35-364308-001-01 342                                                                                               2          2              80     0   0    0   03              
48-26-35-364308-001-01 421   499  648700 52   499  648700 62020    1 1 7 1 72                          1    8   66  420002          2               0     5   0    0   08              
31-91-85-564309-001-01 112                                                                                               1   10841132             432     0   0  540   02              
31-91-85-564309-001-01 222                                                                                               2          2              45     0   0    0   02              
31-91-85-564309-001-01 321    66   46200211    66   46200 62020    1 1 2 1 22                          1    6   16   24001     241332               0     0   0    0   02              
31-91-85-564309-001-01 331    65   65000211    65   65000 82020    1 1 2 1 22                          1    6   16   24001     741332               0     0   0    0   02              
31-91-85-564309-001-01 341   490  343000211   490  343000102020    1 1 2 1 22                          1    6   46   96001    5041312              40     0   0    0   02              
29-82-56-654310-001-01 111   200  160000 92   200  160000112020    1 1 2 1 22                          2                 2          13 1  50000   430     0   0  100   02              
29-82-56-654310-001-01 332                                                                                               1    2042 112 1   4000    60     0   0   15   02              
29-82-56-654310-001-01 341   100   30000 92   100   30000112020    1 1   1 22                          2                 2          12 1   3000    70     0   0   20   02              
29-82-56-654310-001-01 431   100  200000 91   100  200000 82020    3 1 2 1 22                          2                 1    1542 113 1  10000    25     0   0    5   02              
29-82-56-654310-001-01 922                                                                                               2          2             250     0   0   50   01              
29-82-56-654310-001-01 932                                                                                               2          2              80     0   0   20   01              
75-82-37-584310-001-02 111   600  360000 92   600  360000 92020    1 2   2  2                          2                 2          13 1  36000   500    15   0   49   02              
75-82-37-584310-001-02 121   200  200000 92   200  200000 72020    1 2   2  2                          2                 2          13 1  60000   200    20   0   30   02              
28-05-92-534310-001-04 322                                                                                               2          2              18     0   0    0   02              
81-38-99-764312-001-01 111   117   49000 93    17   49000 82020    1 1   1  2                          2                 2          2             117     0   0    0   02              
66-68-73-914313-001-01 112                                                                                               2          2              60     0   0    0   02              
66-68-73-914313-001-01 342                                                                                               2          2              20     0   0    0   02              
35-71-26-254325-001-01 111  3564 1716000 91  3564 1716000102020    1 1   1  2                          1    1  136  330002          2             648     0   0  432   02              
72-50-64-154325-001-04 111  3888 1620000 91  3888 1620000 72020    3 1 2 1 22                          1    0  276   27002          2             468     0 288  288   02              
56-83-61-514326-001-01 111   120   28000 91   120   28000 82021    1 1   1  2                          2                 1   840411114 1  30000   360     0   0    0   02              
29-42-96-404328-001-01 111  3600  900000 91  3600  900000 82020    3 1 9 1 92                          2                 2          2            1800     0   0    0   02              
71-27-07-534328-001-02 112                                                                                               2          2             480     0   0   20   05              
71-27-07-534328-001-02 221    50   20000 41    50   20000 72020    3 1   1  2                          1    6   31      02          2              70     0   0   30   02              
86-93-88-714329-001-01 111   420   90000161   420   90000102020    1 1   1  2                          2                 2          2             420    40   0    0   02              
86-93-88-714329-001-01 222                                                                                               2          2             250     0   0    0   02              
13-46-89-174330-001-01 111  1120  280000212  1120  280000 92020    2 1   1  2                          1    4   26   80002          2             280     0 140    0   05              
13-46-89-174330-001-01 221   100   10000 21   100   10000 32020    3 1   1  2                          2                 2          2             105     0   0  175   03              
85-15-73-244330-001-02 112                                                                                               2          2             120     0   0    0   03              
35-76-82-174331-001-02 112                                                                                               2          2             380    20   0  100   05              
41-79-32-394332-001-01 111  8000 3200000 91  8000 3200000 82020    3 1 2 1 22                          1    5   15 1500002          2             900     0   0  100   05              
41-79-32-394332-001-01 311   400  600000 91   400  600000 72020    1 1 2 1 22                          2                 2          2              20    80   0    0   02              
11-69-06-894345-001-02 111 11400 5130000 93 11400 5130000 12021    1 1   1  2                          1   16   24 1000002          2             960     0   0  480   02              
11-69-06-894345-001-02 222                                                                                               2          2             180     0   0    0   02              
11-69-06-894345-001-02 412                                                                                               2          2             240     0   0    0   02              
28-58-98-634346-001-01 111   120   22000 21   120   22000 62021    1 1 2 1 22                          2                 1   60042 12             120     0   0    0   02              
22-29-95-004348-001-01 231   600   80000161   600   80000 22020    1 1   1  2                          2                 2          2              20     0   0  100   03              
22-29-95-004348-001-01 311    60  135000161    60  135000 72020    1 1   1  2                          2                 2          2              10     0   0   10   02              
87-23-03-174349-001-01 111  1800  450000 93  1800  450000112020    1 2   2  2                          2                 2          2             600     0   0  600   02              
95-89-60-914363-001-01 112                                                                                               1   11242 12             506     2   0    0   02              
95-89-60-914363-001-01 362                                                                                               2          2              50     0   0    0   02              
95-89-60-914363-001-01 432                                                                                               2          2               4     0   0    0   02              
95-89-60-914363-001-01 472                                                                                               2          2              16     0   0    0   02              
47-02-15-084364-001-01 112                                                                                               2          12 3  15000    50     0   0   10   02              
47-02-15-084364-001-01 322                                                                                               2          2               2     1   0    0   02              
47-02-15-084364-001-01 922                                                                                               2          12 5  20000    30    10   0   15   02              
47-02-15-084364-001-011002                                                                                               2          2               3     1   0    1   02              
28-07-25-294364-001-02 122                                                                                               2          2               6    30   0    9   02              
15-35-50-034365-001-01 112                                                                                               1     582 32             155     0   0    0   02              
15-35-50-034365-001-01 122                                                                                               1     382 32              80     0   0    0   02              
15-35-50-034365-001-019982                                                                                               2          2              83     0   0   37   01              
50-28-33-064365-001-03 112                                                                                               2          2              80     0   0    0   02              
50-28-33-064365-001-03 121    30   60000 91    30   60000 72020    1 1   1  2                          2                 2          2              90     0   0    0   02              
85-29-98-904368-001-02 121    90  135000 21    72  108000 82020    1 1   1  1 92   18  27000 8202011 1 2                 1    1542 113 1   5000    80    12   0    0   02              
17-01-34-494368-001-03 121   100  150000 92   100  150000 72020    1 1   1  2                          2                 2          13 1  45000   100    20   0    0   02              
38-11-78-454369-001-01 122                                                                                               1    3052 12              45    12   0    0   02              
55-17-89-694383-001-01 142                                                                                               2          2             384     0   0    0   02              
55-17-89-694383-001-01 222                                                                                               2          2             230     0   0   58   04              
36-88-48-324384-001-01 112                                                                                               1    5441112             162     0   0    0   02              
36-88-48-324384-001-01 432                                                                                               2          2             156     0   0  156   02              
87-23-37-094385-001-01 112                                                                                               2          2             300     0   0    0   04              
87-23-37-094385-001-01 121   540  300000 92   540  300000 42019    1 1 2 1 22                          2                 2          2               0     0   0    0   05              
87-23-37-094385-001-01 132                                                                                               2          2             234     0   0   66   05              
87-23-37-094385-001-01 222                                                                                               2          2             180     0   0    0   04              
87-23-37-094385-001-01 362                                                                                               2          2             100     0   0    0   04              
08-57-09-204386-001-02 112                                                                                               2          2             100     0   0    0   02              
08-57-09-204386-001-02 122                                                                                               1   42042 12             420     0   0    0   02              
44-26-26-334386-001-03 112                                                                                               2          2             100     0   0    0   02              
44-26-26-334386-001-03 432                                                                                               2          2             170     0   0    0   02              
63-15-23-804387-001-01 121  1350  900000 41  1350  900000 72020    2 1 2 1 22                          1    3   25  300001   54042 12             180     0   0    0   02              
63-15-23-804387-001-01 871   500  150000 41   500  150000 52020    1 1   1  2                          1    3   25  300002          2               0     0   0    0   02              
88-30-09-514388-001-01 111   126   35000 93   126   35000 52020    1 1   1  2                          2                 2          2             252     0   0    0   05              
88-30-09-514388-001-01 312                                                                                               2          2              40     0   0    0   02              
80-95-10-004390-001-01 112                                                                                               2          2              40     0   0    0   04              
80-95-10-004390-001-01 122                                                                                               2          2             280     0   0    0   04              
57-36-35-194402-001-01 111   400  160000 11   400  160000 52020    1 3   3  2                          2                 2          2              20     0   0    0   02              
57-36-35-194402-001-01 121   600  280000 11   600  280000 72020    1 3   3  2                          2                 2          2               0     0   0    0   02              
98-50-13-744405-001-01 121   150  120000 91   150  120000 72020    1 1 2 1 22                          2                 2          2             215    10   0    0   02              
08-30-76-814420-001-01 111    80   24000 42    80   24000 62020    1 1   1  2                          2                 2          2             190    18   0    0   02              
08-30-76-814420-001-01 121    72   36000163    72   36000 72020    1 1   1  2                          2                 1    1242 12             312    18   0   24   02              
08-30-76-814420-001-01 501   181  200000 61   181  200000 82020    1 1   1  2                          2                 2          2               0     0   0    0   02              
04-34-24-344421-001-01 331    20   22000161    20   22000 22020    1 1 2 1 22                          2                 2          2              28     2   0    0   01              
04-34-24-344421-001-01 501   470  423000 61   470  423000 72020    1 1 2 1 22                          1    1   13      02          2               0     0   0    0   02              
16-13-69-074421-001-04 112                                                                                               1    50311113 2   5000   140     0   0    0   04              
16-13-69-074421-001-04 501  1000  810000 61  1000  810000 92020    1 1 2 1 22                          1    1   13      02          2               0     0   0    0   02              
47-76-35-154422-001-01 112                                                                                               2          2             120    20   0    0   05              
47-76-35-154422-001-01 432                                                                                               1    1612 12              40    24   0   16   02              
60-71-91-184422-001-04 112                                                                                               2          2             600     0   0    0   02              
98-11-62-454423-001-01 112                                                                                               1   10042 12             140    20   0    0   04              
98-11-62-454423-001-01 501   257  241500 61   247  241500 72020    1 1   1  2                          1    3   12      02          2               0     0   0    0   02              
31-67-35-804424-001-01 112                                                                                               2          2             400     0   0    0   02              
31-67-35-804424-001-01 412                                                                                               2          2             360     0   0    0   02              
31-67-35-804424-001-01 501   290  319000 61   290  319000 62020    1 1   1  2                          2                 2          2               0     0   0    0   01              
10-05-75-774425-001-01 111  1200  720000 93  1200  720000 62020    1 1 2 1 22                          2                 1    4041112             200     0   0    0   02              
10-05-75-774425-001-01 321    44   44000 21    44   44000 52020    4 1 2 1 22                          2                 2          2              10     0   0    0   02              
10-05-75-774425-001-01 331   350  350000 91   350  350000 42020    3 1 2 1 22                          2                 2          2              15     0   0    0   02              
10-05-75-774425-001-01 411   240  156000 91   240  156000 52020    1 1 2 1 22                          2                 2          2              60     0   0    0   02              
10-05-75-774425-001-01 501  1350 1350000 61  1350 1350000 72020    2 1 2 1 22                          1    1   23   60002          2               0     0   0    0   01              
59-24-51-604426-001-01 112                                                                                               1    4031112             110    10   0    0   02              
59-24-51-604426-001-01 501   100   85000 41   100   80000 82020    1 1   1  2                          2                 2          2               0     0   0    0   02              
80-33-32-254427-001-01 112                                                                                               2          2              70     0   0    0   02              
80-33-32-254427-001-01 922                                                                                               2          12 1   1000    40     3   0    0   01              
48-73-44-844439-001-01 112                                                                                               2          2              50     0   0   10   04              
48-73-44-844439-001-01 121   720 1860000 91   720 1860000 82020    2 1   1 22                          2                 1   90042 12             850     0   0   40   05              
48-73-44-844439-001-01 221    20   18000 41    20   18000 62020    1 1 2 1 22                          2                 2          2              90     0   0   10   01              
48-73-44-844439-001-01 432                                                                                               2          2              20    20   0    1   08              
05-77-19-484440-001-01 112                                                                                               2          2             340    20   0    0   04              
05-77-19-484440-001-01 222                                                                                               1    4042 12             728     0   0    0   04              
05-77-19-484440-001-01 432                                                                                               2          2             160    20   0    0   04              
20-22-92-624441-001-01 112                                                                                               2          2             292     0   0    0   05              
20-22-92-624441-001-01 121   435  350000 92   435  350000 52020    1 2 5 2 52                          2                 2          2             600     0   0   20   05              
20-22-92-624441-001-01 222                                                                                               1    3042 12             300     0   0    0   05              
20-22-92-624441-001-01 432                                                                                               2          2              45     0   0    0   05              
59-35-71-824442-001-01 112                                                                                               2          2             102    18   0    0   04              
59-35-71-824442-001-01 121   576  360000 91   576  360000 82020    6 1 2 1 22                          2                 2          2             240    48   0    0   04              
59-35-71-824442-001-01 222                                                                                               1   27542 12             105     0   0    0   04              
59-35-71-824442-001-01 432                                                                                               2          2              10     5   0    0   02              
02-51-38-994443-001-01 122                                                                                               1   10832 12             144     0   0    0   04              
02-51-38-994443-001-01 222                                                                                               1    8032 12             380     0   0   20   02              
18-84-57-804443-001-03 112                                                                                               2          2             120     0   0    0   05              
18-84-57-804443-001-03 121   150   96000 93   150   96000 82020    2 1   1  2                          2                 1    7542 113 0   8000   510    75   0    0   05              
18-84-57-804443-001-03 222                                                                                               1    8042 12             480     0   0    0   05              
77-57-87-514443-001-05 121480000  360000 91480000  360000102020    4 1 2 1 22                          1    1   42   40001    6032 113 1   6667    60    20   0    0   02              
43-79-07-184444-001-01 112                                                                                               2          2              40     0   0    0   05              
43-79-07-184444-001-01 122                                                                                               1   20042 12             400     0   0    0   05              
43-79-07-184444-001-01 222                                                                                               1    5042 12              50     0   0    0   02              
43-79-07-184444-001-01 432                                                                                               2          2              25     0   0    0   05              
75-52-30-394445-001-01 112                                                                                               2          2             414    18   0    0   02              
75-52-30-394445-001-01 432                                                                                               2          2              90    10   0    0   02              
82-26-21-394445-001-03 112                                                                                               1   21642 12             216     0   0    0   04              
82-26-21-394445-001-03 121   525  300000 91   525  300000 92020    1 2   2  2                          2                 1   21042 12             315     0   0    0   02              
82-26-21-394445-001-03 222                                                                                               1    5042 12             270     0   0    0   02              
82-26-21-394445-001-03 331   600  480000 91   600  480000 32020    1 2   2  2                          2                 2          2               0     0   0    0   02              
82-26-21-394445-001-03 432                                                                                               1    5042 12             150    50   0    0   02              
81-84-58-854445-001-04 112                                                                                               1   96041112            1800     0   0    0   04              
81-84-58-854445-001-04 121  5280 5280000163  5280 5280000112020    1 1 4 1 42                          2                 1  334042 12             720   300   0  270   05              
84-67-96-954446-001-01 112                                                                                               2          2             300     0   0    0   02              
84-67-96-954446-001-01 121   600  240000 51   450  240000102020    1 2   2  2                          1    2   12      01    7542 12              40    35   0    0   02              
84-67-96-954446-001-01 432                                                                                               2          2             110     0   0   40   03              
63-30-74-354461-001-01 122                                                                                               1  150042 12             375    30 300  150   02              
24-49-93-404462-001-01 871  1080  450000 51  1080  450000 72020    3 1 2 1 22                          1    5   32  180002          2              25     0   0    0   02              
01-52-39-234463-001-01 111    72   32000161    72   32000 52020    1 111 1  2                          2                 2          2             252     0   0    0   02              
01-52-39-234463-001-01 121   286  192000161   286  192000 62020    1 1   1  2                          2                 2          2             422    12   0    0   02              
36-73-85-024463-001-02 112                                                                                               2          2             120     0   0    0   02              
36-73-85-024463-001-02 121   240   96000 91   240   96000 72020    1 1   1  2                          2                 2          2             360     0   0    0   02              
86-27-46-334463-001-03 111   756  280000161   756  280000 72020    1 1 2 1 22                          2                 2          2            1368    36   0    0   02              
86-27-46-334463-001-03 121  4200 2500000161  4200 2500000102020    1 1 3 1 32                          2                 1   82042 12            1396    84   0  200   02              
86-27-46-334463-001-03 221   800  200000161   800  200000 72020    1 1 2 1 22                          2                 2          2             900     0   0    0   02              
86-27-46-334463-001-03 431   500  300000161   500   30000 42020    1 3   3  2                          2                 2          2             225    25   0    0   02              
99-76-98-434464-001-01 112                                                                                               2          2             480     0   0    0   02              
99-76-98-434464-001-01 122                                                                                               2          2             420     0   0    0   02              
11-54-93-994464-001-04 112                                                                                               2          2              58     2   0    0   02              
66-52-25-504464-001-05 111   300  144000 91   150  144000 92020    1 1 2 1 22                          1   20   32      01   10041112             190    10   0    0   02              
66-52-25-504464-001-059981  1660  600000 43  1000  600000 22021    3 1   1 21 21  600 200000 8202061 121   20  162      02          2              60     0   0    0   02              
88-09-11-144465-001-01 112                                                                                               1    3042 12             250     0   0    0   02              
35-05-57-384467-001-01 112                                                                                               2          2              10     0   0    0   01              
36-39-21-634478-001-01 112                                                                                               2          2             684    72   0    0   04              
54-34-39-914478-001-03 111   200   72000 91   200   72000 82020    1 1   1 22                          2                 1   40041112             220     0   0   2050005              
54-34-39-914478-001-03 121   400  175000 91   400  175000 72020    3 1 2 1 22                          2                 2          2             440     0   0   40   05              
54-34-39-914478-001-03 222                                                                                               1    3042 12              70     0   0    0   05              
54-34-39-914478-001-03 312                                                                                               2          2              40     0   0    0   05              
54-34-39-914478-001-03 432                                                                                               2          2              40     0   0    0   05              
54-34-39-914478-001-03 922                                                                                               2          2              20     0   0    0   02              
25-88-33-814481-001-01 111   100   60000 94   100   60000 52020    1 1 2 1  2                          2                 1   20011112             290     0   0   20   05              
25-88-33-814481-001-01 121   450   90000 21   450   90000 82020    1 1 2 1 22                          2                 1   22512 12             222     0   0   40   08              
25-88-33-814481-001-01 312                                                                                               2          2               0     5   0    0   03              
25-88-33-814481-001-01 432                                                                                               1    2042 12              40     0   0    0   08              
99-28-29-124482-001-03 112                                                                                               1   10822 12             492     0   0    0   02              
99-28-29-124482-001-03 121    15    7000 91    15    7000 72020    1 3   3  2                          2                 1  210022 12            1500    15   0    0   08              
22-37-41-424482-001-06 111   120   30000 52   120   30000 52019    1 1   1  2                          2                 2          2             360     0   0    0   03              
41-58-31-404483-001-01 112                                                                                               1   480411113 1  15000  1830    60   0    0   06              
41-58-31-404483-001-01 121   360  235000 91   360       3 62020    3 1   1 92                          2                 1   36042 113 1  21000   324     0   0    0   06              
41-58-31-404483-001-01 222                                                                                               2          2             600     0   0    0   06              
41-58-31-404483-001-01 312                                                                                               2          2              20     0   0    0   06              
41-58-31-404483-001-01 432                                                                                               2          2              60     0   0    0   06              
14-35-00-154484-001-01 111   500  300000 91   500  300000 82020    1 1   1  2                          2                 2          2             600     0   0    0   04              
14-35-00-154484-001-01 121   800  700000 92   800  700000 72020    1 1   1  2                          2                 1   16042 12             160     0   0    0   02              
14-35-00-154484-001-01 432                                                                                               2          2             300     0   0    0   04              
48-62-55-604496-001-01 111   330  110000 91   330  110000 62020    4 1   1  2                          2                 2          2              30     0   0    0   03              
48-62-55-604496-001-01 121   300  300000 91   300  300000 72020    2 1   1  2                          2                 2          2              50    10   0    0   02              
98-57-46-794497-001-01 112                                                                                               1    5442 12             216     0   0    0   02              
98-57-46-794497-001-01 221   500   90000 91   500   90000 32020    1 1   1  2                          2                 1   15042 12             200     0   0  150   02              
98-57-46-794497-001-01 312                                                                                               2          2              40     0   0   10   02              
98-57-46-794497-001-01 431    50   30000 41    50   30000 42020    1 1   1  2                          2                 1    2042 12              40    20   0   20   02              
10-98-93-804498-001-01 111   240   60000 92   240   60000 62020    1 1   1  2                          2                 2          2             360     0   0    0   02              
34-85-87-844498-001-03 112                                                                                               2          2             300     0   0    0   02              
27-01-39-844499-001-02 111  1080  420000 91  1080  420000 82020    3 1 2 1 22                          2                 1   86442 22             432     0   0  432   02              
27-01-39-844499-001-02 121   375  210000 91   375  210000 72020    1 1 2 1 22                          2                 1   30042 22             150     0   0  300   02              
27-01-39-844499-001-02 432                                                                                               1    3042 12              60     0   0   20   02              
27-01-39-844499-001-02 511  1250 6700000 61  1250 6700000 42020    1 1 2 1 22                          1    1   15   80002          2               0     0   0    0   08              
05-19-84-164499-001-03 111   500  210000 41   500  210000 82020    1 3   3  2                          2                 1  120042 12             300     0   0    0   02              
05-19-84-164499-001-03 121   750  350000 91   750  350000 82020    2 3   3  2                          2                 1   15042 12             225     0   0    0   05              
05-19-84-164499-001-03 312                                                                                               2          2              20    20   0    0   05              
05-19-84-164499-001-03 431    30    7000 21    30    7000 92020    1 3 5 3 52                          2                 1   20042 12              50    50   0    0   03              
05-19-84-164499-001-039981   300  210000 41   300  210000 52020    1 3 5 3  2                          2                 1  150042 22               0     0   0    0   02              
52-69-37-484500-001-01 112                                                                                               2          2             220     0   0    0   02              
52-69-37-484500-001-01 122                                                                                               1    7042 12              80     0   0    0   08              
52-69-37-484500-001-01 222                                                                                               2          2             160     0   0    0   02              
07-40-17-944501-001-02 111   240   60000 91   240   60000 62020    1 1   1  2                          2                 1   10041112             360     0   0   20   05              
07-40-17-944501-001-02 121   800  300000 91   800  300000 62020    1 1   1  2                          2                 1   10042 12             290     0   0    0   05              
07-40-17-944501-001-02 222                                                                                               2          2             100     0   0  100   05              
07-40-17-944501-001-02 312                                                                                               2          2              30     0   0    0   05              
07-40-17-944501-001-02 431   240  120000 91   240  120000 52020    1 1   1  2                          2                 2          2              60     0   0    0   05              
10-94-44-734501-001-03 112                                                                                               1   36042 12            1400     0   0   40   05              
10-94-44-734501-001-03 121  2340  756000 91  2340  756000 72020    3 1 2 1 22                          2                 1   54042 12             630    90   0   90   05              
10-94-44-734501-001-03 222                                                                                               2          2             750     0   0    0   05              
56-35-31-494501-001-04 112                                                                                               1   360413113 0   5000  1060     0   0    0   04              
56-35-31-494501-001-04 121   720  420000161   720  420000 62020   10 4   4  2                          2                 1   36042 12             576   144   0    0   04              
56-35-31-494501-001-04 222                                                                                               1    4042 12             302     0   0    0   04              
56-35-31-494501-001-04 312                                                                                               2          2             180     0   0    0   04              
56-35-31-494501-001-04 432                                                                                               2          2             180     0   0    0   04              
75-25-78-644501-001-06 111   600  150000 91   600  150000 52020    1 1   1  2                          2                 1   48041112             480     0   0    0   05              
75-25-78-644501-001-06 121  2430 1134000161  2430 1134000 62020    1 1 2 1 22                          2                 1   63042 12             360   180   0    0   05              
75-25-78-644501-001-06 431   300  150000161   300  150000 52020    1 1 2 1 22                          2                 1    1042 12              50    60   0    0   05              
41-39-89-994501-001-07 111  2436 1218000161  2436 1218000 82020    3 1 3 1 22                          2                 1  112041112             392     0   0    0   04              
41-39-89-994501-001-07 121  5460 5460000 94  5460 5460000 72020    2 1 3 1 32                          1  105   24 2600001   42042 12            1680     0   0    0   02              
41-39-89-994501-001-07 222                                                                                               1   44042 12            1340     0   0    0   02              
41-39-89-994501-001-07 312                                                                                               2          2             100     0   0    0   02              
41-39-89-994501-001-07 412                                                                                               1     182 12             190     0   0    0   04              
41-39-89-994501-001-07 432                                                                                               2          2             200     0   0    0   02              
79-90-44-824501-001-08 112                                                                                               1   40041112             665    35   0    0   04              
79-90-44-824501-001-08 121   375  250000 91   375  250000102020    1 1   1  2                          2                 2          2             500    25   0    0   03              
79-90-44-824501-001-08 222                                                                                               2          2             900     0   0    0   04              
27-12-14-234501-001-15 121   735  294000 91   735  294000 72020    1 1   1 22                          2                 1    4532 12            2220    90   0   60   02              
46-06-74-344502-001-01 121   900  630000 21   900  630000 92020    2 1   1  2                          2                 1   48042 12             351    90  60    0   05              
72-51-93-504503-001-01 111   300   90000 91   300   90000 72020    1 1   1  2                          2                 1  120041112             420     0 160  100   04              
72-51-93-504503-001-01 122                                                                                               1    6042 12             280     0   0   80   04              
72-51-93-504503-001-01 222                                                                                               1    6042 12             800     0   0  140   04              
72-51-93-504503-001-01 431    25   30000 91    25   30000 62020    1 1   1  2                          2                 2          2              80     0   0   15   05              
72-51-93-504503-001-01 511  2000 5500000111  2000 5500000 72020    3 1   1  2                          1  120   14 3500002          2               0     0   0    0   08              
79-13-46-574515-001-01 112                                                                                               2          2             300     0   0    0   03              
97-88-90-364516-001-01 501   356  427200 61   356  427200 72020    1 1   1  2                          1    3   16  150002          2               0     0   0    0   02              
42-13-45-354518-001-01 112                                                                                               2          2             682     0   0   54   05              
18-35-65-994519-001-01 111   540  150000163   540  150000112020    1 1   1  2                          2                 2          2            1512   108   0    0   04              
18-35-65-994519-001-01 121   294  126000 51   294  126000 82020    1 1   1  2                          1   12   12      02          2            1078    98   0    0   04              
18-35-65-994519-001-01 222                                                                                               2          2            1440     0   0    0   04              
18-35-65-994519-001-01 321    40   12000 21    40   12000 82020    1 2   2  2                          2                 2          2              50    10   0   20   04              
81-55-21-874520-001-01 111   324   90000 91   324   90000 52020    1 1 2 1 22                          2                 2          2             540     0   0    0   05              
81-55-21-874520-001-01 132                                                                                               2          2             360     0   0    0   04              
20-44-65-064520-001-10 111   300   90000 41   300   90000 72020    1 1   1  2                          2                 2          2             200     0   0    0   02              
66-05-47-214521-001-01 111   600  222000 91   600  222000102020    3 1   1  2                          2                 1   30012 12             600   100   0    0   02              
67-86-47-254521-001-02 112                                                                                               1   15042 12             450     0   0    0   02              
68-16-27-734521-001-04 111  1080  300000 92  1080  300000 62021    1 1 2 1  2                          2                 1  324011112            1080     0   0    0   04              
68-16-27-734521-001-04 122                                                                                               2          2             702     0   0    0   02              
56-74-41-294534-001-01 111   500  240000 31   500  240000102020    1 1   1  2                          2                 1   10041112             600    20   0  400   04              
56-74-41-294534-001-01 121   750  480000 92   750  480000 82020    1 1 2 1  2                          2                 1   13012 12             600    20   0    0   04              
92-98-94-244535-001-01 121  1646 1104000161  1646 1104000102020    1 1   1 22                          2                 1   28842 12             264    24   0    0   02              
92-98-94-244535-001-01 132                                                                                               1   20042 12             206    10   0    0   02              
92-98-94-244535-001-01 222                                                                                               2          2            1200     0   0    0   02              
92-98-94-244535-001-01 332                                                                                               2          2              16     4   0    0   02              
92-98-94-244535-001-01 501   400  400000 73   400  400000 82020    1 1 8 1 82                          2                 2          2               0     0   0    0   02              
54-75-27-274535-001-03 112                                                                                               2          2              72     0   0    0   02              
54-75-27-274535-001-03 121   280  180000 93   280  180000122020    1 1   1 22                          1   25   14  100002          2             268    12   0    0   02              
54-75-27-274535-001-03 322                                                                                               2          2              12     0   0    0   02              
60-91-64-874537-001-01 221   600  180000 92   600  180000 82020    1 1 7 1 72                          2                 2          13 2  30000   300     0   0   60   02              
79-89-73-454538-001-01 111    60   24000 42    60   24000 92020    1 2   2  2                          1   20   11      01   60041112             140     0   0    0   01              
23-26-79-034539-001-02 132                                                                                               2          2             100     0   0    0   02              
97-63-24-274540-001-01 121   300   90000 21   300   90000 52020    1 1   1  2                          2                 2          2               0     0   0    0   02              
33-21-92-064543-001-04 112                                                                                               2          2             280     0   0   20   02              
33-21-92-064543-001-04 122                                                                                               1   90042 12             900     0   0    0   02              
87-69-42-264572-001-01 112                                                                                               2          2             600     0   0    0   02              
91-04-87-474573-001-01 132                                                                                               1   12011112             160    20   0    0   01              
98-51-76-864574-001-01 111   400  200000 93   400  200000 72020    1 1 3 1 32                          2                 1   60012 12             600     0   0  200   04              
98-51-76-864574-001-01 122                                                                                               1   45012 12             420    30   0    0   04              
75-03-12-014574-001-11 112                                                                                               1   86442 12            1296     0   0    0   02              
75-03-12-014574-001-11 121   144   96000163   144   96000 72020    1 1   1  2                          2                 1   27842 12             500    24   0    0   02              
75-03-12-014574-001-11 501   200  132000 73   200  132000 82020    1 1   1  2                          1    9   12  100002          2               0     0   0    0   02              
14-12-24-894574-001-14 112                                                                                               2          2             600     0   0    0   01              
08-04-53-234575-001-01 112                                                                                               2          2            1188     0   0    0   02              
08-04-53-234575-001-01 312                                                                                               2          2              40     0   0    0   02              
81-26-85-914576-001-01 111   360   72000161   360   72000 82020    4 1 2 1 22                          2                 2          13 1   4000   600     0   0    0   04              
81-26-85-914576-001-01 122                                                                                               2          13 2  10000   216   180   0    0   01              
81-26-85-914576-001-01 222                                                                                               2          11 2   5000  1700     0   0    0   02              
81-26-85-914576-001-01 432                                                                                               2          2              60     0   0    0   04              
17-67-12-914577-001-01 111   240   90000161    60   90000 72020    1 1   1  2                          2                 2          2             240     0   0    0   02              
17-67-12-914577-001-01 431    60   30000161    60   30000 72020    1 1   1  2                          2                 2          2               0     0   0    0   02              
37-60-86-834579-001-01 111   140   49000 52   140   49000 42020    1 6   6  2                          1   24   12      02          1310  35000  1300     0   0    0   04              
52-91-24-054591-001-01 111   400  168000 91   400  168000 12021    1 1 2 1 22                          1   45   12      01   40012 12            1600   100   0    0   02              
52-91-24-054591-001-01 222                                                                                               1   55012 12             960     0   0  100   02              
52-91-24-054591-001-01 322                                                                                               2          2             118     2   0    0   04              
52-91-24-054591-001-01 331    50   52000 91    50   52000 62020    1 1 2 1 22                          1   45   12      02          2              10     0   0    0   04              
52-91-24-054591-001-01 431    55   90000 91    55   90000 92020    1 1 2 1  2                          2                 2          2             635    40   0    0   02              
61-42-72-094593-001-01 112                                                                                               1   52211112             432    18   0    0   04              
61-42-72-094593-001-01 132                                                                                               1   52542 12             300    25   0    0   02              
61-42-72-094593-001-01 501   870 1350000 93   870 1350000 72020    3 2   2  2                          1    3   33      02          12 5 190000     0     0   0    0   02              
18-48-24-684594-001-01 112                                                                                               1  144011112            1320    20   0    0   04              
18-48-24-684594-001-01 132                                                                                               1 2400011122               0     0   0    0   04              
18-48-24-684594-001-01 222                                                                                               1  108061112            1320     0   0    0   04              
18-48-24-684594-001-01 501  1000  900000 61  1000  900000 92020    3 1   1  2                          1    1   35      02          2               0     0   0    0   04              
92-85-59-414595-001-01 112                                                                                               1  129622 12             250    90   0    0   04              
92-85-59-414595-001-01 132                                                                                               1  113422 112 1  90000     0  1330   0    0   04              
92-85-59-414595-001-01 501  1500 1650000201  1500 1650000 82020    1 1   1  2                          1    3   25  200002          2               0     0   0    0   04              
34-86-75-054596-001-01 122                                                                                               1   40042 113 1   7000   280    20   0    0   02              
34-86-75-054596-001-01 132                                                                                               2          2            1000   100   0    0 1002              
34-86-75-054596-001-01 501  1500 1200000211  1500 1200000 82020    2 1   1  2                          1    2   25      02          2               0     0   0    0   02              
06-13-33-114597-001-01 112                                                                                               1   10042 12             100     0   0    0   02              
06-13-33-114597-001-01 132                                                                                               1   70042 12             100     0   0    0   02              
06-13-33-114597-001-01 501   800  800000 61   800  800000 72020    1 1 2 1 22                          1    1   13      02          2               0     0   0    0   02              
96-37-81-904598-001-01 112                                                                                               1  220042 12             300   100   0  200   02              
96-37-81-904598-001-01 501   700  700000 61   700  700000 92020    1 1   1  2                          2                 2          2               0     0   0    0   04              
26-21-26-624611-001-01 112                                                                                               2          2             324     0   0    0   02              
26-21-26-624611-001-01 501 11000 9020000 62 11000 9020000 92020    1 1 2 1 22                          1    5   23  300002          2               0     0   0    0   02              
32-04-36-834613-001-01 112                                                                                               1    4042 12              38     2   0    0   02              
32-04-36-834613-001-01 432                                                                                               1    1042 12               8     2   0    0   02              
59-40-38-534614-001-01 112                                                                                               2          2             200     0   0    0   05              
59-40-38-534614-001-01 501  1148 1000000 61  1148 1000000 82020    1 1   1  2                          1    1   12      02          2               0     0   0    0   04              
64-20-85-604615-001-01 112                                                                                               1   20041112             108    16   0    0   02              
64-20-85-604615-001-01 501    20   16200 61    20   16200 62020    1 1   1  2                          1    1   12      02          2               0     0   0    0   02              
29-51-90-804616-001-01 112                                                                                               2          2             400     0   0    0   02              
29-51-90-804616-001-01 501   100  190000211   100  190000 92020    1 1   1  2                          1    0   21      02          2               0     0   0    0   02              
63-32-21-814616-001-03 112                                                                                               2          2             135    27   0    0   02              
63-32-21-814616-001-03 501   110   89100 61   110   89100 62020    1 1   1  2                          1    0   12      02          2               0     0   0    0   02              
20-68-50-494616-001-04 111   216  100000 51   216  100000112020    1 1 2 1 22                          1    1   13   10001  118821112             540     0   0    0   02              
20-68-50-494616-001-04 501  3210 2664300 62  3210 2664300 82020    1 1 2 1 22                          1    3   33  150002          2               0     0   0    0   02              
51-70-53-074618-001-01 111   120  120000 21   120  120000 82020    1 1   1  2                          2                 1   30042 12             360    60   0    0   02              
51-70-53-074618-001-01 311   200  240000 21   200  240000 82020    1 1   1  2                          2                 1    4042 12              60     0   0    0   02              
35-88-72-584618-001-02 112                                                                                               1   20041112             108    16   0    0   05              
35-88-72-584618-001-02 501    45   38250 61    45   38250 82020    1 1   1  2                          1    1   12      02          2               0     0   0    0   05              
60-43-11-364629-001-01 112                                                                                               2          2             240     0   0    0   05              
60-43-11-364629-001-01 122                                                                                               1   35042 12            1400     0   0  350   05              
64-80-76-154630-001-01 122                                                                                               1   39642 12             880    18   0    0   02              
64-80-76-154630-001-01 221   700   35000 53   700   35000 92020    1 2 3 2 32                          1   12   22      01   50042 12            1000     0   0    0   02              
85-63-13-874631-001-01 112                                                                                               2          2             300    50   0    0   02              
85-63-13-874631-001-01 122                                                                                               2          2             360    15   0    0   02              
85-63-13-874631-001-01 132                                                                                               2          2             190    10   0    0   02              
85-63-13-874631-001-01 222                                                                                               2          2            1800    60   0  200   02              
67-40-05-014631-001-07 121   500  210000 91   500  210000 82020    1 1 2 1 22                          2                 2          2              50     0   0    0   02              
91-36-32-574633-001-01 112                                                                                               2          2              80     0   0    0   02              
91-36-32-574633-001-01 122                                                                                               1   36042 12            2040     0   0    0   04              
42-20-92-374633-001-06 112                                                                                               2          2            1200     0   0    0   04              
45-15-69-234635-001-01 112                                                                                               1   72011112             540     0   0    0   01              
45-15-69-234635-001-01 122                                                                                               2          2            1350     0   0    0   08              
45-15-69-234635-001-01 222                                                                                               1   84012 12             960     0   0    0   01              
45-15-69-234635-001-01 501   133  160000 61   133  160000 72020    1 1   1  2                          1    1   13   50002          2               0     0   0    0   01              
49-97-30-764636-001-01 111   600  120000111   600  120000 92020    1 1 2 1 22                          2                 2          2             300     0   0    0   02              
30-42-65-654640-001-01 112                                                                                               2          12 2   3500   110     0   0    0   04              
02-23-53-224648-001-01 122                                                                                               1    7542 12             105    10   0    0   02              
35-41-66-584649-001-04 112                                                                                               2          12 2  10000    80    20   0    0   01              
38-73-88-634650-001-01 111    40   18000 92    40   18000 82020    1 1 2 1 22                          2                 2          2             255     5   0    0   02              
38-73-88-634650-001-01 122                                                                                               2          2             190     5   0    0   02              
63-63-73-114651-001-01 112                                                                                               1   10042 12             216     4   0    0   02              
63-63-73-114651-001-01 312                                                                                               2          2              19     1   0    0   03              
63-63-73-114651-001-01 432                                                                                               2          2              10     0   0    0   03              
00-91-88-384652-001-01 112                                                                                               2          2             140     0   0    0   02              
21-63-11-414653-001-01 222                                                                                               2          11 3   1000    90     0   0    0   02              
92-11-72-844655-001-01 112                                                                                               2          2             900     0   0  180   05              
92-11-72-844655-001-01 501    30   15000 61    30   15000 72020    1 1   1  2                          1    1   11      02          2               0     0   0    0   01              
78-40-70-974667-001-01 112                                                                                               2          2              68     4   0    0   02              
78-40-70-974667-001-01 121    36   21000 21    36   21000102020    1 1   1  2                          1    1   12      01    1842 12              90    18   0    0   02              
31-94-25-674667-001-02 121   120  120000 94   120  120000 92020    1 1   1  2                          2                 2          2             110    20   0    0   02              
27-44-96-424667-001-03 121   360  210000 95   360  210000 82020    2 1   1  2                          2                 1   21642 12             144    24   0    0   02              
89-60-64-184668-001-01 112                                                                                               2          2             108     0   0    0   05              
89-60-64-184668-001-01 121   240  100000 91   240  100000 92020    1 1 2 1 22                          2                 2          2             280     0 240    0   05              
89-60-64-184668-001-01 431    60   24000 21    60   24000 72020    1 1 2 1 22                          2                 1     312 32             317     3   0    0   05              
17-03-15-714669-001-01 122                                                                                               2          2              20     0   0    0   02              
55-86-26-384670-001-01 121   300  192000 91   300  192000 82020    2 1 2 1 22                          2                 2          2               4    42   0    0   02              
55-86-26-384670-001-01 432                                                                                               2          2               2     0   0    0   02              
64-93-12-244671-001-01 121   150  120000 91   150  120000 72020    1 1   1  2                          2                 1   37542 22              65     0   0   10   02              
51-54-67-864672-001-01 121   450  300000 91   450  300000 82020    1 1 2 1 22                          1    0   15      01   18022 12             360     0   0    1   05              
03-89-93-604673-001-01 112                                                                                               2          2             540     0   0    0   02              
03-89-93-604673-001-01 121  1105 1020000 91  1105 1020000 72020    2 1   1  2                          2                 1   13042 12             325     0   0    0   02              
03-89-93-604673-001-01 432                                                                                               2          2              40     0   0    0   02              
19-56-77-124673-001-02 121   120   50000 92   120   50000 72020    1 1   1  2                          2                 2          2             340    20   0    0   02              
34-09-21-584674-001-01 111    54   30000 93    54   30000 82020    1 1   1  2                          2                 1    9042 12              36    18   0    0   02              
34-09-21-584674-001-01 121   276  230000 93   276  230000 82020    1 1   1  2                          2                 1   21642 12             144    12   0   72   02              
34-09-21-584674-001-01 132                                                                                               1    6042 12              10    10   0    0   02              
22-96-03-484674-001-02 121   360  144000 21   360  144000 72020    2 1   1  2                          2                 1   12042 12             100    20   0    0   02              
11-39-76-334686-001-01 112                                                                                               2          12 4 120000   480     0   0  120   05              
11-39-76-334686-001-01 312                                                                                               2          2             100     0   0   20   02              
11-39-76-334686-001-01 362                                                                                               2          2              60     0   0   20   02              
64-29-64-164687-001-01 901  5000 4000000 41  5000 4000000 72021   16 1   1  2                          148000  165  480002          2               0     0   0    0   08              
72-25-71-424705-001-01 111   432  120000 91   432  120000 72020    1 1   1 22                          2                 2          2            1040    40   0  108   04              
72-25-71-424705-001-01 132                                                                                               2          2             133    15   0    0   04              
72-25-71-424705-001-01 362                                                                                               2          2              80    40   0    0   04              
72-25-71-424705-001-01 411   560  560000 91   560  560000 82020    1 1   1 22                          2                 2          2             100    40   0    0   04              
72-25-71-424705-001-01 432                                                                                               2          2              70    50   0    0   04              
86-76-02-114706-001-01 112                                                                                               2          2            2592   108   0    0   04              
86-76-02-114706-001-01 121  9000 3500000 91  9000 3500000 92020    2 1 2 1 22                          2                 2          2            1800   360   0  540   04              
22-03-76-214707-001-01 111  1080  360000161  1080  360000 82020    3 1   1  2                          2                 2          2             756   108   0    0   04              
22-03-76-214707-001-01 411   180  270000161   180  270000112020    1 1   1  2                          2                 2          2               0     0   0    0   02              
22-03-76-214707-001-01 431   200  192000161   200  192000102020    4 1   1  2                          2                 2          2              50     0   0    0   02              
96-02-86-114709-001-01 112                                                                                               2          2             738    18   0    0   04              
96-02-86-114709-001-01 362                                                                                               2          2             695     5   0    0   02              
96-02-86-114709-001-01 411  1190  500000161  1190  500000 72020    1 1   1  2                          2                 2          2             255    85   0    0   05              
96-02-86-114709-001-01 431    28   14000 51    28   14000 72020    1 1   1  2                          1    6   11      02          2             294    70   0    0   02              
34-31-41-494710-001-01 112                                                                                               2          2            1400     0   0    0   04              
34-31-41-494710-001-01 141  1820  637000 91  1820  637000102020    1 1 2 1 22                          1    5   13      02          2            1000    80   0  320   02              
34-31-41-494710-001-01 411  2250 2550000 91  2250 2550000 82020    1 1 2 1 22                          2                 2          2               0     0   0    0   02              
66-92-85-394710-001-03 112                                                                                               2          2             324     0   0    0   04              
66-92-85-394710-001-03 132                                                                                               2          2             190    20   0   30   04              
66-92-85-394710-001-03 431   150  120000 91   150  120000112020    1 2 3 2 32                          2                 2          2             325    50   0    0   02              
48-54-38-194711-001-01 142                                                                                               1   84012 12             720   120   0  120   04              
48-54-38-194711-001-01 411  1008  720000163  1008  720000 82021    1 1   1  2                          2                 1   33642 32               0     0   0    0   04              
48-54-38-194711-001-01 432                                                                                               1    1242 12             120    12   0    0   04              
13-80-32-634724-001-01 112                                                                                               2          2             600     0   0    0   08              
13-80-32-634724-001-01 121    75   30000161    75   30000 82020    3 1   1  2                          2                 2          2             555     0   0    0   08              
46-46-75-674725-001-01 112                                                                                               1  162041142             628    28   0  216   04              
46-46-75-674725-001-01 122                                                                                               1  342042 42             810    90   0    0   02              
46-46-75-674725-001-01 431    50   50000 31    50   50000 92020    1 1 2 1 22                          2                 1   28042 12              50    20   0    0   02              
20-41-67-774725-001-03 112                                                                                               2          2             425    75   0    0   02              
20-41-67-774725-001-03 121   525  252000 21   300  144000112019    2 1 2 1 21201  225 10800011201911 122                 1   22542 12             600    30  85   35   02              
97-39-50-714727-001-01 111   500  150000 21     3  150000 82020    3 1 2 1 22                          2                 1   10032 12             540    60 300    0   04              
97-39-50-714727-001-01 121   825  550000 21   825  550000 92020    1 1 2 1 22                          2                 1  152542 22            1350    50   0    0   02              
97-39-50-714727-001-01 432                                                                                               2          15 1  30000   450   150   0    0   02              
14-54-41-374728-001-01 111   216   84000 91   216   84000 72020    1 1   1  2                          2                 1   43211112             432     0   0    0   04              
14-54-41-374728-001-01 121  1080  504000 91  1080  504000 82020    2 1   1  2                          2                 1   18012 12             540     0   0    0   08              
69-36-12-774730-001-01 112                                                                                               2          2             800     0   0  280   04              
69-36-12-774730-001-01 121   375  150000 91   375  150000 82020    3 1   1  2                          2                 1   93542 12             850     0   0   90   08              
69-36-12-774730-001-01 432                                                                                               2          2              50     0   0    0   02              
47-67-32-844730-001-03 111    80   20000 21    80   20000 72020    1 1   1  2                          2                 1   24041312            1220    20   0    0   04              
47-67-32-844730-001-03 121   360  144000 21   360  144000 82020    1 1   1 22                          2                 2          2             480    60   0    0   04              
47-67-32-844730-001-03 222                                                                                               1    9042 12             582     0   0    0   04              
37-63-74-984731-001-01 112                                                                                               2          2             108     0   0    0   02              
37-63-74-984731-001-01 122                                                                                               2          2             438    12   0    0   02              
37-63-74-984731-001-01 411    78   30000 91    78   30000 52020    1 1 3 1 32                          2                 2          2               0     0   0    0   02              
99-24-15-134731-001-02 112                                                                                               1   18042 12             280    20   0    0   04              
99-24-15-134731-001-02 121   900  500000 94   900     500 82020    2 1 2 1 22                          2                 2          2             420    30   0    0   03              
99-24-15-134731-001-02 222                                                                                               1    5042 12             550     0   0    0   05              
68-16-68-794743-001-01 112                                                                                               2          2             226    10   0    0   02              
72-19-32-094744-001-01 112                                                                                               2          2              40     0   0    0   02              
15-21-88-534745-001-01 112                                                                                               2          2             213     3   0    0   02              
15-21-88-534745-001-01 121   108   42000162   108   42000 72020    1 1 2 1 22                          2                 2          2             630    18   0    0   04              
62-43-51-594745-001-04 112                                                                                               1    5441112             144     0   0   18   05              
32-60-45-234746-001-01 112                                                                                               2          2             400     0   0   60   02              
68-11-89-034747-001-01 111   324  150000161   324  150000 92020    2 1 2 1 22                          2                 1   21641112             404    10   0   18   04              
68-11-89-034747-001-01 121   294  110000 15   294  110000102020    1 1 2 1 22                          2                 1   75642 12             390    30   0    0   04              
68-11-89-034747-001-01 222                                                                                               1    2042 12              60     0   0    0   05              
68-11-89-034747-001-01 431    60   48000161    60   48000102020    1 1 2 1 22                          2                 2          2             290    40   0   30   04              
82-63-17-224748-001-01 112                                                                                               2          2             200     0   0    0   02              
82-63-17-224748-001-01 121  1200  650000 93  1200  650000 92020    1 1 2 1 22                          2                 1   26042 12             800     0   0  140   02              
54-20-65-814749-001-01 112                                                                                               2          2             140     0   0    0   05              
54-20-65-814749-001-01 121   722  455000 91   722  455000 72020    1 3   3 42                          2                 1   25042 12             730    20   0   70   05              
54-20-65-814749-001-01 922                                                                                               2          2              66     0   0    0   02              
86-91-07-434750-001-01 112                                                                                               1    4041112             520     0   0   40   06              
86-91-07-434750-001-01 122                                                                                               1   35742 12             357    84   0  450  582              
49-76-86-824750-001-08 112                                                                                               2          2             258    20   0    0   04              
49-76-86-824750-001-08 121   480  240000161   480  240000 72020    3 1   1  2                          2                 2          2             460    20   0    0   04              
49-76-86-824750-001-08 922                                                                                               2          2              56     0   0   30   04              
50-66-78-064762-001-01 111  1008  290000 21  1008  290000 82020    3 1   1  2                          2                 2          2            1128    60 378   72   04              
50-66-78-064762-001-01 121  1680 1000000 92  1680 1000000112020    4 1   1  2                          2                 2          2             792    48   0    0   04              
81-71-44-084762-001-02 112                                                                                               2          2             520    30   0    0   05              
81-71-44-084762-001-02 222                                                                                               2          2             190     0   0   30   05              
81-71-44-084762-001-02 322                                                                                               2          2              70     0   0    0   05              
47-55-39-754762-001-03 112                                                                                               2          2             730     0   0    0   02              
44-87-32-804763-001-01 111   300   90000 91   300   90000 82020    1 1   1 22                          2                 2          2             880    20   0    0   04              
44-87-32-804763-001-01 432                                                                                               2          2              50    10   0    0   02              
33-63-56-624763-001-03 112                                                                                               2          2             162     0   0    0   05              
33-63-56-624763-001-03 121   192   60000162   192   60000 82021    1 1   1  2                          2                 1   19242 12             192    16   0   32   05              
51-90-57-304764-001-01 111  2400  600000 91  2400  600000 92020    3 1 2 1 22                          1   15   33  600002          2          240000     0   0    0   02              
51-90-57-304764-001-01 431   480  320000 91   480  320000 82020    1 1 2 1 22                          2                 2          2             720     0   0    0   02              
51-90-57-304764-001-01 511   600 2200000201   600 2200000 82020    4 1 2 1 22                          1   15   43 1110002          2               0     0   0    0   02              
37-78-08-274764-001-03 112                                                                                               2          2             240     0   0    0   05              
37-78-08-274764-001-03 311    20   25000 91    20   25000 32021    1 1   1  2                          2                 2          2              20     0   0    0   05              
66-00-46-864764-001-04 111  1080  600000 91  1080  600000 72020    1 4   4 92                          2                 2          2            1026    54   0    0   03              
66-00-46-864764-001-04 121   900  500000 91   900  500000 72020    1 4   4 92                          2                 2          2            4470    30   0    0   02              
15-53-81-324764-001-08 112                                                                                               2          2             630    18 108    0   04              
15-53-81-324764-001-08 431   240  500000 51   240  500000 52020    1 1   1  2                          1    5   12      02          2             216    96  48    0   05              
95-95-14-854765-001-01 112                                                                                               2          2             424     0   0    0   02              
95-95-14-854765-001-01 431    45   48000162    45   48000 82020    1 1   1  2                          2                 2          2             135     0   0    0   03              
89-76-80-984765-001-02 112                                                                                               2          2             900   108   0    0   04              
00-38-32-834766-001-01 111  2160 1000000165  2160 1000000122020    1 1   1  2                          2                 1   43242 12            3240   108   0    0   04              
00-38-32-834766-001-01 121   825  462000161   825  462000 82020    1 1   1  2                          2                 2          2             150     0   0    0   04              
00-38-32-834766-001-01 222                                                                                               2          2             900     0   0  225   05              
00-31-35-004766-001-03 112                                                                                               2          2            3708    72   0    0   04              
00-31-35-004766-001-03 122                                                                                               2          2            2130    45   0    0   04              
00-31-35-004766-001-03 432                                                                                               2          2            1095    30   0    0   03              
66-94-14-014766-001-04 111  1080  300000161  1080  300000 72020    3 1   1  2                          2                 2          2             864     0   0    0   05              
66-94-14-014766-001-04 121    50   30000161    50   30000 82020    1 1   1  2                          2                 2          2             130    20   0    0   05              
29-34-78-174766-001-05 111   600  360000 93   600  360000 82020    1 1 2 1 22                          2                 2          2             380    20   0    0   05              
29-34-78-174766-001-05 121  1600 1120000 93  1600 1120000 72020    1 1 2 1 22                          2                 2          2             300    40   0   60   05              
13-09-88-204766-001-10 111   540  270000 92   540  270000 92020    1 1 2 1 22                          2                 2          2            1836   108   0    0   05              
13-09-88-204766-001-10 221    60    9000 93    60    9000 82020    1 1   1  2                          2                 2          2            1020    40   0    0   02              
13-09-88-204766-001-10 411  1824  570000 93  1824  570000 72020    1 1   1  2                          2                 2          2               0    96   0    0   05              
13-09-88-204766-001-10 432                                                                                               2          2             290    60   0    0   02              
64-03-28-394767-001-01 112                                                                                               2          2             756   108   0    0   02              
38-76-84-394768-001-01 112                                                                                               2          2             380    20   0    0   05              
38-76-84-394768-001-01 132                                                                                               2          2            1480    20   0  500   05              
38-76-84-394768-001-01 421   780 1560000161   780 1560000 72020    3 1   1  2                          2                 2          2               0    20   0    0   02              
66-09-01-844768-001-02 112                                                                                               2          2             100    15   0    0   05              
66-09-01-844768-001-02 121   144   72000 21   144   72000 82020    1 1   1  2                          2                 2          2             484    20   0    0   05              
33-30-46-034769-001-01 111  1080  360000162  1080  360000 52021    2 1 2 1 22                          1    5   22      01   32422 12             756     0   0  108   04              
33-30-46-034769-001-01 121  1152  432000162  1152  432000112020    2 1 2 1 22                          1    5   22      01   28822 12             960     0   0  192   04              
33-30-46-034769-001-01 431   140   84000162   140   84000 92020    1 1 2 1 22                          1    5   12      02          2             280     0   0    0   04              
10-29-22-884781-001-01 112                                                                                               2          2             198    18   0    0   02              
10-29-22-884781-001-01 122                                                                                               2          2             200     0   0    0   02              
06-17-87-544782-001-01 111   360   90000161   360   90000 62021    1 1   1  2                          2                 2          2             240     0   0    0   02              
06-17-87-544782-001-01 431    60   60000161    60   60000 62021    1 1   1  2                          2                 2          2              30     0   0    0   02              
46-91-21-084782-001-02 111    52   18000 21    52   18000 82020    1 2   2  2                          2                 2          2              56     0   0    0   02              
46-91-21-084782-001-02 431    90   90000161    90   90000 52020    1 2   2  2                          2                 2          2              30     0   0    0   02              
89-56-35-034782-001-03 121   750  600000161   750  600000 62020    1 1   1  2                          2                 2          2               0     0   0    0   05              
09-72-48-744783-001-01 111  3000 1260000 93  3000 1260000 82020    1 1   1 22                          2                 2          2            2000     0   0    0   04              
09-72-48-744783-001-01 121  2000 1200000 93  2000 1200000102020    1 1   1 22                          2                 2          2            1000   100   0  100   02              
77-16-73-054783-001-04 111    72   20000 93    72   20000 82020    2 1 2 1 22                          2                 2          2             342    18   0    0   02              
77-16-73-054783-001-04 121   450  300000 93   450  300000 82020    4 1 2 1 22                          2                 1    7542 12             615    45   0    0   05              
77-16-73-054783-001-04 221   880  200000 93   880  200000 92020    1 1 2 1 22                          2                 1   11041112              80     0   0   30   05              
77-16-73-054783-001-04 432                                                                                               2          2              75    75   0    0   05              
79-66-60-704783-001-06 112                                                                                               1  108041122             540     0   0  108   04              
79-66-60-704783-001-06 121   960  450000162   960  450000 72020    2 1 2 1 22                          2                 1  211242 22             672    96   0  192   04              
79-66-60-704783-001-06 222                                                                                               2          2             290     0   0  100   08              
79-66-60-704783-001-06 362                                                                                               1   26042 22              40    20   0   40   04              
79-66-60-704783-001-06 432                                                                                               1   14042 12              70    50   0   20   04              
21-21-00-334785-001-01 112                                                                                               2          2             446     4   0    0   07  50  40002121
18-38-75-744786-001-01 111   108   30000161   108   30000 82020    1 1   1  2                          2                 2          2             304    20   0    0   02              
18-38-75-744786-001-01 121   120  100000161   120  100000 82020    1 1   1  2                          2                 2          2             200    40   0    0   02              
83-91-44-864788-001-01 111  1134  378000 91  1134  378000 92020    1 1   1 22                          2                 2          2             988    20   0    0   04              
83-91-44-864788-001-01 121  4788 2850000 92  4788 2850000 92020    3 1   1 22                          2                 2          2             798    42   0    0   05              
74-79-96-154789-001-01 111   324   90000162   324   90000 72020    1 1 2 1 22                          2                 2          2             288     0   0   36   05              
74-79-96-154789-001-01 361   160   40000162   160   40000102020    1 1 2 1 22                          2                 2          2              80    20   0   40   02              
74-79-96-154789-001-01 432                                                                                               2          2             110    10   0   20   02              
29-77-71-614800-001-01 112                                                                                               1   63041112            1073    25   0    0   04              
29-77-71-614800-001-01 121   900  440000 91   900  440000 82020    142   1422                          2                 2          2             840    60   0    0   04              
29-77-71-614800-001-01 312                                                                                               2          2              12     0   0    0   04              
29-77-71-614800-001-01 432                                                                                               1    1082 113 1   1000   130     8   0    0   04              
35-86-44-704800-001-02 112                                                                                               1   10842 12             540     0   0    0   04              
35-86-44-704800-001-02 121   756  294000 51   756  294000122020    1 1 2 1 22                          2                 1   10842 12             216     0   0    0   04              
35-86-44-704800-001-02 221   600  150000 51   600  150000102020    1 1   1  2                          2                 1   14042 12             220     0   0    0   04              
04-03-40-974800-001-10 112                                                                                               1    9041112             352    10   0    0   05              
04-03-40-974800-001-10 122                                                                                               2          2             195    15   0    0   05              
04-03-40-974800-001-10 432                                                                                               2          13 1   2000    17     0   0    0   02              
66-94-03-174800-001-19 112                                                                                               1   16041212             560     0   0    0   04              
66-94-03-174800-001-19 121  1320  630000 94  1320  630000 82020    1 1 2 1 22                          2                 2          2             700    40 100    0   02              
66-94-03-174800-001-19 222                                                                                               1    5042 12              70     0   0    0   02              
66-94-03-174800-001-19 312                                                                                               2          2              20     0   0    0   04              
87-21-08-094801-001-01 112                                                                                               2          2              60     0   0    0   02              
87-21-08-094801-001-01 311     2    4000 21     2    4000 92020    1 1   1  2                          2                 2          2               6     0   0    0   02              
87-21-08-094801-001-01 432                                                                                               2          12 1   2000    20     8   0   12   02              
84-03-14-864802-001-01 112                                                                                               2          2              40     0   0    0   02              
08-11-25-784803-001-02 112                                                                                               2          2             180     0   0    0   02              
08-11-25-784803-001-02 222                                                                                               2          2             240     0   0    0   02              
73-49-56-134804-001-01 112                                                                                               1   97212 12             702    36   0   18   04              
73-49-56-134804-001-01 121    32   14000 52    32   14000 62020    1 1   1  2                          1    3   11      01   38412 12            1040    32  48    0   04              
73-49-56-134804-001-01 362                                                                                               1   12012 12             360     0   0    0   02              
73-49-56-134804-001-01 432                                                                                               2          2             330    10   0    0   03              
24-67-34-654805-001-01 112                                                                                               1   43211112            1428    72   0   36   04              
24-67-34-654805-001-01 121 12000 4800000 93 12000 4800000 72020   10 1 2 1 22                          2                 1  180042 12            1350   300   0    0   04              
24-67-34-654805-001-01 221   480  180000 92   480  180000 92020    3 1   1 22                          2                 1   16041112             640     0   0    0   04              
24-67-34-654805-001-01 312                                                                                               2          2              20     0   0    0   04              
24-67-34-654805-001-01 432                                                                                               1    8042 12             400   160   0    0   04              
87-26-62-634805-001-05 112                                                                                               1    4041112             440     0   0    0   02              
78-46-80-074806-001-01 111   240   72000 91   240   72000 62020    1 1 2 1 22                          2                 2          2            1480     0   0    0   02              
78-46-80-074806-001-01 121  1200  540000 92  1200  540000 72020    1 1 2 1 22                          2                 2          2            1000     0   0    0   02              
78-46-80-074806-001-01 312                                                                                               2          2              80    40   0   20   02              
78-46-80-074806-001-01 432                                                                                               2          2              40     0   0    0   02              
60-52-94-104807-001-01 112                                                                                               1   40041112             480    20   0    0   02              
60-52-94-104807-001-01 311    60  120000 41    60  120000 62020    1 1   1  2                          1    1   12      01     942 12              21    10   0    0   02              
31-26-29-144807-001-05 112                                                                                               2          2             300     0   0    0   02              
31-26-29-144807-001-05 311    40   80000162    40   40000 42020    1 1   1  2                          1    1   12      02          2              30    10   0    0   02              
31-26-29-144807-001-05 431    40   36000103    40   36000 42020    1 1   1  2                          1   20   12      02          2               0     0   0    0   02              
84-78-41-064820-001-01 112                                                                                               2          2             300     0   0    0   02              
84-78-41-064820-001-01 432                                                                                               2          2              73     9   0    0   01              
37-89-07-714821-001-01 112                                                                                               2          2             216     0   0    0   04              
83-88-14-904821-001-07 111   108   35000 92   108   35000 92020    1 1   1 22                          1    4   12      01   10812 12             108     0   0    0   05              
83-88-14-904821-001-07 121   192  120000 41   192  120000 92020    2 1 2 1 22                          1    4   22      01   48022 12             288     0   0    0   05              
29-50-42-334822-001-01 112                                                                                               1  100042 12             400    40   0    0   02              
29-50-42-334822-001-01 121  6750 3780000 95  6750 3780000 72020    1 1 2 1 22                          2                 1  187542 12             375   225   0    0   02              
29-50-42-334822-001-01 242                                                                                               1   80042 12              80    40   0    0   02              
29-50-42-334822-001-01 432                                                                                               1   35042 12             550   150   0    0   02              
85-73-80-994822-001-06 111   300  216000161   300  216000102020    2 1 2 1 22                          2                 1   20042 12             100     0   0    0   02              
85-73-80-994822-001-06 432                                                                                               2          2              50     8   0    0   02              
39-17-25-574823-001-01 112                                                                                               2          2             216     0   0    0   02              
01-34-80-684824-001-01 112                                                                                               1   12052 12             360     0   0    0   02              
58-67-39-474825-001-01 112                                                                                               1   20041312             510    10   0   80   06              
58-67-39-474825-001-01 121   261  105000 91   261  105000 82020    1 6   6  2                          2                 1   15042 12             465    24   0    0   02              
58-67-39-474825-001-01 412                                                                                               1    1242 32              84    12   0    0   02              
58-67-39-474825-001-01 432                                                                                               2          2              92     8   0    0   02              
91-09-61-374826-001-02 111   360  144000 91   360  144000102020    3 2   2  2                          1    1   32      01   60041112             900    60   0    0   04              
91-09-61-374826-001-02 121  1200  420000 91  1200  420000 72020    4 2   2  2                          1    1   42      01  240042 12            1200     0   0    0   02              
91-09-61-374826-001-02 511   100  240000 61   100  240000 62020    1 2   2  2                          1    0   12      02          2               0     0   0    0   02              
51-20-55-514826-001-11 111   280   70000 51   280   70000 82020    1 1 4 1 42                          1    1   12      01   70041112            1080    40   0    0   04              
51-20-55-514826-001-11 121   360   84000 51   360   84000 82020    1 1 4 1 42                          1    1   12      01   24042 12             555    45   0    0   04              
51-20-55-514826-001-11 222                                                                                               1   40042 12             560     0   0    0   04              
51-20-55-514826-001-11 431   200   96000 51   200   96000 62020    2 1 4 1 42                          1    1   22      01   30042 12             200     0   0    0   04              
98-17-39-894829-001-01 112                                                                                               1   30041112             864    24   0    0   04              
98-17-39-894829-001-01 121   720  300000 93   720  300000 82020    2 1 2 1 22                          2                 1   10442 12             576    44   0    0   02              
98-17-39-894829-001-01 222                                                                                               1   16272 12             486     0   0    0   04              
98-17-39-894829-001-01 432                                                                                               1    8442 12             126    42   0    0   02              
98-17-39-894829-001-01 501    35   28350 61    35   28350 72020    1 1 2 1 22                          1    2   12      02          12 5  40500     0     0   0    0   02              
17-85-72-984838-001-01 111   120   30000 91   120   30000 72020    1 1   1  2                          2                 1   120411112 3  72000   600     0   0    0   02              
17-85-72-984838-001-01 431   350  455000 92   350  455000 72020    1 1   1  2                          2                 2          2              30    20   0    8   02              
17-85-72-984838-001-01 922                                                                                               2          2              60     0   0    0   02              
33-87-11-244839-001-01 111   300  119000161   300  119000 92020    3 1   1  2                          2                 2          2             176    10   0  162   08              
33-87-11-244839-001-01 431   118   60000161   118   60000 72020    2 1   1  2                          2                 2          2              30    20   0   72   03              
17-43-17-874841-001-01 112                                                                                               2          2             500     0   0    0   02              
92-94-33-394841-001-03 112                                                                                               1    8031312             400     0   0  360   02              
92-94-33-394841-001-03 431   240  300000 92   236  295000 72020    1 1 2 1 22                          2                 2          2               4     0   0    0   02              
76-69-80-584842-001-01 112                                                                                               1   91241112             540    36   0   36   03              
76-69-80-584842-001-01 362                                                                                               1   16042 12              80     0   0    0   02              
76-69-80-584842-001-01 412                                                                                               1   10842 22              36    36   0   36   03              
76-69-80-584842-001-01 431    80  144000 93    80  144000 62020    1 1   1  2                          2                 2          2              25    20   0    0   03              
15-67-33-214843-001-01 111   400  144000 91   400  144000 92020    1 1 2 1 22                          2                 1   20541112             600     0   0    0   02              
15-67-33-214843-001-01 121   200  120000 91   200  120000 82020    1 1 2 1 22                          2                 1    8042 12             320     0   0    0   02              
15-67-33-214843-001-01 431   450  270000 91   450  270000 62020    1 1 2 1 22                          2                 2          2               0     0   0    0   02              
15-67-33-214843-001-01 511  1260 2000000 64  1260 2000000 52020    1 1 2 1 22                          2                 2          2               0     0   0    0   01              
35-77-92-814844-001-02 112                                                                                               2          2            1816    20   0    0   03              
35-77-92-814844-001-02 431   300  150000 21   300  150000 52020    1 2 3 2  2                          1    8   15  100002          2              10    60   0    0   03              
01-60-16-754845-001-01 112                                                                                               1   43242 12            1512     0   0    0   02              
01-60-16-754845-001-01 431   702  561600 33   702  561600 82020    2 1   1  2                          2                 1   10842 12              54     0   0    0   03              
01-60-16-754845-001-01 511  1100 2860000112  1100 2860000 52020    1 1   1  2                          2                 2          2               0     0   0    0   03              
36-89-46-824858-001-01 112                                                                                               2          2              40     0   0    0   02              
36-89-46-824858-001-01 122                                                                                               2          2             400     0   0    0   02              
93-91-00-814859-001-01 112                                                                                               2          2              60     0   0    0   03              
11-13-37-424860-001-01 112                                                                                               2          2              60     0   0    0   02              
84-10-16-274861-001-01 112                                                                                               2          13 1   4000   101     0   0    0   02              
84-10-16-274861-001-01 121   420  180000 92   420  180000 92019    1 1   1  2                          2                 1   10542 12             192    18   0    0   05              
84-10-16-274861-001-019981   245  285000163   245  285000122019    2 1   1  2                          2                 2          2               5     0   0    0   03              
92-40-07-944862-001-01 111   108   50000 41   108   50000 32020    1 4   1 42                          1    3   16   20002          2              78     0   0   18   02              
92-40-07-944862-001-01 121   192   96000 91   192   96000102020    6 1 4 1 42                          2                 1   12042 12             384    32   0   40   02              
92-40-07-944862-001-01 312                                                                                               2          2              20     0   0    0   02              
65-63-93-474863-001-01 112                                                                                               2          2              55     5   0    0   05              
37-83-99-234864-001-01 112                                                                                               2          2              10     0   0    0   02              
37-83-99-234864-001-01 122                                                                                               2          2             153     0   0    0   02              
80-07-40-894864-001-04 121   450  175000 91   450  175000 82020    2 1   1 52                          1    2   26   25002          2             135     0   0   45   03              
63-09-12-734864-001-05 432                                                                                               1    1542 12              45     0   0   20   03              
61-20-48-064877-001-01 111  1000  400000 41  1000  400000 72020    1 1   1  2                          1    8  102      01   20012 12             800     0   0    0   02              
61-20-48-064877-001-01 331   100  150000 91   100  150000 42020    1 1 2 1 22                          2                 2          2             200     0   0    0   02              
02-39-87-314878-001-01 111    60   21000 21    60   21000 72020    1 1   1  2                          2                 2          2            1020     0   0    0   02              
02-39-87-314878-001-01 121  1500  600000 94  1500  600000 92020    1 1   1 22                          2                 2          2             300     0   0    0   02              
80-02-63-904879-001-01 221  1000  150000 91  1000   15000 52020    3 1   1  2                          1    6   32      02          2             500     0   0    0   02              
78-15-30-224880-001-01 112                                                                                               2          2             420     0   0    0   02              
78-15-30-224880-001-01 431   240  240000 91   240  240000 52020    2 1   1  2                          2                 2          2               0     0   0    0   02              
87-00-29-744880-001-03 122                                                                                               1    4041112              40     0   0   60   02              
15-09-89-024881-001-01 112                                                                                               2          2             240     0   0    0   04              
20-18-08-464882-001-01 112                                                                                               1   12042 12             240     0   0    0   02              
20-18-08-464882-001-01 312                                                                                               2          2              20    15   0    0   02              
58-98-10-284883-001-01 112                                                                                               2          2             315     9   0    0   02              
58-98-10-284883-001-01 121   504  210000 93   504  210000 72020    1 1   1  2                          2                 1   27642 12             288    12   0    0   02              
58-98-10-284883-001-01 312                                                                                               2          2              15     5   0    0   02              
58-98-10-284883-001-01 322                                                                                               2          2              15     5   0    0   02              
58-98-10-284883-001-01 332                                                                                               2          2              44    10   0    0   02              
58-98-10-284883-001-01 432                                                                                               2          2              70    10   0    0   02              
74-65-01-514883-001-04 111   480  120000 21   480  120000 82020    1 1 2 1 22                          2                 1   60041112            1260    30   0    0   04              
74-65-01-514883-001-04 121  2400  600000 93  2400  600000 82020    1 1 2 1 22                          2                 2          2            1680   120   0    0   04              
83-48-46-444895-001-03 112                                                                                               2          2             120     0   0   40   04              
83-48-46-444895-001-03 232                                                                                               2          2              60     0   0   60   02              
83-48-46-444895-001-03 312                                                                                               2          2              12     0   0    0   02              
06-47-27-704896-001-01 112                                                                                               2          2             950     0   0   50   04              
06-47-27-704896-001-01 311   100  100000 43   100  100000 62020    1 1 2 1  2                          1    2   16  100002          2              90     0   0    0   04              
06-47-27-704896-001-01 931    80   40000 52    80   40000 72020    1 1 2 1 22                          1    5   16   40002          2               0     0   0    0   01              
55-37-33-834897-001-01 112                                                                                               1    1671312              74     0   0    0   05              
55-37-33-834897-001-01 312                                                                                               2          2              18     0   0    0   05              
55-37-33-834897-001-01 861  3190  112000 95  3190  112000102020    1 1   1  2                          2                 2          2              15     0   0    5   03              
87-09-78-694898-001-01 112                                                                                               1  108041112              90     0   0    0   02              
11-30-27-894899-001-01 112                                                                                               2          2             864     0   0    0   06              
44-11-06-044901-001-01 112                                                                                               2          2             300     0   0    0   04              
84-99-81-334916-001-01 222                                                                                               2          2             600     0   0  360   02              
50-74-04-804919-001-02 261   150  100000 93   150  100000 82020    1 1   1  2                          2                 2          2              15     0   0    0   03              
50-74-04-804919-001-02 311   240  270000 95   240  270000 72020    1 1   1  2                          2                 1   20051112            1900     0   0   60   04              
31-32-27-894934-001-02 111   108   40000161   108   40000102020    1 2 3 2 32                          2                 2          2             378     0   0    0   02              
18-03-94-104935-001-01 111    54   21000 91    54   21000 92020    1 1   1  2                          2                 2          2              46     8   0    0   02              
18-03-94-104935-001-01 221   100   75000 91   100   75000 92020    2 1   1  2                          2                 2          2              50     0   0   50   02              
63-74-76-284936-001-01 111    54   21000 31    54   21000 82020    1 1   1  2                          2                 1    3672 212 4  40000   282     6   0   36   02              
20-59-92-394938-001-01 112                                                                                               2          13 5   1875   216     0   0  108   02              
16-74-03-084938-001-05 112                                                                                               2          2             360     0   0    0   02              
63-25-21-504939-001-01 112                                                                                               2          2              20     0   0    0   02              
03-44-97-894940-001-01 111   700  252000 92   300  108000 82020    1 1 2 1  1 92  400 192000 920201121 2                 2          2            2228    72   0  100   02              
27-50-87-344971-001-01 112                                                                                               2          2             580    20   0    0   08              
39-26-01-864972-001-01 112                                                                                               2          2              72     0   0    0   02              
30-25-28-774973-001-02 111  1000  300000 91  1000  300000 92020    1 910 9102                          2                 2          2            2370    30   0  100   02              
30-25-28-774973-001-02 322                                                                                               2          2             145    10   0    0   02              
30-25-28-774973-001-02 341    20   20000 91    20   20000 92020    1 910 9102                          2                 2          2              75     5   0    0   02              
13-71-79-354975-001-01 111   200   60000 91   200   60000102021    1 1   1  2                          2                 2          2             200     0   0  100   01              
69-14-01-644978-001-01 112                                                                                               2          2             150     0   0   50   03              
69-14-01-644978-001-01 321    18   36000 41    18   36000122020    1 1 2 1 22                          2                 2          2              18     0   0    0   02              
77-11-61-744978-001-03 112                                                                                               2          2             140    40   0   80   03              
84-34-29-434990-001-02 111  1340  402000 95  1340  402000122020    2 2   2  2                          2                 2          2             210    40   0   70  202              
56-79-04-464991-001-01 111   826  350000 91   826  350000112020    2 1 2 1 22                          2                 2          2             216     0   0    0   05              
85-74-34-934992-001-01 111  4320 2180000 52  4320 2180000102020    3 1 2 1 22                          1    8   36 2100001  129642 12             432     0   0  216   04              
59-59-77-064993-001-01 111  1200  300000 91  1200  300000102020    1 1 2 1 22                          1    4   16  150002          2            1140    60   0    0   05              
29-14-89-654994-001-01 111   400  100000 95   400  100000 82020    1 1   1  2                          2                 2          14 4  37500  1214     0   0   36   02              
22-03-21-614995-001-01 112                                                                                               2          2             200     0   0    0   02              
82-93-80-804996-001-01 111  1638  546000 91  1638  546000 92020    6 4 7 4 72                          2                 1    4042 12             132    20   0   60   02              
69-02-98-204997-001-01 112                                                                                               2          15 9 400000 22000   200   0  400   02              
91-35-17-355009-001-01 112                                                                                               1   10041212               0     0   0    0   04              
88-31-04-505009-001-03 112                                                                                               1   20042 12              20     0   0    0   04              
88-31-04-505009-001-03 312                                                                                               1   10042 12               0     0   0    0   04              
59-98-24-365011-001-01 112                                                                                               2          2             172    10   0   18   04              
59-98-24-365011-001-01 311    18   30000 93    18   30000 72020    1 1   1  2                          1  105   15   10002          2              22    10   0    4   04              
59-98-24-365011-001-011011    17   15000 93    17   15000 82020    1 1   1  2                          1  105   15   10002          2              50     1   0    0   02              
10-20-55-115012-001-01 112                                                                                               2          2             360     0   0  360   04              
66-02-80-915013-001-01 112                                                                                               2          2             600     0   0  120   04              
66-02-80-915013-001-01 311   120  110000 92   120  110000 82020    3 1 2 1 22                          2                 2          2              20     0   0    0   04              
87-78-39-465014-001-01 111   216   84000 52   216   84000 92020    1 1   1  2                          1   12   23      02          2             324     0   0    0   04              
87-78-39-465014-001-01 311   400  600000 91   400  600000 72020    1 1   1  2                          2                 2          2              40    40   0    0   02              
94-34-19-215015-001-01 112                                                                                               2          2             120     0   0   20   04              
94-34-19-215015-001-01 311   120  280000162   120  280000 82020    1 1   1  2                          2                 2          2              20    20   0    0   02              
94-34-19-215015-001-011011    60   75000162    60   75000 82020    1 1   1  2                          1   17   14   15002          2               0     0   0    0   02              
18-94-40-075016-001-01 112                                                                                               2          2             324     0   0    0   04              
18-94-40-075016-001-01 312                                                                                               2          2              30    20   0   10   02              
53-32-10-735050-001-01 412                                                                                               2          2              60     0   0   30   02              
12-54-70-115051-001-05 112                                                                                               1   40012 12             200   100   0    0   04              
85-92-56-865066-001-01 112                                                                                               2          2             216     0   0  108   04              
29-03-15-915067-001-01 112                                                                                               1  170041112             100     0   0    0   02              
44-59-43-785068-001-01 112                                                                                               1   89642 12             400     0 216  648   04              
72-69-78-165069-001-01 112                                                                                               2          2            1190    10   0    0   04              
72-69-78-165069-001-01 132                                                                                               1   48041112               0     0   0    0   04              
14-01-19-875071-001-01 111  4080 1700000 94  4080 1700000122020    2 1 2 1 22                          2                 1  120082 12             480     0   0  240   04              
14-01-19-875071-001-01 311  1680 2100000 94  1680 2100000 82020    1 1 2 1 22                          2                 2          2              40   200   0    0   04              
14-01-19-875071-001-01 341   120  200000 92   120  200000 82020    1 1 2 1 22                          2                 2          2              60     0   0    0   02              
14-01-19-875071-001-011011   120  300000 94   120  300000112020    1 1 2 1 22                          2                 2          2               0     0   0    0   04              
14-19-72-275072-001-01 111   960  560000 92   960  560000102020    1 1 2 1 22                          1   28   24  400001  120082 12             840     0   0  600   04              
14-19-72-275072-001-01 311   120  120000 92   120  120000 82020    1 1 2 1 22                          2                 2          2             240     0   0    0   02              
83-01-69-835085-001-01 112                                                                                               2          2              10     0   0    0   02              
83-01-69-835085-001-01 311    20   35000 52    20   35000 82020    1 1   1  2                          1    6   14    5002          2              12     4   0    4   02              
25-85-02-565087-001-01 112                                                                                               2          2              36     0   0    0   04              
25-85-02-565087-001-01 312                                                                                               2          2              36     0   0    0   04              
56-66-54-795090-001-01 112                                                                                               2          2             120    20   0  100   05              
83-51-28-255092-001-01 112                                                                                               2          2              20     0   0    0   04              
83-51-28-255092-001-01 312                                                                                               2          2              20     0   0    0   02              
13-54-48-285127-001-01 122                                                                                               1  424021122              80   240   0   80   02              
84-26-77-425202-001-01 421    12   36000 92    12   36000 62020    1 1 2 1 22                          1   11   16   30002          2               0     0   0    0   02              
86-02-89-525278-001-01 112                                                                                               2          12 1   1000    30     0   0    0   02              
43-47-25-485313-001-01 112                                                                                               2          2              27     0   0    0   02              
71-29-17-945397-001-01 112                                                                                               2          2              10     0   0    0   04              
05-64-34-945433-001-01 221   800  460000 43   800  460000 52020    2 1   1  2                          1   15   34  200002          2             240     0   0  160   02              
47-48-66-405476-001-01 112                                                                                               1    2042 12              30     0   0   20   02              
47-48-66-405476-001-01 322                                                                                               2          2              25     0   0   10   02              
47-48-66-405476-001-019982                                                                                               2          2              15     0   0    0   02              
22-58-79-145529-001-01 112                                                                                               2          2             108     0   0  192   02              
84-98-35-825544-001-02 112                                                                                               2          2             100     0   0    0   02              
81-69-84-395547-001-019981  2600  520000 44  2600  520000 82020    3 1   1  2                          2                 2          12 1  40000   100     0   0    0   01              
95-18-99-895581-001-01 112                                                                                               2          2              39     1   0   10   02              
95-18-99-895581-001-01 322                                                                                               2          2              20     1   0    5   02              
95-18-99-895581-001-01 342                                                                                               2          2              20     1   0    5   02              
86-58-89-005581-001-02 112                                                                                               2          2              75     0   0    0   02              
86-58-89-005581-001-02 322                                                                                               2          2              34     0   0    6   02              
86-58-49-115582-001-08 112                                                                                               1  294041122               0     0   0    0   02              
86-58-49-115582-001-089982                                                                                               2          2               0    21   0    0   02              
40-01-55-035584-001-01 111   240  100000 21   240  100000 32021    1 1 5 1  2                          2                 2          11 3 150000   600     0   0    0   02              
38-68-59-135602-001-02 421   350  700000 94   350  700000 52021    1 1 2 1 22                          2                 2          2               0     0   0    0   02              
56-98-08-805659-001-01 121  1500 2250000 92  1500 2250000 72021    3 1   1  2                          1  250   34 1500001 8254032 22             240   150   0   70   02              
99-90-90-775664-001-04 111  1440  240000 91  1440  240000 72020    2 1 2 1 22                          2                 2          2            1320     0   0  240   02              
99-90-90-775664-001-04 432                                                                                               2          2             100    12   0   75   02              
82-25-26-415693-001-01 122                                                                                               1    1052 12             127    10   0    0   02              
82-25-26-415693-001-019981    10   10000 21    10   10000 62020    5 1 2 1 22                          2                 2          2              40     0   0    0   02              
94-78-24-505695-001-01 111   100   50000 21   100   50000 82020    3 1 2 1 22                          2                 2          2             100     0   0    0   05              
94-78-24-505695-001-011001   642  214000161   642  214000 62020    6 1   1  2                          2                 2          12 4 144000     6     0   0    0   08              
53-17-72-605696-001-01 322                                                                                               2          2              12     0   0    0   02              
53-17-72-605696-001-019981   180  200000 91   180  200000 52020    5 1   1  2                          2                 2          2              20     0   0    0   02              
37-78-83-385697-001-01 221    75   30000 21    50   30000 82020    4 1   1  2                          2                 2          2              25     0   0    0   02              
17-53-58-105699-001-02 432                                                                                               2          2              37    13   0    0   02              
17-53-58-105699-001-029981   150  150000 21     0       0 62020   10 2   2  2                          2                 2          2              50     0   0    0   02              
17-95-04-885700-001-02 122                                                                                               1    1042 32              20    10   0    0   02              
67-56-06-175719-001-01 112                                                                                               2          2             216     0   0    0   02              
96-24-36-025739-001-01 111  1300  910000 93  1300  910000 72021    1 1   1  2                          1    3   25  300001  280041122             100     0   0  600   02              
96-24-36-025739-001-01 122                                                                                               1  105041122              75    75   0    0   02              
96-24-36-025739-001-01 322                                                                                               2          2              40     0   0   15   02              
33-71-00-285769-001-01 431  4500 2700000 44  4500 2700000102020    1 1 2 1 22                          1  100   14 2500002          2             300   500   0    0   04              
92-79-67-435770-001-01 131   108   30000161   108   30000 72020    1 1   1  2                          2                 2          2             242    10   0    0   02              
94-45-36-565770-001-02 131    90   30000163    90   30000 82020    1 1 2 1 22                          2                 2          2              80    10   0    0   05              
94-45-36-565770-001-02 411   128   24000163   128   24000 72020    1 1 2 1 22                          2                 2          2              74     6   0    0   05              
53-27-69-225771-001-02 112                                                                                               2          2              50     6   0    0   05              
53-27-69-225771-001-02 132                                                                                               2          2             160     5   0   49   05              
53-27-69-225771-001-02 412                                                                                               2          2              38     4   0    0   05              
53-27-69-225771-001-02 431    84   35000 91    84   35000 52020    3 2   2  2                          2                 2          2              60    24   0    0   05              
07-56-66-105771-001-03 112                                                                                               2          2             120     6   0    0   05              
07-56-66-105771-001-03 131   504  168000 11   504  168000 72020    1 1   1  2                          2                 2          2              62    10   0    0   05              
07-56-66-105771-001-03 411   156   78000 52   156   78000 72020    1 1   1  2                          1   88   14   50002          2              83     1   0    0   05              
07-56-66-105771-001-03 431   400  280000 11   300  210000 72020    1 1   1  1 21   10  70000 7202031 1 2                 2          2              80    20   0    0   05              
79-00-92-685772-001-01 112                                                                                               2          2             360     0   0    0   05              
79-00-92-685772-001-01 131   324   24000161   324   24000102020    1 1   1  2                          2                 2          2             216     0   0  120   05              
79-00-92-685772-001-01 432                                                                                               2          2              27     0   0    0   05              
47-78-47-795772-001-02 411   800     350112   800     350 72020    1 1   1  2                          2                 2          2               0    40   0    0   02              
47-78-47-795772-001-02 431   400  240000 92   400  240000 72020    1 1 2 1 22                          2                 2          2             250    40   0   60   02              
68-92-99-575772-001-04 111    90   30000 21    90   30000 72020    1 1   1  2                          2                 2          2             144    18   0    0   05              
68-92-99-575772-001-04 131   360   60000163   360   60000 72020    1 1   1  2                          2                 2          2             756    36   0   18   05              
02-53-46-615773-001-01 132                                                                                               2          2             120     0   0    0   02              
05-37-40-065774-001-01 132                                                                                               1    9012 12             110     0   0    0   05              
05-37-40-065774-001-01 431    75   35000 21    75   35000 92020    2 1   1  2                          2                 1    5042 12              25     0   0    0   05              
18-79-73-945775-001-01 132                                                                                               2          2             144    18   0   90   05              
18-79-73-945775-001-01 411    30   10000 21    30   10000 82020    1 2   2  2                          2                 2          2              65    10   0    0   05              
18-79-73-945775-001-01 431   150   50000 91   150   50000 72020    2 2   2  2                          2                 2          2             150    75   0   75   05              
84-53-36-535775-001-03 131   900  305000 92   800  280000 92020    1 1 2 1 21 91  100  25000 72020112122                 2          2             300    40   0   60   02              
84-53-36-535775-001-03 411   180   90000 91   180   90000 82020    1 1 2 1 22                          2                 2          2              50    10   0    0   02              
84-53-36-535775-001-03 431   200  120000 91   200  120000 72020    1 1 2 1 22                          2                 2          2              40    20   0   20   02              
37-14-46-625776-001-03 132                                                                                               2          2             160     0   0    0   04              
28-56-69-975788-001-01 112                                                                                               2          2             500    36   0   88   05              
28-56-69-975788-001-01 132                                                                                               2          2             105     5   0    0   02              
28-56-69-975788-001-01 432                                                                                               2          2             115    10   0   15   02              
23-80-10-385789-001-01 112                                                                                               2          2             216    18   0    0   05              
23-80-10-385789-001-01 132                                                                                               2          2              36     0   0    0   05              
23-80-10-385789-001-01 411    72   35000161    72      35 82020    1 1 2 1 22                          2                 2          2              84    24   0   36   05              
23-80-10-385789-001-01 431    60   70000161    60   70000 82020    1 1 2 1 22                          2                 2          2              10    20   0    0   05              
35-74-54-215790-001-01 112                                                                                               2          2             846    18   0   18   05              
35-74-54-215790-001-01 411   168   70000163   168   70000 82020    1 1 2 1 22                          2                 2          2              60    12   0   12   05              
35-74-54-215790-001-01 421   120  150000163   120  150000 62020    1 1 2 1 22                          2                 2          2              10    10   0    0   05              
35-74-54-215790-001-01 431    98   42000162    98   42000 72020    1 1 2 1 22                          2                 2          2              77     7   0   14   03              
22-28-98-695792-001-01 411   240  120000161   240  120000 72020    1 1   1  2                          2                 2          2              60     0   0    0   04              
67-04-67-565793-001-02 112                                                                                               2          2              18     0   0    0   05              
67-04-67-565793-001-02 411    72   30000162    72   30000 72020    1 2   2  2                          2                 2          2              60     0   0   12   05              
67-04-67-565793-001-02 432                                                                                               2          2              27     0   0    0   05              
68-80-66-675794-001-01 112                                                                                               2          2             100    10   0   10   02              
68-80-66-675794-001-01 321    40   40000 91    40   40000 52020    1 1 2 1 22                          2                 2          2              20     0   0    0   02              
68-80-66-675794-001-01 362                                                                                               2          2              20     0   0    0   02              
68-80-66-675794-001-01 411   216  109000 91   216  109000 72020    1 1 2 1 22                          2                 2          2              20    16   0    0   02              
83-43-16-345795-001-01 112                                                                                               2          2             180    80   0   64   03              
61-37-81-585809-001-01 111   120   60000162   120   60000102020    1 1   1  2                          2                 2          2             240     0   0  360   04              
61-37-81-585809-001-01 312                                                                                               2          2              40    20   0   20   02              
61-37-81-585809-001-01 432                                                                                               2          2              40    20   0    0   02              
24-24-46-685813-001-01 112                                                                                               2          2              42     0   0    0   02              
63-25-00-935826-001-01 111   162   40000161   162   40000102020    1 1 2 1 22                          2                 2          2             324     0   0   54   05              
63-25-00-935826-001-01 121   384  168000162   384  168000 92020    1 1 2 1 22                          2                 2          2             384     0   0   96   05              
63-25-00-935826-001-01 432                                                                                               2          2              90     0   0    0   05              
37-34-49-635826-001-03 121  2250 1500000 93  2250 1500000 72020    5 1 2 1 22                          2                 1   90022 12             900   150   0  300   05              
08-26-71-405827-001-01 121   840  500000161   840  500000 82020    1 1   1  2                          2                 2          2            1590    42   0   28   05              
08-26-71-405827-001-01 132                                                                                               2          2             174     2   0    0   05              
08-26-71-405827-001-01 432                                                                                               2          2               8     0   0    0   05              
92-97-95-535827-001-04 112                                                                                               2          2              80     0   0    0   02              
92-97-95-535827-001-04 132                                                                                               2          2             120     0   0    0   02              
48-13-95-645828-001-01 121   750  450000161   750  450000 72020    2 1 2 1 22                          2                 2          2             410    40   0    0   02              
48-13-95-645828-001-01 132                                                                                               2          2             280    20   0    0   02              
21-65-22-885829-001-01 112                                                                                               2          12 1   7000   220     0   0    0   04              
21-65-22-885829-001-01 121   900  450000 91   900  450000 92020    1 1   1 22                          2                 2          2              60    40   0    0   02              
21-65-22-885829-001-01 132                                                                                               2          2             600    20   0  100   04              
21-65-22-885829-001-01 362                                                                                               2          2              30    10   0   20   02              
21-65-22-885829-001-01 431   100  120000 91   100  120000 52020    1 1 2 1 22                          2                 2          2              40    30   0   10   02              
94-76-69-885829-001-03 121  1300  650000 93  1000  500000 82020    1 1 2 1 21 92  300 150000102020112122                 2          2             300    40   0   60   02              
72-88-82-085829-001-04 121  1344  800000162   840  500000102020    2 1   1  1162  504 300000 1202111 1 2                 2          2            2128    42   0   98   05              
72-88-82-085829-001-04 132                                                                                               2          2              72     0   0   18   05              
74-91-94-845830-001-01 121   450  300000 94   450  300000 82020    3 1   1  2                          2                 1   37542 12             375   150   0    0   04              
74-91-94-845830-001-01 132                                                                                               2          2             250     0   0    0   04              
74-91-94-845830-001-01 432                                                                                               2          2             100    50   0    0   04              
20-78-60-485831-001-01 121   750  400000163   750  400000 92020    1 2   2  2                          1    8   26   90002          2             750    75   0    0   04              
30-83-13-845832-001-01 112                                                                                               2          2             324     0   0    0   04              
30-83-13-845832-001-01 121 10560 5500000163 10560 5500000 92020   15 1 2 1 22                          2                 1  144022 12            1536     0 384  480   04              
30-83-13-845832-001-01 131   360  180000163   360  180000 72020    1 1 2 1 22                          2                 2          2             480     0   0  240   04              
30-83-13-845832-001-01 432                                                                                               2          2              30     0   0    0   04              
52-82-77-115832-001-03 121  1132  720000 91   576  300000 72020    2 1 2 1 21161  556 420000 82020112122                 2          2             480    20   0  288   05              
32-42-68-555833-001-01 112                                                                                               2          2              72     0   0    0   05              
32-42-68-555833-001-01 121   320  135800 91   320  135800 82020    1 1   1  2                          2                 2          2              64    16   0    0   08              
32-42-68-555833-001-01 132                                                                                               2          2              40     5   0    0   05              
32-42-68-555833-001-01 322                                                                                               2          2              15     0   0    0   05              
32-42-68-555833-001-01 432                                                                                               2          2              72    12   0    0   05              
58-84-38-085845-001-01 121   250  250000 92   250  250000 72020    2 1 2 1 22                          2                 1    5012 12             450     0   0    0   05              
11-39-67-375846-001-01 112                                                                                               2          2             360     0   0    0   02              
00-04-51-535847-001-03 111   240   80000 91   240   80000 62020    1 1   1  2                          2                 2          2             240     0   0    0   02              
19-13-10-225848-001-04 122                                                                                               1    8012 12             240     0   0    0   05              
44-93-96-145851-001-01 112                                                                                               2          2             400     0   0    0   02              
44-93-96-145851-001-01 252                                                                                               2          2              70     0   0    0   01              
44-93-96-145851-001-01 312                                                                                               2          2              10     0   0    0   02              
70-86-81-135851-001-03 311   250  252000 41   250  252000 82020    1 1 2 1 22                          1   25   16  150002          2             150     0   0    0   02              
91-80-40-095851-001-04 111   500  150000 21   500  150000 92020    1 1   1  2                          2                 1   20042 12             100     0   0    0   02              
52-17-86-975851-001-09 121   150  160000 41   150  160000 62020    1 1   1  2                          2                 2          2              75     0   0    0   02              
03-67-88-375852-001-01 111    60   18000 21    60   18000 72020    1 1   1  2                          2                 2          2              90     0   0    0   02              
77-63-66-905869-001-01 112                                                                                               2          2              80     0   0    0   02              
28-63-80-025870-001-01 871   900  450000 91   900  450000 72020    1 1   1  2                          2                 2          2               0     0   0    0   02              
20-23-28-815871-001-02 112                                                                                               2          2              60     0   0    0   02              
20-76-31-705883-001-01 111   320   60000 41   320   60000 42020    1 1   1  2                          2                 1   32052 12             320     0   0    0   02              
20-76-31-705883-001-01 121   350  250000 91   350  250000 82020    2 1   1  2                          1    4   16   90001   14042 12             210     0   0    0   02              
20-76-31-705883-001-01 312                                                                                               2          2              40     0   0    0   02              
20-76-31-705883-001-01 372                                                                                               2          2              20     0   0    0   02              
36-17-87-865884-001-01 112                                                                                               2          2             180     0   0    0   02              
36-17-87-865884-001-01 222                                                                                               2          2             240     0   0    0   02              
78-86-78-615886-001-01 121   840  500000 92   840  500000 72020    2 1   1  2                          2                 2          2             420     0   0    0   02              
78-86-78-615886-001-01 351    60   48000 91    60   48000 82020    1 1   1  2                          2                 2          2              60     0   0    0   02              
75-03-15-465887-001-01 112                                                                                               2          2             360     0   0    0   02              
75-03-15-465887-001-01 222                                                                                               2          2             200     0   0   40   05              
43-75-62-755887-001-02 121   432  120000203   432  120000 72020    1 1 2 1 22                          1    6   15   60002          2             648     0   0    0   02              
79-80-98-585890-001-01 121   600  180000 91   600  180000 72020    1 2 3 2  2                          2                 2          2            1200     0   0    0   05              
79-80-98-585890-001-01 501    44   40000 61    44   40000 72020    1 2 8 2  2                          1    1   12      02          2               0     0   0    0   05              
12-84-18-265890-001-05 112                                                                                               2          2             144     0   0    0   02              
93-71-44-485891-001-02 122                                                                                               2          2            1800     0   0    0   04              
22-22-59-955902-001-01 111   240   72000 91   240   72000 82021    1 1 2 1 22                          2                 1    3641112             340    20   0    0   02              
22-22-59-955902-001-01 501   150  195000 61   150  195000 62020    1 1 2 1 22                          1    2   25      02          2               0     0   0    0   02              
03-84-91-665903-001-01 111   720  216000 92   720  216000 62021    4 1   1 22                          1    3   46  160001   48051112             120    60   0   20   03              
03-84-91-665903-001-01 121    90   40000161    90   40000 62021    1 5   5  2                          2                 2          2               0     0   0    0   02              
03-84-91-665903-001-01 222                                                                                               2          2             450     0   0   30   02              
03-84-91-665903-001-01 501    53   58300 61    53   58300 62021    1 1   1 22                          1    1   16   20002          2               0     0   0    0   02              
17-58-37-025903-001-09 112                                                                                               2          2             150     0   0    0   02              
17-58-37-025903-001-09 501    55   57750 71    55   57750 62020    1 1   1  2                          1   30   22      02          2               0     0   0    0   02              
67-59-94-205906-001-01 111    60   12000 91    60   12000 22021    1 1   1  2                          2                 2          2             260     0   0    0   02              
67-59-94-205906-001-01 221   180   20000 42   180   20000 52020    1 1   1  2                          1    6   22      02          2             180     0   0    0   02              
76-63-95-625907-001-01 111   300   90000 91   300   90000 72020    1 1 2 1 22                          2                 2          2             300     0   0    0   02              
25-11-43-665908-001-01 112                                                                                               2          2             330    10   0    0   02              
15-35-33-895909-001-01 112                                                                                               2          2             648     0   0    0   05              
68-01-22-225909-001-02 121   500  225000 91   500  225000 72020    1 1   1  2                          2                 2          2              25     0   0    0   02              
66-21-25-855911-001-01 112                                                                                               2          2             200     0   0    0   04              
04-94-42-315921-001-01 112                                                                                               2          2             240     0   0    0   02              
38-93-36-285924-001-01 122                                                                                               1  420042 22               0     0   0    0   02              
72-79-15-245927-001-01 112                                                                                               2          2             200     0   0    0   02              
57-81-79-875929-001-02 112                                                                                               2          2              20     0   0    0   02              
57-81-79-875929-001-02 121    90   45000 21    90   45000 82020    1 1 2 1 22                          2                 2          2             270     0   0    0   02              
47-03-39-285930-001-01 871  2784 2900000 92     2 2900000 72020    2 1 2 1 22                          2                 2          2              96     0   0    0   02              
63-22-91-285940-001-01 121   320  160000 91   320  160000 92020    1 1 2 1 22                          2                 2          2             120     0   0   40   02              
96-92-79-065941-001-05 501    98   88200 61    98   88200 72020    1 1   1  2                          1    4   12   20002          2               0     0   0    0   02              
20-34-67-305942-001-02 112                                                                                               2          2             250     0   0   70   02              
23-96-25-195942-001-03 112                                                                                               1    6041232             300     0   0    0   02              
22-41-43-445945-001-01 121   960  576000 91   960  576000 72020    2 1 2 1 22                          1    4   32      01   24042 12             240     0   0    0   02              
22-41-43-445945-001-01 501   240  242700 61   240  242700 72020    2 1 2 1 22                          1    4   22      02          2               0     0   0    0   02              
71-84-74-895949-001-01 121   140   90000 93   140   90000 72019    1 1 2 1 22                          2                 1    7022 12             210    20   0    0   05              
71-02-68-735959-001-01 112                                                                                               2          12 2  40000   380     0   0    0   02              
71-02-68-735959-001-01 312                                                                                               2          2               5     0   0    0   02              
90-97-94-285960-001-02 112                                                                                               1   16041112             576    20   0  180   02              
75-97-06-905961-001-02 111  1000  500000 91   500  500000102020    3 2   2  2                          2                 1    6041112             420     0   0   20   01              
46-18-20-365962-001-01 111   162   75000162   162   75000 92020    1 1   1  2                          2                 1   12641112             654    12   0   36  365              
46-18-20-365962-001-01 312                                                                                               2          2              18     0   0    0   03              
24-11-85-385963-001-01 112                                                                                               2          2             252     0   0    0   03              
56-30-03-125963-001-02 112                                                                                               2          2             252     0   0    0   02              
56-30-03-125963-001-02 312                                                                                               2          2               9     0   0    0   03              
60-11-48-655965-001-01 112                                                                                               2          2              80    20   0    0   02              
60-11-48-655965-001-01 312                                                                                               2          2              15     0   0    0   02              
77-40-44-475966-001-01 112                                                                                               2          2             200    10   0   70   02              
05-95-47-035978-001-02 111   720  360000 21   720  360000 32021    1 2   2  2                          2                 2          11 1 100000   576    18   0   72  545              
05-95-47-035978-001-02 312                                                                                               2          2              20    10   0   30   05              
36-27-61-515979-001-01 112                                                                                               2          2             108    18   0   36   05              
36-27-61-515979-001-01 161   300  195000161   300  195000 42021    5 1   1  2                          2                 2          2              40    60   0    0   05              
52-56-40-355980-001-01 112                                                                                               2          15 9 180000   126     0   0    0   05              
24-59-59-235983-001-01 111   200   80000 92   200   80000 92020    1 1   1  2                          2                 2          2              60     5   0   15   05              
60-33-80-915984-001-01 112                                                                                               2          2             500    20   0    0   04              
60-33-80-915984-001-01 162                                                                                               2          2              80    20   0    0   02              
46-74-15-535985-001-01 112                                                                                               2          2             540    80   0  100   04              
46-74-15-535985-001-01 161   420  360000 93   420  360000 32021    5 1 2 1 22                          2                 1   40042 22             188     0   0    0   08              
46-74-15-535985-001-01 311    80  120000 91    80  120000 62021    2 1 2 1 22                          1    2   26   40001    2022 12              20     0   0    0   06              
66-05-92-815997-001-01 111   360  200000 91   360  200000 92020    1 1 2 1 22                          2                 1   99841112             162    40   0   60   02              
59-55-57-895998-001-01 111   120   30000 91   120   30000 82020    1 1   1  2                          2                 2          2              60    20   0   40   02              
93-05-23-975999-001-01 112                                                                                               1    5462 12              54     0   0    0   02              
93-05-23-975999-001-01 311    18   25000 52    18   25000 22021    1 1   1  2                          2                 2          2              18     0   0    0   02              
02-23-99-716000-001-01 112                                                                                               1   50842 12             108    36   0   36   02              
02-23-99-716000-001-01 311    20   25000 51    20   25000 82020    1 1   1  2                          2                 1    2542 12              30     5   0   10   02              
64-89-37-396001-001-01 111   100   50000 91   100   50000102020    1 1   1  2                          2                 1    3042 12             100    10   0   20   02              
13-03-41-286002-001-01 111   648  360000162   648  360000112020    2 1   1  2                          2                 1    1842 32             108    18   0   90   02              
81-54-24-306003-001-01 111   270  150000 21   270  150000 22021    5 1   1  2                          2                 1    5442 12             296    10   0    0   03              
81-54-24-306003-001-01 312                                                                                               1     542 12              65     5   0   15   03              
29-95-19-426016-001-02 111  3528 1400000 94  3528 1400000 82020    1 4   4  2                          2                 2          2             126     0   0  126   02              
29-95-19-426016-001-02 231  4680 2080000 94  4680 2080000 62020    1 2 4 4  2                          2                 2          2               0     0   0    0   02              
09-64-88-486017-001-01 112                                                                                               1   60041112             120     0   0  120   02              
53-68-94-866018-001-01 111   120   48000163   120   48000 92020    3 1 2 1 22                          1   16   32      02          2             510    10   0   80   07  50 10000220 
53-68-94-866018-001-01 312                                                                                               2          2              25     0   0    5   03              
53-68-94-866018-001-01 322                                                                                               2          2               9     1   0    0   03              
53-68-94-866018-001-01 412                                                                                               2          2              28     0   0    0   02              
83-05-08-186036-001-01 112                                                                                               2          2             480    20   0    0   02              
10-14-55-396037-001-01 111  1260  500000 91  1260  500000 82020    2 1 2 1 22                          2                 2          2             492   120   0   72   03              
10-14-55-396037-001-01 411   300  100000171   200  100000 72020    1 1 2 1 21 91  100 100000 82020112122                 2          2              80    20   0    0   02              
12-59-79-526038-001-01 112                                                                                               1    4041112             180     5   0   55   02              
02-10-69-096039-001-01 111   399  147000163   266  112000102020    1 2   2  1161  133  35000 6202012 2 2                 1   20942 12             589     0   0    0   03              
62-44-54-156040-001-01 112                                                                                               2          2             460    40   0    0   02              
69-16-29-086042-001-01 112                                                                                               2          12 2  17500   800    40   0  100   04              
69-16-29-086042-001-01 322                                                                                               2          2              70    10   0   20   04              
69-16-29-086042-001-01 411   150   80000 93   150   80000 92020    1 1 2 1 22                          2                 2          2              35     0   0    0   02              
69-16-29-086042-001-01 922                                                                                               2          2             200     0   0  160   02              
42-91-10-706042-001-03 112                                                                                               2          2             180    18   0  342   05              
42-91-10-706042-001-03 411   120   80000161   120   80000 92020    1 1 2 1 22                          2                 2          2               0    24   0   96   03              
51-02-45-506057-001-01 112                                                                                               2          2             245     5   0  100   08              
51-02-45-506057-001-01 312                                                                                               2          2              60     0   0   20   06              
88-88-77-016074-001-01 311   200  200000 91   200  200000122020    1 1 2 1 22                          2                 1   10042 12              40    60   0    0   02              
47-51-56-856075-001-01 112                                                                                               1   20012 12             410   200   0   50   04              
47-51-56-856075-001-01 311   170  210000 42   170  210000 72020    1 1 2 1 22                          1    8   16  100001    3512 12              45    35   0    0   04              
03-51-56-446076-001-01 312                                                                                               2          2              10     0   0    0   02              
04-11-05-776077-001-01 112                                                                                               2          2             430    20   0    0   02              
04-11-05-776077-001-01 311   100  100000161   100  100000 72020    1 1 2 1 22                          2                 2          2             140    60   0    0   02              
90-51-97-206078-001-01 112                                                                                               2          2             110    10   0    0   02              
90-51-97-206078-001-01 222                                                                                               2          2             120     0   0    0   01              
90-51-97-206078-001-01 252                                                                                               2          2             150     0   0    0   01              
90-51-97-206078-001-01 311   120  120000 91   120  120000 62020    1 1 2 1 22                          2                 2          2              60     0   0    0   01              
90-51-97-206078-001-01 902                                                                                               1     182 42               0     0   0    0   01              
97-93-22-896080-001-01 112                                                                                               2          2              40     0   0    0   05              
97-93-22-896080-001-01 312                                                                                               2          2              40    10   0    0   02              
69-83-52-176081-001-01 111   100   25000 31   100   25000 22021    1 1   1  2                          2                 1   14042 12             300    10   0  100   02              
69-83-52-176081-001-01 311   200  200000 91   200  200000 12021    1 1   1  2                          2                 1   10042 12             320    20   0   60   02              
23-11-44-096095-001-01 112                                                                                               2          2              20     0   0    0   02              
23-11-44-096095-001-01 312                                                                                               2          2              11     0   0    0   02              
67-38-97-816096-001-01 252                                                                                               2          2             150     0   0    0   02              
54-69-37-596097-001-01 312                                                                                               2          2               5     0   0    0   01              
82-38-88-876099-001-01 222                                                                                               2          11 3   3000    90     0   0    0   02              
82-38-88-876099-001-01 252                                                                                               2          11 2   1000   200     0   0   15   02              
11-28-10-276111-001-02 112                                                                                               2          2              20     0   0    0   02              
11-28-10-276111-001-02 312                                                                                               2          2              30    15   0   15   02              
54-19-44-176114-001-01 112                                                                                               2          2             120     0   0    0   03              
57-19-84-556118-001-01 111   162   54000 92   162   54000 72020    1 1   1  2                          2                 2          2             108     0   0    0   02              
57-19-84-556118-001-01 312                                                                                               2          2              30     0   0    0   02              
62-45-14-046130-001-01 111   360  105000111   360  105000 62020    1 1   1  2                          2                 1   36042 12             240     0   0    0   02              
43-13-81-136131-001-01 121  7200 2640000 42  7200 2640000 82020    1 1   1  2                          1   20   14 1800002          2            3120     0   0    0   04              
99-47-59-376132-001-01 112                                                                                               2          2             480     0   0    0   02              
27-72-81-606133-001-01 111   324   90000 42   324   90000 82020    1 1 2 1 22                          1   10   12      02          2             522    20   0    0   04              
22-70-22-956135-001-01 112                                                                                               1     442 12             100     0   0  100   02              
78-07-69-386137-001-01 222                                                                                               2          2             320     0   0    0   02              
78-07-69-386137-001-01 501    24   28800 62    24   28800 62020    1 1 2 1 22                          1   10   12      02          2               0     0   0    0   02              
65-97-14-246149-001-03 112                                                                                               2          2             110    10   0    0   02              
21-27-12-896155-001-01 431    40   20000 41    40   20000 72021    1 1   1  2                          2                 1    6042 12               0     0   0    0   02              
76-95-55-866156-001-01 312                                                                                               2          2              22     0   0    0   02              
12-92-21-926171-001-01 312                                                                                               2          2              20     0   0    0   02              
51-60-23-276171-001-03 312                                                                                               2          2               2     0   0    0   02              
03-70-85-496172-001-01 112                                                                                               2          2             270     0   0    0   05              
84-90-20-916172-001-06 112                                                                                               2          2              60     0   0    0   02              
84-90-20-916172-001-06 331    10   30000151    10   30000 42021    1 1 2 1 22                          2                 2          2               0     0   0    0   02              
99-88-87-926174-001-01 111   120   35000 91   120   35000 52021    1 1 2 1 22                          1    2   21      01   12042 12             360     0   0    0   02              
47-39-58-576175-001-01 112                                                                                               2          2              54     0   0    0   02              
47-39-58-576175-001-01 312                                                                                               2          2              40     0   0    0   02              
31-00-34-196187-001-01 131  1680 1000000 92  1200  600000 72020    1 1 2 1 22                          2                 2          2               0     0   0    0   02              
01-26-99-776188-001-01 131   600  300000 92   600  300000 72020    2 1   1  2                          2                 2          2               0     0   0    0   02              
51-98-37-196188-001-05 131   220  110000 91   220  110000 72020    1 1   1  2                          2                 2          2               0    20   0    0   04              
51-88-82-056189-001-02 112                                                                                               2          2             120     0   0    0   02              
51-88-82-056189-001-02 131    50   30000 21    50   30000 82020    1 3   3  2                          2                 2          2               0     0   0    0   02              
61-54-05-566193-001-01 131   360  108000 96   360  108000 82020    1 1 2 1 22                          2                 2          2               0     0   0    0   02              
79-89-89-376194-001-01 122                                                                                               2          2             180     0   0    0   02              
79-89-89-376194-001-01 132                                                                                               2          2             520     0   0    0   02              
37-52-14-906195-001-01 311   300  150000 42   300  150000 42020    3 1 2 1 22                          1    8   32   60002          2             100     0   0    0   03              
54-09-11-756208-001-01 111  1500  750000 41  1500  750000 72020    2 1   1  2                          1    4   25   50002          2             500     0   0    0   02              
54-09-11-756208-001-01 221   700  450000 91   700  450000 72020    2 1   1  2                          1    2   25   50002          2               0     0   0    0   02              
54-09-11-756208-001-01 311   800  480000 41   800  480000 82020    2 1   1  2                          1    2   25   50001    2042 12             180     0   0    0   02              
99-49-58-426210-001-01 112                                                                                               2          2             100     0   0    0   02              
99-49-58-426210-001-01 312                                                                                               2          2              40     0   0    0   02              
52-94-78-516210-001-03 112                                                                                               2          2              70     0   0    0   02              
26-39-50-186210-001-04 111    20    6000 92    20    6000 72021    1 1 2 1 22                          2                 1     742 32             141     7   0    0   02              
26-39-50-186210-001-04 252                                                                                               2          2              24     0   0    0   01              
26-39-50-186210-001-04 311    25   12500 92    25   12500 82020    1 1 2 1 22                          2                 1    1042 32              50    10  10   10  102              
12-12-01-706211-001-01 112                                                                                               2          2              54     0   0    0   02              
12-12-01-706211-001-01 312                                                                                               2          2               0     0   0    0   02              
34-04-89-696212-001-02 111   108   36000 91   108   36000 72020    1 2   2  2                          2                 2          2             108     0   0    0   02              
33-59-62-206213-001-01 311   100   50000 92   100   50000 72020    1 1 2 1 22                          2                 2          2              40     0   0    0   02              
83-63-10-666225-001-01 312                                                                                               1    2041112              20     0   0    0   01              
95-07-03-496227-001-01 112                                                                                               2          2              36     0   0    0   02              
95-07-03-496227-001-01 222                                                                                               2          2             100     0  25   25   02              
95-58-90-606229-001-01 311    50   50000 31    50   50000 72020    1 1   1  2                          2                 2          2              50     0   0    0   02              
31-43-47-486232-001-02 112                                                                                               2          2             100     0  20    0   02              
31-43-47-486232-001-02 311   200  360000 41   200  360000 82020    1 2 4 2 42                          1   80   14  200002          2             100     0   0    0   02              
42-99-08-386244-001-01 311    80   40000161    80   40000 72020    1 1 2 1 22                          2                 2          2             140    20   0    0   02              
05-51-75-156245-001-01 111   980  245000 91   980  245000 42021    1 1 2 1 22                          2                 1   16082 12             160    40   0    0   01              
05-51-75-156245-001-01 252                                                                                               2          2              20     0   0    0   01              
05-51-75-156245-001-01 311   280  180000161   280  180000 32021    1 1 2 1 22                          2                 2          2              40    40   0    0   01              
09-68-04-756246-001-01 111   150   45000 91   150   45000 72020    1 1   1  2                          1    8   16   20001    3012 12              30     0   0    0   02              
09-68-04-756246-001-01 311    80   80000 21    80   80000 72020    1 1   1  2                          2                 2          2               0     0   0    0   02              
66-91-47-616247-001-01 311   100   90000161   100   90000 62020    1 1 2 1 22                          2                 2          2              30    20   0    0   02              
61-92-53-506248-001-01 112                                                                                               2          2             340    20   0    0   02              
54-85-24-906249-001-01 111   200   60000 21   200   60000 72020    2 1   1  2                          2                 2          2              36     0   0    0   02              
54-85-24-906249-001-01 311100000  120000 41   100  120000 72020    1 1   1  2                          1    7   14   25002          2              50     0   0    0   02              
79-54-29-986250-001-01 312                                                                                               2          2              80    20   0   40   02              
29-42-49-586251-001-01 112                                                                                               2          2             160     0   0    0   02              
29-42-49-586251-001-01 252                                                                                               2          2             100     0   0   50   02              
29-42-49-586251-001-01 312                                                                                               1    6042 12             120     0   0   20   02              
29-42-49-586251-001-01 432                                                                                               1    8042 12              62    10   0   40   02              
83-23-74-006251-001-02 241 3600036000000 95 3600036000000 72020    1 1   1  2                          2                 2          2               0     0   0    0   02              
42-21-30-216263-001-01 112                                                                                               2          2             180     0   0    0   02              
42-21-30-216263-001-01 312                                                                                               2          2              60     0   0    0   02              
77-10-93-706264-001-01 111   200   90000 41   100   45000 82020    1 1   1  2                          1    2   16   40002          12 2  10000   300     0   0    0   02              
77-10-93-706264-001-01 311    50   45000 41    50   45000 82020    1 1   1  2                          1    3   16   10002          2             250     0   0    0   02              
77-10-93-706264-001-01 431   100  120000 41   100  120000 92020    1 1   1  2                          1    3   16   50002          2              70     0   0    0   02              
69-12-72-796264-001-03 112                                                                                               2          2              54     0   0    0   02              
69-12-72-796264-001-03 312                                                                                               2          2              70     0   0    0   02              
58-29-18-126265-001-01 111   240   70000161   240   70000 62020    1 1   1 22                          1    1   16   10001    4042 12              70    10   0    0   06              
58-29-18-126265-001-01 311   120  180000161   120  120000 72020    1 1   1 22                          1    1   16   10001     542 12              40    10   0    0   06              
56-37-50-426266-001-01 112                                                                                               2          2              60     0   0    0   02              
56-37-50-426266-001-01 312                                                                                               1     342 12              87    20   0   10   02              
25-91-76-286267-001-01 311    60   36000101    60   36000 52020    1 1 2 1 22                          1    3   16   20002          2              35     5   0    0   02              
82-70-52-526268-001-01 112                                                                                               2          2             118     2   0    0   01              
82-70-52-526268-001-01 252                                                                                               2          2              20     0   0    0   01              
82-70-52-526268-001-01 311    32   48000 51    32   48000 62020    1 1 2 1 22                          1    1   11      02          2              16     0   0    0   01              
82-70-52-526268-001-01 432                                                                                               2          2              40     0   0    0   01              
11-88-00-956269-001-01 111   300  180000 41   300  180000 22021   10 1 2 1 22                          2                 2          2              55     5   0    0   01              
11-88-00-956269-001-01 311   440  506000 91   440  506000 12021    1 1 2 1 22                          2                 1    1242 12              28     0   0    0   01              
11-88-00-956269-001-01 882                                                                                               2          2              20     0   0    0   01              
11-88-00-956269-001-01 912                                                                                               2          2              30     0   0    0   01              
11-72-84-766270-001-01 112                                                                                               2          2              85    10   0    0   02              
11-72-84-766270-001-01 312                                                                                               1    2041112             100    10   0    0   02              
05-90-43-766304-001-01 122                                                                                               2          2             200     5   0   45   08              
58-60-80-366304-001-03 122                                                                                               1   10012 12              75     0   0    0  258              
22-39-67-026305-001-01 122                                                                                               2          2             105     0   0    0   02              
27-39-94-016307-001-01 122                                                                                               2          2             140     0   0    0   02              
59-09-89-426308-001-01 122                                                                                               1    2012 32             130     0   0   50   08              
74-65-42-856320-001-01 122                                                                                               2          2             450    25   0  175   08              
53-68-21-896322-001-01 122                                                                                               1    2042 12             100     0   0    0   02              
51-65-66-406324-001-01 122                                                                                               2          2             400    12   0   58   02              
20-56-10-126326-001-01 122                                                                                               1     212 32             148     0   0    0   08              
85-15-11-196341-001-01 221   200  100000 93   200  100000 82020    2 1   1  2                          2                 2          2              50     0   0   50   06              
69-68-49-176343-001-01 222                                                                                               2          2             480     0   0   80   01              
16-07-21-726368-001-01 122                                                                                               2          2             350     0   0   50   08              
98-46-77-536377-001-01 112                                                                                               2          2              30     0   0   20   02              
55-16-39-246403-001-01 111    80   40000161    80   40000 62021    1 1   1  2                          2                 1    8041112             320     0   0    0   02              
55-16-39-246403-001-01 432                                                                                               1    1042 32              80    10   0   20   02              
72-27-29-336415-001-01 111  9440 3200000 93  9440 3200000122020    3 1   1  2                          2                 2          2            2242     0   0  118   02              
72-27-29-336415-001-01 511  2000 4000000 73  2000 4000000 72020    1 1   1  2                          1   35   24 1500002          2               0     0   0    0   03              
08-84-14-216416-001-01 111  1720  430000163  1720  430000102020    2 1   1  2                          2                 2          2            1560   120   0 1200   02              
08-84-14-216416-001-01 121   480  120000 93   480  120000 92020    1 1   1  2                          2                 2          2             720   120   0  120   02              
08-84-14-216416-001-01 311   560  650000 93   560  650000 62020    1 1   1  2                          2                 2          2             240    20   0  340   02              
08-84-14-216416-001-01 431   350  210000 93   350  210000 62020    1 1   1  2                          2                 2          2             270   100   0  250   02              
22-51-85-316417-001-01 112                                                                                               2          2             108     0   0    0   02              
74-44-49-986418-001-01 112                                                                                               2          2             288     0   0    0   05              
74-44-49-986418-001-01 311    20   30000 51    20   30000 62020    1 1   1  2                          2                 2          2              40     0   0    0   02              
74-44-49-986418-001-01 432                                                                                               2          2              30     0   0    0   01              
82-86-40-336419-001-01 112                                                                                               2          13 5 100000    19     0 500    0   02              
82-86-40-336419-001-01 222                                                                                               2          2             180     0   0    0   02              
82-86-40-336419-001-01 312                                                                                               2          2              10     0   0    0   02              
52-47-45-236420-001-01 112                                                                                               1   30042 12            1000     0   0    0   02              
52-47-45-236420-001-01 351   200  300000 21   200  300000 62020    114  14  2                          2                 2          2               0     0   0    0   02              
03-85-03-216420-001-04 112                                                                                               2          2             847    45   0  120   02              
03-85-03-216420-001-04 351   720  900000 91   720  900000 82020    1 1   1  2                          2                 2          2              60     0  60    0   02              
54-54-62-596420-001-07 112                                                                                               2          2             378    36   0   18   05              
54-54-62-596420-001-07 351   780 1170000 91   780 1170000102020    2 1 2 1 22                          2                 2          2             120    60   0    0   02              
99-09-27-496421-001-01 111  1800  450000 21  1800  450000 72020    5 1   1  2                          2                 2          2            1160    40   0    0   02              
10-43-69-506422-001-01 112                                                                                               2          13 1  10000   170     0   0    0   02              
14-09-16-456435-001-01 121   960  240000 93   960  240000 82020    1 1 2 1 22                          2                 2          2               0     0   0  960   02              
08-23-57-496436-001-01 121   375  150000 91   375  150000 72020    1 1 4 1 42                          2                 1    7542 12             210     0   0   15   02              
24-41-64-866439-001-01 121  3648 1520000 91  3648 1520000 62020    5 1 2 1 22                          2                 2          2            1440     0   0  192   02              
15-86-79-436454-001-03 112                                                                                               2          2             236     4   0    0   02              
52-82-89-256454-001-04 112                                                                                               2          2             420     0   0    0   02              
52-82-89-256454-001-04 432                                                                                               2          2              96     0   0    0   02              
27-55-74-036455-001-01 111   600  216000 91   600  216000 72020    2 1   1  2                          2                 2          2            1000     0   0  100   02              
46-23-09-376456-001-01 112                                                                                               2          2             360     0   0    0   02              
46-23-09-376456-001-01 431   168   60000 93   168   60000 72020    1 1   1  2                          2                 2          2             252     0   0    0   02              
68-19-41-436457-001-01 112                                                                                               2          2            1050    30   0    0   04              
68-19-41-436457-001-01 121   700  350000 91   700  350000 72020    2 1 6 1  2                          2                 2          2            1400     0   0    0   05              
80-69-29-256458-001-01 112                                                                                               2          2             120     0   0    0   05              
80-69-29-256458-001-01 122                                                                                               2          2              90     0   0    0   05              
80-69-29-256458-001-01 432                                                                                               2          2              30    15   0    0   05              
72-31-74-166464-001-01 112                                                                                               2          2            1200     0   0    0   04              
72-31-74-166464-001-01 431   756  294000 93   756  294000 92020    1 1   1  2                          2                 2          2               0     0   0    0   04              
41-72-19-886472-001-01 121   450  250000 41   450  250000 62020    1 1 2 1 22                          1    2   15      02          2             450     0   0    0   02              
94-69-24-296473-001-01 112                                                                                               2          2             720     0   0    0   02              
94-69-24-296473-001-01 121   150  100000 91   150  100000 92020    1 1   1  2                          2                 2          2             200     0   0    0   02              
02-59-27-086474-001-01 112                                                                                               2          2             396     0   0    0   04              
96-57-53-186476-001-01 111   150   42000 51   150   42000 62020    1 2 3 2 32                          1   14   22      02          2              75     0   0    0   02              
96-57-53-186476-001-01 421    20   30000 51    20   30000 62020    1 2 3 2 32                          1   14   12      02          2               0     5   0    0   02              
33-57-29-676477-001-01 111   240  100000 21   120  100000 82020    1 1   1  2                          2                 2          2            1200     0   0    0   02              
33-57-29-676477-001-01 121    75   30000 11    75   30000 72020    1 1   1  2                          2                 2          2             450     0   0    0   02              
97-99-78-086478-001-01 121   100   50000 91   100   50000 52019    1 1 2 1 22                          2                 2          2             100     0   0    0   05              
77-95-84-346478-001-03 111   960  240000 91   960  240000102020    2 1   1  2                          2                 1   12042 12             600     0   0  120   02              
75-95-85-696479-001-01 111  1800  270000 92  1800  270000 62020    2 1   1  2                          2                 2          2             425    15   0    0   02              
20-79-25-446479-001-03 111   300   90000 21   300   90000 62020    1 1 2 1 22                          2                 2          2             300     0   0    0   02              
20-79-25-446479-001-03 121   900  720000 41   900  720000 62020    2 1 2 1 22                          1   18   14  100002          2             150     0   0    0   02              
64-41-75-296483-001-01 112                                                                                               1   36041112            1420    20   0    0   04              
64-41-75-296483-001-01 121  1200  500000 91  1200  500000 72020    1 1   1  2                          2                 2          2            1760    40   0    0   04              
64-41-75-296483-001-01 411   540  180000 91   540  180000 72020    1 1   1  2                          2                 2          2               0     0   0    0   04              
71-76-36-556483-001-03 121   600  150000 91   600  150000 72020    1 1   1  2                          2                 1   24042 12             480     0   0    0   05              
63-18-65-676492-001-01 112                                                                                               2          2             324     0   0    0   02              
03-33-67-136492-001-03 112                                                                                               2          2             144     0   0    0   03              
75-84-54-756492-001-04 111    54   15000 92    54   15000 62020    1 1   1  2                          2                 2          2              90     0   0    0   02              
36-33-33-866493-001-01 112                                                                                               2          2             680     0   0    0   02              
95-01-55-686496-001-01 112                                                                                               2          2             705    15   0    0   02              
95-01-55-686496-001-01 311   240  240000 91   240  240000 62020    1 1 2 1 22                          2                 2          2              80    40   0    0   02              
27-59-11-206497-001-01 112                                                                                               2          2             400     0   0    0   02              
27-59-11-206497-001-01 311   120  120000 91   120  120000 52020    1 1   1 22                          2                 2          2              80     0   0    0   02              
71-41-76-146510-001-01 112                                                                                               2          2             360     0   0    0   02              
71-41-76-146510-001-01 312                                                                                               2          2             921    10   0    9   02              
71-41-76-146510-001-01 342                                                                                               2          2              40     0   0    0   04              
51-46-98-396510-001-03 111   180   60000 31   180   60000 72020    1 1   1  2                          2                 2          2             110    10   0   36   02              
51-46-98-396510-001-03 312                                                                                               2          2              20     0   0    0   02              
51-46-98-396510-001-03 431    84   56000 31    84   56000 52020    1 1   1  2                          2                 2          2              46    15   0    0   02              
35-01-19-396512-001-01 111   756  210000161   756  210000 82020    4 1 2 1 22                          2                 2          2             486    18   0    0   02              
35-01-19-396512-001-01 431   180  144000161   180  144000 92020   10 1 2 1 22                          2                 2          2              30     0   0    0   02              
47-74-89-626513-001-01 112                                                                                               2          2             320     0   0    0   02              
29-16-28-356515-001-01 112                                                                                               2          2             360     0   0    0   03              
96-44-09-556517-001-01 111 15500 4650000 41 15500 4650000 82020    3 1   1  2                          1    3   24  250001   10042 12            1000     0   0    0   02              
96-44-09-556517-001-01 121  2400 3600000 41  2400 3600000 92020    2 1   1  2                          1    3   24  300002          2            2400     0   0    0   02              
96-44-09-556517-001-01 311   700  980000 41   700  980000 92020    2 1   1  2                          1    3   24  150002          2             120     0   0    0   02              
65-10-31-756519-001-01 111   108   21000 91   108   21000 62020    1 1   1  2                          2                 2          2             198     0   0    0   02              
55-33-74-886534-001-01 111   270  120000 92   270  120000 52020    1 1   1  2                          2                 2          2              90     0   0    0   02              
58-19-43-556535-001-01 871    10    7000 41    10    7000 52020    1 1 2 1 22                          2                 2          2              20     0   0    0   02              
09-65-95-536551-001-01 112                                                                                               2          2             108     0   0    0   02              
09-65-95-536551-001-01 312                                                                                               2          2              60     0   0    0   02              
37-90-35-556556-001-01 112                                                                                               2          2             252     0  18    0   03              
36-93-31-666567-001-01 111  1080  240000 93  1080  240000 62020    2 1 2 1 22                          2                 2          2            1080     0   0    0   04              
36-93-31-666567-001-01 121  1170  540000 93  1170  540000 72020    1 1 2 1 22                          2                 2          2            1950     0   0    0   02              
32-17-02-116568-001-01 112                                                                                               2          2              60     0   0    0   04              
32-17-02-116568-001-01 122                                                                                               2          2            1800     0   0    0   04              
91-18-16-936568-001-14 112                                                                                               2          2             324     0   0    0   04              
91-18-16-936568-001-14 121   936  432000 93   936  432000 62020    1 1   1  2                          2                 2          2            1170     0   0    0   04              
97-15-23-636569-001-01 112                                                                                               2          2            1200     0   0    0   02              
97-15-23-636569-001-01 121   800  540000 91   800  540000122020    3 1   1  2                          2                 1  160012 22            4000     0   0  480   01              
97-15-23-636569-001-01 312                                                                                               2          2             100     0   0    0   02              
97-15-23-636569-001-01 432                                                                                               2          2              20     0   0    0   02              
92-89-34-776570-001-01 112                                                                                               2          2             864     0   0    0   04              
92-89-34-776570-001-01 121  2250 1000000 92  2250 1000000 72020    2 1 2 1 22                          2                 2          2            1040    40   0    0   05              
42-46-06-766572-001-01 112                                                                                               2          2             450    50 300    0   04              
42-46-06-766572-001-01 121  3375 1890000 91  3375 1890000 92020    2 1   1  2                          2                 2          2            1500    75 300    0   02              
24-34-12-726572-001-06 111   800  192000161   800  192000102020    1 1   1  2                          2                 2          2            2000   100   0    0   04              
24-34-12-726572-001-06 121  1000  300000161  1000  300000 72020    2 1   1  2                          2                 2          2            1700   300   0    0   04              
56-84-52-726574-001-01 112                                                                                               2          2             480     0   0    0   02              
56-84-52-726574-001-01 121  1500  700000 91  1500  700000112020    1 1   1  2                          2                 2          2             900     0   0    0   02              
43-24-92-926577-001-01 111   240   60000 11   240   60000 92020    1 1   1  2                          2                 2          2             480     0   0    0   02              
43-24-92-926577-001-01 121   320  168000 91   320  168000102020    1 1 5 1 52                          1    3   13      02          2             240     0   0   80   02              
43-24-92-926577-001-01 312                                                                                               2          2              60     0   0    0   02              
43-24-92-926577-001-01 432                                                                                               2          2             180     0   0    0   02              
07-75-47-366577-001-02 111   360  180000 51   360   90000 92020    1 1 2 1 22                          1    3   22      02          2             200     0   0  160   02              
07-75-47-366577-001-02 122                                                                                               2          2             120     0   0   40   02              
07-75-47-366577-001-02 312                                                                                               2          2              40    20   0   20   02              
93-19-95-836577-001-03 111   500  175000 91   500  175000102020    1 1   1  2                          2                 1   60012 12             500     0   0    0   01              
93-19-95-836577-001-03 121  1125  525000 91  1125  525000 92020    2 1   1  2                          2                 1   22542 12             375     0   0    0   01              
93-19-95-836577-001-03 431    50   70000 91    50   70000 62020    1 1   1  2                          2                 2          2              50     0   0    0   02              
32-45-09-376586-001-01 112                                                                                               2          2             120     0   0    0   02              
32-45-09-376586-001-01 221    30    5000 51    30    5000 62020    1 2 7 2  2                          1    2   11      02          2              80     0   0    0   02              
32-45-09-376586-001-01 312                                                                                               2          2              90     0   0    0   02              
32-45-09-376586-001-01 372                                                                                               2          2              20     0   0    0   02              
80-93-26-966590-001-01 112                                                                                               2          2             360     0   0    0   02              
80-93-26-966590-001-01 312                                                                                               2          2              60     0   0    0   02              
92-71-85-296592-001-01 112                                                                                               2          2             220     0   0    0   02              
62-76-44-946593-001-01 312                                                                                               2          2              40     0   0    0   02              
88-82-06-536594-001-01 112                                                                                               2          2             160     0   0    0   02              
88-82-06-536594-001-01 312                                                                                               2          2              20     0   0    0   02              
78-28-57-686605-001-01 112                                                                                               2          2             700     0   0    0   02              
72-27-12-346606-001-01 112                                                                                               2          2            1080     0   0  108   02              
08-61-87-736607-001-01 112                                                                                               2          2             100     0   0    0   02              
08-61-87-736607-001-01 312                                                                                               2          2              80     0   0    0   02              
62-43-05-956607-001-02 112                                                                                               2          2              30     0   0    0   02              
62-43-05-956607-001-02 312                                                                                               2          2               4     0   0    0   02              
62-43-05-956607-001-02 342                                                                                               2          2              10     0   0    0   02              
62-43-05-956607-001-02 432                                                                                               2          2              10     0   0    0   02              
49-08-77-446608-001-01 112                                                                                               2          2             600    35   0  345   02              
49-08-77-446608-001-01 311    27   36000 42    27   36000 82020    1 1   1  2                          1    2   11      02          2             103     0   0    0   02              
49-08-77-446608-001-01 342                                                                                               2          2              20     0   0    0   02              
49-08-77-446608-001-01 431    56  140000 42    56  140000112020    1 1   1  2                          1    2   16      02          2              28     0   0    0   02              
83-54-05-596608-001-06 111   500  200000 21   500  200000 72020    1 1 2 1 22                          2                 2          2             600     0   0  100   02              
83-54-05-596608-001-06 431   150  120000 91   150  120000 72020    1 1 2 1 22                          2                 2          2               0     0   0    0   02              
78-81-71-506608-001-08 112                                                                                               2          2             373     5   0    0   02              
78-81-71-506608-001-08 312                                                                                               2          2              55     5   0    0   02              
78-81-71-506608-001-08 341    90   50000 93    90   50000 72020    1 1   1  2                          2                 2          2              85     5   0    0   02              
71-87-57-156609-001-01 112                                                                                               2          2             180     0   0    0   02              
29-94-20-906610-001-01 112                                                                                               2          2              40     0   0    0   02              
29-94-20-906610-001-01 311    30   42000 41    30   42000 62020    1 1 2 1 22                          1    6   11      02          2              10    10   0    0   02              
44-75-42-746611-001-01 112                                                                                               2          2              50     0   0    0   02              
19-89-88-006612-001-01 112                                                                                               2          2             108     0   0    0   02              
80-62-36-736624-001-01 112                                                                                               2          2              72     0   0    0   02              
14-86-77-336628-001-01 112                                                                                               2          2              50     0   0    0   02              
14-86-77-336628-001-01 312                                                                                               2          2              30     0   0    0   02              
92-45-77-356629-001-01 111   300  105000 21   300  105000 82020    1 1   1  2                          2                 2          2             320     0   0    0   02              
70-18-79-876631-001-01 112                                                                                               2          2             180     0   0    0   02              
31-39-32-156647-001-01 312                                                                                               2          2               2     0   0    0   01              
69-54-89-686648-001-03 112                                                                                               2          2              40     0   0    0   02              
26-99-67-446649-001-01 112                                                                                               2          2             130     0   0    0   04              
26-99-67-446649-001-01 312                                                                                               2          2              15     0   0    0   04              
26-99-67-446649-001-01 412                                                                                               2          2             100     0   0    0   02              
14-03-63-516650-001-01 312                                                                                               2          2              20     0   0    0   04              
59-89-96-376681-001-01 112                                                                                               1   30052 12             200     0   0  500   04              
59-89-96-376681-001-01 312                                                                                               2          2              80     0   0   10   01              
87-52-69-726683-001-01 111    43 2150000 91     6  300000 82020    1 1 2 1 21 91   371850000 82020112122                 1   30052 12             350     0 250  150   02              
87-52-69-726683-001-01 312                                                                                               1    1842 12              14     0   0    0   02              
87-52-69-726683-001-01 331   252  252000 91   252  252000 72020    1 1 2 1 22                          2                 2          2               0     0   0    0   02              
51-83-22-176684-001-01 111  5160  301000 91  5160  301000 22020    2 1 2 1 22                          2                 1   72051112             360   120   0  600   05              
51-83-22-176684-001-01 312                                                                                               2          2              15     0   0    5   03              
57-83-63-176686-001-01 112                                                                                               1   36052 12             280     0   0    0   02              
57-83-63-176686-001-01 321    20   10000 91    20   10000 82020    1 1   1  2                          2                 1     881112              12     0   0    0   02              
57-83-63-176686-001-01 331     5   10000 91     5   10000 62020    1 1   1  2                          2                 1     852 12               7     0   0    0   02              
76-24-20-646688-001-01 111   960  320000111   960  320000 92020    1 1   1  2                          1    5   16  100002          2              60     0   0   60   03              
18-01-61-836700-001-01 112                                                                                               2          2             240     0   0    0   04              
18-01-61-836700-001-01 251   120   25000162   120   25000 92020    1 1   1  2                          2                 2          2              20     0   0    0   04              
26-96-01-746706-001-01 112                                                                                               2          2              54     0   0   18   04              
26-96-01-746706-001-01 252                                                                                               2          2              75     0   0    0   04              
26-96-01-746706-001-01 312                                                                                               2          2              18     8   0   18   05              
84-59-97-106720-001-01 112                                                                                               1    4052 12             100     0   0  120   04              
35-74-20-296722-001-01 111    54   24000 91    54   24000102020    1 1   1  2                          2                 2          2              36     0   0   18   04              
35-74-20-296722-001-01 311    16   20000 91    16   20000 72020    1 1   1  2                          2                 1     582 12              10     0   0    9   04              
14-77-09-086723-001-01 112                                                                                               2          2              80     0   0   40   02              
14-77-09-086723-001-01 312                                                                                               2          2              20     0   0    0   02              
92-19-80-246724-001-02 111   648  360000 91   648  360000 92020    2 2   2  2                          2                 1    6052 12             156     0   0    0   04              
92-19-80-246724-001-02 311   145  483300 91   145  483300 92020    1 2   2  2                          2                 2          2              20     0   0   15   02              
43-31-36-036738-001-01 312                                                                                               2          2              50     0   0    0   02              
72-04-45-836738-001-02 111   120   60000 41   120   60000102020    1 1 2 1 22                          1   13   16   20001   12052 12             120     0   0    0   07  70 10000210 
73-10-24-176739-001-02 112                                                                                               1   18052 12             180     0   0  120   05              
73-10-24-176739-001-02 312                                                                                               1    2052 12              30    10   0    0   02              
51-44-38-206740-001-01 312                                                                                               1    2552 12              15     0   0    0   04              
49-49-65-836741-001-01 112                                                                                               1   21652 12             216     0   0  108   04              
73-80-63-696744-001-01 311   480  350000 91   480  350000112020    2 1 2 1 22                          2                 1    2552 12              40    25   0   60   04              
70-73-79-516745-001-01 112                                                                                               2          15 43500000   100     0   0    0   04              
70-73-79-516745-001-01 312                                                                                               2          15 4  60000    10     0   0    0   04              
90-88-19-106778-001-01 121  2300 1150000 91  2300 1150000 62020    1 1   1  2                          1   19   14   50002          2             100    50   0   50   03              
01-42-95-746795-001-01 112                                                                                               2          2             100     0   0    8   04              
54-22-97-326797-001-01 112                                                                                               2          2              25     0   0    0   05              
66-84-66-136798-001-01 112                                                                                               1    5042 12              50     0   0    0   04              
58-57-11-796799-001-01 111  1800  750000 91  1800  750000 12021    1 1 2 1 22                          1    2   14  200001   24052 12             110     0   0   20   04              
58-57-11-796799-001-01 311   610  890000 91   610  890000 12021    1 1 2 1 22                          1    2   14      02          2               0     0   0   20   04              
44-13-78-446801-001-01 111   140   60000 21   140   60000 92020    1 3   3  2                          2                 2          2             420     0   0    0   04              
31-28-73-836802-001-01 111   540  300000 91   540  300000102020    1 1   1  2                          2                 2          2              54     0   0    0   02              
31-28-73-836802-001-01 311    40   60000 91    40   60000 82020    1 1   1  2                          2                 2          2              10     0   0    0   02              
85-23-86-976802-001-02 112                                                                                               1    2052 12             460     0   0  120   04              
50-00-81-786833-001-01 112                                                                                               2          2              60     0   0    0   02              
50-00-81-786833-001-01 431   150  375000 31   150  375000 82020    4 1   1  2                          2                 2          2               8     0   0   10   02              
17-74-85-106835-001-01 431    20   20000 31    20   20000 62020    1 1 2 1 22                          2                 2          2              10    10   0    0   02              
41-17-69-736838-001-01 122                                                                                               2          2              95     5   0    0   02              
27-51-88-026840-001-01 111   100   70000 91   100   70000122020    2 1 2 1 22                          2                 2          2              45     0   0    5   08              
27-51-88-026840-001-01 431   100  120000 91   100  120000122020    2 1 2 1 22                          2                 2          2              50     0   0   50   08              
53-89-26-216856-001-01 322                                                                                               2          2               7     2   0    1   02              
47-87-67-896872-001-01 122                                                                                               2          2             150     0   0    0   02              
56-38-85-256875-001-01 122                                                                                               2          2             175     0   0    0   08              
67-50-49-396878-001-02 122                                                                                               2          2             600     0   0   50   08              
10-69-53-456888-001-02 112                                                                                               2          2              72     0   0    0   03              
65-82-46-026890-001-01 111   100   50000 21   100   50000 82020    3 1   1  2                          2                 2          2              50     0   0    0   01              
71-69-22-916893-001-01 112                                                                                               2          2             314    10   0    0   08              
71-69-22-916893-001-01 311    30   45000 52    30   45000 52020    1 1 2 1 22                          1    5   12      02          2              10     0   0    0   02              
11-93-82-766894-001-02 122                                                                                               2          11 9 500000    50     0   0    0   02              
25-16-88-576909-001-01 421   100  150000 91   100  150000 62020    1 1   1  2                          2                 2          2               0     0   0    0   02              
69-09-51-686910-001-01 122                                                                                               2          2             225    50   0   25   02              
69-09-51-686910-001-01 421   150  285000 61   150  285000 62020    1 1 2 1 22                          1    3   16   40002          2               0     0   0    0   02              
38-40-83-556911-001-01 112                                                                                               1     282 32              98     2   0    0   02              
38-40-83-556911-001-01 421    70  105000 71    70  105000 82020    1 1   1  2                          1    3   16   20002          2               0     0   0    0   02              
67-09-23-976911-001-02 112                                                                                               2          2             100     0   0    0   02              
67-09-23-976911-001-02 132                                                                                               2          2              40     0   0    0   02              
67-09-23-976911-001-02 421   350  350000161   350  350000 62020    1 1 2 1 22                          2                 2          2              30    20   0    0   02              
33-10-71-266915-001-01 421    80  160000 71    80  160000 62020    1 1 2 1 22                          2                 2          2               0     0   0    0   02              
56-21-00-906916-001-01 112                                                                                               2          2               5     0   0    0   03              
56-21-00-906916-001-01 421    48   72000 51    48   72000 62020    1 1   1  2                          1    2   16   20002          2               1     1   0    0   02              
68-33-35-376919-001-01 122                                                                                               2          13 2  10000    90    50   0    6   02              
68-33-35-376919-001-01 132                                                                                               2          13 1   5000    70    25   0    5   02              
68-33-35-376919-001-01 322                                                                                               2          2              20     3   0    2   02              
01-47-28-756928-001-01 132                                                                                               2          2             146     4   0    0   02              
01-47-28-756928-001-019982                                                                                               2          2             100     0   0    0   01              
72-25-82-386930-001-01 132                                                                                               2          2             116     4   0    0   05              
72-25-82-386930-001-01 191   100  120000 91   100  120000 42020    5 1   1  2                          2                 2          2               0     0   0    0   02              
72-25-82-386930-001-01 421    64   83200 91    64   83200 62020    2 1   1  2                          2                 2          2               0     1   0    0   02              
06-76-01-176931-001-01 132                                                                                               1    2581112             200     0   0   50   02              
06-76-01-176931-001-01 421   150  210000 71   150  210000 62020    1 2   2  2                          2                 2          2               0     0   0    0   02              
70-02-66-386931-001-04 132                                                                                               2          2             130     0   0   20   02              
99-84-80-486932-001-01 132                                                                                               2          13 1   5000   270    10   0   10  102              
99-84-80-486932-001-01 222                                                                                               2          2             250     0   0   50   01              
99-84-80-486932-001-01 421   900 1350000 72   900 1350000 82020    1 1   1 22                          1    6   14  500002          2               0     0   0    0   02              
99-84-80-486932-001-01 922                                                                                               2          2             200     0   0    0   01              
31-46-55-706933-001-01 191    50   50000 93    50   50000 62020    1 1   1 22                          2                 2          2               0     0   0    0   08              
31-46-55-706933-001-01 421    75  157500 93    75  157500 62020    1 1   1  2                          1   12   31      02          2               0     0   0    0   02              
25-70-77-906935-001-02 132                                                                                               2          2              97     3   0   25   02              
63-09-67-796947-001-01 132                                                                                               2          2             296     4   0    0   03              
63-09-67-796947-001-01 321   200  200000 92   200  200000 82020    1 1 2 1 22                          2                 2          2              90    10   0    0   02              
63-09-67-796947-001-01 342                                                                                               2          2              35     1   0    0   02              
70-60-21-696950-001-01 322                                                                                               2          2              15     5   0    0   02              
60-97-00-276950-001-02 132                                                                                               2          13 1   2500    65     0   0    0   02              
60-97-00-276950-001-02 421   150  300000 72   150  300000 82020    1 1   1 22                          1    5   16   50002          2               0     0   0    0   02              
88-90-24-326951-001-01 342                                                                                               2          2              20     0   0    0   02              
88-90-24-326951-001-01 421   160  240000 51   160  240000 72020    1 1   1  2                          2                 2          2               0     0   0    0   02              
52-64-08-676952-001-01 112                                                                                               2          2              20     0   0    0   02              
46-99-43-266953-001-01 421   380  570000 52   380  570000 72020    1 1   1 22                          1    1   16  646002          2               0     0   0    0   02              
02-72-68-136954-001-02 111    15    7500 21    15    7500 32020    1 2 3 2 32                          2                 2          12 3   1500   134     3   0   10   02              
50-75-79-746954-001-04 112                                                                                               2          2              46     4   0    0   02              
50-75-79-746954-001-04 421   345  517500 51   345  517500 62020    2 1 2 1 22                          1    1   26  100002          2               0     4   0    1   03              
66-44-70-236966-001-01 111   800  400000 92   600  300000112020    1 1   1  1 21  200 10000010202011 1 2                 2          2             200     0   0  100  502              
66-44-70-236966-001-01 131   100   50000 92   100   50000 92020    1 1   1  2                          2                 2          2              50     0   0    0  502              
66-44-70-236966-001-01 341    50   20000 92    50   20000 82020    1 1   1  2                          2                 2          2              40     0   0   10   02              
66-44-70-236966-001-01 421   200  460000 71   200  460000 72020    1 1   1  2                          1    2   16   20002          2               0     0   0    0   02              
37-06-23-146966-001-02 112                                                                                               2          2             190    10   0   40   02              
37-06-23-146966-001-02 121   120   48000161   120   48000 82020    1 1   1  2                          2                 2          2               0     0   0    0   02              
83-11-49-916966-001-03 112                                                                                               2          2             300     0   0   50   02              
83-11-49-916966-001-03 421   200  460000 71   200  460000 62020    1 2   1 22                          1    1   26   20002          2               0     0   0    0   02              
62-22-46-876967-001-01 111   100   30000 92   100   30000 42020    1 1   1  2                          2                 2          2             114    10   0    0   02              
62-22-46-876967-001-01 421   140  196000 52   140  196000 82020    1 1   1 22                          2                 2          2               0     0   0    0   02              
50-56-53-186968-001-01 112                                                                                               2          2             340     0   0    0   02              
50-56-53-186968-001-01 132                                                                                               2          2              90     0   0    0   01              
50-56-53-186968-001-01 341    54   21600 91     1   21600 92020    1 1 2 1 22                          2                 2          2             197     0   0    0   02              
50-56-53-186968-001-01 421    85  187000 71    85  187000102020    1 1 2 1 22                          2                 2          2              15     0   0    0   02              
15-13-25-316970-001-01 112                                                                                               2          2             800    401000  300   02              
15-13-25-316970-001-01 341   400   40000 92   400   40000 72020    2 5   5  2                          2                 2          2               0     0   0    0   02              
15-13-25-316970-001-01 421  1400 1960000 61  1400 1960000 62020    2 5   5  2                          2                 2          2               0     0   0    0   02              
60-66-83-586971-001-01 112                                                                                               2          12 3  21000   105     0   0  140   08              
60-66-83-586971-001-01 322                                                                                               2          2              15     0   0   17   03              
60-66-83-586971-001-01 342                                                                                               2          2              45    10  45   20   08              
65-25-95-946972-001-01 421   300  500000 51   300  500000 72021    1 1 4 1 42                          2                 2          2               0     3   0    0   02              
53-85-21-066973-001-01 112                                                                                               2          2             130    10 120   40   02              
53-85-21-066973-001-01 342                                                                                               2          2              20    10 100    0   02              
53-85-21-066973-001-01 421   240  312000 51   240  312000 62020    1 1 2 1 22                          1    2   12      02          2               0     8   0    0   02              
35-21-67-116986-001-01 112                                                                                               2          2              19     0   0    0   02              
99-49-91-346988-001-01 112                                                                                               2          2             480    20   0  120   02              
99-49-91-346988-001-01 132                                                                                               2          2              80     0   0   40   02              
99-49-91-346988-001-01 321    90  135000 52    90  135000 62020    1 1 7 1 72                          1    2   12      02          2              30     0   0    0   02              
99-49-91-346988-001-01 341   370  185000 52   370  185000 82020    1 1 7 1 72                          1    2   12      02          2             100    10   0  120   02              
99-49-91-346988-001-01 421   330  275000 52   330  275000 72020    1 1 7 1 72                          2                 2          2              30     0   0    0   02              
87-64-23-476989-001-03 112                                                                                               2          2              97     3   0   20   03              
87-64-23-476989-001-03 342                                                                                               2          2              68     2   0   10   03              
87-64-23-476989-001-03 412                                                                                               2          2              47     5   0   29   02              
80-39-14-716990-001-02 112                                                                                               2          2             108     0   0   54   02              
80-39-14-716990-001-02 421    45   67500 91    45   67500 72020    1 2   2  2                          2                 2          2               0     0   0    0   02              
40-09-63-236991-001-01 112                                                                                               2          13 1  60000   650     0   0   20  102              
40-09-63-236991-001-01 341   150   75000 92   150   75000102020    1 3   1 32                          2                 2          2              50     0   0    0   02              
94-41-63-626991-001-06 112                                                                                               2          2             470     0   0    0  302              
94-41-63-626991-001-06 341   140   70000 92   140   70000112020    1 1   1 22                          2                 2          2              55     0   0    5   02              
25-50-62-806992-001-01 112                                                                                               1   20041112             200    15   0   60   02              
25-50-62-806992-001-01 421   700 1400000 51   700 1400000 62020    2 1   1  2                          2                 2          2               0     0   0    0   02              
43-19-97-256994-001-01 112                                                                                               2          2             284    10   2   28   08              
43-19-97-256994-001-01 342                                                                                               2          2              66     2   0   12   08              
94-11-91-897023-001-01 112                                                                                               2          2             480     0   0    0   02              
18-92-38-967025-001-01 112                                                                                               1   25062 12             220     0   0  180   02              
18-92-38-967025-001-01 312                                                                                               1    8062 12              10     0   0   10   01              
94-03-29-907026-001-01 112                                                                                               2          2             648     0   0    0   04              
94-03-29-907026-001-01 341   480  240000161   480  240000102020    1 1 2 1 22                          2                 2          2              60    60   0    0   08              
94-03-29-907026-001-01 411  1792  784000161  1792  784000 92020    1 1 2 1 22                          2                 2          2             448   112   0   80   04              
24-12-46-547026-001-04 112                                                                                               2          2             380     0   0    0   08              
53-69-30-267027-001-01 111   688  195000 91   688  195000 82020    1 1 2 1 22                          2                 2          2             500     0   0  108   04              
53-69-30-267027-001-01 341   600  450000 91   600  450000112020    2 1 2 1 22                          2                 2          2             100    20   0    0   08              
12-01-68-847027-001-03 121   420  300000161   420  300000 62020    1 1   1  2                          2                 2          2               0     0   0    0   05              
62-00-77-337027-001-06 131   480  120000 91   480  120000102020    1 1 2 1 22                          2                 2          2              40    10   0   70   02              
62-00-77-337027-001-06 341   480  240000 91   480  240000112020    1 1 2 1 22                          2                 2          2               0     0   0    0   02              
19-85-87-437028-001-01 111  2400  600000 92  2400  600000 92020    3 1 2 1 22                          2                 2          2             720     0   0  480   04              
19-85-87-437028-001-01 341  1380  552000 94  1380  552000102020    1 1 2 1 22                          2                 2          2              20    40   0    0   02              
19-85-87-437028-001-01 411  1650 1100000 94  1650 1100000102020    3 1 2 1 22                          2                 2          2             300     0   0    0   02              
10-97-71-757028-001-04 111   324  216000161   324  216000 82020    1 1 2 1 22                          2                 2          2             216     0   0   18   05              
10-97-71-757028-001-04 311    10   26000161    10   26000 52020    1 1 2 1 22                          2                 2          2              10     0   0    0   05              
41-41-06-727029-001-01 112                                                                                               2          2             480     0   0    0   04              
41-41-06-727029-001-01 312                                                                                               2          2             200    20   0    0   02              
41-41-06-727029-001-01 341   240  240000 91   240  240000102020    1 1   1  2                          2                 2          2               0     0   0    0   04              
45-81-24-077030-001-01 111  1800  600000 91  1800  600000 82020    2 1   1 22                          2                 2          2             600   600   0  120   05              
45-81-24-077030-001-01 311    60   75000 91    60   75000 82020    1 1   1 22                          1    1   12      02          2              20    20   0   20   03              
45-81-24-077030-001-01 342                                                                                               2          2              40     0   0   10   03              
42-67-95-587042-001-01 111  1728  480000 91  1728  480000 92020    2 1   1  2                          2                 2          2             540     0   0  108   04              
42-67-95-587042-001-01 341   720  600000 91   720  600000112020    3 1   1  2                          2                 2          2              80    20   0   20   08              
56-43-18-627042-001-02 111  1098  366000 91  1098  366000 92020    1 1 2 1 22                          2                 2          2             432     0   0   90   04              
56-43-18-627042-001-02 311    20   30000 91    20   30000 82020    1 1 2 1 22                          2                 2          2              20     0   0    0   02              
56-43-18-627042-001-02 341   180  135000 91   180  135000112020    1 1 2 1 22                          2                 2          2              40    10   0   10   08              
41-71-43-397043-001-01 112                                                                                               2          2            1200     0   0    0   02              
41-71-43-397043-001-01 341   480  240000 51   480  240000 92020    1 1   1  2                          1   30   83      02          2             110    10   0    0   04              
20-12-38-437044-001-01 111  4800 1200000 91  4800 1200000 82020    5 1 2 1  2                          2                 2          2            2400     0   0    0   04              
20-12-38-437044-001-01 411   210  120000 91   210  120000 42020    1 1   1  2                          2                 2          2             210     0   0    0   02              
09-53-61-527045-001-01 112                                                                                               1  600011112            1680     0   0    0 7204              
09-53-61-527045-001-01 341  2100  840000 91  2100  840000102020    1 1   1 22                          2                 2          2             450    25   0    0   04              
09-53-61-527045-001-01 351  2400 2000000 94  2400 2000000102020    1 1   1 22                          2                 2          2              60    20   0    0   02              
58-22-33-937045-001-02 112                                                                                               2          2             100     0   0    0   04              
58-22-33-937045-001-02 342                                                                                               2          2              80     0   0    0   02              
21-93-66-057045-001-03 111  2760 1380000 93  2760 1380000 82020    1 1   1  2                          2                 1  120011112             240     0   0    0   04              
21-93-66-057045-001-03 311   120  120000 92   120  120000 52020    1 1   1  2                          2                 1    5012 12              60     0   0   10   04              
98-87-18-537046-001-01 112                                                                                               1   10042 12             100     0   0    0   02              
98-87-18-537046-001-01 411   400  260000 91   400  260000 62021    2 3   3  2                          2                 2          2               0     0   0    0   02              
95-99-51-827047-001-01 112                                                                                               2          2             960     0   0    0   04              
95-99-51-827047-001-01 322                                                                                               2          2              60     0   0    0   02              
95-99-51-827047-001-01 341   120   60000 94   120   60000102020    1 2   2  2                          2                 2          2             240     0   0    0   02              
95-99-51-827047-001-01 411   150  100000 93   150  100000102020    1 1 2 1 22                          2                 2          2             150     0   0    0   02              
95-99-51-827047-001-01 922                                                                                               2          2             120     0   0   80   02              
68-30-88-277047-001-04 112                                                                                               2          2            1200     0   0    0   04              
68-30-88-277047-001-04 311   240  190000 92   240  190000 62020    1 1 2 1 22                          2                 2          2              60     0   0    0   02              
68-30-88-277047-001-04 341   600  400000 94   600  400000 82020    3 1 2 1 22                          2                 2          2               0     0   0    0   08              
80-06-63-067048-001-01 111   360  105000 92   360  105000 72020    1 1   1  2                          2                 2          2             480     0   0    0   02              
58-51-78-077049-001-01 111   300   90000 91   300   90000 92020    1 1   1  2                          2                 2          2            1400    50   0   50   04              
58-51-78-077049-001-01 341   600  300000 91     1  300000112020    1 1   1  2                          2                 2          2              90    30   0    0   04              
83-87-76-407049-001-02 111  1200  360000 91  1200  360000112020    1 1 2 1 22                          1    5   13      02          2            2400    50   0   50   04              
83-87-76-407049-001-02 341   960  480000 91   960  480000112020    1 1 2 1 22                          1    5   13      02          2              90    20   0   10   04              
82-38-27-787062-001-01 111  6000 1500000 95  6000 1500000 92020    1 1   1  2                          2                 2          2               0     0   0    0   05              
82-38-27-787062-001-01 311  4200 2100000 95  4200 2100000 92020    1 1   1  2                          2                 2          2               0     0   0    0   05              
15-26-83-147066-001-01 121   200  100000 91   200  100000 42020    1 1   1  2                          1    4   11      02          2              80     0   0   20   02              
21-89-88-287085-001-01 112                                                                                               1    3652 12              64     0   0  186   02              
61-49-29-247087-001-01 112                                                                                               2          2            2400     0   0 1200   04              
61-49-29-247087-001-01 311   120  240000 91   120  240000 22021    1 1   1  2                          2                 2          2             120     0   0    0   04              
61-49-29-247087-001-019981   240  220000 91   240  220000 22021    1 1   1  2                          2                 2          2               0    20   0  220   04              
83-75-68-607099-001-01 112                                                                                               2          2             120     0   0    0   02              
64-20-56-277100-001-01 112                                                                                               2          2              45     0   0    0   05              
73-92-63-517102-001-01 111 40000   20000 21    40   20000 72020    1 1   1  2                          2                 2          2              80     0   0    0   02              
16-14-07-747105-001-02 112                                                                                               2          2              80     0   0    0   02              
16-14-07-747105-001-02 121   900  450000 91   900  450000 92020    2 2   2  2                          2                 1   36042 12             540     0   0    0   02              
13-96-85-807106-001-03 112                                                                                               2          2             450     0   0    0   04              
13-96-85-807106-001-03 121   560  400000 52   560  400000 72020    1 1   1  2                          1    2   15  100002          2               0     0   0    0   02              
34-73-33-017108-001-01 112                                                                                               2          2             162     0   0    0   04              
29-40-20-767110-001-01 112                                                                                               2          2             170    10   0    0   05              
31-77-10-507118-001-01 111   280   90000 93   280   90000 82020    1 1   1 22                          1   38   16      02          2             700     0   0    0   02              
78-35-45-177119-001-01 112                                                                                               2          2             280     0   0    0   02              
78-35-45-177119-001-01 501    40   42000201    40   42000 72020    1 1   1  2                          2                 2          2               0     0   0    0   02              
90-38-56-467120-001-01 112                                                                                               2          2             400     0   0    0   02              
90-38-56-467120-001-01 312                                                                                               2          2              40     0   0    0   02              
84-92-39-367122-001-07 111   756  315000 92   756  315000 62020    1 1   1  2                          1    3   15  100002          2             162     0   0   54   05              
21-63-86-537124-001-01 111   216   90000 91   216   90000 62020    1 1   1  2                          2                 2          2             324     0   0    0   02              
21-63-86-537124-001-01 501    50   40000 61    50   40000 72020    1 1   1  2                          1    1   12      02          2               0     0   0    0   02              
70-58-84-847125-001-02 121   400  300000 21   400  300000 72020    3 2 3 2 32                          2                 2          2             240180000   0    0   02              
13-52-97-317143-001-01 222                                                                                               2          2             100     0   0    0   04              
13-52-97-317143-001-01 312                                                                                               2          2              20     0   0    0   02              
70-94-18-577156-001-01 222                                                                                               2          2             300     0   0    0   04              
89-15-40-327156-001-07 132                                                                                               2          2             300     0   0    0   05              
82-99-49-707157-001-01 112                                                                                               2          2              60     0   0    0   04              
48-98-09-927159-001-01 112                                                                                               2          2             500    40   0    0   04              
15-99-79-887162-001-01 112                                                                                               2          2             324     0   0    0   04              
23-95-13-937163-001-01 112                                                                                               2          2             280     0   0    0   02              
23-95-13-937163-001-01 132                                                                                               2          2             140     0   0    0   02              
45-44-01-967166-001-01 112                                                                                               2          2              40     0   0    0   02              
00-30-59-557185-001-01 112                                                                                               1   15041112             600     0   0   30  202              
00-30-59-557185-001-01 311   100  200000 91   100  200000 22021    1 1   1  2                          2                 2          2             150     0   0    0   02              
33-35-59-817194-001-02 311   120  222000 92   120  222000 52020    1 2   2  2                          2                 2          2              40    40   0   20   02              
77-00-39-767195-001-01 112                                                                                               1   36041112            1260     0   0  180   02              
77-00-39-767195-001-01 311   250  600000 91   250  600000 92020    3 1 2 1 22                          2                 2          2              50     0   0    0   05              
63-50-84-217196-001-01 112                                                                                               1    8041112             220     0   0  300   03              
63-50-84-217196-001-01 311   160  240000163   160  240000 32020    1 1 2 1 22                          2                 1    4041132              80    40   0    0   03              
63-50-84-217196-001-01 871   140  168000163   140  168000 32020    1 1 2 1 22                          2                 2          11 3 108000    60     0   0    0   03              
00-59-89-487198-001-01 112                                                                                               2          2             600     0   0    0   02              
00-59-89-487198-001-01 312                                                                                               2          2             340     0   0    0   02              
36-27-12-337200-001-01 111   100   70000 21   100   70000 82020    3 1   1  2                          2                 2          2             320     0   0    0   02              
36-27-12-337200-001-01 311    27   37500 41    27   37500 72020    1 1   1  2                          2                 2          2              27     0   0    5   02              
94-63-12-267217-001-01 112                                                                                               2          2              80     0   0    0   02              
33-93-15-017218-001-01 112                                                                                               1   500711113 1   1500   100    25   0    0   02              
55-07-80-347219-001-01 111   648  216000 91   648  216000 62020    3 1   1  2                          2                 1    9042 12             288     0   0   48   03              
92-02-31-707220-001-01 112                                                                                               1   20072 12             100     0   0    0   04              
68-11-80-277232-001-01 112                                                                                               2          2             250    10   0    0   02              
68-11-80-277232-001-01 312                                                                                               2          2              20     0   0    0   02              
03-88-81-187233-001-02 111    80   28000 42    80   28000 52021    2 2   2  2                          1    2   41      01   36011212             360    60   0  140   02              
03-88-81-187233-001-02 311     5    4000 42     5    4000 42021    1 2   2  2                          1    2   11      01    3012 32              20    20   0    5   02              
50-03-21-927234-001-01 111   100   30000162   100   30000 52021    1 1   1  2                          2                 1   10011212             100    20  40   80   02              
50-03-21-927234-001-01 312                                                                                               1    4011112              20    20   0   80   02              
18-17-32-427235-001-01 112                                                                                               1   12071212             315     5   0    0   04              
18-17-32-427235-001-01 312                                                                                               2          2              40     0   0    0   04              
22-75-61-337236-001-01 111   108   30000 91   108   30000 62020    1 1   1  2                          2                 2          2             414    18   0    0   02              
22-75-61-337236-001-01 312                                                                                               2          2              16     4   0    0   02              
12-90-93-317237-001-01 112                                                                                               2          2             180     0   0    0   02              
41-63-57-787238-001-01 112                                                                                               2          12 1  30000  1000     0   0  100   04              
41-63-57-787238-001-01 222                                                                                               2          2             150     0   0   50   04              
41-63-57-787238-001-01 252                                                                                               2          2             150     0   0   50   02              
41-63-57-787238-001-01 312                                                                                               2          2              40     0   0   10   02              
41-63-57-787238-001-01 412                                                                                               2          2              15     0   0    0   02              
39-75-73-737239-001-01 112                                                                                               1    1212 12             200     0   0    0   03              
39-75-73-737239-001-01 311    20   32000 41    20   32000 12021    1 2   2  2                          2                 2          2              20     0   0    0   04              
18-80-43-117251-001-01 111   100   42000 91   100   42000112020    1 1   1  2                          2                 2          2             200     0   0    0   05              
81-00-68-637251-001-02 111   108   36000 91   108   36000 82020    1 1 2 1 22                          2                 2          2             252     0   0   36   02              
81-00-68-637251-001-02 312                                                                                               2          2              20     0   0   40   02              
66-77-07-597252-001-01 111  1200  180000 42  1200   18000 42020    1 121 1212                          1    4   14  100002          2            1200     0   0    0   02              
66-77-07-597252-001-01 311   240  300000 42   240  300000 72020    1 121 1212                          1    4   14   40002          2             120     0   0    0   02              
35-55-15-717252-001-09 111   360   90000 91   360   90000 82020    1 1   1 22                          2                 2          2             600     0   0  240   02              
00-28-92-717252-001-13 112                                                                                               2          12 1  14000   518     0   0   36   02              
00-28-92-717252-001-13 412                                                                                               2          2              30     0   0    0   08              
45-38-97-527252-001-15 121   750  250000 94   750  250000 62020    1 1 2 1 22                          2                 2          2             165    75   0   60   02              
97-32-03-217252-001-18 112                                                                                               2          2             260     0   0    0   02              
97-32-03-217252-001-18 121   357  150000163   357  150000 62020    1 1 2 1 22                          2                 2          2             238     0   0    0   02              
23-03-77-967253-001-01 111  1960  343000163  1960  343000 82020   10 1 2 1  2                          1   25   54  490002          2             840     0   0    0   03              
23-03-77-967253-001-01 311   120   81000163   120   81000 82020    1 1 2 1  2                          2                 2          2              60     0   0    0   03              
60-19-64-977254-001-01 311    60   75000 91    60   75000 7202075000 1   1  2                          2                 2          2              30     0   0   10   02              
89-93-63-097254-001-02 111  1000  480000 91  1000  480000 12021    1 1   1  2                          1    8   15  200002          2             800     0   0    0   04              
89-93-63-097254-001-02 311   200  280000 91   200  280000 82020    1 2   2  2                          2                 2          2             160     0   0    0   04              
13-78-92-737255-001-01 111   360   72000163   360   72000 92020    1 1   1  2                          2                 2          2             420     0   0   60   02              
13-78-92-737255-001-01 311    20   11000 93    20   11000 22020    1 1   1  2                          2                 2          2              20    20   0    0   02              
13-78-92-737255-001-01 431    20   88000 93    20   88000 72020    1 1   1  2                          2                 2          2              10    20   0    0   02              
52-66-54-877255-001-02 111   720  216000 93   720  216000 82020    1 1 2 1 22                          1   10   16  250001   12041112             360     0   0    0   02              
27-28-31-487256-001-01 111  3090 1197000 91  3090 1197000 82020    8 1 2 1 22                          2                 2          2            1450     0   0   80   05              
27-28-31-487256-001-01 311    40   50000 91    40   50000102020    2 1 2 1 22                          2                 2          2              55     0   0    5   05              
27-28-31-487256-001-01 431   360  420000 91   360  420000 92020    3 1 2 1 22                          2                 2          2              85     0   0   15   05              
15-61-79-537257-001-01 111  1080  324000 91  1080  324000 82020    3 1 2 1 22                          2                 2          2            1590     0   0  240   04              
15-61-79-537257-001-01 312                                                                                               2          2             120     0   0    0   04              
15-61-79-537257-001-01 431   404  810000 91   404  810000102020    2 1 2 1 22                          2                 2          2              80     0  30   16   04              
49-28-25-587258-001-01 112                                                                                               2          2             700     0   0   20   02              
49-28-25-587258-001-01 311    40   50000 93    40   50000 42021    1 1   1  2                          2                 2          2              40     0   0    0   02              
86-48-55-227270-001-01 121  3570 1700000165  3570 1700000122020    1 1   1  2                          2                 2          2             525   105   0  210   05              
77-81-42-637271-001-01 111   140   50000 21   140   50000 52020    1 1   1  2                          2                 2          2            2500    20   0    0   05              
20-15-14-217271-001-02 121  1575  750000 91  1575  750000 92020    3 1   1  2                          2                 1  204032 22             105    60   0    0   01              
21-72-59-457272-001-01 112                                                                                               1  112042 12               0     0   0    0   02              
21-72-59-457272-001-01 121  3000 1250000 93  3000 1250000 62021    1 1 2 1 22                          2                 1  360042 22             480   120   0    0   02              
21-72-59-457272-001-01 431    60  120000 94    60  120000 72021    1 1 2 1 22                          2                 1    1542 32               5    15   0    0   02              
83-24-43-627273-001-01 112                                                                                               2          2             620     0   0    0   02              
83-24-43-627273-001-01 121  7875 3750000 91  7875 3750000 92020    1 1 2 1 22                          2                 2          2             375     0   0   45   02              
54-14-06-277274-001-01 112                                                                                               2          2             420     0   0    0   02              
54-14-06-277274-001-01 121  2625 2100000 91  2625 2100000112020    1 1   1  2                          2                 2          2              75     0   0   75   02              
50-87-73-807275-001-01 111   100   50000 21   100   50000 92020    1 1   1  2                          2                 2          2             800     0   0    0   05              
50-87-73-807275-001-01 432                                                                                               2          2              40     0   0    0   05              
93-43-36-447276-001-01 112                                                                                               2          2             882     0   0  126   02              
93-43-36-447276-001-01 121  2100  800000 91     1  800000112020    1 1   1  1 91  735 280000 4202111 1 2                 2          2             315     0   0    0   02              
70-90-36-857277-001-01 111  1440  432000161  1440  432000 72020    1 1 2 1 22                          2                 2          2            1200     0   0    0   04              
70-90-36-857277-001-01 222                                                                                               2          2             700     0   0    0   04              
70-90-36-857277-001-01 431    80  100000 52    80     100 62020    1 1 2 1 22                          1   12   12      02          2             320     0   0    0   04              
82-35-63-017277-001-03 111  1260  600000 91  1260  600000112020    1 1 3 1 32                          2                 2          2            1764     0   0    0   02              
82-35-63-017277-001-03 122                                                                                               2          2            1575     0   0    0   02              
63-58-36-227289-001-01 112                                                                                               2          2             550     0   0   50   04              
63-58-36-227289-001-01 322                                                                                               2          2              60     0   0    0   04              
63-58-36-227289-001-01 332                                                                                               2          2              30     0   0   10   04              
63-58-36-227289-001-01 362                                                                                               2          2              20     0   0    0   04              
63-58-36-227289-001-01 432                                                                                               2          2              50     0   0   10   04              
77-66-23-237289-001-02 112                                                                                               2          2             126     0   0    0   02              
77-66-23-237289-001-02 411   490  392000 91   490  392000 62020    1 1 2 1 22                          2                 2          2               0     0   0    0   02              
58-92-85-997290-001-01 112                                                                                               1   14042 113 1   8000   200    20   0    0   02              
58-92-85-997290-001-01 411   207  161000 94   135  126000 72021    1 1 2 1  1 92   72  56000 82021112122                 1     952 12              27     0   0    0   02              
58-92-85-997290-001-01 432                                                                                               1    6042 12              24    24   0    0   02              
97-27-00-817291-001-01 111   140   49000163   140   49000 82020    1 1 3 1 32                          2                 2          2             200    60  20    0   05              
35-09-72-297293-001-01 112                                                                                               2          2            1460    40   0    0   04              
35-09-72-297293-001-01 131   300  300000 93   300  300000 82020    1 1 2 1 22                          2                 2          2            1060    20   0    0 1204              
27-63-10-527293-001-07 112                                                                                               1   36011112             960     0   0    0   04              
27-63-10-527293-001-07 121  3000 2400000162  3000 2400000102020    2 2   2  2                          2                 1 1222522 22            1500  1275   0    0   04              
27-63-10-527293-001-07 432                                                                                               2          2             580    20   0    0   04              
12-77-98-507294-001-01 121   840  840000 51   840  840000122020    1 1   1  2                          1   15   14  800002          2            1750   140   0    0   05              
36-47-69-257295-001-01 112                                                                                               2          2             600     0   0    0   02              
36-47-69-257295-001-01 132                                                                                               2          2             600     0   0    0   02              
73-59-70-207296-001-01 121  4000 2000000 91  4000 2000000 92020    1 1 2 1 22                          1    4   15  300002          2            3000   500   0    0   05              
26-24-63-127338-001-03 122                                                                                               2          2             100     0 150    0   08              
02-14-73-117338-001-04 122                                                                                               2          2             100     0   0  100   04              
11-89-03-917366-001-01 111   600  360000 42   600  360000 62020    1 1   1  2                          1    2   14  120002          2               0     0   0    0   01              
35-07-68-117368-001-01 122                                                                                               2          2             200     0   0   50   08              
49-96-42-287631-001-03 121   560  240000 91   560  240000 82020    2 3 5 3 52                          2                 1    6042 113 1  65000   520    40   0   80   02              
63-23-04-537635-001-01 121   210  100000 91   210  100000 72020    2 1   1  2                          2                 2          2              90    15   0    0   02              
16-31-01-007636-001-01 122                                                                                               2          2             380    40   0  210   02              
16-31-01-007636-001-019981   680  510000164   680  510000 72020    1 1 2 1 22                          2                 2          2               0    20   0    0   02              
72-11-98-017650-001-01 122                                                                                               1   16042 12              80     0   0    0   02              
72-11-98-017650-001-01 322                                                                                               2          2              10     0   0    3   02              
72-11-98-017650-001-01 922                                                                                               2          2               9     0   0    2   02              
72-11-98-017650-001-019982                                                                                               2          2               9     0   0    5   02              
44-04-92-357651-001-01 112                                                                                               2          2             300     0   0    0   02              
44-04-92-357651-001-01 122                                                                                               1   18042 12             180     0   0    0   02              
62-17-78-367653-001-01 112                                                                                               2          2              12     0   0    8   02              
62-17-78-367653-001-01 322                                                                                               2          2               2     0   0    0   02              
62-17-78-367653-001-01 872                                                                                               2          2              34     0   0    6   02              
62-17-78-367653-001-01 922                                                                                               2          2              20     0   0   10   02              
38-38-42-787655-001-01 111    60   24000 21    60   24000 72020    1 1 2 1 22                          2                 1   10042 12              80    20   0   20   02              
38-38-42-787655-001-01 121   100   80000 31   100   80000102020    1 1 2 1 22                          2                 1   60042 12             300   100   0  160   02              
68-19-91-607656-001-01 121   400  100000 91   400  100000 72020    1 1 2 2  2                          2                 2          2            1080   200   0    0   02              
64-69-57-407657-001-01 112                                                                                               2          2             140     0   0   60   02              
64-69-57-407657-001-01 121  2400 1400000 91  2400 1400000 82020    1 1   1  2                          2                 2          2             160   480   0  160   02              
17-20-31-197657-001-03 121   140   80000 91   140   80000 92020    1 1   1  2                          2                 2          2             400    40   0  120   02              
48-48-39-867674-001-01 112                                                                                               2          2             180     0   0    0   02              
48-48-39-867674-001-01 121  1500  600000 93  1500  600000 72020    1 1   1  2                          2                 2          2             150     0   0    0   02              
27-77-08-527675-001-01 121  1600  800000 93  1600  800000112020    1 1   1  2                          2                 1   20042 12             400     0   0    0   02              
48-25-81-237688-001-01 111   200  100000 91   200  100000 72021    1 1   1  2                          2                 2          2               0     0   0    0   02              
37-27-82-447689-001-01 421   700  875000161   700  875000 62021    1 1 2 1 22                          2                 2          2               0     0   0    0   05              
32-21-84-787690-001-02 111   100   20000 93   100   20000 52020    3 3   3 42                          2                 2          12 1   2000   120    20   0    0   02              
73-28-16-657692-001-01 111  1200  600000 94  1200  600000112020    2 1   1 22                          1    1  186  150002          2             400     0   0  180  202              
59-61-20-397693-001-01 111   100   50000161   100   50000 72020    1 1   1  2                          2                 2          2             200     0   0    0   02              
51-45-14-977694-001-01 421   680  760000 92   680  760000 72020    1 1 2 1 22                          1    6   26  280002          2               0     0   0    0   02              
48-86-67-227695-001-01 111   180   50000 91   180   50000 72020    1 1 2 1 22                          2                 2          2             702     0   0   18   02              
43-93-30-837709-001-01 112                                                                                               2          2             196     2   0    0   02              
00-98-54-117726-001-01 112                                                                                               2          2             580     0   0    0   02              
46-86-49-347727-001-01 112                                                                                               2          2              72     0   0    0   02              
46-86-49-347727-001-01 411    24   10000 93    24   10000 72020    1 1   1  2                          2                 2          2               0     0   0    0   02              
11-67-43-987727-001-02 112                                                                                               2          2             620    20   0    0   02              
11-67-43-987727-001-02 341   150  112500161   150  112500 92020    1 1 2 1 22                          2                 2          2              40    10   0    0   02              
15-42-73-607728-001-01 112                                                                                               2          2             660    40   0    0   02              
45-57-77-157728-001-04 112                                                                                               2          2             320    20   0   40   02              
88-14-86-337729-001-01 112                                                                                               2          2             640     0   0   40   02              
88-14-86-337729-001-01 341    40   36000 93    40   36000 82020    1 1 4 1 42                          2                 2          2              10     0   0    0   03              
82-52-23-197730-001-01 221   225   75000 21   225   75000 72020    1 1   1  2                          2                 2          2              75     0   0    0   04              
82-52-23-197730-001-01 411   100   84000 21   100   84000 82020    1 1 2 1 22                          2                 2          2               0    40  40    0   03              
83-92-82-087732-001-01 111  1080  420000 91  1020  420000 82020    1 1   1  2                          2                 2          2             198    60   0    0   02              
83-92-82-087732-001-01 411    27   15000 91    27   15000 72020    1 1 2 1 22                          2                 2          2              60    10   0    0   02              
83-92-82-087732-001-01 432                                                                                               2          2              10     0   0    0   02              
51-07-44-647732-001-05 112                                                                                               2          2             340     0   0    0   05              
51-07-44-647732-001-05 411   288  120000 94   288  120000 82020    2 1 2 1 22                          2                 2          2              12    12   0    0   02              
26-88-11-767732-001-06 112                                                                                               2          2             180     0   0   20   02              
63-84-49-817732-001-09 112                                                                                               2          2              80     0   0    0   05              
63-84-49-817732-001-09 411   360   30000 92   360   30000 72020    2 2   2  2                          2                 2          2              15     7   0    0   02              
94-29-07-237733-001-01 112                                                                                               2          2             200     0   0   20   05              
94-29-07-237733-001-01 341    40   20000 93    40   20000102020    1 1 2 1 22                          2                 2          2              15     0   0    5   08              
94-29-07-237733-001-01 411    40   27000 91    40   27000 82020    1 1 2 1 22                          2                 2          2              10     0   0    0   02              
94-29-07-237733-001-01 431    50   70000 91    50   70000 82020    1 1 2 1 22                          2                 2          2              40     0   5    5   02              
62-66-54-857745-001-02 112                                                                                               2          2             217     3   0    0   02              
59-34-00-287746-001-01 111   140   40000 35   140   40000 72020    1 1 2 1 22                          2                 2          2             200     0   0   60   02              
59-34-00-287746-001-01 342                                                                                               2          2              20     0   0    0   02              
70-87-82-307746-001-04 112                                                                                               2          2             320     0   0  100   02              
70-87-82-307746-001-04 341    40   20000 93    40   20000102020    1 4   4  2                          1    3   14   20002          2               0     0   0    0   02              
86-62-61-137747-001-01 112                                                                                               2          12 1   5000   290     0   0    0   02              
94-41-06-337749-001-01 112                                                                                               2          2             400     0   0   40   02              
94-41-06-337749-001-01 412                                                                                               2          2              50     0   0    0   02              
81-04-14-297751-001-01 112                                                                                               2          2              60     0   0    0   02              
60-10-77-457765-001-01 122                                                                                               2          2              70     0   0    0   02              
09-26-56-737767-001-01 421    55   77000 92    55   77000 62020    1 1   1  2                          2                 2          2               1     3   0    1   02              
36-91-08-387767-001-02 112                                                                                               2          2               8     2   0    0   02              
36-91-08-387767-001-02 421   130  200000 51   130  200000 52020    1 1 2 1 22                          2                 2          2              10     2   0    8   02              
82-38-34-767768-001-019981   150  400000 51   150  400000112020    1 1   1  2                          2                 2          2               0     0   0    0   01              
66-99-05-827770-001-01 112                                                                                               2          2              30     0   0    0   02              
66-99-05-827770-001-01 121   150   75000161   150   75000 72020   10 1 4 1 42                          2                 2          2              90    20  40    0   02              
66-99-05-827770-001-01 322                                                                                               2          2              15     2   0   13   02              
11-76-93-907771-001-01 112                                                                                               2          2             108     0   0    0   02              
11-76-93-907771-001-01 421    35   52500 91     1   52500 62020    1 1   1  2                          2                 2          2               4     0   0    0   02              
19-27-38-767772-001-01 112                                                                                               2          2              85     0   0   15   02              
19-27-38-767772-001-01 421   300  660000 52   300  660000 62020    1 1   1 22                          1   13   16  120002          2               0     0   0    0   02              
39-02-43-057783-001-01 112                                                                                               2          14 1   9000   357     0   0   20   03              
39-02-43-057783-001-01 322                                                                                               2          2              15     0   0    5   03              
64-51-13-877784-001-01 111  1800  972000161  1800  972000 72020    3 1 2 1 22                          2                 1   470411113 1  12000   900    30   0  400   02              
64-51-13-877784-001-01 321   200  300000161   200  300000102020    3 1 2 1 22                          2                 2          2             128    12   0   60   02              
64-51-13-877784-001-01 342                                                                                               2          2             373     1   0  100   02              
64-51-13-877784-001-01 922                                                                                               2          2              60     0   0   20   02              
91-84-77-027784-001-05 321    20   30000 91    20   30000 72020    1 1   1  2                          2                 2          2              20     0   0    0   02              
07-40-14-617785-001-07 112                                                                                               2          2              30     0   0    0   02              
07-40-14-617785-001-07 122                                                                                               2          2             200     0   0    0   02              
63-96-57-657789-001-01 111   126   56000 91   126   56000 62020    1 1 2 1 22                          2                 2          2             256    36   0  126   02              
37-79-76-007789-001-02 112                                                                                               2          2             196     4   0    0   02              
16-12-93-027790-001-02 112                                                                                               2          2             410     0   0    0   02              
16-12-93-027790-001-02 241    35   20000 41    35   20000 92020    1 2 3 2 32                          2                 2          2              40     0   0    0   02              
40-64-10-347802-001-01 112                                                                                               2          2             400     0   0    0   02              
40-64-10-347802-001-01 122                                                                                               2          2             120     0   0   30   02              
40-64-10-347802-001-01 431    60  300000 91    60  300000 82020    1 1 2 1 22                          2                 2          2              15     0   0    0   02              
17-90-17-267804-001-01 112                                                                                               1   10052 112 2  40000   260    20   0    0   02              
60-23-57-077805-001-01 111   800  480000 92   800  480000122020    2 1 2 1 22                          2                 2          13 1  30000   600    50   0  200   02              
60-23-57-077805-001-01 222                                                                                               2          2             150     0   0   50   01              
60-23-57-077805-001-01 322                                                                                               2          2              50     2   0   28   02              
60-23-57-077805-001-01 342                                                                                               2          2              40     1   0    9   01              
17-34-94-887806-001-01 112                                                                                               1    1362 12              50     2   0   15   04              
81-48-53-177806-001-02 112                                                                                               2          2              20    10   0   10   02              
81-48-53-177806-001-02 341    20   10000 42    20   10000 62020    1 1 2 1 22                          2                 2          2              50     0   0   10   02              
25-44-43-187807-001-01 112                                                                                               2          2             100     0   0    0   02              
25-44-43-187807-001-01 342                                                                                               2          2              10     0   0    0   02              
95-48-94-617808-001-01 112                                                                                               2          12 2  40000   300    20   0   40   02              
95-48-94-617808-001-01 122                                                                                               2          2              26     4   0   10   02              
95-48-94-617808-001-01 222                                                                                               2          2              50     0   0    0   02              
95-48-94-617808-001-01 342                                                                                               2          2               5     5   0    0   02              
95-48-94-617808-001-01 361    64   76800104    64   76800 72020    1 1 2 1 22                          1   50   16   50002          2              20    30   0    1  162              
16-78-00-157809-001-01 111   339  101700 91   339  101700 72020    5 1 2 1 22                          2                 1    3641112             645    27   0  100   03              
16-78-00-157809-001-01 321    12    6000 92    12    6000 92020    1 1 2 1 22                          2                 2          2               7     0   0    0   03              
16-78-00-157809-001-01 341   105   21000 92   105   21000 82020    8 1 2 1 22                          2                 1     262 12              60     6   0   30   03              
16-78-00-157809-001-01 431    28   70000 92    28   70000 92020    2 1 2 1 22                          2                 2          2              77    12   0   36   03              
33-34-92-887811-001-01 112                                                                                               2          2             300    20   0   30   02              
33-34-92-887811-001-01 341    80   50000 51    80   50000 72020    1 1 2 1 22                          2                 2          2               0     0   0    0   02              
33-34-92-887811-001-01 432                                                                                               2          2             200    20   0   20   02              
74-19-50-757821-001-01 112                                                                                               2          2             258    18 108  120   02              
74-19-50-757821-001-01 322                                                                                               2          2               2     0   0    0   03              
74-19-50-757821-001-01 342                                                                                               2          2              40     4   0    6   02              
05-58-61-247821-001-02 112                                                                                               1   15042 12             120    10  10    0   02              
05-58-61-247821-001-02 342                                                                                               2          2              20     0   0    0   02              
16-78-25-517822-001-01 112                                                                                               2          2             680     8  72  104   03              
16-78-25-517822-001-01 342                                                                                               2          2             110     5   0   10   03              
32-99-12-857823-001-01 112                                                                                               2          2              60     0   0    0   02              
32-99-12-857823-001-01 341    40   20000 91    40   20000 82020    1 1   1  2                          2                 2          2              20     0   0    0   02              
95-78-69-017823-001-02 121   480  250000161   480   50000 72020    2 1 2 1 22                          2                 2          13 2  40000   640    48  48   96   02              
63-30-99-247824-001-01 112                                                                                               2          2             116     0   0   20   02              
63-30-99-247824-001-01 341    60   48000 71    60   48000 92020    1 1   1  2                          2                 2          2              20     0   0    0   02              
26-83-07-887825-001-01 122                                                                                               2          2             165     5   0    0   01              
26-83-07-887825-001-01 342                                                                                               2          2              32     0   0    0   02              
19-13-36-447826-001-02 112                                                                                               2          2              50     0   0    0   02              
19-13-36-447826-001-02 122                                                                                               2          2             120     0   0    0   02              
19-13-36-447826-001-02 342                                                                                               2          2              20     0   0    0   02              
11-01-62-717826-001-04 112                                                                                               2          2             160     0   0   20   02              
19-76-47-957827-001-01 112                                                                                               2          13 2  20000   316    20  96   48   02              
19-76-47-957827-001-01 341    96   50000 51    96   50000 82020    1 1 2 1 22                          2                 2          2              15     3   0    2   02              
18-60-12-927827-001-02 112                                                                                               2          2            1020     0   0   30   02              
18-60-12-927827-001-02 341   150   90000 92   150   90000122020    1 2   2 42                          2                 2          2             190     0   0   10   02              
18-60-12-927827-001-02 922                                                                                               2          2             200     0   0    0   02              
17-99-40-217840-001-01 322                                                                                               2          2               7     1   0    0   02              
17-99-40-217840-001-01 421   250  500000 61   246  500000 62021    3 1 2 1 22                          2                 2          2               3     1   0    0   02              
49-58-44-747841-001-01 112                                                                                               2          2              14     1   0    0   02              
29-74-60-147842-001-01 112                                                                                               2          2             104     4   0    0   03              
22-67-43-597843-001-01 432                                                                                               2          2              12     0   0    0   02              
21-16-08-167846-001-01 122                                                                                               2          2             200     0   0    0   02              
21-16-08-167846-001-01 222                                                                                               2          2             150     0   0    0   01              
21-16-08-167846-001-01 922                                                                                               2          2             150     0   0    0   01              
08-12-65-707847-001-01 342                                                                                               2          11 2   9000    24     0   0    0   02              
83-27-07-277847-001-02 112                                                                                               2          2             150     0   0    0   02              
83-27-07-277847-001-02 222                                                                                               2          2             150     0   0   50   02              
83-27-07-277847-001-02 341   100  100000 92   100  100000102020    1 1   1 22                          2                 2          11 1  10000    70     0   0   20   02              
13-86-84-697859-001-01 112                                                                                               2          2              39     1   0    0   02              
70-91-07-557860-001-01 112                                                                                               2          2              15     0   0    0   02              
70-91-07-557860-001-01 342                                                                                               2          2              20     0   0    0   02              
01-06-91-867860-001-02 112                                                                                               2          2             116     4   0   40   08              
01-06-91-867860-001-02 421   320  448000 52   320  448000 62020    1 1 2 1 22                          1   10   15  240002          2               0     0   0    0   08              
19-68-40-277860-001-04 112                                                                                               2          2             180     0   0    0   02              
19-68-40-277860-001-04 362                                                                                               2          2              20     0   0    0   02              
06-05-88-837861-001-01 112                                                                                               2          2              10     0   0    0   08              
08-24-51-297863-001-01 112                                                                                               2          2             100     0   0    0   02              
08-24-51-297863-001-01 421   800 1772000 53   800 1772000 62020    1 1 2 1 22                          1    2   16   15002          2               0    20   0    0   02              
03-51-23-507865-001-01 111   200  100000 92   200  100000112020    1 1   1 22                          2                 2          2             180     0   0   10  102              
03-51-23-507865-001-01 222                                                                                               2          2             180     0   0   20   01              
03-51-23-507865-001-01 341    50   40000 95    50   40000 92020    1 1   1 22                          2                 2          2              60     0   0   10   01              
03-51-23-507865-001-01 361   150  105000 95   150  105000102020    1 1   1 22                          2                 2          2              50     0   0    0   02              
16-82-37-777866-001-01 421   452  994400 54   452  994400 62020    1 1 2 1 22                          1    7   36   80002          2               0     0   0    0   02              
14-97-67-177866-001-03 421  1000 2200000 75  1000 2200000 62020    1 1   1  2                          1    5   14   80002          2               0     0   0    0   02              
88-88-83-397866-001-04 342                                                                                               2          2              14     2   0    4   02              
88-88-83-397866-001-04 421   145  261000 55   145  261000 62020    1 1 2 1 22                          1    1   16  100002          2               2    30   0    3   02              
05-43-47-877881-001-02 431     9    9000 91     9    9000 52020    1 3   3  2                          2                 2          2               9     0   0    0   02              
05-38-38-517885-001-01 111   216  144000 95   216  144000 12020    1 1 2 1 22                          2                 2          2             216     0 108    0   02              
05-38-38-517885-001-01 341   720  228000 94   720  228000 92020    1 1 2 1 22                          2                 2          2              60     0   0   60   02              
05-38-38-517885-001-01 421   360  504000 74   360  504000 72020    1 1 2 1 22                          2                 2          2               0     0   0    0   02              
84-90-25-347897-001-01 112                                                                                               2          2              88     1   0    0   02              
84-90-25-347897-001-01 132                                                                                               2          2              14     1   0    0   02              
84-90-25-347897-001-01 342                                                                                               2          2             118     2   0    0   02              
22-54-53-727898-001-01 112                                                                                               2          2             270     0   0    0   02              
22-54-53-727898-001-01 342                                                                                               2          2              90     0   0    0   02              
22-54-53-727898-001-01 421    88  114400 71    88  114400 72020    1 1 2 1 22                          2                 1     282 32               0     2   0    0   02              
34-13-06-647899-001-01 112                                                                                               2          2              40     0   0    0   02              
34-13-06-647899-001-01 342                                                                                               2          2              20     0   0    0   02              
34-13-06-647899-001-01 421   280  560000 71   280  560000 72020    1 1   1  2                          1    1   26   20002          2              10    10   0    0   02              
90-34-69-567901-001-01 421    20   30000 93    20   30000 72020    1 1   1  2                          2                 2          2               0     0   0    0   02              
62-09-95-837902-001-02 331    40   52000 93    40   52000 52020    1 1 2 1 22                          2                 2          2              14     0   0    0   08              
62-09-95-837902-001-02 341    80   80000 91    80   80000 72020    1 1 2 1 22                          2                 2          2              20     0   0    0   08              
23-91-99-717903-001-01 111    15    7500 21    15    7500 82020   15 2   2  2                          1    3  152      02          2             340    11  12   18   03              
23-91-99-717903-001-01 421    57   79800 93    57   79800 72020    1 1   1  2                          1    3   11      02          2               0     3   0    0   02              
23-91-99-717903-001-01 432                                                                                               2          2              30     0   0    0   02              
71-25-97-717903-001-03 112                                                                                               2          2             390    10   0    0   02              
71-25-97-717903-001-03 341   360  468000 94   360  468000 82020    1 1   1  2                          1   20   16  150002          2               0     0   0    0   02              
71-25-97-717903-001-03 421    39   66300 94    39   66300 72020    1 1   1  2                          2                 2          2               0     0   0    0   02              
87-80-72-977904-001-01 112                                                                                               2          2             700    40   0  220   02              
87-80-72-977904-001-01 322                                                                                               2          2              30     5   0    5   02              
87-80-72-977904-001-01 341   300  150000 43   300  150000 72020    1 1 2 1 22                          1   62   16      02          2              20    40   0   40   02              
87-80-72-977904-001-01 421  1600 2560000 41  1600 2560000 62020    1 1 2 1 22                          2                 2          2               0     0   0    0   02              
87-80-72-977904-001-01 431   480  960000 42   480  960000 42020    1 1 2 1 22                          2                 2          2              40    80   0    0   02              
08-08-88-137904-001-03 112                                                                                               2          2              90    50   0    0   02              
08-08-88-137904-001-03 331    96   96000 94    96   96000 82020    2 1   1  2                          2                 2          2               0     0   0    0   02              
08-08-88-137904-001-03 341    96   96000 94    96   96000 82020    2 1   1  2                          2                 2          2               0     0   0    0   02              
95-68-45-617917-001-01 112                                                                                               2          2             200     0   0   40   02              
95-68-45-617917-001-01 221   120   10000 31   120   10000 82020    1 4   4  2                          2                 1    4542 12             195     0   0   60   02              
80-27-00-227918-001-01 112                                                                                               2          2              35     5   0    0   02              
80-27-00-227918-001-01 222                                                                                               2          2             192     0   0    0   01              
19-89-44-487919-001-01 132                                                                                               2          2              30     0   0    0   02              
19-89-44-487919-001-01 222                                                                                               2          2             425     0   0   25   02              
19-89-44-487919-001-01 332                                                                                               2          2              10     0   0    0   02              
71-33-08-657919-001-11 121   380  200000 42   380  200000 72020    2 9   9  2                          1    8   12   10002          2             100     0   0    0   02              
71-33-08-657919-001-11 222                                                                                               2          2             200    20   0    0   02              
52-72-30-637920-001-01 112                                                                                               2          2              20     0   0    0   03              
52-72-30-637920-001-01 222                                                                                               2          13 1   2000   690     0   0   60   04              
53-96-23-777921-001-01 112                                                                                               2          2             120     0   0    0   02              
53-96-23-777921-001-01 322                                                                                               2          2              20     0   0    0   02              
32-16-83-617921-001-04 112                                                                                               2          2             100     0   0    0   02              
32-16-83-617921-001-04 222                                                                                               2          2             600     0   0    0   02              
45-53-14-167922-001-01 112                                                                                               2          2             200     0   0    0   04              
45-53-14-167922-001-01 121   600  300000 92   600  300000 82020    1 1 2 1 22                          2                 1   20042 12               0     0   0    0   02              
43-53-42-887923-001-01 112                                                                                               2          2             108     0   0    0   02              
43-53-42-887923-001-01 222                                                                                               2          2             400     0   0    0   02              
17-46-58-997935-001-01 112                                                                                               2          2             530    10   0    0   02              
17-46-58-997935-001-01 221   400  120000161   400  120000 62020    0 2   2  2                          2                 2          2             350     0  50    0   02              
17-46-58-997935-001-01 312                                                                                               2          2              20     5   0    0   02              
23-45-63-667935-001-06 122                                                                                               2          2              67     0   0   41   02              
74-23-11-257935-001-07 111   108   60000 51   108   60000 72020    1 1 3 1  2                          1    3   21      02          2             372     0   0   60   03              
74-23-11-257935-001-07 312                                                                                               2          2              90     8   0   22   08              
74-23-11-257935-001-07 501   313  375500 61   313  375500 72020    1 2   1 22                          1    3   32      02          2               0     0   0    0   08              
24-84-33-697935-001-08 112                                                                                               1   32041112             260    60   0    0   04              
24-84-33-697935-001-08 121   256  120000 31   256  120000 42021    1 1 2 1 22                          2                 2          2             708    64   0    0   04              
24-84-33-697935-001-08 431     8    4000 41     8    4000 32021    1 1 2 1 22                          1    3   12      02          2              74     8   0    0   04              
38-93-20-827935-001-10 112                                                                                               2          2             972     0   0    0   02              
38-93-20-827935-001-10 121  3360 3360000161  3360 3360000 92020    4 1 2 1 22                          2                 2          2             985    65   0    0   02              
38-93-20-827935-001-10 131   100   60000161   100   60000 72020    1 1 2 1 22                          2                 2          2             170    10   0    0   02              
38-93-20-827935-001-10 222                                                                                               2          2             800     0  60   40   02              
38-93-20-827935-001-10 332                                                                                               2          2             120     0   0    0   02              
38-93-20-827935-001-10 432                                                                                               2          2             120     0   0    0   02              
31-35-06-217936-001-01 112                                                                                               2          2              80     0   0   20   04              
31-35-06-217936-001-01 121   600  360000 21   600  360000 62020    2 1 2 1 22                          2                 2          2             690    60   0   50   04              
31-35-06-217936-001-01 221   200  150000 43   200  150000 82020    3 1 2 1 22                          1   18   22      02          11 2   1500   115     0   0    0   02              
31-35-06-217936-001-01 331    20   28000 43    20   28000 72020    1 1 2 1 22                          1   17   12      02          2              30     0   0    0   02              
65-66-36-377936-001-07 112                                                                                               2          2             540     0   0    0   05              
29-53-90-677937-001-01 112                                                                                               2          2            1380    20 120   20   04              
29-53-90-677937-001-01 121   480  432000163   480  432000112020    1 1 5 1 22                          2                 2          2             340    40  80   20   02              
29-53-90-677937-001-01 222                                                                                               2          2             900     0   0    0   02              
29-53-90-677937-001-01 322                                                                                               2          2              80     2   0    0   02              
29-53-90-677937-001-01 331    20   40000 21    20   40000 52020    1 1   1 22                          2                 2          2              35     5   0    0   02              
29-53-90-677937-001-01 431    92   90000 51    92   90000 92020    3 1 2 1 22                          1    4   34   60002          2              70    16   0    0  102              
29-53-90-677937-001-01 501    89   89000 61    89   89000 72020    1 1 5 1 22                          1    4   16   30002          2               0     0   0    0   02              
61-07-26-107937-001-03 112                                                                                               2          2              20     0   0    0   02              
61-07-26-107937-001-03 871   450   75000 42   450     750 82020    2 1 2 1 22                          1    5   22      02          11 3  10000    80     0   0    0   02              
11-86-72-637937-001-06 112                                                                                               1   40041112             200    12   0  200   02              
11-86-72-637937-001-06 121   375  400000 93   375  400000112020    1 1   1  2                          1   20   15  200001    7542 12             675    12   0    0   02              
11-86-72-637937-001-06 331    40   50000 43    40   50000122020    1 1   1  2                          1   20   16   40001    1041112              93     7   0    0   02              
47-29-29-057938-001-01 112                                                                                               2          2            1750    70   0    0   04              
47-29-29-057938-001-01 121  5600 4000000162  5600 4000000 82020    2 1   1  2                          2                 2          2            1300   100   0    0   04              
57-06-25-307938-001-05 112                                                                                               2          2             290    10   0    0   02              
66-44-37-767939-001-01 112                                                                                               1   18042 12             700    20   0    0   02              
66-44-37-767939-001-01 121   375  300000 91   375  300000102020    1 1   1  2                          2                 1   13042 12             600    20   0    0   03              
66-44-37-767939-001-01 222                                                                                               1    7041312              65     0   0    0   02              
66-44-37-767939-001-01 332                                                                                               2          2             100    20   0    0   02              
66-44-37-767939-001-019982                                                                                               2          2              80     0   0    0   02              
82-22-68-187939-001-03 112                                                                                               2          2             380     0   0    0   05              
82-22-68-187939-001-03 121  2900 1431000 93  2900 1431000122020    3 1   1  2                          2                 2          2            1000     0   0    0   02              
82-22-68-187939-001-03 222                                                                                               2          2             200     0   0    0   02              
60-09-93-817939-001-11 111   100   40000 21   100   40000 72020    1 1   1  2                          2                 1   10042 12              90    10   0    0   02              
60-09-93-817939-001-11 121   225   72000 93   225   72000 82020    1 1   1  2                          2                 2          2             150     0   0    0   02              
60-09-93-817939-001-11 331    40   50000 93    40   50000 82020    1 1   1  2                          2                 1    1642 12              40     4   0    0   02              
68-19-08-477941-001-01 112                                                                                               2          2             540     0   0    0   04              
68-19-08-477941-001-01 121   480  480000 43   480  480000 92020    1 1 2 1 22                          1   12   16  120002          2             640     0   0    0   02              
68-19-08-477941-001-019982                                                                                               2          2             165     0   0    0   02              
60-83-88-297942-001-01 111   960  420000 92   960  420000122020    1 1 3 1 32                          2                 1   30082 12            2300     0   0    0   04              
60-83-88-297942-001-01 121  2800 1100000 92  2800 1100000122020    1 1 3 1 32                          2                 1   64042 12            2420    60   0    0   04              
60-83-88-297942-001-01 221    80   14000 21    80   14000 42021    1 2 3 2 32                          2                 2          2            1520     0   0    0   04              
60-83-88-297942-001-01 331   328  467400 92   328  467400 22021    1 1   1  2                          1   15   26   50002          2              60    12   0    0   02              
60-83-88-297942-001-01 432                                                                                               2          2            1320     0   0    0   04              
91-59-57-157942-001-06 112                                                                                               1   52041112              40    40   0   20   02              
91-59-57-157942-001-06 122                                                                                               1   32042 12              70    15   0   10   02              
91-59-57-157942-001-06 222                                                                                               2          2             270     0   0   30   02              
91-59-57-157942-001-06 332                                                                                               1    2442 12               8     4   0    0   02              
91-59-57-157942-001-06 432                                                                                               1    7842 12              12    24   0    6   02              
85-82-39-187942-001-09 111    40   12000 91    40   12000 52021    1 1 2 1 22                          2                 2          2             352     8   0    0   05              
85-82-39-187942-001-09 222                                                                                               1    8042 12             112     0   0    0   05              
85-82-39-187942-001-09 331   180  270000 52   180  270000 72020    1 1 2 1 22                          1   15   16      02          2             180     0   0    0   02              
85-82-39-187942-001-09 432                                                                                               2          2              72    12   0    0   05              
12-58-42-987974-001-01 112                                                                                               2          2             150     0   0    0   02              
12-58-42-987974-001-01 121   345   90000 91   345   90000 62020    2 1 2 1 22                          2                 2          2             805     0   0    0   02              
73-85-16-747975-001-01 121   450  225000161   450  225000 62020    1 2   1 22                          2                 2          2             255    15   0    0   02              
64-86-51-207976-001-01 121  1125  975000 53  1125  975000122020   12 1   1  2                          1   35  122      02          2             750     0 750    0   02              
66-05-47-957977-001-01 121   600  270000163   600  270000 92020    3 1   1  2                          2                 2          2            1800    20   0  180   02              
61-85-33-747978-001-01 111   720  270000 21   720  270000 82020    3 1 2 1 22                          2                 2          12 3  90000   480    10   0   10   04              
61-85-33-747978-001-01 221   240  450000 21   240   45000 82020    5 1 2 1 22                          2                 2          11 1   3000   240     0   0    0   04              
61-85-33-747978-001-01 432                                                                                               2          2             130    10   0   10   04              
38-20-36-177978-001-04 112                                                                                               2          2             480     0   0    0   04              
38-20-36-177978-001-04 121   540  270000 21   540  270000 72020    3 1 2 1 22                          2                 2          2            1080     0   0    0   04              
38-20-36-177978-001-04 322                                                                                               2          2             200     0   0    0   04              
38-20-36-177978-001-04 331    60   75000 21    60   75000 52020    1 1 2 1 22                          2                 2          2              40     0   0    0   04              
38-20-36-177978-001-04 432                                                                                               2          2             200     0   0    0   04              
30-07-36-267979-001-01 122                                                                                               2          2            1080     0   0    0   02              
33-39-81-337980-001-01 122                                                                                               2          2             900     0   0    0   02              
33-39-81-337980-001-01 132                                                                                               2          2             120     0   0    0   02              
33-39-81-337980-001-01 222                                                                                               2          2             580     0   0    0   03              
60-95-84-907993-001-01 112                                                                                               2          2             240     0   0    0   02              
60-95-84-907993-001-01 121  1750 1125000 91  1750 1125000102020    1 1   1 22                          2                 2          2             350     0   0    0   02              
39-16-24-827995-001-01 111   600  360000161   600  360000 72020    1 1 2 1 22                          2                 2          2             460     0   0    0   02              
39-16-24-827995-001-01 121  1000  600000161  1000  600000 82020    1 1 2 1 22                          2                 2          2             600    50   0  350   02              
39-16-24-827995-001-01 222                                                                                               2          2             200     0   0  100   02              
39-16-24-827995-001-01 412                                                                                               2          2             180    20   0    0   02              
39-16-24-827995-001-01 432                                                                                               1    3042 12              70    20   0   30   02              
61-18-82-897995-001-03 111   500  300000162   500  300000102020    1 1 2 1 22                          2                 2          2             300     0   0    0   02              
61-18-82-897995-001-03 312                                                                                               2          2              40     0   0    0   02              
61-18-82-897995-001-03 432                                                                                               2          2             150    50   0   50   02              
02-66-98-627997-001-01 121   224   56700 91   224   56700122020    1 1   1  2                          1    1   22   20002          2             224     0   0    0   02              
31-14-12-167998-001-01 121   200   80000 21   200   80000 62020    1 1 2 1 22                          2                 1    2042 12             500     0   0   80   02              
00-35-78-418000-001-01 121   765  350000 31   765  350000102020    3 1   1  2                          2                 2          2              75    40   0  150   02              
38-93-28-418011-001-01 221   200   60000 91   200   60000 82020    1 1 2 1 22                          2                 2          2             400     0   0    0   02              
50-40-29-948012-001-01 112                                                                                               2          2             756     0   0    0   05              
03-53-78-348013-001-01 111   480  160000 41   480  160000 62020    1 1   1  2                          2                 2          2             840     0   0    0   02              
14-68-38-978014-001-01 121   455  225000 91   455  225000 62020    3 1   1  2                          2                 2          2             455     0   0    0   02              
14-68-38-978014-001-01 132                                                                                               2          2              40     0   0    0   05              
14-68-38-978014-001-01 501    95   76000 93    95   76000 62020    1 1   1  2                          2                 2          2               0     0   0    0   02              
54-57-11-678015-001-01 121   260  220000 11   260  220000112020    1 1   1  2                          2                 1   39042 12             130     0   0    0   02              
29-86-51-868017-001-01 111   294  294000 41   294  294000 62020    3 1 2 1 22                          1    2   32      02          2             168     0   0    0   02              
29-86-51-868017-001-01 312                                                                                               2          2              30     0   0    0   02              
55-10-45-608032-001-03 112                                                                                               2          2             300     0   0    0   02              
55-10-45-608032-001-03 121   270  120000161   270  120000 62021    3 1 2 1 22                          1    8   32      01    9042 12             180    20   0    0   02              
55-10-45-608032-001-03 222                                                                                               2          2             300     0   0    0   02              
55-10-45-608032-001-03 312                                                                                               2          2              20     0   0    0   02              
55-10-45-608032-001-03 322                                                                                               2          2              60     0   0    0   02              
68-35-72-168035-001-01 121   336  160000 41   336  160000 72020    1 1 2 1 22                          1    4   26   20001   25242 12             504     0   0    0   02              
13-62-28-638036-001-01 112                                                                                               2          2             324     0   0    0   05              
59-42-79-328068-001-02 112                                                                                               2          2             975     5   0    0   04              
59-42-79-328068-001-02 122                                                                                               2          2              96     0   0    0   02              
59-42-79-328068-001-02 312                                                                                               2          2             120     0   0    0   02              
59-42-79-328068-001-02 332                                                                                               2          2              60     0   0    0   02              
59-42-79-328068-001-02 432                                                                                               2          2             192     0   0    0   04              
08-10-16-648068-001-04 122                                                                                               2          2             600    20   0   40   04              
78-96-49-968069-001-01 112                                                                                               1   30041212            1150    50   0    0   04              
78-96-49-968069-001-01 121   600  450000 91   600  450000 92020    1 1 2 1 22                          2                 2          2            1200     0   0    0   02              
05-06-56-338069-001-04 112                                                                                               2          2             120     0   0    0   02              
05-06-56-338069-001-04 121   120  120000 91   120  120000 72020    1 1   1  2                          1    2   16   30002          2             120     0   0    0   02              
62-39-49-908070-001-01 121   200   60000 21   200   60000 82020    3 1   1  2                          2                 2          2             350    20  30    0   04              
99-94-65-538071-001-01 112                                                                                               2          2             800    40   0    0   04              
99-94-65-538071-001-01 222                                                                                               2          2             378     0   0    0   04              
99-94-65-538071-001-01 312                                                                                               2          2              35     5   0    0   02              
99-94-65-538071-001-01 432                                                                                               1    4042 32             248    40   0    0   02              
39-63-64-448073-001-01 111    50   15000 21    50   15000 62020    1 1   1  2                          2                 2          2             240    10   0    0   04              
39-63-64-448073-001-01 121   350  225000165   350  225000 82020    1 1   1  2                          2                 2          2            1300   100   0    0   04              
39-63-64-448073-001-01 141   100   45000 31   100   45000 72020    1 1   1  2                          2                 2          2             190    10   0    0   04              
39-63-64-448073-001-01 222                                                                                               2          2             400     0   0    0   04              
39-63-64-448073-001-01 501   341  306900 61   341  306900 82020    3 1   1  2                          2                 2          2               0     0   0    0   01              
17-46-97-578073-001-03 121  2000  800000 94  2000  800000 82020    1 1 2 1 22                          2                 2          2            3800   200   0  100   02              
86-24-47-948074-001-01 112                                                                                               2          2             330    20   0    0   04              
86-24-47-948074-001-01 122                                                                                               2          2             247     5   0    0   02              
86-24-47-948074-001-01 222                                                                                               2          2             350     0   0    0   02              
86-24-47-948074-001-01 312                                                                                               2          2              20     0   0    0   02              
86-24-47-948074-001-01 432                                                                                               2          2              40    10   0    0   02              
29-04-37-378076-001-02 111   288  120000161   288  120000102020    1 2 4 2 42                          2                 2          2            1008     0   0    0   02              
29-04-37-378076-001-02 121   450  150000161   450  150000112020    1 2 4 2 42                          2                 2          2            1335    15   0    0   02              
35-43-15-568076-001-03 111   432  168000161   432  168000 82020    1 1 2 1 22                          2                 2          2             540     0   0    0   02              
35-43-15-568076-001-03 121   720  400000161   720  400000102020    1 1 2 1 22                          2                 2          2              75    15   0    0   02              
35-43-15-568076-001-03 222                                                                                               2          2             200     0   0    0   02              
33-01-35-908079-001-01 112                                                                                               2          2             200     0   0    0   04              
33-01-35-908079-001-01 121   150  120000 93   150  120000 82020    1 1   1  2                          2                 2          2             300     0   0    0   04              
33-01-35-908079-001-019982                                                                                               2          2               0     0   0    0   01              
78-51-37-438087-001-01 112                                                                                               2          2             720     0   0    0   02              
78-51-37-438087-001-01 312                                                                                               1     382 12               4     0   0    0   03              
37-69-71-688088-001-01 112                                                                                               2          2             520     0   0   20   05              
37-69-71-688088-001-01 321   160  148000 91   160  148000 52020    4 1   1  2                          2                 2          2              40     0   0    0   05              
37-69-71-688088-001-01 411   414  234000 91   414  234000 62020    6 1   1  2                          2                 2          2               0     0   0    0   05              
96-28-87-018089-001-01 112                                                                                               2          2             358    20   0    0   02              
96-28-87-018089-001-01 312                                                                                               2          2              10     0   0    0   02              
41-20-70-698090-001-01 112                                                                                               2          2             440     0   0   80   02              
41-20-70-698090-001-01 322                                                                                               2          2              10     5   0    5   02              
41-20-70-698090-001-01 411   100   45000 91   100   45000 72020    1 1   1  2                          2                 2          2               0    20   0    0   02              
08-11-10-008092-001-01 111   700  230000 21   700  230000 12021    2 1   1 22                          2                 1   14041112             660     0   0  300   05              
08-11-10-008092-001-01 312                                                                                               2          2              16     0   0    0   05              
08-11-10-008092-001-01 321   190  133000 91   190  133000 52020    1 1   1  2                          2                 2          2               0    10   0    0   05              
08-11-10-008092-001-01 412                                                                                               2          2             234     8   0    0   02              
08-11-10-008092-001-01 431   200  120000 21   200  120000122020    1 1 2 1 22                          2                 2          2              20    30   0    0   02              
30-34-74-238093-001-01 112                                                                                               2          2             160     0   0    0   02              
30-34-74-238093-001-01 312                                                                                               2          2               1     0   0    0   02              
30-34-74-238093-001-01 411    12    6000164    12    6000 72020    1 1 2 1 22                          2                 2          2             150     6   0    0   02              
40-65-81-688094-001-01 111   100   30000 92   100   30000 62020    2 1 2 1 22                          2                 2          2             200     0   0    0   03              
40-65-81-688094-001-01 411    90   90000 92    90   90000 62020    1 1 2 1 22                          2                 2          2               0     0   0    0   03              
21-68-14-268106-001-02 112                                                                                               1    2741112           10098    36   0  126   04              
58-04-46-168107-001-01 111   360  150000 91   360  150000 22021    1 1   1  2                          2                 1   12041112             600     0  50   70   02              
82-38-92-088108-001-01 111   600  150000164   600  150000 82020    1 1   1  2                          2                 2          2             200     0   0    0   03              
04-52-77-928109-001-02 111   480  144000 91   480  144000102020    2 3   3  2                          2                 1    4042 12            1280     0   0  880   05              
04-52-77-928109-001-02 312                                                                                               2          2              25     0   0    0   06              
08-91-66-168110-001-01 112                                                                                               2          2             530    30   0    0   04              
29-19-06-618110-001-02 111    40   10000 92    40   10000 82020    1 1 2 1 22                          2                 2          2             428    22   0    0   04              
29-16-25-688111-001-01 111    40    6000 94    40    6000122020    1 1 2 1 22                          2                 2          13 1   2000   500    10   0    0   04              
91-73-79-238112-001-01 111   200   70000 91   200   70000 92020    1 1   1  2                          2                 2          2             300     0   0  200   05              
91-73-79-238112-001-01 312                                                                                               2          2              35     0   0    5   05              
80-61-59-888113-001-01 111 10000   35000 41   100   35000 82020    1 1 2 1 22                          2                 2          2             680    20   0    0   03              
62-27-70-088125-001-01 871  1235 3600000 41  1235 3600000 42020    5 3   3  2                          1   18   56  500002          2              40     0   0    0   02              
65-27-64-638130-001-01 112                                                                                               1    5441112             556    20   0    0   05              
65-27-64-638130-001-01 312                                                                                               2          2              50    10   0    0   02              
31-02-55-838146-001-01 122                                                                                               2          2             180     0   0    0   02              
68-70-95-158164-001-01 112                                                                                               2          2             288    36  54   54   02              
06-57-77-898167-001-01 112                                                                                               2          2             180     0   0   20   02              
06-57-77-898167-001-01 421    50   70000 42    50   70000102020    1 1   1  2                          1   10   16   40001    1042 32               0    10   0    0   02              
16-85-18-498169-001-01 111    80   40000 21    24   16000 32020    2 1   1  1 21   14  16000 3202011 1 2                 2          2             220     0   0    0   02              
87-50-63-898171-001-01 111   510  178500163   510   18500 92020    4 1   1  2                          2                 2          2             480    20   0  120   02              
73-73-81-468173-001-01 112                                                                                               2          2             216     0   0    0   02              
73-73-81-468173-001-01 322                                                                                               2          2              60     0   0    0   08              
08-21-18-738185-001-01 122                                                                                               2          2             101     4   0   20   02              
64-14-59-038186-001-01 112                                                                                               2          2              40     0   0    0   02              
64-14-59-038186-001-01 322                                                                                               2          2              63     0   0    0   02              
64-14-59-038186-001-019982                                                                                               2          2              25     0   0    0   02              
83-98-37-268187-001-01 112                                                                                               1    2042 12             425     5   0    0   02              
83-98-37-268187-001-01 122                                                                                               1    5042 12             540    10   0    0   02              
83-98-37-268187-001-019981  1000  200000 93  1000  200000 62021    1 1   1  2                          2                 2          12 2  60000   500     0   0    0   02              
01-27-92-618203-001-01 421    81  105000 91    81  105000 62020    1 1   1  2                          2                 2          2               0     1   0    0   02              
63-99-79-448204-001-01 122                                                                                               1    5012 12             200     0   0   50   03              
69-37-83-888205-001-01 112                                                                                               2          2             250    20   0  150   02              
69-37-83-888205-001-01 122                                                                                               1   10042 12              60    30   0   20   02              
69-37-83-888205-001-01 322                                                                                               2          2              80     0   0   25   02              
69-37-83-888205-001-01 421   500  750000 93   500  750000 72021    1 1   1  2                          2                 2          2               0     0   0    0   02              
69-37-83-888205-001-01 431    20   35000 21    20   35000 52021    8 4   4  2                          2                 2          2              10     0   0    0   02              
75-64-92-778206-001-01 121   200  260000 93   200  260000 92020    1 1   1  2                          2                 1    4082 32              60    40   0    0   02              
75-64-92-778206-001-01 421    60  120000 93    60  120000 72020    1 1   1  2                          2                 2          2               0     0   0    0   02              
37-84-33-458213-001-01 421   100  150000 91   100  150000 72021    1 1 2 1 22                          2                 2          2               0     0   0    0   02              
11-50-44-148220-001-01 112                                                                                               1   10042 12             700     0   0   40   04              
11-50-44-148220-001-01 121    75   50000 21    75   50000 32021    5 1   1  2                          2                 1   50542 12             170    75   0    0   03              
59-62-63-868220-001-04 121  1800 1000000 91  1800 1000000 72020    3 1 2 1 22                          2                 2          2             360     0   0   90   02              
59-62-63-868220-001-04 132                                                                                               2          2             220     0   0   20   02              
07-12-36-518221-001-01 112                                                                                               2          2            1080     0   0   20   02              
07-12-36-518221-001-01 322                                                                                               2          2              20     0   0    0   02              
07-12-36-518221-001-01 922                                                                                               2          2              15     0   0    0   02              
07-12-36-518221-001-011002                                                                                               2          2              20     0   0    0   02              
37-27-39-028221-001-12 111    60   21000 51    60   21000 72020    1 1   1 22                          1    8   31      02          2              60     0   0    0   02              
37-27-39-028221-001-12 132                                                                                               2          2              70     0   0    0   02              
31-58-34-738222-001-01 112                                                                                               2          2             380     0   0  100   02              
31-58-34-738222-001-01 121  1372  559700165  1372  559700 82020    1 1 2 1 22                          2                 2          2             784     0   0    0   02              
89-62-84-168223-001-01 112                                                                                               2          2             108     0   0    0   05              
50-15-97-058224-001-01 121   225  180000161   225  180000 62020    1 1 2 1 22                          2                 2          2             150     0   0    0   02              
42-70-94-918225-001-01 112                                                                                               2          1210  10000   390     0   0    0   05              
19-84-40-428227-001-01 112                                                                                               2          2            1320     0 360  120   02              
19-84-40-428227-001-01 121  3675 1250000 93  3675 1250000 82020    1 1 2 1 22                          2                 2          2            2205     0 735  735   02              
74-41-92-738227-001-03 111    54   15000 92    54   15000 52020    1 1 2 1 22                          2                 2          2             270     0   0    0   02              
74-41-92-738227-001-03 121   315  150000 92   315  150000 72020    1 1 2 1 22                          2                 2          2             315     0   0    0   02              
48-89-22-758228-001-03 122                                                                                               1    1042 12              90     5   0    0   02              
04-37-85-438240-001-01 112                                                                                               2          2             324     0   0    0   02              
75-29-65-678241-001-01 112                                                                                               1    2082 12              55     5   0   20   03              
75-29-65-678241-001-01 121   150   75000 21   150   75000 52021    4 1 2 1 22                          2                 1   10542 12              80     0   0    0   05              
45-06-93-918242-001-01 112                                                                                               2          2              80     0   0    0   02              
66-31-63-618244-001-01 112                                                                                               2          2              60     0   0    0   02              
69-24-30-068246-001-01 111    20    7000 41    20    7000 62020    1 2   2  2                          2                 2          2              80     0   0    0   02              
33-13-26-348258-001-01 121   280  256000 93   280  256000 82020    2 1 2 1 22                          1   20   24  100002          2               0     0   0    0   03              
52-98-01-088260-001-01 112                                                                                               2          12 8 360000    51     8   0    0   02              
40-28-81-738261-001-01 112                                                                                               2          2              10     0   0    0   02              
40-28-81-738261-001-01 322                                                                                               2          2              10     0   0    0   02              
27-65-92-718262-001-01 111   240  168000 91   240  168000112020    2 1   1 22                          2                 1   350411113 1  21000   200    30   0  200  502              
27-65-92-718262-001-01 341   250   75000 41   250   75000 92020    1 1   1 22                          1    1   16   20001    2582 12              14     1   0   10   02              
25-50-76-858263-001-01 112                                                                                               2          2             120     0   0    0   02              
25-50-76-858263-001-01 342                                                                                               2          2              39     0   0    1   02              
82-86-92-668264-001-01 112                                                                                               2          2              40     0   0    0   02              
49-43-73-788267-001-01 111    20    5000161    20    5000 62020    1 1   1  2                          2                 2          2             177     3   0   20   03              
49-43-73-788267-001-01 341    60   30000 91    60   30000 82020    1 1   1  2                          2                 2          2              15     5   0    0   02              
49-43-73-788267-001-01 921     8    4000 21     8    4000 32020    1 1   1  2                          2                 2          2              15     0   0    7   02              
62-23-73-138267-001-02 421    80  200000 41    80  200000 62020    1 1   1 22                          1    1   21      02          2               0     0   0    0   02              
77-57-20-328278-001-01 112                                                                                               2          2             480     0   0  480   02              
24-46-42-268281-001-01 112                                                                                               1  336012 12             240     0   0    0   02              
24-95-76-968281-001-07 112                                                                                               1    1142 12              93     0   0    0   02              
76-84-55-628282-001-01 111   500  250000 92   400  200000112020    1 1   1  1 21  100  5000011202011 1 2                 2          12 1  10000   650     0   0   30   02              
76-84-55-628282-001-01 311   150  225000 92   150  225000102020    1 1   1  2                          2                 2          2             100     0   0    0   02              
76-84-55-628282-001-01 341   200  160000 93   200  160000102020    1 1   1  2                          2                 2          2             100     0   0    0   02              
76-84-55-628282-001-01 471   100  100000 92   100  100000 92020    1 1   1  2                          2                 2          2              50     0   0    0   02              
83-35-92-638282-001-02 112                                                                                               2          2             120     0   0    0   02              
36-66-06-018283-001-02 111  1800  900000 91  1800  900000 12021    2 3   3 42                          2                 2          2             675     0   0    0  252              
36-66-06-018283-001-02 222                                                                                               2          2             350     0   0   50   01              
25-22-50-958284-001-01 112                                                                                               2          2             770    30   0   75  252              
25-22-50-958284-001-01 151   240  180000 41   240  180000 72020    1 110 1102                          2                 2          2               4     4   0   12   02              
25-22-50-958284-001-01 411    36   28880 41    36   28800 62020    1 110 1102                          2                 2          2               0     4   0    0   02              
94-59-16-398315-001-01 111   100   38750 21    75   28125 62020    8 1 8 1 81141   25  10625 22021118181    5   16   35001   16041122             120    20   0    0   03              
94-59-16-398315-001-01 312                                                                                               2          12 1  50000   140    20   0    0   03              
29-73-67-928317-001-01 111   140  100000 43   140  100000122020    1 1   1  2                          1    6   26   40001   12041112            1428    12   0    0   02              
19-74-83-658320-001-01 111   150  100000 21   150  100000 92020    3 1   1  2                          2                 1   19982 12              51    10   0  340   04              
61-12-23-648323-001-01 112                                                                                               2          13 1  16000   230     0   0    0   02              
99-80-42-778334-001-01 112                                                                                               2          2             336     0   0    0   02              
99-80-42-778334-001-01 121  3800 1800000 94  3800 1800000 72020    1 1 2 1 22                          2                 2          2             192     0   0    0   02              
78-23-24-878336-001-02 112                                                                                               2          2             250     0   0    0   02              
06-62-00-958337-001-01 112                                                                                               2          2              50     0   0    0   02              
06-62-00-958337-001-01 121   100   80000 91   100   80000 62021    1 2   2  2                          2                 1   19242 12              98     0  60    0   02              
28-61-87-708338-001-01 112                                                                                               2          2             800   100   0  100   02              
28-61-87-708338-001-01 121   600  540000 92   600  540000 72020    1 1   1  2                          2                 2          2             200   100   0    0   02              
28-61-87-708338-001-01 342                                                                                               2          2             195     5   0    0   02              
22-74-35-708338-001-03 111   800  360000 91   800  360000112020    1 1   1  2                          1    5   86  400002          2               0     0   0    0   03              
49-43-24-278340-001-01 112                                                                                               2          2             380    20   0    0   08              
49-43-24-278340-001-01 121   150   50000 94   150   50000 72020    1 1   1 22                          2                 2          2              48     2   0    0   08              
49-43-24-278340-001-01 421    24   40000 94    24   40000 72020    1 1   1  2                          2                 2          2               0     0   0    0   08              
07-03-03-328341-001-01 121   800  200000 91   800  200000 72020    1 1   1  2                          2                 2          2             100    80   0   20   02              
07-03-03-328341-001-01 341   120  240000 91   120  240000 82020    1 1   1  2                          2                 2          2               5     2   0    1   02              
07-03-03-328341-001-01 421   310  800000 41   310  800000 42020    1 1   1  2                          2                 2          2               8     0   2    0   02              
13-18-37-568353-001-01 112                                                                                               2          2             300    42   0    0   02              
13-18-37-568353-001-01 331   200  240000163   200  240000 42020    1 1   1  2                          2                 2          2              50    10   0    0   02              
13-18-37-568353-001-01 431   160   80500163   160   80500 62020    1 1   1  2                          2                 2          2              40    20   0    0   02              
59-42-27-788354-001-01 112                                                                                               2          2             750     0   0    0   04              
12-37-16-458354-001-04 112                                                                                               2          11 4  22000   200     0   0    0   04              
93-83-30-358355-001-02 112                                                                                               1    3011222             350    35   0   35   04              
93-83-30-358355-001-02 351   550 1200000 41   550 1200000 62020    1 216 2162                          1   13   12      02          2              50     0   0    0   04              
28-76-39-688355-001-03 222                                                                                               1   16011312             200     0   0   40   04              
09-59-03-968356-001-01 112                                                                                               2          2             380    20   0    0   02              
09-59-03-968356-001-01 351   300  384000163   300  384000 92020    1 1   1  2                          2                 2          2               0     0   0    0   02              
18-29-59-278356-001-03 112                                                                                               2          2             100     0   0    0   02              
18-29-59-278356-001-03 351   300  288000 93   300  288000 72020    1 1   1  2                          2                 2          2               0     0   0    0   02              
18-29-59-278356-001-03 501   106   84800 61   106   84800 72020    1 1   1  2                          1    2   13   70002          2               0     0   0    0   02              
53-32-03-538356-001-07 112                                                                                               2          2             770    40   0    0   02              
03-68-90-998357-001-01 112                                                                                               2          13 1   2500   476     0   0    0   02              
03-68-90-998357-001-01 222                                                                                               2          11 1   2000  1000     0   0    0   02              
03-68-90-998357-001-01 332                                                                                               2          2              48     0   0    0   02              
03-68-90-998357-001-01 501   500  410000 61   500  410000 72020    1 1   1 32                          1    2   13  100002          2               0     0   0    0   02              
82-27-98-918357-001-04 112                                                                                               1   12041112            1200    40   0    0   01              
82-27-98-918357-001-04 122                                                                                               1   21642 12             324    20   0    0   02              
82-27-98-918357-001-04 222                                                                                               2          2            1800     0   0    0   02              
82-27-98-918357-001-04 312                                                                                               1    2042 12              40     2   0    0   01              
82-27-98-918357-001-04 331   300  300000 91   300  300000 42020    1 3   3  2                          2                 1    2042 12              60     3   0    0   02              
82-27-98-918357-001-04 351   500 1000000 91   500 1000000 72020    1 3   3  2                          2                 1    4042 12              80    20   0    0   02              
82-27-98-918357-001-04 432                                                                                               1    9642 12             384    48   0    0   02              
82-27-98-918357-001-04 501   584  700800 61   584  700800 82020    1 3   3  2                          1    8   13  100002          2               0     0   0    0   02              
40-81-26-448358-001-01 132                                                                                               2          2             300    20   0   80   05              
40-81-26-448358-001-01 351   240  240000162   240  240000102020    2 1   1  2                          2                 2          2             200    10   0  150   02              
07-04-49-798359-001-01 351   200  250000 92   200  250000 82020    1 1 2 1 22                          1   16   12      01    4042 32             110    40   0    0   01              
31-67-78-918360-001-01 112                                                                                               2          2              20     0   0    0   05              
89-41-43-058372-001-01 121  3150 1750000161  3150 1750000 82020    1 1   1  2                          2                 2          2             405    45   0    0   02              
09-25-40-398372-001-05 112                                                                                               2          2             200     0   0    0   02              
09-25-40-398372-001-05 122                                                                                               2          2             480     0   0    0   02              
09-25-40-398372-001-05 432                                                                                               2          2              64     0   0    0   02              
77-59-31-638372-001-30 121   975  845000 63   975  845000 62020    1 1 2 1 22                          1   26   16  390002          2             450     0   0   75   02              
12-62-25-268373-001-01 112                                                                                               1   24042 12             960     0   0    0 9604              
12-62-25-268373-001-01 121  1400 1000000162  1400 1000000102020    2 1   1  2                          1    8   23      01   35042 12            4400   150   0    0   02              
42-62-13-408373-001-05 121  1120  480000164  1120  480000 82020    3 1 2 1 22                          2                 2          2             560    70   0    0   02              
89-62-22-138374-001-01 112                                                                                               2          2            2200   100   0  100   04              
89-62-22-138374-001-01 122                                                                                               2          2             300   100   0    0   02              
89-62-22-138374-001-01 222                                                                                               2          2             500     0   0  200   02              
13-70-69-598375-001-01 111    40   10000 92    40   10000 62020    1 1   1  2                          2                 2          2             280     5   0    0   02              
02-43-32-068376-001-01 112                                                                                               2          2             120     0   0    0   08              
02-43-32-068376-001-01 122                                                                                               2          2            6315    60   0    0   08              
02-43-32-068376-001-01 132                                                                                               2          2             400    20   0    0   01              
02-43-32-068376-001-01 222                                                                                               2          2             120     0   0    0   01              
37-71-21-508377-001-01 112                                                                                               1   60042 12             840     0   0    0   04              
37-71-21-508377-001-01 122                                                                                               1 3150042 22               0     0   0    0   02              
90-31-32-298377-001-03 112                                                                                               2          2             420     0   0    0   05              
90-31-32-298377-001-03 121  1000  650000 91   600  380000102020    1 1   1 21 21  400 220000 5202011 122                 1   10042 12            1100     0   0    0   02              
90-31-32-298377-001-03 222                                                                                               2          2             300     0   0    0   02              
90-31-32-298377-001-03 412                                                                                               1     642 12               0     0   0    0   02              
42-29-84-548378-001-01 112                                                                                               2          12 2   5000   200     0   0   15   04              
42-29-84-548378-001-01 121  3225 2064000 21  3225 2064000 72020   15 1 2 1 22                          2                 1    7542 12             300    75   0   75   02              
42-29-84-548378-001-01 432                                                                                               2          2             120     0   0   20   02              
86-36-77-818379-001-01 112                                                                                               2          2             530    10   0    0   02              
86-36-77-818379-001-01 121  2880 1920000163  2880 1920000 82020    2 1 2 1 22                          2                 2          2            1380    60 180  540   02              
86-36-77-818379-001-01 432                                                                                               2          2             170    10   0    0   02              
71-62-11-038391-001-03 111   180   45000 52   180   45000 72020    1 3   3122                          1   18   12      02          2             414     0   0    0   02              
71-62-11-038391-001-03 121   360  300000 52   360  300000 82020    2 3   3122                          1   18   22      02          2             450     0   0    0   02              
71-62-11-038391-001-03 432                                                                                               2          2             252     0   0    0   02              
27-25-01-278392-001-01 112                                                                                               2          2              50    22   0    0   04              
27-25-01-278392-001-01 121  1000  500000 92  1000  500000 62020    1 1 2 1  2                          2                 2          2             400    40   0   60   02              
27-25-01-278392-001-01 222                                                                                               2          2              90     0   0    0   02              
27-25-01-278392-001-01 351  1500 1800000 92  1500 1800000 92020    1 1   1  2                          2                 1    1042 12              60    40   0   10   02              
27-25-01-278392-001-01 432                                                                                               2          2              40     0   0    0   02              
30-99-27-278393-001-01 112                                                                                               1    3642 12             640    36   0   80   03              
30-99-27-278393-001-01 242                                                                                               2          2             180     0   0    0   02              
30-99-27-278393-001-01 431   225   85000 52   225   85000 82020    2 1 2 1 22                          1    5   22      01    2042 12              80     0   0    0   02              
82-29-94-458394-001-01 112                                                                                               2          2            4360    80   0    0   03              
82-29-94-458394-001-01 351  1800 2025000162  1800 2025000 92020    1 1   1  2                          2                 2          2            2760   240   0    0   02              
82-29-94-458394-001-01 432                                                                                               2          2             102     6   0    0   02              
02-89-25-528395-001-01 112                                                                                               2          13 2   5000   324    18   0    0   03              
02-89-25-528395-001-01 432                                                                                               2          2              18     0   0    0   03              
75-47-35-578395-001-02 432                                                                                               2          2              17    10   0    0   03              
75-47-35-578395-001-029981  2310  990000 93  2310  990000102020    1 1   1  2                          2                 2          2             140     0   0    0   02              
14-29-33-678396-001-01 112                                                                                               1  172861122            1728     0   0    0   05              
14-29-33-678396-001-01 431    80   60000 93    80   60000 32021    1 1 2 1 22                          2                 1   24042 12              80     0   0    0   02              
16-88-13-928398-001-01 351   960  960000 52   960  960000122020    3 1 2 1 22                          1   15   33      01   22042 12              80   120   0   60   02              
16-88-13-928398-001-01 432                                                                                               1   45042 12             300     0   0   50   02              
63-66-15-528410-001-01 112                                                                                               1   60041112             600     0   0    0   04              
63-66-15-528410-001-01 222                                                                                               1    6041312             390     0   0    0   02              
63-66-15-528410-001-01 312                                                                                               2          2              10     0   0    0   02              
35-76-92-328411-001-01 112                                                                                               2          2             590    10   0    0   04              
35-76-92-328411-001-01 122                                                                                               2          2            2096   112   0    0   04              
35-76-92-328411-001-01 222                                                                                               2          2             720     0   0    0   04              
08-37-96-268412-001-01 112                                                                                               2          2             550     0   0    0   05              
08-37-96-268412-001-01 121   600  225000 21   600  225000 82020    1 1 3 1 32                          2                 1  180042 12            1970    70   0    0   04              
08-37-96-268412-001-01 222                                                                                               2          2             240     0   0    0   05              
29-90-85-158412-001-02 111    80   35000 41    80   35000 72020    3 2   2  2                          1    1   32      01    9042 12              70     0   0    0   02              
29-90-85-158412-001-02 221    17    5000 21    17    5000 82020    1 2   2  2                          2                 2          2              34     0   0    0   02              
29-90-85-158412-001-02 431    50   40000 41    50   40000 72020    1 2   2  2                          1    1   12   10002          2              80     0   0    0   02              
29-28-77-938413-001-01 111   240   90000 21   240   90000 62020    1 1 2 1 22                          2                 2          2             910    50   0    0   05              
29-28-77-938413-001-01 121  1200  500000 41  1200  500000 82020    1 1 2 1 22                          1    5   13  200001   12041112            1080     0   0    0   05              
29-28-77-938413-001-01 132                                                                                               2          2             300     0   0    0   05              
29-28-77-938413-001-01 222                                                                                               2          2             560     0   0    0   05              
53-65-94-758414-001-01 122                                                                                               2          2            1800     0   0    0   04              
42-07-57-408414-001-03 121   700  500000 91   700  500000 62021    1 1   1  2                          2                 2          2             700     0   0    0   02              
03-58-06-438415-001-01 112                                                                                               2          2             100     0   0    0   02              
03-58-06-438415-001-01 122                                                                                               2          2              90     0   0    0   02              
03-58-06-438415-001-01 351   180  450000162   180  450000 72020    3 1 4 1 42                          2                 2          2              25    50   0    0   02              
03-58-06-438415-001-01 432                                                                                               2          2              60     0   0    0   02              
33-83-90-348416-001-01 112                                                                                               2          2             600     0   0    0   04              
33-83-90-348416-001-01 121  1875 1250000 92  1875 1250000 82020    3 1   1  2                          2                 1   22542 12             750    45 225  105   04              
22-94-41-888416-001-03 112                                                                                               2          2            2208    60   0    0   04              
22-94-41-888416-001-03 121 17640 9250000 92  4900 2100000 72020    1 3   3  1 93127407150000 2202113 3 2                 2          2            1420   540   0    0   04              
22-94-41-888416-001-03 331   130  170000 94   130  170000 52020    1 1 3 1 32                          2                 2          2               5     5   0    0   04              
22-94-41-888416-001-03 432                                                                                               2          2             405    15   0    0   04              
81-60-85-718417-001-01 112                                                                                               2          2            1800   100   0  100   04              
81-60-85-718417-001-01 121  2800 2000000162  2800 2000000 82020    2 1   1  2                          2                 2          2            2600   200   0    0   04              
68-36-25-838429-001-01 111   324  159000 91   324  159000 42021    0 1 2 1  2                          2                 2          2             460    60   0   20   04              
68-36-25-838429-001-01 121   240  126000 91   240  126000 72020    1 1   1  2                          2                 1   32042 12             240     0   0    0   02              
68-36-25-838429-001-01 431  1020  680000 92  1020  680000 72020    1 1   1  2                          2                 2          2             180     0   0    0   02              
88-30-56-528430-001-02 112                                                                                               2          2             680   120   0    0   04              
88-30-56-528430-001-02 121   660  300000 91   660  300000102020    1 9   9  2                          2                 2          2            1320     0   0    0   04              
88-30-56-528430-001-02 222                                                                                               2          2             650     0   0    0   04              
88-30-56-528430-001-02 312                                                                                               2          2             100     0   0    0   04              
88-30-56-528430-001-02 431  1440 1008000 91  1440 1008000 62020    1 911 9112                          2                 2          2             480   180   0    0   04              
02-94-58-758430-001-04 111   120  290000 91   120  290000 62021    4 1   1 22                          2                 2          2               0     0   0    0   02              
02-94-58-758430-001-04 121   936  520000 91   936  520000 62021    2 1   1 22                          2                 2          2             336    24   0  144   02              
55-28-78-708430-001-05 112                                                                                               2          2             270     0   0    0   04              
55-28-78-708430-001-05 121  1092  546000 31   588  294000 62020    2 1   1  1 34  504 252000 7202111 1 2                 2          2             618    27   0   27   02              
55-28-78-708430-001-05 222                                                                                               2          2             160     0   0    0   04              
55-28-78-708430-001-05 431    30   25000 31    30   25000 62020    1 1   1  2                          2                 2          2               6    24   6    6   04              
05-26-99-668431-001-01 121  2500 1450000 93  1500  750000 62020    1 2   2  1 93 1000 70000011202012 2 2                 2          2             400    40   0   60   02              
53-79-41-888432-001-01 122                                                                                               2          2             730    20   0    0   02              
53-79-41-888432-001-01 431    80   60000 94    80   60000 92020    1 1   1  2                          2                 2          2             205     0   0    0   02              
54-84-39-338434-001-01 111    36   12000 91    36   12000 72020    2 1 2 1 22                          2                 2          2             512    10   0    0   02              
54-84-39-338434-001-01 311     4    8000 21     4    8000 52020    1 2   1 22                          2                 2          2              11     0   0    0   02              
54-84-39-338434-001-01 432                                                                                               2          2              36    12   0    0   03              
23-84-39-388434-001-03 121   840  630000 92   840  630000 82021    1 1   1  2                          2                 2          2               0     0   0    0   02              
09-35-15-018435-001-01 112                                                                                               2          2             340    20   0    0   02              
09-35-15-018435-001-01 121  2300 1150000 93  2300 1150000 92020    1 1   1  2                          2                 2          2             400    40   0   40   02              
09-35-15-018435-001-01 312                                                                                               2          2              10     0   0    0   02              
09-35-15-018435-001-01 922                                                                                               2          2              30     0   0   30   02              
56-11-57-358436-001-01 111   648  108000161   648  108000102020    2 1 2 1 22                          2                 2          2             108     0   0    0   02              
56-11-57-358436-001-01 121  2140  680000161  2140  680000 92020    3 1   1  2                          2                 2          2             630     0 126    0   02              
09-69-32-298448-001-01 112                                                                                               2          2            1070    10   0    0   04              
09-69-32-298448-001-01 121  2160 1000000161  2160 1000000 82020    3 1   1  2                          2                 2          2            1512   108   0    0   04              
85-90-69-268448-001-05 112                                                                                               2          2            1260     0   0    0   04              
85-90-69-268448-001-05 121  7390 3960000162  7390 3960000 92020    1 1 4 1 42                          2                 2          2             224   224   0    0   02              
85-90-69-268448-001-05 221   700  210000162   700  210000 42020    1 1   1  2                          2                 2          2            1960     0   0    0   04              
85-90-69-268448-001-05 432                                                                                               2          2             165    10   0    0   04              
08-15-79-098449-001-01 112                                                                                               2          2             350     0   0   10   02              
08-15-79-098449-001-01 122                                                                                               2          2            1855    20   0    0   02              
08-15-79-098449-001-01 222                                                                                               2          2             100     0   0    0   02              
08-15-79-098449-001-01 432                                                                                               1    5042 12             100     0   0    0   02              
59-10-88-398450-001-01 112                                                                                               2          2              52     0   0    0   03              
59-10-88-398450-001-01 121   375  210000 92   375  210000 62020    2 1   1  2                          2                 2          2             750     0   0    0   03              
17-48-94-578451-001-02 112                                                                                               2          2             234     0   0   18   04              
17-48-94-578451-001-02 121   224   70000163   224   70000 62021    1 2   2  2                          2                 2          2             224     0   0  112   02              
17-48-94-578451-001-02 332                                                                                               2          2               3     0   0    0   02              
17-48-94-578451-001-02 431    20   10000162    20   10000 62021    1 2   2  2                          2                 2          2              30    20   0    0   02              
94-34-92-188452-001-01 112                                                                                               2          2             422    10   0    0   04              
94-34-92-188452-001-01 121   960  420000162   960  420000 82020    1 1 2 1 22                          2                 2          2             950    10   0    0   05              
94-34-92-188452-001-01 432                                                                                               2          2              62    10   0    0   04              
83-21-82-378452-001-03 122                                                                                               2          2             176    16   0   32   02              
28-52-02-768453-001-01 112                                                                                               2          2             353    25   0    0   05              
28-52-02-768453-001-01 121  3840 3225000 92  3840 3225000112020    4 1   1 22                          1    4   46  300002          2            2660    64   0  100   05              
28-52-02-768453-001-01 221    70   60000 52    70   60000 92020    1 2   2  2                          1    5   12   40002          2             180     0   0   20   05              
28-52-02-768453-001-01 432                                                                                               2          2              60    10   0   20   02              
94-38-37-268454-001-01 111  1000  240000 93  1000  240000 62020    1 2 4 2 42                          2                 2          13 1  16000  1660     0   0    0   04              
94-38-37-268454-001-01 121  6000 3900000 93  6000 3900000 82020    1 2 4 2 42                          2                 2          2             900   100   0    0   02              
94-38-37-268454-001-01 312                                                                                               2          2              40     0   0    0   04              
94-38-37-268454-001-01 432                                                                                               2          2              50    10   0   10   02              
22-92-19-148454-001-03 112                                                                                               2          12 2  32000   594     0   0    0   04              
22-92-19-148454-001-03 121   960  800000 91   960  800000 82020    1 1   1  2                          2                 2          2             256     0   0   32   02              
22-92-19-148454-001-03 312                                                                                               2          2              18     0   0    2   04              
86-55-14-578454-001-07 112                                                                                               2          2             900     0   0   80   05              
86-55-14-578454-001-07 121  4500 2925000 93  4500 2925000 72020    1 1 2 1 22                          2                 2          2             400   100   0  100   02              
20-16-02-248455-001-02 112                                                                                               2          2            2256   120   0    0   04              
20-16-02-248455-001-02 121  5880 5600000 91  5880 5600000 92020    2 1   1  2                          2                 2          2            2280   240   0    0   05              
63-41-60-758468-001-01 112                                                                                               2          2             270     0   0   54   03              
01-65-53-728471-001-01 112                                                                                               2          2             280     0   0    0   02              
01-65-53-728471-001-01 312                                                                                               2          2              40     0   0    0   02              
26-59-11-808472-001-01 111    18    6000 23    18    6000 82020    1 1 2 1 22                          2                 2          2             594    36   0    0   04              
26-59-11-808472-001-01 122                                                                                               2          2             144    48   0    0   04              
27-44-06-258474-001-01 111   540  300000 91   540  300000102020    1 1   1  2                          2                 1    5442 12             218     0   0    0  547 950 700009191
27-44-06-258474-001-01 121  2304 1800000 91  2304 1800000112020    1 1   1  2                          1    4   14  450001   19242 12             551    25   0  192   05              
41-48-65-388477-001-01 112                                                                                               2          2              61     2   0   27   02              
41-48-65-388477-001-01 312                                                                                               2          2              16     0   0    4   02              
41-48-65-388477-001-01 432                                                                                               2          2              20     0   0    5   02              
42-27-57-108486-001-01 111  1938  430000 21  1938  430000 82020    1 1   1  2                          2                 2          11 3  90000  5922     01140    0   04              
42-27-57-108486-001-01 342                                                                                               2          2             672     0   0    0   04              
42-27-57-108486-001-01 432                                                                                               2          2             168     0   0    0   04              
57-70-35-258487-001-01 111   216   84000 91   216   84000 92020    1 1 2 1  2                          1    2   16   40002          2            2484     0   0    0   03              
24-66-81-388487-001-05 112                                                                                               2          2            1482     0   0    0   03              
24-66-81-388487-001-05 261   200  200000 71   200  200000 32020    1 1   1  2                          1    2   16   15002          2              40     0   0    0   03              
24-66-81-388487-001-05 312                                                                                               2          2              20     0   0    0   03              
24-66-81-388487-001-05 331    40   60000 71    40   60000 42020    1 1   1  2                          1    2   16   15002          2              15     1   0   14   02              
24-66-81-388487-001-05 431     8   10000161     8   10000 52020    1 1   1  2                          2                 2          2               8     0   0    0   02              
24-66-81-388487-001-05 501    98  107800 71    98  107800 62020    1 1   1  2                          1    2   16   15002          2               0     0   0    0   03              
02-08-79-278487-001-13 112                                                                                               2          2             540     0   0    0   02              
71-16-15-448488-001-01 111   540  210000161   540  210000 72020    1 2   2  2                          2                 2          2            1080     0   0    0   03              
46-76-91-048489-001-02 112                                                                                               2          2             480     0   0    0   04              
46-76-91-048489-001-02 222                                                                                               2          2             300     0   0   60   02              
46-76-91-048489-001-02 871  2550 1683000 93  1550 1023000 32020    2 1 2 1 21 93 1000 660000 32020212122                 2          2              20     0  60   20   02              
61-07-71-068490-001-01 111   432  160000 51   432  160000102020    1 1   1  2                          1    3   15   50002          2             396     0   0    0   02              
61-07-71-068490-001-01 501    20   19000 91    20   19000 62020    1 1   1  2                          1    3   12      02          2               0     0   0    0   08              
67-77-05-688490-001-07 111   108   36000 91   108   36000 52020    1 1   1 22                          2                 2          2             358     0   0   15   02              
67-77-05-688490-001-07 431    25   10000 91    25   10000 52020    1 2   1 22                          2                 2          2             107    12   0    0   02              
43-16-93-388491-001-01 111   216   84000 53   216   84000 72020    2 1 2 1 22                          1   15   23      02          2             216     0   0    0   02              
43-16-93-388491-001-01 121   216   84000162   216   84000122020    1 1 2 1 22                          2                 2          2             324     0   0    0   02              
43-16-93-388491-001-01 221   600  120000162   600  120000102020    1 1 2 1 22                          2                 2          2             750     0   0  150   02              
25-13-85-268492-001-01 501   400  400000183   400  400000 72020    1 2   2  2                          1    6   13  100002          2               0     0   0    0   02              
20-95-20-088492-001-05 112                                                                                               2          13 1   1000   319     4   0    0   05              
20-95-20-088492-001-05 312                                                                                               2          2               8     1   0    1   02              
20-95-20-088492-001-05 321    10    8000 94    10    8000 42020    1 1   1 22                          1   22   12      02          2               4     1   0    0   05              
57-30-46-038493-001-01 111   432  192000 91   432  192000 82020    1 1 2 1 22                          2                 2          2             954    18   0    0   05              
57-30-46-038493-001-01 122                                                                                               2          2              90     0   0    0   05              
57-30-46-038493-001-01 411    90   30000 92    90   30000 72020    1 1 2 1 22                          2                 2          2               0     0   0    0   02              
57-30-46-038493-001-01 431    75   24000 92    75   24000112020    1 1 2 1 22                          2                 2          2              75     0   0    0   05              
32-24-12-228506-001-01 111  6200 3100000 91  6200 3100000 52020    6 1   1 22                          1   55   16  400002          2            1300     01500    0   04              
32-24-12-228506-001-01 501  2848 2136000 61  2848 2136000 72020    1 1   1 22                          2                 2          2               0     0   0    0   02              
63-86-47-138509-001-01 112                                                                                               1  100022 12             700    50   0   20   02              
63-86-47-138509-001-01 122                                                                                               2          12 4  84000   250    40   0   10   04              
63-86-47-138509-001-01 411   160  160000 41   160  160000 42020    1 1 4 1  2                          2                 2          2              80     0   0    0   02              
03-16-05-288509-001-02 112                                                                                               1    8042 12             160     0   0    0   01              
27-00-87-678509-001-05 111   700  210000 41   700  210000 42020    1 1   1  2                          2                 2          12 1   5000    20     0   0    0   01              
39-40-33-728511-001-02 111  3552  990000 91  3552  990000 82020    2 1 2 1  2                          2                 2          2            1700     0   0   40   04              
39-40-33-728511-001-02 331    30   30000 93    30   30000 32020    1 1   1  2                          2                 2          2               0    10   0    0   02              
57-16-67-668511-001-04 352                                                                                               1    50411313 1   5000   350    50   0   40   02              
23-56-01-838512-001-01 111   648  270000 31   648  270000 82020    1 1 2 1 22                          2                 2          2             756     0   0    0   05              
23-56-01-838512-001-01 221   800   65000 92   800   65000 72020    1 1 2 1 22                          2                 2          2            1600     0   0    0   05              
23-56-01-838512-001-01 312                                                                                               2          2              72     0   0    0   02              
23-56-01-838512-001-01 501    60   63000 71    60   63000 72020    1 1 2 1 22                          2                 2          2               0     0   0    0   05              
06-99-12-268524-001-01 112                                                                                               2          11 6  21000    90     0   0    0   07 200 100003131
06-99-12-268524-001-01 432                                                                                               2          2              18     3   0    0   05              
38-71-06-878527-001-01 112                                                                                               2          13 1   5000   180     0   0    0   02              
70-41-03-848528-001-01 222                                                                                               2          2             600     0   0    0   04              
65-17-43-268528-001-04 112                                                                                               2          12 2  20000   740    60   0    0   02              
65-17-43-268528-001-04 432                                                                                               2          2             180    20   0    0   02              
82-85-96-818531-001-01 222                                                                                               2          2             450     0   0   50   01              
82-85-96-818531-001-01 412                                                                                               2          13 1  14000   290     0   0    0   02              
49-65-33-458543-001-02 112                                                                                               2          2             120     0   0    0   05              
91-56-31-008543-001-03 121   480  120000 51   480  120000 72020    1 1 2 1 22                          2                 2          2            1080     0   0    0   02              
18-90-19-378544-001-01 411   600  500000 91   600  500000 92020    1 4   4  2                          2                 2          2               0     0   0    0   02              
30-76-94-738545-001-01 121   256  100000161   256  100000 72020    1 1   1  2                          2                 1    4842 32             208    48   0    0   02              
28-36-36-908546-001-01 131  1080  300000202  1080  300000 42021    1 1 2 1 22                          2                 1  106242 22             540     0   0    0   02              
42-27-91-988547-001-01 121  2250 1125000 92   360  168000 92020    2 1 2 1 22                          2                 2          2            1800     0   0    0   02              
42-27-91-988547-001-01 222                                                                                               2          2             600     0   0    0   02              
42-27-91-988547-001-01 352                                                                                               2          2             540     0   0    0   02              
94-72-76-298547-001-03 501   500  400000 61   500  400000 72020    1 1   1  2                          1    4   15      02          2               0     0   0    0   02              
25-30-45-908548-001-01 501   300  300000 62   300  300000 92020    1 1   1  2                          1    6   13  150002          2               0     0   0    0   02              
11-32-28-928549-001-01 111 13200 4950000 91 13200    4950112020    2 1   1  2                          2                 1  300042 12             600     0   0    0   02              
11-32-28-928549-001-01 351  7500 9750000 91  7500 9750000102020    1 1   1  2                          2                 2          2               0     0   0    0   02              
26-23-47-708549-001-06 112                                                                                               2          2             126     0   0   18   02              
26-23-47-708549-001-06 501   178  147740 62   178  147740 82020    1 1   1  2                          1    6   13   50002          2               0     0   0    0   02              
48-17-80-368550-001-01 121  3150 1470000 95  3150 1470000 72020    2 1 2 1 22                          2                 1  103022 12            1350    50   0    0   05              
48-17-80-368550-001-01 501  1294 2200000 95  1294 2200000 82020    3 1 2 1 22                          2                 2          2               0     0   0    0   03              
04-99-32-548562-001-01 112                                                                                               2          2             972     0   0    0   04              
04-99-32-548562-001-01 501   180  180000 61   180  180000 82020    1 1 2 1 22                          1    3   13      02          2               0     0   0    0   02              
12-78-14-368563-001-01 122                                                                                               2          2             250    30   0    0   02              
12-78-14-368563-001-01 132                                                                                               2          2            2000   100   0 1900   04              
12-78-14-368563-001-01 501  1650 1815000 61  1650 1815000 82020    3 1   1  2                          1    5   33      02          2               0     0   0    0   02              
20-52-90-348563-001-03 112                                                                                               1   30041112             940    60   0    0   04              
20-52-90-348563-001-03 122                                                                                               1   31541112            1935    60   0    0   04              
20-52-90-348563-001-03 132                                                                                               2          2             300    50   0   50   04              
20-52-90-348563-001-03 142                                                                                               2          2             220    20   0    0   04              
20-52-90-348563-001-03 222                                                                                               2          2             800     0   0    0   04              
20-52-90-348563-001-03 331   210  288000 91   210  288000 72020    1 1 2 1 22                          2                 1    2041132             290     0   0    0   04              
20-52-90-348563-001-03 501   870  870000 72   870  870000 92020    1 1 2 1 22                          1   15   13      02          2               0     0   0    0   04              
20-52-90-348563-001-03 871   170   95000 91   170   95000102020    1 1 2 1 22                          2                 2          2              85     0   0    0   04              
43-27-31-928564-001-01 112                                                                                               2          2            1380    60   0    0   04              
43-27-31-928564-001-01 122                                                                                               2          2             280    10   0    0   04              
43-27-31-928564-001-01 132                                                                                               1   10842 12             638    10   0    0   04              
43-27-31-928564-001-01 221   288  108000 41   288  108000 42020    1 1 2 1 22                          1   15   36  120001   43212 12             432     0   0  144   04              
43-27-31-928564-001-01 331    30   45000 41    30   45000 42020    2 1 2 1 22                          2                 2          2             130    20   0    0   04              
43-27-31-928564-001-01 412                                                                                               2          2             412    20   0    0   02              
43-27-31-928564-001-01 432                                                                                               1   36052 12             280    20   0   40   04              
43-27-31-928564-001-01 501  1100  913000 61  1100  913000 72020    2 1 2 1 22                          1   15   25      02          2               0     0   0    0   04              
05-71-43-298564-001-03 112                                                                                               2          2             330     0   0    0   04              
05-71-43-298564-001-03 501   380  400000211   380  400000 92020    1 1 2 1 22                          1    5   15      02          2               0     0   0    0   02              
15-30-75-488565-001-01 112                                                                                               1  104011112             200    20   0   40  105              
15-30-75-488565-001-01 501   100  120000181   100  120000 72021    1 1 2 1 22                          1    4   13      02          2               0     0   0    0   02              
36-90-11-838566-001-01 122                                                                                               2          2             360     0   0    0   02              
36-90-11-838566-001-01 331   300  300000 91   300  300000 62020    1 1   1  2                          1    6   36  150002          2             100     0   0    0   02              
36-90-11-838566-001-01 501   700  770000 61   700  770000 62020    2 1   1  2                          1    6   23  300002          2               0     0   0    0   02              
21-36-20-588568-001-01 121  3840 1200000 91  3840 1200000 82020    1 1 2 1 22                          2                 2          2            2604   256   0    0   02              
14-04-95-348568-001-04 121  1125 1000000 95  1125 1000000102020    1 1 2 1 22                          2                 2          2               0     0   0    0   05              
58-20-44-208569-001-01 132                                                                                               2          2             400     0   0    0   04              
58-20-44-208569-001-01 432                                                                                               2          2             175     0   0    0   04              
13-83-16-718581-001-01 112                                                                                               2          2              60     0   0    0   05              
13-83-16-718581-001-01 122                                                                                               2          2            1824    96   0    0   05              
13-83-16-718581-001-01 222                                                                                               2          2             480     0   0    0   02              
13-83-16-718581-001-01 332                                                                                               2          2              18     2   0    0   02              
13-83-16-718581-001-01 432                                                                                               2          2              30    10   0    0   02              
21-15-18-018582-001-01 121   500  210000 91   500  210000 82020    2 1   1  2                          2                 2          2            1500     0   0    0   02              
21-15-18-018582-001-01 222                                                                                               2          2            1200     0   0    0   02              
89-31-46-388583-001-01 112                                                                                               2          2             342     0   0    0   05              
89-31-46-388583-001-01 122                                                                                               2          2             330     0   0    0   02              
89-31-46-388583-001-01 501    40   34000 61    40   34000 82020    1 1 3 1 32                          1    1   12      02          2               0     0   0    0   02              
44-18-35-448584-001-01 111   100   60000 91   100   60000 22021    1 1   1  2                          2                 2          2             600     0 240    0   04              
44-18-35-448584-001-01 121  1875 1500000 93  1875 1500000 82020    2 1   1  2                          1   16  102      02          2            1050    75 225  150   04              
44-18-35-448584-001-01 312                                                                                               2          2              40     5   0    0   04              
44-18-35-448584-001-01 331   200  150000 91   200  150000 42020    1 1   1  2                          2                 2          2              60     0   0    0   04              
44-18-35-448584-001-01 501    80   96000 61    80   96000 72020    1 1   1  2                          1    6   12      02          2               0     0   0    0   04              
56-78-65-418585-001-02 112                                                                                               2          2             104     4   0    0   02              
56-78-65-418585-001-02 331     4    5000 51     4    5000 42020    1 2   2  2                          1    4   11      02          2              30     2   0    4   02              
31-45-10-208586-001-01 122                                                                                               2          2             600   150   0    0   05              
10-00-82-238587-001-01 112                                                                                               2          2             135     0   0    0   04              
10-00-82-238587-001-01 122                                                                                               2          2             300     0   0   50   04              
10-00-82-238587-001-01 331     8    8000 91     8    8000 62020    1 1 2 1 22                          2                 2          2              12     0   0    0   04              
51-99-70-758587-001-03 111   240   90000 91   240   90000 82020    1 1   1  2                          2                 2          2             600     0   0    0   02              
19-79-62-778588-001-01 112                                                                                               2          2             700    20   0    0   04              
19-79-62-778588-001-01 121   700  336000161   700  336000 72020    2 1   1  2                          2                 2          2            1800   100   0 1200   04              
19-79-62-778588-001-01 432                                                                                               2          2             500    50   0  100   04              
19-79-62-778588-001-01 501  1300 1430000 61  1300 1430000 82020    6 1   1  2                          1    2   56      02          2               0     0   0    0   02              
07-65-64-298588-001-04 112                                                                                               2          2             600   100   0  100   04              
07-65-64-298588-001-04 121   210  135000161   210  135000 72020    3 1   1  2                          2                 2          2             490    70   0    0   05              
07-65-64-298588-001-04 501   300  330000 61   300  330000 82020    2 1   1  2                          1    2   22      02          2               0     0   0    0   02              
90-79-79-128588-001-05 112                                                                                               2          2             290    10   0    0   05              
90-79-79-128588-001-05 432                                                                                               2          2             190    10   0    0   05              
50-42-79-338601-001-01 112                                                                                               2          2             240     0   0    0   02              
50-42-79-338601-001-01 322                                                                                               2          2              20     0   0    0   02              
50-42-79-338601-001-01 332                                                                                               2          2              80     0   0    0   02              
81-82-81-408602-001-01 112                                                                                               2          2             720     0   0    0   02              
76-45-13-398603-001-01 112                                                                                               2          2             535     5   0   60   02              
76-45-13-398603-001-01 332                                                                                               2          2              40     0   0    0   02              
51-49-02-058605-001-05 111   360  180000 91   360  180000 62021    1 1   1 22                          2                 2          2               0     0   0    0   02              
51-49-02-058605-001-05 331   120  150000 91   120  150000 72021    1 1   1 22                          2                 2          2               0     0   0    0   02              
51-49-02-058605-001-05 351   360  510000 91   360  510000 82021    1 1   1 22                          2                 1    4042 32              80    40   0    0   02              
47-61-91-398607-001-02 121   180   80000 91   180   80000 72020    1 1 2 1 22                          2                 2          2             337    23  90    0   02              
05-98-11-048607-001-03 112                                                                                               2          2              60     0   0    0   02              
05-98-11-048607-001-03 222                                                                                               2          2             450     0   0    0   02              
05-98-11-048607-001-03 312                                                                                               1     442 12              20     0   0    0   02              
63-99-77-018619-001-01 111   540  175000 93   540  175000 12021    2 1   1 22                          2                 1  259211112             540     0 540  108   04              
63-99-77-018619-001-01 311   180  320000 21   180  320000 52020    2 1   1  2                          2                 2          2               0     0   0    0   04              
63-99-77-018619-001-01 351   600  340000 92   600  340000 92020    1 1 2 1  2                          2                 2          2               0     0   0    0   04              
63-99-77-018619-001-01 411  1800 1050000 21  1800 1050000 92020    2 1   1  2                          2                 2          2             150    30   0    0   02              
59-52-94-998619-001-04 112                                                                                               1   36041122              20     0   0   20   05              
59-52-94-998619-001-04 362                                                                                               2          2              10     0   0    5   03              
59-52-94-998619-001-04 411   315  210000 91   315  210000 62020    1 1 2 1 22                          2                 1    3012 12              30    15   0    0   03              
59-52-94-998619-001-04 432                                                                                               1     412 12               8     2   0    0   03              
49-35-44-558620-001-01 111  2484  805000161  2484  805000102020    3 1 2 1  2                          2                 2          13 1  10000  1080     0   0  144   06              
49-35-44-558620-001-01 312                                                                                               2          2              40     0   0    0   06              
49-35-44-558620-001-01 351  1400 1500000161  1400 1500000 92020    1 1 2 1 22                          2                 1   12042 32              90   120   0    0   06              
85-03-82-618621-001-01 111  1944  684000161  1944  684000 82020    3 1   1  2                          2                 2          2            1183     5   0  108   04              
29-77-83-858622-001-01 111   456  160000162   456  160000 72020    1 1 2 1 22                          2                 2          2            2770     0   0   76   04              
29-77-83-858622-001-01 131   324  150000163   324  150000 72020    1 1 2 1 22                          2                 2          2             430     4   0  108   04              
29-77-83-858622-001-01 311   120   96000163   120   96000 42020    1 1 2 1 22                          2                 2          2             100    30   0   40   04              
29-77-83-858622-001-01 351   600  650000161   600  650000 82020    1 1 2 1 22                          2                 2          2              50    40   0   10   04              
67-14-14-238623-001-01 111  6372 2360000162  6372 2360000102020    3 1 2 1 22                          2                 1   10842 12             648     0   0  216   04              
67-14-14-238623-001-01 261  1720 1190000163  1720 1190000 52019    1 1 2 1 22                          1   54   14 1000002          2              55     0   0   55   03              
67-14-14-238623-001-01 312                                                                                               2          2             240    40   0  140   06              
67-14-14-238623-001-01 351  1020  939600162  1020  939600 82019    1 1 2 1 22                          1   54   14 1000001    2042 32               0    20   0    0   02              
13-28-97-978624-001-01 111  2400  780500 91  2400  780500 92020    2 1 2 1 22                          2                 2          2             948     0   0  432   04              
13-28-97-978624-001-01 311   840  840000 21   840  840000 62020    1 1 2 1 22                          2                 2          2              60    60   0    0   04              
13-28-97-978624-001-01 411   360  210000 21   360  210000 62020    1 1 2 1 22                          2                 2          2              60     0   0    0   08              
05-78-30-288624-001-08 112                                                                                               2          2             942     0   0   20  102              
05-78-30-288624-001-08 311    60   90000 21    60   90000 42020    1 1   1  2                          2                 2          2              90    20   0   10   02              
05-78-30-288624-001-08 411    90  100000 91    90  100000 92020    1 1   1  2                          2                 2          2               0     5   0    0   02              
12-57-12-218625-001-01 112                                                                                               2          2            1224    54   0   18   04              
12-57-12-218625-001-01 312                                                                                               2          2              80     0   0    0   04              
28-14-20-598625-001-02 111   824  336000 91   824  336000 92020    1 1 2 1 22                          2                 2          2             520    60   0  108   04              
28-14-20-598625-001-02 311   360  540000 91   360  540000 32020    1 1 2 1 22                          2                 2          2             100    80   0  120   04              
28-14-20-598625-001-02 351  1000 1190000 91  1000 1190000 82020    1 1 2 1 22                          2                 2          2               0    40   0    0   04              
00-75-91-888626-001-01 111 12600 5250000 95 12600 5250000 92020    1 1   1  2                          1  329   14 5250002          12 1  14000  1000     0   0    0   04              
00-75-91-888626-001-01 351  1300 3250000 94  1300 3250000102020    1 1   1  2                          1  168   14  650002          2               0    60   0    0   02              
75-32-94-568638-001-02 112                                                                                               2          2             310    20   0    0   02              
75-32-94-568638-001-02 221   180   44000 21   180   44000 92020    6 2   2  2                          2                 2          2             220     0   0   50   02              
75-32-94-568638-001-02 412                                                                                               2          2             206    10   0    0   02              
89-32-99-268639-001-02 112                                                                                               2          2             114     6   0    0   07  52 100002121
89-32-99-268639-001-02 312                                                                                               2          2              10     0   0    0   03              
83-24-75-158640-001-01 111 15552 6480000 45 15552 6480000112020    1 1   1  2                          1  102   14 5800002          2             108     0   0  648   05              
30-62-35-368641-001-01 112                                                                                               2          2             540     0   0    0   04              
30-62-35-368641-001-01 312                                                                                               2          2              80     0   0    0   04              
24-53-57-778641-001-05 111   240   60000 93   240   60000 72020    1 2   2  2                          2                 1   36081112             120     0   0    0   02              
24-53-57-778641-001-05 431   120   90000 93   120   90000 92020    1 2   2  2                          2                 1    2582 12             120     0   0    0   02              
03-57-87-438642-001-01 112                                                                                               2          2             180     0   0   36   05              
03-57-87-438642-001-01 312                                                                                               2          2              30     0   0    0   02              
96-74-35-598643-001-01 221    80   30000 21    80   30000 42020    1 1 2 1 22                          2                 2          2             320     0   0    0   03              
47-32-36-268645-001-01 112                                                                                               2          2             120     0   0   10  102              
47-32-36-268645-001-01 122                                                                                               2          2             400   100   0    0   02              
47-32-36-268645-001-01 351  2040 2600000 92  2040 2600000 92020    1 1 2 1 22                          1    5   14  500002          2               0   120   0    0   02              
53-95-88-368661-001-01 112                                                                                               2          12 1  21000   432    18 108   36   05              
53-95-88-368661-001-01 411   336  200000162   336  200000 92020    1 1 2 1 22                          2                 2          2              36     0   0    0   05              
82-11-20-668663-001-01 112                                                                                               2          2             115     0   0    0   05              
82-11-20-668663-001-01 412                                                                                               2          2              40    10   0    0   05              
84-53-24-868676-001-01 112                                                                                               2          2             400     0   0   60   04              
84-53-24-868676-001-01 122                                                                                               2          2             100     0   0    0   04              
84-53-24-868676-001-01 131   100   50000 91   100   50000 82020    1 1 2 1 22                          2                 2          2              60     0   0   20   02              
84-53-24-868676-001-01 261  2000 1200000 93  2000 1200000 32020    1 1 2 1 22                          2                 2          2              40     0  40   20   02              
39-42-04-748676-001-04 111   220   90000 91   220   90000 92020    1 1 2 1 22                          2                 2          2             382     0   0  100  544              
39-42-04-748676-001-04 261   800  900000 11   800  900000 62020    1 1 2 1 22                          2                 2          2              20   400   0   50   05              
39-42-04-748676-001-04 431   210  150000 91   210  150000102020    1 1 2 1 22                          2                 2          2              60    10   0   70   04              
59-41-71-268677-001-01 112                                                                                               2          12 1  28000   432     0   0   72   04              
59-41-71-268677-001-01 132                                                                                               2          2              80     0   0   40   04              
59-41-71-268677-001-01 411   252  135000163   252  135000 92020    1 1   1  2                          2                 2          2             132     0   0   36   04              
47-60-56-328678-001-01 112                                                                                               2          2             324     0   0  108   06              
47-60-56-328678-001-01 131   160   70000 11   160   70000 62021    2 1 2 1 22                          2                 1    2041112               0     0   0    0   06              
47-60-56-328678-001-019981  1500  450000 93  1500  450000 12021    4 1 2 1 22                          2                 2          2             100     0   0    0   06              
52-70-21-468679-001-01 411   276  120000162   252  105000 52020    1 1   1  2                          2                 2          2              12    12   0    0   03              
19-45-92-408680-001-01 112                                                                                               2          2             648     0   0    0   05              
52-85-20-838681-001-01 112                                                                                               2          2             252     0   0    0   03              
52-85-20-838681-001-01 142                                                                                               2          2              40     0   0    0   03              
13-10-08-068682-001-01 112                                                                                               2          2             146     0   0   70   04              
19-46-83-648683-001-01 112                                                                                               2          2             324     0   0   36   04              
19-46-83-648683-001-01 132                                                                                               2          2             440    20   0   20   04              
45-36-82-588683-001-03 111  1512  700000162  1512  700000 92020    1 1   1  2                          2                 2          13 1  30000   594     0  90   72   04              
45-36-82-588683-001-03 131    20    7000 31    20    7000 72020    1 1   1  2                          2                 2          2              60    10   0   10   04              
45-36-82-588683-001-03 311    16   30000163    16   30000 42020    1 1   1  2                          2                 2          2              16    10   0    0   04              
45-36-82-588683-001-03 411    24   10000163    24   10000 72020    1 1   1  2                          2                 2          2              36    12   0   12   04              
30-37-49-818695-001-01 112                                                                                               2          2            2000     0   0    0   04              
30-37-49-818695-001-01 122                                                                                               2          2            1750    75   0    0   04              
30-37-49-818695-001-01 222                                                                                               2          2             640     0   0    0   02              
51-33-72-028695-001-08 121  2500 1250000 91  2500 1250000 62020    2 1 2 1  2                          2                 2          2               0     0   0    0   04              
17-60-11-048696-001-01 222                                                                                               2          2             400     0   0    0   05              
81-34-52-538697-001-01 112                                                                                               2          2             200     0   0    0   04              
81-34-52-538697-001-01 121   220  100000 21   220  100000 82020    2 1 2 1 22                          2                 2          2            1950    30   0    0   04              
25-94-94-228698-001-01 112                                                                                               1   98011112               0     0   0    0   02              
25-94-94-228698-001-01 121  1050  400000161  1050  400000 52021    1 1   1  2                          2                 1  210042 12               0    10   0    0   02              
25-94-94-228698-001-01 222                                                                                               1   20062 12             400     0   0    0   02              
25-94-94-228698-001-01 322                                                                                               1    2142 12              21     2   0    0   02              
25-94-94-228698-001-01 432                                                                                               1    8842 12              52     8   0    0   02              
22-97-15-548699-001-01 111   500  150000 31   500  150000 52020    2 1   1  2                          2                 2          2             800    50   0  150   04              
22-97-15-548699-001-01 121   210   90000 31   210   90000 62020    1 1   1  2                          2                 2          2            1050    70   0   70   04              
22-97-15-548699-001-01 222                                                                                               2          2            1000     0   0  200   04              
88-32-17-248699-001-07 112                                                                                               2          2            2000     0   0  100   05              
88-32-17-248699-001-07 121  2100  800000 43  2100  800000102020    1 2   2  2                          1   25   14  500002          2            1050     0   0    0   05              
88-32-17-248699-001-07 222                                                                                               2          11 2   3000   395     0   0    0   05              
88-32-17-248699-001-07 312                                                                                               2          2             100     0   0    0   05              
88-32-17-248699-001-07 332                                                                                               2          2              10     0   0    0   05              
88-32-17-248699-001-07 432                                                                                               2          2              59     0   0   15   05              
19-69-94-138699-001-08 112                                                                                               2          2            2000     0   0    0   04              
19-69-94-138699-001-08 121  2100 1500000162  2100 1500000 72020    1 1   1  2                          2                 2          2            1155   105   0    0   04              
34-08-91-558700-001-01 112                                                                                               2          2             240     0   0    0   02              
57-28-48-528701-001-01 121   500  600000104   500  600000 82020    1 1   1  2                          1  100   14  320002          2             100     0   0    0   05              
52-97-80-708702-001-01 112                                                                                               2          2             846    18   0    0   02              
52-97-80-708702-001-01 121   360  160000161   360  160000 82020    1 1   1  2                          2                 2          2             510    30   0    0   02              
20-21-94-268714-001-01 112                                                                                               2          2             976    32   0    0   04              
20-21-94-268714-001-01 121   560  250000 91   560  250000 82020    2 1   1 22                          2                 2          2             540    20   0    0   02              
20-21-94-268714-001-01 312                                                                                               2          2              60     0   0    0   04              
20-21-94-268714-001-01 432                                                                                               2          2             324    60   0    0   02              
38-17-06-968715-001-01 112                                                                                               2          2            1200     0   0    0   02              
38-17-06-968715-001-01 222                                                                                               2          2             250     0   0  150   02              
38-17-06-968715-001-01 431   280  490000 92   280  490000 72020    1 1   1 52                          2                 2          2              20     0   0    0   02              
64-74-01-698718-001-01 112                                                                                               2          2             451     3   0    0   24              
64-74-01-698718-001-01 121    70  162000165    50  150000 62020    1 1   1  1162   20  12000 7202011 1 2                 1   42042 12             438    50   0    0   24              
49-40-84-588722-001-01 112                                                                                               2          2             460     0   0    0   01              
49-40-84-588722-001-01 222                                                                                               2          2             300     0   0    0   01              
49-40-84-588722-001-01 431   132  160000 91   132  160000 62020    1 1 2 1 22                          2                 2          2             132     0   0    0   02              
83-36-25-608733-001-01 112                                                                                               2          2             900     0   0   60   02              
41-44-46-088735-001-01 111  1200  480000 93  1200  480000102020    1 1 2 1 22                          2                 2          2            2200   120   0   80   02              
41-44-46-088735-001-01 411   140   60000 93   140   60000102020    1 1 2 1 22                          2                 2          2               0    10   0    0   02              
85-70-89-578737-001-01 121  7000 4900000165  7000 4900000 82020    2 1   1  2                          2                 2          2             400   100   0  500   02              
88-15-22-558738-001-01 112                                                                                               2          2             100     0   0    0   02              
67-42-91-358753-001-01 111   100   60000 93   100   60000 82020    1 1   1  2                          2                 2          2             200    10   0   20   02              
67-42-91-358753-001-01 431   240   90000 94   240   90000 62020    1 1   1  2                          2                 2          2             200    20   0    0   02              
95-95-94-938754-001-01 112                                                                                               2          2             295     5   0    0   02              
95-95-94-938754-001-01 122                                                                                               2          2             200    10   0    0   08              
95-95-94-938754-001-01 432                                                                                               2          2              40     0   0    0   02              
02-79-84-968755-001-01 112                                                                                               1   30012 12             150    20  30    0   02              
02-79-84-968755-001-01 121   150  100000 91   150  100000122020    1 1   1  2                          2                 1   30012 12              75     0   0    0   02              
02-79-84-968755-001-01 132                                                                                               1   20012 12             100    20  80    0   02              
46-85-75-768756-001-02 121   300  300000 91   300  300000 72020    2 2   2  2                          2                 1    6042 22             120     0   0    0   02              
88-49-28-098757-001-04 111   108   72000 51   108   72000 82020    2 1   1  2                          2                 2          2              88     2   0   18   02              
88-49-28-098757-001-04 121    90   48000161    90   48000112020    1 1   1  2                          2                 2          2              77     3   0   10   02              
88-49-28-098757-001-04 132                                                                                               2          2              53     1   0   54   02              
12-87-63-118758-001-01 111  1080  600000161  1080  600000 62020    1 1   1  2                          2                 2          2            2040    30   0    0   04              
92-44-74-208758-001-05 112                                                                                               2          2             400     0   0    0   02              
54-52-22-568758-001-08 111   480  120000 53   480  120000 52020    5 1 2 1 22                          1   15   54      02          2            1880    40   0    0   04              
54-52-22-568758-001-08 121   384  120000 93   384  120000 52020    1 1 2 1 22                          2                 2          2            1888    32   0    0   05              
54-52-22-568758-001-08 332                                                                                               2          2              19     0   0    0   04              
30-31-20-048758-001-10 111   648  180000 91   648  180000 92020    2 1 2 1 22                          2                 2          2            1170    18   0  108   04              
30-31-20-048758-001-10 431   180  150000 91   180  150000 82020    1 1 2 1 22                          2                 2          2             180    60   0    0   02              
10-52-36-658758-001-13 121   600  400000 91   600  400000 72020    1 3   3  2                          2                 2          2             200     0   0    0   07   5 270003121
01-98-26-608759-001-01 112                                                                                               2          2             560    40   0    0   02              
01-98-26-608759-001-01 222                                                                                               1   12042 12             120     0   0    0   02              
01-98-26-608759-001-01 362                                                                                               2          2             100    20   0    0   02              
01-98-26-608759-001-01 432                                                                                               2          2              80    40   0    0   02              
74-88-09-728762-001-04 112                                                                                               1  100041122               0     0   0    0   05              
44-98-29-558771-001-01 111   720  320000162   720  320000 62020    4 1   1  2                          1    2   42      01   36042 12             900     0   0    0   02              
75-70-23-898771-001-02 111   540  240000 92   540  240000 72020    3 1   1  2                          2                 1   18041112             486     0 180   54   03              
59-98-51-008772-001-01 112                                                                                               1   12041112             780    40   0   80   02              
59-98-51-008772-001-01 121  1000  600000 94  1000  600000 12021    1 1 2 1 22                          2                 1   20042 12             500    50   0   50   02              
59-98-51-008772-001-01 362                                                                                               2          2              30     0   0   10   02              
59-98-51-008772-001-01 431    20   35000 92    20   35000 52020    1 1 2 2  2                          2                 2          2              15     7   0    0   02              
56-09-93-538773-001-01 112                                                                                               2          2            1154     5   0   38   03              
56-09-93-538773-001-01 432                                                                                               2          2             140     0   0    0   03              
51-95-59-068774-001-01 112                                                                                               2          2             216     0   0    0   04              
51-95-59-068774-001-01 121  2400  210000163  2400  210000122020    3 1 2 1 22                          2                 2          2            2400     0   0    0   04              
51-95-59-068774-001-01 222                                                                                               2          2            1600     0   0    0   04              
85-86-06-248777-001-01 111  1008  280000 52  1008  280000 82020    3 1 2 1 22                          1    4   32      02          2             378     0   0    0   05              
85-86-06-248777-001-01 122                                                                                               2          2              92     8   0   12   02              
85-86-06-248777-001-01 312                                                                                               2          2               4     0   0    0   02              
80-76-40-878778-001-01 112                                                                                               2          2             165     0   0    0   02              
58-34-75-838778-001-02 111   300  180000 21   300  180000 92020    1 1 3 1 32                          2                 2          2             480    20   0    0   02              
58-34-75-838778-001-02 431    33   42000 21    33   42000 72020    1 1   1 32                          2                 2          2             147    18   0    0   02              
98-49-57-148790-001-01 111   240  140000162   240  140000 62020    1 1   1  2                          2                 2          2             480     0   0    0   04              
98-49-57-148790-001-01 132                                                                                               2          2             190    10   0    0   04              
98-49-57-148790-001-01 222                                                                                               2          2             150     0   0    0   04              
98-49-57-148790-001-01 431    50  100000164    50  100000 72020    1 1   1  2                          2                 2          2             140    10   0    0   04              
64-16-53-758791-001-01 111   108   60000 21   108   60000102020    2 1   1  2                          2                 2          2             432     0   0    0   05              
49-05-57-608791-001-03 112                                                                                               2          2            2387    25   0  108   04              
49-05-57-608791-001-03 121   480  250000104   280  250000 82020    3 1 2 1 22                          1   40   32      02          2            2136    80   0  386   04              
49-05-57-608791-001-03 312                                                                                               2          2             110    10   0   20   04              
49-05-57-608791-001-03 322                                                                                               2          2              24     8   0    0   04              
49-05-57-608791-001-03 412                                                                                               2          2             280     5   0   15   04              
49-05-57-608791-001-03 431   120  120000 91   120  120000 72020    1 1 2 1 22                          2                 2          2             435    15   0   30   04              
76-43-45-048792-001-01 112                                                                                               2          2            1472    40   0    0   04              
76-43-45-048792-001-01 121   900  400000162   900  400000 72020    5 1   1  2                          2                 2          2            1770    30   0    0   02              
88-02-51-978793-001-01 111   540  360000 13   540  360000 72020    1 1   1  2                          2                 2          2             900     0   0   90   04              
88-02-51-978793-001-01 122                                                                                               2          2             630     0   0    0   02              
64-70-27-388794-001-01 111    36   10000 21     2   10000 52021    2 1 3 1 32                          2                 2          2             214143000   0   20   02              
64-70-27-388794-001-01 222                                                                                               2          2              80     0   0    0   01              
64-70-27-388794-001-01 311     3    5000 11     3    5000 42021    1 3   3  2                          2                 2          2              69     5   0   30   01              
64-70-27-388794-001-011001    40    8000 21    40    8000 82020    7 3   3  2                          2                 2          2              16     0   0    4   02              
64-70-27-388794-001-019981    15    3000 31    15    3000 82020   10 3   3  2                          2                 2          2              10     0   0    5   01              
89-93-94-748795-001-01 112                                                                                               2          13 2  21000  1660     0   0    0   04              
89-93-94-748795-001-01 121  1500  630000 21  1500  630000 52020    1 1 2 1 22                          2                 2          2             950    20   0   30   04              
89-93-94-748795-001-01 222                                                                                               2          2             240     0   0    0   04              
89-93-94-748795-001-01 432                                                                                               2          2             150     0   0    0   04              
12-71-09-248796-001-01 112                                                                                               1  180011112             360     0   0    0   01              
12-71-09-248796-001-01 121   275  150000162   275  150000 62021    2 3   3  2                          1   24   22      01   82512 12             165    27   0    0   02              
12-71-09-248796-001-01 222                                                                                               1   15042 12             300     0   0    0   02              
12-71-09-248796-001-01 312                                                                                               2          2              80     0   0    0   02              
12-71-09-248796-001-01 432                                                                                               1    1242 12              12     0   0    0   02              
93-26-99-808796-001-06 112                                                                                               1  240062 12             600    40   0    0   04              
93-26-99-808796-001-06 121   420  240000163   420  240000 62021    1 1   1 32                          1   16   14  120001  108042 12             390    60   0    0   02              
93-26-99-808796-001-06 222                                                                                               1    3061312            2970     0   0    0   02              
93-26-99-808796-001-06 312                                                                                               1     762 12              73     0   0    0   02              
93-26-99-808796-001-06 412                                                                                               1    5542 12               0     0   0    0   02              
93-26-99-808796-001-06 432                                                                                               1     942 12              42     0   0    0   02              
83-78-35-488797-001-02 112                                                                                               2          2             740    60   0    0   04              
83-78-35-488797-001-02 121   975  520000 93   975  520000 72020    1 3   3  2                          1   30   15  300002          2            2340    60   0    0   04              
83-78-35-488797-001-02 871 24000 1910000 94 12000  600000 52020    2 3   3  1 94120001310000 6202013 3 2                 2          2             130     0   0 1200   04              
88-68-84-468810-001-01 112                                                                                               2          2             522    18   0    0   03              
88-68-84-468810-001-01 432                                                                                               1    7542 22             135    15   0    0   03              
60-67-15-468812-001-01 111   820  276000 51   820  276000 82020    2 4 5 1 82                          1    1   33  200001   144411113 1  12000   800     0   0  144   04              
60-67-15-468812-001-01 121   704  264000 91   704  264000 72020    1 1 8 1 82                          2                 1   12842 12             720     0   0   80   02              
60-67-15-468812-001-01 222                                                                                               2          2             570     0   0   30   02              
60-67-15-468812-001-01 432                                                                                               2          2             510    30   0    0   04              
67-02-07-008812-001-02 111   756  294000 91   756  294000112020    1 1   1 22                          2                 1   18041112             166     0   0   18   05              
67-02-07-008812-001-02 431   144   60000 91   144   60000112020    1 1   1 22                          2                 2          2              60     5   0    7   05              
59-90-81-838813-001-01 112                                                                                               2          2             792    18   0    0   02              
59-90-81-838813-001-01 121    90  360000 41    90  360000 72020    1 1 2 1 22                          2                 2          2            1845     9 108  108   02              
59-90-81-838813-001-01 921    90   30000 41    90   30000 22020    1 2   2  2                          2                 2          2              60     0   0    0   01              
75-39-37-488814-001-01 112                                                                                               2          2             324     0   0    0   02              
60-69-97-348814-001-03 111    18   10000 91    18   10000 72020    1 1   1  2                          2                 2          11 4   3000   401     9   0    0   02              
05-25-40-188815-001-01 111  3200 1200000161  3000 1200000 92020    3 1 2 1 22                          2                 1  100041122             520    40 200   40   02              
05-25-40-188815-001-01 432                                                                                               1    3342 12              41    15   0   10   02              
75-82-63-098816-001-01 112                                                                                               2          2             700    20   0    0   02              
75-82-63-098816-001-01 322                                                                                               2          2              10     0   0    0   02              
75-82-63-098816-001-01 431    65   65000 91    65   65000 42020    1 1   1  2                          2                 2          2              40    20   0   10   02              
75-82-63-098816-001-01 511    30  150000 91    30  150000 62020    1 1 2 1 22                          2                 2          2               0     0   0    0   02              
59-25-84-218818-001-01 111   540  150000 21   540  150000 92020    3 1 2 1 22                          2                 1   32441112             756   108   0  216   05              
59-25-84-218818-001-01 431  1875 1000000164  1875 1000000 92020    3 1 2 1 22                          2                 1    1542 12             185    75   0   25   05              
76-22-51-568828-001-01 112                                                                                               2          2             940    40   0    0   04              
76-22-51-568828-001-01 121  2800 1312500 42   560  262500 92020    1 1 2 1 21103 22401050000 92020112121   32   15  600002          2            2240   140   0    0   04              
76-22-51-568828-001-01 322                                                                                               2          2              40    10   0    0   04              
76-22-51-568828-001-01 332                                                                                               2          2              50    10   0    0   02              
76-22-51-568828-001-01 412                                                                                               1    4042 32               0    40   0    0   02              
76-22-51-568828-001-01 432                                                                                               2          2            1008   112   0    0   04              
70-12-32-398828-001-07 112                                                                                               2          2             200     0   0  200   02              
70-12-32-398828-001-07 121   225  150000161   225  150000 72020    1 1   1  2                          2                 2          2             130    20   0    0   02              
32-69-81-918829-001-01 312                                                                                               2          2              80     0   0    0   03              
99-40-50-888830-001-01 111   100   25000 91   100   25000 72020    1 1   1  2                          2                 1    5042 12              50     0   0    0   02              
19-04-56-408831-001-01 112                                                                                               1   96041122               0     0   0    0   02              
36-06-15-778832-001-01 111  1440  400000 94  1440  400000 92020    1 7   7  2                          2                 2          2               0    10   0    0   02              
36-06-15-778832-001-01 431   216   90000 94   216   90000 92020    1 7   7  2                          2                 2          2              36    36   0    0   02              
85-05-30-548833-001-01 111   700  294000 93   700  294000 92020    1 1   1  2                          2                 2          2             340    20   0   40   02              
85-05-30-548833-001-01 121    30   14000 92    30   14000 72020    1 1   1  2                          2                 2          2             100    20   0    0   02              
85-05-30-548833-001-01 431   640  372000 92   640  372000 92020    1 1   1  2                          1   26   15  160002          2               0    80   0    0   03              
68-10-99-048834-001-01 111    60   24000 41    60   24000 62020    1 1 2 1 22                          2                 2          2             240     0   0    0   05              
68-10-99-048834-001-01 222                                                                                               2          2             240     0   0    0   05              
29-15-63-798835-001-01 112                                                                                               2          2             200     0   0    0   02              
56-71-35-698835-001-04 112                                                                                               2          2             100     0   0    0   02              
56-71-35-698835-001-04 432                                                                                               2          2              50    10   0   60   02              
31-30-48-408847-001-01 111   500  150000161   500  150000 62020    1 1   1  2                          2                 2          2            1300     0   0  200   04              
31-30-48-408847-001-01 121   490  294000161   490  294000 72020    2 1   1  2                          2                 2          2             550    50   0    0   04              
31-30-48-408847-001-01 222                                                                                               2          2             400     0   0    0   04              
62-04-63-288848-001-01 112                                                                                               1    2072 32             540    20   0    0   04              
62-04-63-288848-001-01 222                                                                                               2          2             360     0   0    0   05              
62-04-63-288848-001-01 312                                                                                               1    2042 32               0    20   0    0   04              
62-04-63-288848-001-01 432                                                                                               2          2             116     4   0    0   05              
74-14-90-848849-001-02 111   300   90000 93   300   90000 72020    1 4   4  2                          2                 2          2             700    10   0    0   04              
45-91-95-608849-001-06 112                                                                                               2          2            1100     0   0    0   04              
45-91-95-608849-001-06 121  1200  600000 53  1200  600000 32021    1 1 2 1 22                          1   13   23 1000002          2               0     0   0    0   04              
93-90-40-468850-001-02 112                                                                                               2          2              40     0   0    0   05              
93-90-40-468850-001-02 121   420  140000 91   420     140 82020    1 1   1  2                          2                 2          2             270    45   0    0   05              
93-90-40-468850-001-02 322                                                                                               2          2              52     2   0    0   05              
93-90-40-468850-001-02 432                                                                                               2          2              30     0   0    0   05              
75-76-83-018851-001-01 112                                                                                               2          2            1800     0   0    0   04              
75-76-83-018851-001-01 121  1500  540000 92  1500  540000 82020    4 2   1  2                          115000   43  600002          2            1500     0   0    0   04              
26-48-07-998853-001-02 112                                                                                               2          2            1300     0   0    0   02              
26-48-07-998853-001-02 222                                                                                               2          2            1080     0   0    0 4202              
26-48-07-998853-001-02 431   240  110000 91   240  110000 42020    2 211 2112                          2                 2          2             280   280   0    0   02              
61-87-79-078854-001-03 111  1000  360000161  1000  360000 62020    2 1   1  2                          2                 2          2            3000     0   0    0   04              
61-87-79-078854-001-03 121  1400  840000161  1400  840000 72020    2 1   1  2                          2                 2          2            2730    70   0    0   04              
22-63-43-478854-001-10 111   540  210000 43   540  210000 72020    517  17  2                          1   25   52      02          2            1512     0   0    0   04              
22-63-43-478854-001-10 121   270  126000 43   270  126000 62020    417  17  2                          1    2   42      02          2             780    30   0    0   02              
22-63-43-478854-001-10 412                                                                                               2          2              72     3   0    0   02              
36-19-19-248854-001-13 112                                                                                               2          2             465     0   0   35   05              
36-19-19-248854-001-13 121   100   42000 21   100   42000 82020    1 1   1  2                          2                 2          2             550    20  30    0   05              
17-04-37-998854-001-14 112                                                                                               2          2              40     0   0   10   05              
17-04-37-998854-001-14 121  1200  432000 51  1200  432000 82020    2 1   1  2                          1    0   22   10002          2             700     0 200  400   05              
83-82-16-268857-001-01 112                                                                                               1  280041112             420     0   0    0   01              
83-82-16-268857-001-01 222                                                                                               2          2             120     0   0   80   02              
83-82-16-268857-001-01 312                                                                                               1    3042 12              70     0   0    0   02              
83-82-16-268857-001-01 411    21   48000161    21   48000 52021    1 1 2 1 22                          2                 1     342 32              18     3   0    0   02              
83-82-16-268857-001-01 431    40   42000163    40   42000 42021    1 1 2 1 22                          2                 1    3042 12              50     0   0    0   02              
48-50-38-148866-001-01 231   100   35000 91   100   35000 62020    1 1   1  2                          2                 2          2              50    50   0    0   03              
34-20-55-178867-001-02 231   900  360000 91   900  360000122020    2 2   2  2                          2                 1   20041132             100   200   0    0   03              
00-21-28-798868-001-01 231  1500  750000 91  1500  750000 72020    2 1 2 1 22                          2                 2          2             100   450   0   50   02              
57-34-58-898869-001-01 231   375  120000 41   375  120000 62020    1 1   1 22                          2                 2          12 1  10000   100    25   0    0   03              
73-42-86-918870-001-01 231   500  200000165   500  200000 12021    1 1   1  2                          2                 2          2               0   100   0    0   08              
22-97-00-788871-001-01 112                                                                                               2          2              90    40  60   10   02              
22-97-00-788871-001-01 231   500  200000 95   500  200000 72020    1 1 6 1 62                          2                 2          2             100   100 150    0   02              
22-97-00-788871-001-01 312                                                                                               2          2              14    10   0    6   02              
15-25-93-238871-001-03 112                                                                                               2          2             240     0   0    0   05              
15-25-93-238871-001-03 312                                                                                               2          2              10     0   0    0   05              
83-91-97-408872-001-01 231   600  300000161   600  300000 62020    1 1   1  2                          2                 1   16062 12             190   100   0   50   02              
23-87-83-618873-001-01 231   100   30000 93   100   30000 62020    1 1   1  2                          2                 2          2              20     0   0    0   02              
63-50-27-098885-001-01 112                                                                                               2          2             544    16   0   88   02              
89-55-89-928886-001-01 112                                                                                               2          2             240     0   0    0   02              
89-55-89-928886-001-01 122                                                                                               2          2             435    60   0   45   02              
71-60-85-768888-001-01 112                                                                                               2          2             230    10   0    0   03              
81-76-53-588889-001-01 111   600  250000 94   600  250000102020    1 1   1 22                          2                 2          2             720     0   0  120   02              
26-06-09-838891-001-01 111    72   32000 91    72   32000 32021    1 1 2 1 22                          2                 1    2771212             673    10   0  118   02              
20-33-59-338892-001-03 111   140   56000 51   140   56000 92020    1 2   2  2                          2                 2          2             140     0   0   40   02              
63-82-17-438904-001-01 111   150   60000 93   150   60000 72020    1 1   1  2                          2                 2          2              59     0   0    0   02              
73-69-98-248905-001-01 111    50   21000 92    50   21000 82020    1 1 2 1 22                          2                 2          2             100     9   0    0   05              
21-39-92-978906-001-01 111    72   20000 21    72   20000 92020    4 1   1  2                          1    6   41      02          2             139     5   0    0   02              
82-07-37-998908-001-01 111    40   10000164    40   10000 82020    1 1   1  2                          1    4   11      02          2              40     0   0   40   02              
08-47-41-248909-001-02 112                                                                                               2          2             320    40   0    0   03              
84-71-12-078910-001-02 112                                                                                               2          2             120     0   0    0   02              
92-26-76-358911-001-01 112                                                                                               2          2             314    10   0    0   02              
33-18-58-718923-001-01 112                                                                                               2          2             270     0   0   54   04              
34-37-17-558929-001-01 122                                                                                               1    2542 32              25    25   0   25   03              
95-62-22-448944-001-01 112                                                                                               2          2             180     0   0    0   02              
36-99-86-888945-001-01 111   960  240000 91   960  240000102020    1 1   1 22                          1    1   16   40002          2             840   360   0    0   08              
72-84-86-598946-001-01 112                                                                                               1   10042 12             300    20   0    0   02              
42-71-75-988946-001-04 112                                                                                               1    2042 32              80    20   0    0   02              
99-79-50-978961-001-01 112                                                                                               2          2             150     0   0    0   02              
87-43-23-918962-001-02 112                                                                                               2          2             500    40   0    0   07  80 15000210 
33-89-23-908962-001-03 111   480  120000 21   360   90000 82020    2 1 2 1 21 31  120  30000 92020212122                 2          2             240     0   0    0   05              
36-49-58-248965-001-01 111   280   70000 91   280   70000 72020    1 1   1  2                          2                 2          2             420     0   0    0   02              
81-43-70-458966-001-01 111   756  240000 91   756  240000 92020    1 1   1  2                          2                 2          2             342     0  36    0   04              
81-25-23-058967-001-01 111   126   35000 91   126   35000 92020    1 1 2 1 22                          2                 2          2             600    30   0  126   05              
55-40-99-938968-001-01 111  1680  300000 21  1680  300000 52021    3 1   1  2                          2                 1   14082 12            2660   140 280  280   03              
59-07-66-559000-001-99 362                                                                                               2          2              60     0   0    0   02              
59-07-66-559000-001-99 431   150  300000 31   150  300000102020   10 2   2  2                          1   50   26   50002          2               0     0   0    0   02              
55-12-99-149003-001-99 322                                                                                               2          2              10     0   0    0   02              
80-12-29-559013-001-99 112                                                                                               2          2              20     0   0    0   08              
80-12-29-559013-001-99 362                                                                                               2          2              40     0   0    0   05              
82-65-86-319015-001-99 112                                                                                               1   25082 12             300     0   0   50   04              
39-26-62-839018-001-99 112                                                                                               2          2             144    18   0   54   02              
39-26-62-839018-001-99 321    20   20000161    20   20000 72020    1 2   1 22                          2                 1     282 12              14     0   0    4   02              
72-04-89-379024-001-99 111   240  120000 21   240  120000 72020    1 1 2 1 22                          2                 2          2             180     0   0    0   02              
12-77-94-479027-001-99 112                                                                                               2          2             134    10   0    0   03              
12-77-94-479027-001-99 372                                                                                               1   66042 22               0     0   0    0   03              
31-72-02-479029-001-99 112                                                                                               1   21641112             212     0   0   54   05              
31-72-02-479029-001-99 362                                                                                               1    8442 12              28     0   0    8   05              
31-72-02-479029-001-99 432                                                                                               1   12042 12             168    24   0   48   05              
91-20-67-309036-001-99 112                                                                                               2          2              36     0   0    0   03              
91-20-67-309036-001-99 142                                                                                               2          2             300     0   0    0   02              
91-20-67-309036-001-99 322                                                                                               2          2              18     0   0    0   02              
91-20-67-309036-001-99 362                                                                                               1    3042 12             222     0   0    0   02              
91-20-67-309036-001-99 412                                                                                               2          2              84     0   0    0   02              
91-20-67-309036-001-99 431   630  175000 91   630  175000 62020    4 1 2 1 22                          2                 2          2             234     0   0    0   07  50  5000210 
43-35-54-609037-001-99 112                                                                                               2          2             100     0   0    0   02              
43-35-54-609037-001-99 132                                                                                               1    4042 12              70     0   0   40   02              
43-35-54-609037-001-99 431   150  300000 91   150  300000 42019    5 1   1  2                          2                 2          2              30    30   0    0   02              
01-30-19-759038-001-99 411   150  108000161   150  108000 82020    1 1   1  2                          2                 2          2              50     0   0    0   05              
18-93-05-879039-001-99 112                                                                                               1    7242 12             187     2   0    0   02              
18-93-05-879039-001-99 132                                                                                               1   11542 12             245     1   0    0   03              
18-93-05-879039-001-99 362                                                                                               1   30042 12             217     3   0    0   03              
18-93-05-879039-001-99 432                                                                                               1    3042 12             362     8   0    0   03              
43-54-40-929041-001-99 111   300  150000 93   300  150000 92020    1 1 2 1 22                          2                 1    3041112              60    10   0    0   02              
43-54-40-929041-001-99 141   200  100000 93   200  100000 92020    1 1 2 1 22                          2                 1   20042 12             760    40   0    0   02              
43-54-40-929041-001-99 361   300  240000 93   300  240000 92020    1 1 2 1 22                          2                 2          2              60    20   0   20   02              
43-54-40-929041-001-99 411   252  105000 93   252  105000 92020    1 1 2 1 22                          2                 2          2               0     0   0    0   02              
45-67-04-969042-001-99 112                                                                                               2          2             108     0   0    0   04              
45-67-04-969042-001-99 431    75  105000161    75  105000 82020    1 1   1  2                          2                 2          2               0     0   0    0   02              
59-19-77-039043-001-99 112                                                                                               2          2              71    15   0   10   04              
59-19-77-039043-001-99 142                                                                                               1    9042 12             332    18   0   40   05              
59-19-77-039043-001-99 412                                                                                               2          2              57    10   0    5   04              
59-19-77-039043-001-99 431   300  300000 91   300  300000 92020    1 1 2 1 22                          2                 2          2              40    50   0   10   04              
94-79-82-899044-001-99 112                                                                                               2          2             134    10   0    0   02              
94-79-82-899044-001-99 142                                                                                               2          2              49     5   0    0   02              
94-79-82-899044-001-99 412                                                                                               1    2442 113 2   3000    30     5   0    0   02              
94-79-82-899044-001-99 431   500  350000 91   500  350000 92020    3 1 2 1 22                          2                 2          2             100    70   0   30   02              
62-63-16-539050-001-99 242                                                                                               2          2             580     0   0   20   02              
13-97-70-749052-001-99 132                                                                                               2          2              80    20   0   20   05              
12-70-33-599053-001-99 112                                                                                               1    1841112              96     0   0   36   05              
12-70-33-599053-001-99 222                                                                                               2          2              40     0   0   20   05              
12-70-33-599053-001-999982                                                                                               2          2              20     0   0    0   05              
26-32-90-689054-001-99 112                                                                                               1   44782 112 1  10000    54     0   0  504   02              
26-32-90-689054-001-99 432                                                                                               1    3042 12              25    10   0   75   03              
50-69-66-449055-001-99 112                                                                                               2          2             138     2   0   60   05              
50-69-66-449055-001-99 222                                                                                               2          2              20     0   0   40   02              
50-69-66-449055-001-99 312                                                                                               2          2              26     0   0    4   02              
50-69-66-449055-001-99 322                                                                                               2          2               9     1   0    0   02              
50-69-66-449055-001-99 362                                                                                               2          2              17     0   0    3   02              
50-69-66-449055-001-99 432                                                                                               2          2              10     0   0    0   02              
15-62-38-419072-001-99 122                                                                                               2          2              89     1   0    0   03              
15-62-38-419072-001-99 871   165  112000161   165  112000 42020    4 1   1  2                          1    2   46   60002          2              10     0   0    0   03              
81-75-06-599073-001-99 142                                                                                               2          2              40     0   0    0   02              
89-77-60-669074-001-99 112                                                                                               2          2             118     0   0    0   03              
89-77-60-669074-001-99 132                                                                                               2          2             144     0   0    0   03              
01-45-88-749075-001-99 111    90   60000161    90   60000 92020    1 1   1  2                          2                 2          2              72     0   0   18   02              
01-45-88-749075-001-99 131    54   36000161    54   36000102020    1 1   1  2                          2                 2          2              36     0   0   18   02              
01-45-88-749075-001-99 142                                                                                               2          2              54     0   0    0   02              
91-25-87-989076-001-99 142                                                                                               1   15042 12             364     0   0   36   08              
36-69-32-279077-001-99 112                                                                                               2          2              36     0   0    0   03              
36-69-32-279077-001-99 142                                                                                               2          2             300     0   0    0   03              
12-33-80-339078-001-99 142                                                                                               2          2             125     5   0   10   05              
12-33-80-339078-001-99 322                                                                                               2          2               6     0   0    0   05              
25-80-40-319079-001-99 142                                                                                               2          2              95     5   0    0   05              
75-06-10-659102-001-99 112                                                                                               112000042 12          120000    60   0   70   02              
75-06-10-659102-001-99 312                                                                                               1    1642 12               4     0   0    0   04              
04-53-69-099103-001-99 112                                                                                               1   20041112             100     0   0  600   02              
39-32-21-599113-001-99 111  1296  480000 91  1296  480000 82020    1 1   1  2                          2                 2          15 1  21000     0     0   0  324   05              
98-87-47-849121-001-99 112                                                                                               2          2              60     0   0    0   04              
98-87-47-849121-001-99 911    20   30000 21    20   30000 62020   10 1 2 1 22                          2                 2          2               5     0   0    0   02              
08-06-20-199159-001-99 112                                                                                               2          2              60     0   0    0   05              
57-24-06-889160-001-99 112                                                                                               2          2              80     0   0   40   07  30 100003131
86-76-49-709169-001-99 311   600  750000 93   600  750000 72020    1 1 2 1 22                          2                 2          2              40     0   0    0   02              
77-18-35-979181-001-99 111    20   12000 21    20   12000122020    1 1   1  2                          2                 1  146052 22             200     0   0    0   02              
03-32-08-679182-001-99 112                                                                                               2          2             100     0   0    0   02              
65-75-10-459193-001-99 112                                                                                               1   10041112             400     0   0    0   02              
76-50-41-749244-001-99 112                                                                                               1   27041112              80     0   0  100   02              
76-50-41-749244-001-99 312                                                                                               1    1582 12              10     0   0    0   02              
63-72-00-389246-001-99 111  1500  900000 91  1500  900000 92020    1 1   1 22                          2                 1  120041112              80    20   0  200   02              
63-72-00-389246-001-99 311    80  160000 91    80  160000 92020    1 1   1 22                          2                 1    2042 12              20     0   0    0   02              
56-40-41-299252-001-99 112                                                                                               1   10082 12              20     0   0    0   02              
98-18-70-319258-001-99 112                                                                                               2          2             100     0   0   60   03              
32-90-03-649262-001-99 112                                                                                               1   38041112             100     0   0    0   05              
81-05-08-379270-001-99 112                                                                                               2          2             400     0   0   20   02              
81-05-08-379270-001-99 231   560  500000 94   560  500000 42020    1 2   2  2                          2                 2          2              80     0   0    0   02              
80-43-44-579271-001-99 111 12000 4500000165 12000 4500000 92020    3 1 2 1 22                          2                 1  240041212             240     0   0  480   05              
80-43-44-579271-001-99 311   920 1702000162   920 1702000 52020    1 1 2 1 22                          2                 1   16041132              20   140   0   60   05              
29-60-01-549282-001-99 111   360  144000 21   360  144000102020    5 1   1  2                          2                 1    4041312             200     0   0  340   02              
51-77-23-089283-001-99 112                                                                                               1    4042 12             120     0   0   80   02              
81-90-92-949288-001-99 112                                                                                               1    4042 12             160     0   0   40   02              
09-03-54-399289-001-99 111  3240 1800000 95  1080  600000122020    3 1 2 1 21 95 1080 600000122020212122                 1  162041122             216     0   0  540   02              
09-03-54-399289-001-99 122                                                                                               1 1260042 22               0     0   0 1050   02              
40-74-38-829293-001-99 112                                                                                               1    7041112             180     0   0    0   02              
96-98-33-639315-001-99 111  5076 2820000 95  5076 2820000122020    1 1   1  2                          2                 1   10841122             846     0 126  792   02              
75-56-43-989316-001-99 312                                                                                               2          2              50     0   0    0   02              
85-88-27-619324-001-99 111   480  168000 42   480  168000102020    1 1 2 1 22                          1    5   26  120002          2             640     0   0   40   02              
85-88-27-619324-001-99 312                                                                                               1     542 12              70     5   0    0   02              
85-88-27-619324-001-99 412                                                                                               2          2              55     5   0    0   02              
47-15-06-109326-001-99 112                                                                                               2          2              45     0   0    0   02              
43-89-06-659327-001-99 112                                                                                               2          2             432     0   0    0   02              
85-49-55-659329-001-99 112                                                                                               2          2             200     0   0    0   02              
03-72-31-229374-001-99 222                                                                                               2          2              20     0   0    0   01              
94-80-63-679386-001-99 112                                                                                               2          2             218     0   0    0   02              
94-80-63-679386-001-99 121  1050  500000 41  1050  500000112020    1 1   1  2                          2                 1   31542 12            1050    45   0  420   02              
94-80-63-679386-001-99 221   300   75000 41   300   75000 62020    1 1   1  2                          1    690006   90002          2             100     0   0    0   02              
94-80-63-679386-001-99 312                                                                                               2          2              50     0   0    0   02              
01-85-18-989391-001-99 111    20    8000 41    20    8000 72020    1 1   1  2                          2                 2          14 4  15000    10     0   0    2   02              
01-85-18-989391-001-99 312                                                                                               2          12 2   1500    10     0   0    0   02              
90-38-42-769411-001-99 112                                                                                               1   72042 12              60     0   0    0   02              
28-58-96-949420-001-99 112                                                                                               2          2              40     0   0    0   02              
17-50-95-679425-001-99 112                                                                                               2          2              72     0   0   90   08              
10-60-80-589427-001-99 112                                                                                               2          2              36     0   0    0   05              
10-60-80-589427-001-99 361   120   60000161   120   60000 62020    1 1 2 1 22                          2                 2          2               0     0   0    0   05              
10-60-80-589427-001-99 432                                                                                               2          2               4     0   0   12   05              
78-67-27-419434-001-99 112                                                                                               1   32441312             432     0   0  108   05              
78-67-27-419434-001-99 322                                                                                               2          2              10     0   0    0   08              
78-67-27-419434-001-99 362                                                                                               2          2              30     0   0    0   08              
78-67-27-419434-001-99 412                                                                                               2          2              24     0   0    0   05              
78-67-27-419434-001-99 432                                                                                               2          2              30     0   0    0   08              
61-71-00-809435-001-99 111   800  480000111   800  480000 52020    2 1   1  2                          2                 1   10042 12             300     0   0    0   05              
61-71-00-809435-001-99 871 1600011200000 93 1600011200000 42020    8 1 2 1 22                          2                 2          2              80     0   0   20   05              
90-59-95-739436-001-99 112                                                                                               2          2              18     0   0    0   02              
90-59-95-739436-001-99 432                                                                                               2          2              25     0   0    0   08              
71-17-31-559451-001-99 132                                                                                               2          2               0     0   0   40   02              
71-17-31-559451-001-99 142                                                                                               2          2             126    18   0  234   02              
71-17-31-559451-001-99 432                                                                                               2          2              20     0   0   50   02              
00-84-61-919456-001-99 142                                                                                               2          2              80     0   0    0   05              
86-99-74-739457-001-99 142                                                                                               2          2             126    20   0   70   02              
03-53-61-009459-001-99 112                                                                                               2          2             400     0   0   80   04              
03-53-61-009459-001-99 142                                                                                               2          2             300     0   0  140   04              
03-53-61-009459-001-99 412                                                                                               2          2             260    40   0    0   02              
03-53-61-009459-001-99 431   100  140000 93   100  140000 92020    1 1 2 1 22                          2                 2          2              60    40   0    0   02              
03-53-61-009459-001-999981   770  910000 93   770  910000 92020    1 1 2 1 22                          2                 2          2               0     0   0    0   02              
25-95-43-759460-001-99 111   432  200000 52   432  200000 82020    2 1   1  2                          1    9   26   80002          2             142    20   0    0   04              
25-95-43-759460-001-99 131   720  288000 52   720  288000 82020    3 1   1  2                          1    9   33  220002          2             190    50   0    0   04              
25-95-43-759460-001-99 412                                                                                               2          13 2  27000   384    32   0    0   02              
25-95-43-759460-001-99 431   300  300000162   300  300000 72020    1 1   1  2                          2                 2          2              90    30   0    0   04              
72-75-20-509461-001-99 142                                                                                               2          2             120     0   0    0   02              
57-81-59-319462-001-99 112                                                                                               2          2              25     2   0    0   05              
57-81-59-319462-001-99 142                                                                                               2          2              60     0   0    0   05              
10-34-44-399468-001-99 112                                                                                               2          2              60     0   0    0   02              
10-34-44-399468-001-99 142                                                                                               2          2             100    20   0    0   02              
10-34-44-399468-001-99 221   200   80000 93   200   80000 82020    1 1 2 1 22                          2                 2          2             300     0   0  100   02              
10-34-44-399468-001-99 362                                                                                               2          2              40    10   0    0   02              
10-34-44-399468-001-99 432                                                                                               2          2              20    10   0    0   02              
86-58-31-019469-001-99 112                                                                                               2          2             162     0   0   54   05              
86-58-31-019469-001-99 132                                                                                               2          2              72    18   0    0   04              
86-58-31-019469-001-99 322                                                                                               2          2               8     0   0    2   02              
86-58-31-019469-001-99 412                                                                                               2          2              24     0   0    0   02              
86-58-31-019469-001-99 431    90   72000161    90   72000 82020    1 1   1  2                          2                 2          2              30    20   0    0   02              
81-77-10-969470-001-99 112                                                                                               2          2             304    20   0    0   05              
81-77-10-969470-001-99 131   980  490000163   980  490000112020    3 1   1  2                          2                 2          2             260    20   0    0   05              
81-77-10-969470-001-99 141   700  420000161   700  420000102020    2 1   1  2                          2                 2          2             210    70   0    0   05              
81-77-10-969470-001-99 361   840  420000161   840  420000122020    3 1 2 1  2                          2                 2          2             110    30   0    0   02              
81-77-10-969470-001-99 431   294  392000161   294  392000102020    1 1 2 1 22                          2                 2          2             204    90   0    0   02              
81-77-10-969470-001-99 871  6000 2040000163  6000 2040000 42020    4 1   1  2                          2                 2          2              90     0   0   30   02              
17-52-31-829471-001-99 112                                                                                               2          2             152    10   0    0   04              
17-52-31-829471-001-99 132                                                                                               2          2             188    10   0    0   04              
17-52-31-829471-001-99 362                                                                                               2          2             105    10   0    5   04              
17-52-31-829471-001-99 431   140  140000162   140  140000 72020    2 1   1  2                          2                 2          2              85    10   0   15   02              
30-72-34-419472-001-99 112                                                                                               2          2              54     0   0    0   05              
30-72-34-419472-001-99 132                                                                                               2          2              40     0   0    0   05              
30-72-34-419472-001-99 432                                                                                               2          2              48     0   0    0   05              
81-10-36-179474-001-99 112                                                                                               2          2              54     0   0    0   08              
81-10-36-179474-001-99 142                                                                                               2          2             300     0   0    0   08              
85-66-51-439475-001-99 132                                                                                               2          2             115     5   0    0   04              
85-66-51-439475-001-99 412                                                                                               2          2              20     0   0    0   04              
85-66-51-439475-001-99 432                                                                                               2          2              60     0   0   12   04              
85-66-51-439475-001-99 871  1800  900000 93  1800  900000 42020    4 1   1 22                          2                 2          2              60     0   0   30   05              
81-48-13-209484-001-99 411   140  110000 94   140  110000102020    1 1   1 22                          2                 2          2              70    10   0    0   02              
81-48-13-209484-001-99 421   240  156000101   240  156000112020    1 1 2 1 22                          1   65   14  100002          2               0     0   0    0   02              
33-03-07-879498-001-99 111  9600 3200000 94  9600 3200000102020    1 1 2 1 22                          2                 2          2             600   240 120    0   02              
33-03-07-879498-001-99 411  7500 5000000 94  7500 5000000112020    1 1 2 1 22                          2                 2          2               0     0   0    0   02              
40-87-26-729505-001-99 112                                                                                               2          2             360    20   0    0   05              
40-87-26-729505-001-99 341   120  120000 91   120  120000 62020    4 2   1 22                          2                 2          2              16     6   0    0   08              
40-87-26-729505-001-99 412                                                                                               2          2              62     3   0    0   05              
09-91-08-559519-001-99 111   720  360000 21   720  360000122020    3 1   1  2                          2                 2          2             440     0   0   40   07 3001000002424
09-91-08-559519-001-99 311   360  270000 92   360  270000 22021    1 1   1  2                          2                 2          2             120     0   0  120   02              
52-73-68-199522-001-99 112                                                                                               2          2             120     0   0  120   03              
52-73-68-199522-001-99 312                                                                                               2          2              20     0   0   20   03              
73-45-68-579589-001-99 112                                                                                               2          2              70     0   0   20  307  25 18000210 
40-73-99-359594-001-99 111   108   40000 91   108   40000102020    1 1   1  2                          2                 2          2              80     0   0   28   05              
71-50-61-729607-001-99 111   700  385000 94   700  385000122020    1 1 2 1 22                          2                 1   40031112             150     0   0   50   02              
15-65-02-509627-001-99 112                                                                                               2          2              59     1   0    0   03              
15-65-02-509627-001-99 322                                                                                               2          2              12     0   0    0   03              
75-21-91-969639-001-99 111    80   40000163    80   40000102020    1 1   1  2                          2                 2          2             100     0   0  120   02              
54-58-52-299640-001-99 111   120   30000162   120   30000122020    1 1   1  2                          2                 2          2             220     0   0    0   03              
36-25-85-209642-001-99 111   108   48000 91   108   48000102020    2 1   1  2                          2                 2          2              54     0   0   54   02              
23-69-08-569643-001-99 112                                                                                               2          2              40     2   0   18   02              
02-90-12-339649-001-99 312                                                                                               2          2              60     0   0    0   02              
69-29-27-579653-001-99 112                                                                                               2          2              20     0   0    0   02              
69-29-27-579653-001-99 322                                                                                               2          2              12     0   0    0   02              
26-13-54-649660-001-99 111   300  108000 91   300  108000 82020    1 1   1  2                          2                 2          2              60     0   0   40   02              
40-29-19-469661-001-99 112                                                                                               1    8041112             120     0   0    0   03              
56-71-73-069662-001-99 112                                                                                               2          14 1  14000   620    10   0   50   05              
82-03-22-329663-001-99 111   120  144000 93   120  144000102020    3 1 2 1 22                          2                 1    2041112             180     0   0    0   02              
82-03-22-329663-001-99 311    80   52000 21    80   52000122020    1 1 2 1 22                          2                 2          2              40     0   0    0   02              
40-69-25-229664-001-99 112                                                                                               2          2             190     0   0   40  102              
27-53-88-209665-001-99 112                                                                                               2          2              40     0   0    0   02              
27-53-88-209665-001-99 231  3600 1350000 95  3600 1350000 32021    1 1 2 1 22                          2                 2          2              80     0 240    0   02              
03-94-37-409666-001-99 111   108   36000 91   108   36000 92020    1 1   1  2                          2                 2          2             468    18   0   54   02              
03-94-37-409666-001-99 312                                                                                               2          2              30     5   0    5   02              
63-22-62-889667-001-99 112                                                                                               2          2             270     0   0   30   02              
81-03-21-329673-001-99 112                                                                                               2          2             320     0   0   40   02              
97-13-13-309677-001-99 112                                                                                               1   24042 12             180     0   0   60   02              
97-13-13-309677-001-99 231  5600 2100000 94  3200 1200000 82020    1 1   1  1 94 2400 900000 8202021 1 1    6   23 1500002          2               0     0   0    0   03              
69-34-56-709679-001-99 111  2520  730000 91   540  180000 72020    1 1   1  1 91 1980 550000 9202011 1 2                 2          2             180     0   0  540   02              
26-63-99-979685-001-99 111  2500 1625000 95  2500 1625000122020    1 2   2  2                          2                 2          2               0     0   0    0   05              
26-63-99-979685-001-99 121  5850 4680000 95  5850 4680000 92020    1 2   2  2                          2                 2          2               0     0   0    0   02              
31-74-90-369686-001-99 111  1280  328000 95  1280  328000 62020    2 1   1  2                          2                 2          2             480     0   0   40   05              
31-74-90-369686-001-99 311    60   75000 95    60   75000 62020    1 1   1  2                          2                 2          2              20    20   0    0   05              
31-74-90-369686-001-99 431   450  150000 95   450  150000 62021    1 1   1  2                          2                 2          2              75    15   0    0   05              
10-25-36-999688-001-99 112                                                                                               1   70041122             450    60   0   50   08              
76-52-70-119690-001-99 312                                                                                               2          2              40     0   0    0   02              
94-31-69-079708-001-99 271 1500015000000 94 1500015000000 62020   50 1   1 22                          1   40  25415000002          2               5     0   0    5   02              
11-57-47-009710-001-99 112                                                                                               2          2             580     0   0   60   02              
11-57-47-009710-001-99 362                                                                                               2          2              40     0   0    0   02              
30-84-43-029712-001-99 112                                                                                               2          2             324     0   0    0   04              
30-84-43-029712-001-99 312                                                                                               2          2              40     0   0    0   04              
50-53-03-329714-001-99 112                                                                                               2          2             120     5   0  455   04              
50-53-03-329714-001-99 312                                                                                               2          2              10     0   0   10   04              
07-90-24-769715-001-99 112                                                                                               1   46042 12             140     0   0    0   05              
81-03-55-019736-001-99 121   600  500000163   600  500000112020    1 1   1  2                          2                 2          2               0   600   0    0   02              
82-81-94-299737-001-99 112                                                                                               2          2             660     0   0   40   03              
82-81-94-299737-001-99 121 1490013125000 95 1490013125000122020   10 1   1 22                          1  250   1418000001   10042 12             400     0   0   40   02              
36-84-33-479739-001-99 112                                                                                               2          2             200     0   0  200   02              
36-84-33-479739-001-99 312                                                                                               2          2              20     0   0   20   02              
17-67-02-709799-001-99 111   320   90000 21   320   90000 82020    1 1 2 1 22                          2                 1   16042 12             320     0   0    0   02              
17-67-02-709799-001-99 122                                                                                               2          2              90     0   0    0   02              
00-39-27-139809-001-99 112                                                                                               2          2             162     0   0    0   05              
