48-07-72-071001-001-01 1 72       12020    1122                         
48-07-72-071001-001-01 1 73       12020    1122                         
87-35-70-531002-001-01 2 71       72020    72 2                         
49-38-79-421025-001-02 2 71      201900    02 1201912202011 2      6002 
86-53-32-921042-001-01 1 71       82018    02 1202010202011 3       752 
86-53-32-921042-001-01 1 72       22006    02 12021 9202110 1      2002 
86-53-32-921042-001-01 1 73       12001    02 12021 22021 3 1 3    2002 
86-53-32-921042-001-01 1 74       22017    02 12021 5202111 1 3     752 
86-53-32-921042-001-01 1 79       12000    02 12021 42021 5 1 3     502 
86-53-32-921042-001-01 1 80       12000    02 12021 32021 6 1 3    1002 
86-53-32-921042-001-01 1203       11998    02 12021 22021 4 1 3    1502 
86-53-32-921042-001-01 1205       22020    22 2                         
86-53-32-921042-001-01 1852       22021    22 2                         
51-70-28-891076-001-01 1 71       02017    0121202011202110 1 2     362 
51-70-28-891076-001-01 1 76       12015    01212021 42021 6 1 2     152 
51-70-28-891076-001-01 1200       12017    01212021 62021 9 1 2      52 
40-74-76-771082-001-01 1 71      152000    02 1202011202110 1 2    2502 
08-25-45-411134-001-01 1 71     2332018   40121202012202111 1 2    7502 
31-67-12-821152-001-01 1 69       82020    02 2                         
31-67-12-821152-001-01 1 70      302020    02 12021 72021 7 1       102 
31-67-12-821152-001-01 1 71     1152019    02 12020102021 6 1      2302 
31-67-12-821152-001-01 1 73       72019    02 2                         
31-67-12-821152-001-01 1 74      212019    32 12020102021 7 1       4511
31-67-12-821152-001-01 1 75      552019    02 1202011202012 1       402 
31-67-12-821152-001-01 1 76       72019    02 2                         
31-67-12-821152-001-01 1 79       62019    02 2                         
31-67-12-821152-001-01 1 80       32019    02 2                         
31-67-12-821152-001-01 1200      152019    02 2                         
31-67-12-821152-001-01 1851      252020    02 2                         
31-67-12-821152-001-01 1852      112019    02 2                         
31-48-95-021155-001-01 1 70       12020    12 2                         
31-48-95-021155-001-01 1 71       22016    02 1202010202012 2       302 
31-48-95-021155-001-01 1 73       12016    02 2                         
31-48-95-021155-001-01 1 76       12016    02 2                         
31-48-95-021155-001-01 1 80       12018    02 2                         
63-91-22-931191-001-01 1 80       12010    0122                         
02-54-47-041198-001-01 1 71      472019    02 12020 92021 1 1 2     502 
02-54-47-041198-001-01 1 74       22019    12 12020 82021 1 1 2     402 
12-73-25-801209-001-01 2 71      702015    01212020 3202012 1 2     452 
12-73-25-801209-001-01 2 72       22017    0122                         
12-73-25-801209-001-01 2 73       32018    0122                         
12-73-25-801209-001-01 2 74       42018    01212020 2202012 1 2     5011
12-73-25-801209-001-01 2 75       32019    0122                         
12-73-25-801209-001-01 2 76       32015    01212020 22020 3 1 2    1002 
12-73-25-801209-001-01 2 79       22015    0122                         
12-73-25-801209-001-01 2 80       22015    0122                         
23-14-85-731217-001-01 1 38       32020    1122                         
23-14-85-731217-001-01 1 71      222015    01212020 6202011 1 2     602 
23-14-85-731217-001-01 1 73       12018    0122                         
23-14-85-731217-001-01 1 74       12019    01212020 8202010 1 2     302 
40-87-17-221230-001-01 1 38       11999    0121202012202012 2       252 
40-87-17-221230-001-01 1 71      201998    9121202012202012 2       202 
40-87-17-221230-001-01 1 74       92019    3121202012202012 2       1513
40-87-17-221230-001-01 1 76       22020    2122                         
40-87-17-221230-001-01 1 80       11999    01212019122020 3 2       2011
40-87-17-221230-001-01 1 98       11999    0121202012202012 2        811
40-87-17-221230-001-01 1200       12012    01212019 72019 7 2       8511
40-87-17-221230-001-01 1205       22013    01212019 9201911 2       1211
85-07-13-311232-001-01 1 71       52017    0122                         
85-07-13-311232-001-01 1 73       12018    02 2                         
59-82-97-201233-001-01 1 74       12018    01212020 92021 2 2       6014
59-82-97-201233-001-01 2 70      102019    5122                         
59-82-97-201233-001-01 2 74      502019   50122                         
59-82-97-201233-001-01 2 80      102019   10122                         
59-82-97-201233-001-01 2851       52019    5122                         
61-64-62-241235-001-02 1 71       72020    7122                         
61-64-62-241235-001-02 1 73       22019    0122                         
97-64-08-951250-001-01 1 71       82020    2122                         
97-64-08-951250-001-01 1 73       12020    0122                         
19-27-15-151252-001-01 1 71      252016    01212020 3202010 1      1202 
19-27-15-151252-001-01 1 74       42017    4122                         
28-24-87-551305-001-01 1 69       61900    02 12020112021 1 1      3002 
28-24-87-551305-001-01 1 71    30001900    02 12020 92021 8 1    150002 
28-24-87-551305-001-01 1 72      101900    02 12021 42021 5 1     16002 
65-62-10-781323-001-01 1 70       12020    12 2                         
65-62-10-781323-001-01 1 71       52019    22 12020 72020 7 1       802 
65-62-10-781323-001-01 1 74       22020    22 2                         
65-62-10-781323-001-01 1 76       22019    02 2                         
65-62-10-781323-001-01 1200       22017    02 12020 72020 7 1       4013
00-63-85-411325-001-01 1 71       32018    01212021 12021 1 2        62 
00-63-85-411325-001-01 1 74       22017    11212020 92020 9 2       152 
99-92-94-711329-001-01 1 70       12020    1122                         
99-92-94-711329-001-01 1 71      102018   101212020112021 2 1 2     652 
99-92-94-711329-001-01 1 72       22020 2020122                         
99-92-94-711329-001-01 1 74       32019    21212020112021 1 1 2     2416
99-92-94-711329-001-01 1 75       42019    4122                         
96-56-62-651331-001-01 1 71      102018    01212020 62021 2 1       502 
96-56-62-651331-001-01 1 76       22020    0122                         
02-10-68-031332-001-01 1 70       22021    2122                         
02-10-68-031332-001-01 1 71      202018    21212020 42021 2 1 2     202 
02-10-68-031332-001-01 1 73       52009    02 2                         
02-10-68-031332-001-01 1 74       12018    02 12020 5202012 1 2     302 
14-23-99-911333-001-01 1 71      562016   202 12020 52021 2 1 2    1052 
14-23-99-911333-001-01 1 74       52017    02 12020 22021 2 1 2     402 
14-23-99-911333-001-01 1 80       12009    02 2                         
85-21-92-451348-001-01 1 73       22012    0122                         
73-59-11-961399-001-01 1 71      202019    32 12021 82021 9 1 4     352 
73-59-11-961399-001-01 1 73       12010    02 12020122021 1 2 4     8013
73-59-11-961399-001-01 1 74       32021    32 2                         
35-22-61-351401-001-01 3 71       42019    01212021 9202110 1 2     602 
35-22-61-351401-001-01 3 73       12018    0122                         
35-22-61-351401-001-01 3 74       22019    01212021 52021 8 1 2      72 
39-91-71-061403-001-01 2 71       62020    01212020 92021 3 1       452 
30-62-71-961406-001-01 1 71      142019    02 12020 12021 9 1      1052 
30-62-71-961406-001-01 1 74       22020    02 2                         
30-62-71-961406-001-01 1 80       12019    02 2                         
92-41-29-591419-001-01 1 71       52020    5122                         
92-41-29-591419-001-01 1 73       12010    0122                         
59-62-66-411420-001-01 1 71       72020    7122                         
59-62-66-411420-001-01 1 73       12018    02 2                         
59-62-66-411420-001-01 1 74       52020    5122                         
59-62-66-411420-001-01 1 76       12018    1122                         
59-62-66-411420-001-01 1 98       12020    1122                         
66-75-13-741421-001-01 1 71      402017    02 12020 7202012 1       452 
65-53-60-991425-001-01 1 71       42019    21212020 92020 9 1       302 
65-53-60-991425-001-01 1 73       22002    0121202010202012 1        52 
65-53-60-991425-001-01 1 80       22012    01212020122021 1 1        515
70-27-56-401439-001-01 1 73      201900    02 2                         
79-50-93-441462-001-01 1 71      242015    51212020 92021 1 2       452 
79-50-93-441462-001-01 1 80       22012    0121202010202012 2        42 
20-57-87-381499-001-01 1 69       22020    2122                         
20-57-87-381499-001-01 1 71      322020    51212021 22021 3 1 2      82 
20-57-87-381499-001-01 1 73       12020    1122                         
20-57-87-381499-001-01 1 74       42018    31212020 32020 6 1 2     192 
20-57-87-381499-001-01 1200       12020    2122                         
16-62-97-481517-001-01 1 71      112018    31212020 22020 3 1       142 
16-62-97-481517-001-01 1 74      172016    31212020 42020 5 1       102 
16-62-97-481517-001-01 1 80       12018    0122                         
16-62-97-481517-001-01 1852       12010    0122                         
35-70-97-651519-001-01 1 71      102013    02 12020 22021 2 2 6     302 
35-70-97-651519-001-01 1 72       22008    02 2                         
91-84-66-991534-001-01 1 71       52005    3121202011202011 1 6     202 
91-84-66-991534-001-01 1 73       11999    02 1202012202012 1       502 
91-84-66-991534-001-01 1 76       21999    02 12020 72020 7 1      1002 
88-91-41-191541-001-01 1 73       11900    0121202010202011 2       202 
00-33-05-951551-001-01 1 69       22020    0122                         
00-33-05-951551-001-01 1 71      202013    31212020 8202012 1       602 
00-33-05-951551-001-01 1 72       12019    0122                         
00-33-05-951551-001-01 1 73       12018    0122                         
00-33-05-951551-001-01 1 74       62020    6122                         
00-33-05-951551-001-01 1 75      202020   20122                         
00-33-05-951551-001-01 1 76       32015    0122                         
00-33-05-951551-001-01 1 80       32018    0122                         
00-33-05-951551-001-01 1851       12015    01212020102021 1 1       3513
87-34-09-051553-001-03 1 74       42020    42 2                         
18-78-78-831554-001-01 1 74       12019    0121202012202012 1        415
72-28-96-801555-001-01 1 71       42020    11212020 62020 6 2       202 
98-95-18-171556-001-01 1 71      162019    2121202011202012 2       402 
87-14-18-771557-001-01 1 69       22019    1122                         
87-14-18-771557-001-01 1 70       22020    2122                         
87-14-18-771557-001-01 1 71      102016    3121202011202011 1 2     102 
87-14-18-771557-001-01 1 72       32020    3122                         
87-14-18-771557-001-01 1 73       52012    02 2                         
87-14-18-771557-001-01 1 74       62020    6122                         
87-14-18-771557-001-01 1 76       62006    01212020 9202012 1 2     302 
87-14-18-771557-001-01 1 80       52007    3121202011202011 1 2      713
87-14-18-771557-001-01 1203       12001    02 1202011202011 1 2      513
87-14-18-771557-001-01 1851       12001    02 12020 9202012 1 2      32 
07-54-14-551559-001-01 1 71      332019   212 12020 3202011 2       402 
07-54-14-551559-001-01 1 73       32019    02 2                         
07-54-14-551559-001-01 1 74       22019    02 12020 2202010 2       152 
07-54-14-551559-001-01 1 76       12020    12 2                         
07-54-14-551559-001-01 1 80       22015    02 12020 1202012 2       2016
07-54-14-551559-001-01 1 98       12020    12 2                         
07-54-14-551559-001-01 1852       12020    12 2                         
07-54-14-551559-001-01 2 69       42020    4122                         
07-54-14-551559-001-01 2 71       32020    3122                         
07-54-14-551559-001-01 2 73       22010    0122                         
07-54-14-551559-001-01 2 76       42014    0122                         
47-27-91-781572-001-01 1 71       32013    0121202011202110 1 2     452 
47-27-91-781572-001-01 1 73       22018    1122                         
28-18-07-541573-001-01 1 71      112018    4121202011202110 1 2    6382 
62-89-22-611589-001-02 1 73       12015    02 2                         
62-89-22-611589-001-02 1 74       22020    02 2                         
62-89-22-611589-001-02 1 76       12018    02 2                         
62-89-22-611589-001-02 1200       42013    02 2                         
72-09-12-511592-001-01 1 71      102017    01212020 4202011 1 2     302 
72-09-12-511592-001-01 1 76       11919    0122                         
72-09-12-511592-001-01 1852       12017    01212020122021 1 1 2     152 
26-44-95-551594-001-01 1 69       12012    02 12020 52020 5 2       302 
26-44-95-551594-001-01 1 71      122020   121212021 12021 1 2       152 
26-44-95-551594-001-01 1 73       12015    12 2                         
26-44-95-551594-001-01 1 74       42016    02 12020 8202011 2       5011
26-44-95-551594-001-01 1 76       12020    12 2                         
26-44-95-551594-001-01 1 78       12019    02 2                         
26-44-95-551594-001-01 1 80       32016    02 2                         
26-44-95-551594-001-01 1 98       12015    02 1202010202011 2        52 
26-44-95-551594-001-01 1200       12017    02 2                         
26-44-95-551594-001-01 1852       12017    02 2                         
00-17-71-971596-001-01 1 69       61998    01212020 92021 8 1 2    15013
00-17-71-971596-001-01 1 71      732017  6601212020 92021 8 1 2   294412
00-17-71-971596-001-01 1 72       81995    01212020 92021 8 1 2    70012
00-17-71-971596-001-01 1 73      151990    01212021 22021 5 1 2    52012
00-17-71-971596-001-01 1 74       42017    01212020 92021 8 1 2    1502 
00-17-71-971596-001-01 1 76       42017    02 12021 42021 6 1 2    13015
00-17-71-971596-001-01 1 79      101998    01212021 42021 7 1 2    44015
00-17-71-971596-001-01 1 80      101998    01212021 42021 7 1 2    55012
00-17-71-971596-001-01 1 98       22000    01212020 92021 8 1 2     8013
00-17-71-971596-001-01 1200       42000    0122                         
00-17-71-971596-001-01 1203       51995    0121202010202012 1 2    14011
00-17-71-971596-001-01 1205       42000    0122                         
00-17-71-971596-001-01 1851       21998    0122                         
00-17-71-971596-001-01 1852       21998    01212020 92021 8 1 2     782 
00-17-71-971596-001-01 1998       21986    01212020 92021 8 1 2     2011
96-96-70-931613-001-01 1 71      182018    02 12020 52021 1 1 2     142 
96-96-70-931613-001-01 1 74       22021    22 2                         
26-30-52-401614-001-01 1 71      222019    02 1202011202011 2       302 
26-30-52-401614-001-01 1 73       11990    02 1202011202012 2        015
26-30-52-401614-001-01 1200       22004    02 1202010202010 2        52 
73-64-90-481633-001-01 1 71       72015    02 12020102021 9 1       4614
73-64-90-481633-001-01 1 74       12019    02 12020102021 9 1      1712 
73-64-90-481633-001-01 1 76       12004    02 2                         
11-50-31-531651-001-01 1 69       12019    0122                         
11-50-31-531651-001-01 1 71      422019    2122                         
11-50-31-531651-001-01 1 72       12019    0122                         
11-50-31-531651-001-01 1 73       22019    0122                         
11-50-31-531651-001-01 1 74       52019    0122                         
11-50-31-531651-001-01 1 75      202019    0122                         
92-25-23-251704-001-05 1 71      351900    02 12020 8202011 5 8     602 
22-38-66-351705-001-01 1 70      122019    61212020 72021 1 1       2013
22-38-66-351705-001-01 1 71     1302000    01212020 62021 1 1      27611
22-38-66-351705-001-01 1 72       32020    2122                         
22-38-66-351705-001-01 1 73      102016    01212020102021 1 1      30013
22-38-66-351705-001-01 1 74       72017    01212020 72021 1 1       8511
22-38-66-351705-001-01 1 75      302019    01212020 8202010 1     15002 
22-38-66-351705-001-01 1 76       32019    0122                         
22-38-66-351705-001-01 1 80       32019    0122                         
22-38-66-351705-001-01 1200      212020   21122                         
22-38-66-351705-001-01 1203      122000    0122                         
22-38-66-351705-001-01 1851       22019    0122                         
59-65-56-211707-001-01 1 71       12021    0122                         
59-65-56-211707-001-01 1 73       22020    2122                         
59-65-56-211707-001-01 1 74       42020    4122                         
59-65-56-211707-001-01 1 76       42020    4122                         
59-65-56-211707-001-01 1 80       22020    2122                         
97-86-60-251709-001-01 1 69       22018    02 2                         
97-86-60-251709-001-01 1 71      422018    02 12020 2202012 1      1802 
97-86-60-251709-001-01 1 72       32018    02 2                         
97-86-60-251709-001-01 1 73       22016    02 2                         
97-86-60-251709-001-01 1 74       82019    22 12020 1202012 1      1502 
97-86-60-251709-001-01 1 75      102019    02 12020 62020 6 1       402 
97-86-60-251709-001-01 1 76       32018    02 2                         
97-86-60-251709-001-01 1851       22018    02 2                         
63-97-16-081725-001-01 1 70       12021    1122                         
63-97-16-081725-001-01 1 71      202020   151212020 4202012 1      1502 
63-97-16-081725-001-01 1 72       12020    1122                         
63-97-16-081725-001-01 1 73       12020    1122                         
63-97-16-081725-001-01 1 74       52019    02 12020 5202010 1       3012
63-97-16-081725-001-01 1 75       12018    02 2                         
63-97-16-081725-001-01 1 80       12017    02 12020 8202012 1       102 
63-97-16-081725-001-01 1200       32020    3122                         
63-97-16-081725-001-01 1851       12020    1122                         
54-10-69-381733-001-01 1 76     1001900    02 2                         
30-07-10-441744-001-02 1 71      102019    32 12021 12021 1 1 2     602 
99-84-02-401764-001-01 1 70       12020    11212021 12021 1 2        32 
99-84-02-401764-001-01 1 71      352019    0121202011202011 2       202 
99-84-02-401764-001-01 1 72       12019    0122                         
99-84-02-401764-001-01 1 73       52018    02 2                         
99-84-02-401764-001-01 1 74       12019    02 12020102021 1 2       252 
46-39-86-171765-001-01 1 71     1802019    02 12020 52021 1 1       402 
46-39-86-171765-001-01 2 71      302021   302 2                         
17-64-18-791768-001-01 3 71       42019    02 2                         
17-64-18-791768-001-01 3 73       12016    02 2                         
76-34-61-711779-001-01 1 73       22004    02 12020122021 1 1      1202 
76-34-61-711779-001-01 1 74       22016    02 12020 32020 9 1       4011
97-53-95-821780-001-01 1 71       82019    12 2                         
70-69-92-641783-001-01 1 71      292019    02 12020 8202110 2      1562 
94-30-16-271784-001-01 2 71       42019    0122                         
11-59-35-061785-001-03 1 71       12021    12 2                         
36-49-19-371786-001-01 1 73       32015    02 12020122021 1 1       602 
96-34-88-551800-001-01 4 71       32019    32 2                         
76-08-90-561802-001-01 1 74       42019    32 12020 52020 8 1 2     502 
03-14-29-971820-001-01 1 38       12010    02 12020112021 2 1       3013
03-14-29-971820-001-01 1 39       12021    12 2                         
03-14-29-971820-001-01 1 72       12016    02 12020122021 1 1       3011
03-14-29-971820-001-01 1 73       61999    02 12020112021 1 1       7011
03-14-29-971820-001-01 1 76       22008    02 12020122021 1 1       5013
03-14-29-971820-001-01 1 80       12005    02 1202011202012 1       2511
03-14-29-971820-001-01 1852       22010    02 1202010202012 1       352 
03-14-29-971820-001-01 1998       12010    02 1202010202012 1       402 
70-84-46-341838-001-01 1 73       12009    02 12020 1202012 1      14015
70-84-46-341838-001-01 1 74       12009    02 2                         
65-72-55-001840-001-01 1 74       22018    22 12020 52020 6 1       462 
65-72-55-001840-001-01 2 80       12002    02 12020 62020 7 1       152 
49-42-19-851841-001-01 3 74      122017    02 12019102020 2 1 2     9511
49-86-16-681843-001-01 3 73       61900    0121202010202012 1 2    50015
49-86-16-681843-001-01 3203       12015    02 1202011202012 1 2     602 
93-67-94-861860-001-03 1 73       12020    12 2                         
33-06-24-681874-001-01 1 71      962010   401212020 1202012 1 2    28014
32-28-64-631875-001-01 1 71      152017    02 12020 42020 8 1       602 
32-28-64-631875-001-01 3 73       72005    31212020112021 1 1     104013
58-08-38-131875-001-03 1 73       31900    02 12019122020 1 1       5013
15-55-16-651876-001-02 1 71       62021    0122                         
15-55-16-651876-001-02 1 72       12018    02 12020 52020 5 2       2013
15-55-16-651876-001-02 1 73       72001    0121202011202012 2       6013
15-55-16-651876-001-02 1 74       52018    0121202011202012 2       2013
15-55-16-651876-001-02 1 76       32011    01212020 42020 4 2       2013
41-83-97-521877-001-02 1 71      502013    91312020 1202012 1      4802 
41-83-97-521877-001-02 1 73       22008    01312020112021 1 1       502 
41-83-97-521877-001-02 1 74       52012    21312020112021 1 1       182 
41-83-97-521877-001-02 3 71      422009   121312020 12021 1 1       352 
08-43-62-701893-001-01 1 70       12020    0122                         
08-43-62-701893-001-01 1 71      552005   101212020 1202012 1 2     8414
08-43-62-701893-001-01 1 73       42015    0122                         
30-76-58-551898-001-01 1 72       22012    02 1201912202011 1 2    14014
18-03-93-661913-001-01 1 76       12001    01212021 42021 6 1 2    1202 
72-94-88-221916-001-01 1 71       72019    01212020 12021 7 1      1202 
72-94-88-221916-001-01 1 72       62020    01212020112021 1 1      40014
72-94-88-221916-001-01 3 71       42019    01212020 12021 8 1       602 
72-94-88-221916-001-01 3 76       21900    01212020 42020 6 1      3002 
41-59-30-521917-001-01 1 74       12020    12 2                         
41-59-30-521917-001-01 1998       12008    12 12021 62021 8 1       102 
51-16-84-331932-001-01 1 73       32009    01212020122021 1 1 2    15015
51-16-84-331932-001-01 1 76       11900    01212021 32021 4 1 2     6015
51-16-84-331932-001-01 1 79       12013    01212021 32021 5 1 2     402 
53-04-56-801932-001-02 1 71       62020    01212021 1202112 1       342 
55-83-06-851932-001-04 1 72       12018    02 2                         
55-83-06-851932-001-04 1 73       32015    02 2                         
55-83-06-851932-001-04 3 73       12016    02 12020122021 1 1       802 
04-39-71-361932-001-08 1 71       82020    0122                         
04-39-71-361932-001-08 1 74       12021    1122                         
41-12-45-181933-001-01 3 73       21900    02 12020112021 1 1 2    1502 
66-14-94-181935-001-01 1 72      102020    0122                         
66-14-94-181935-001-01 1 73       21900    1121202011202012 1      2002 
66-14-94-181935-001-01 1 74       21900    01212020122021 7 1       602 
66-14-94-181935-001-01 1 80       21900    11212021 1202110 1       402 
66-14-94-181935-001-01 2 73       22007    0121202011202012 1       5011
28-72-49-681935-001-06 1 74       22020    02 2                         
28-72-49-681935-001-06 2 73       12019    02 2                         
56-51-57-981936-001-01 1 73       32019    01212020122021 1 1      9602 
56-51-57-981936-001-01 2 73       12012    01212020122021 1 1      1202 
58-41-33-741936-001-02 1 71       22021    2122                         
58-41-33-741936-001-02 1 73       12014    01212020122021 1 1 2    1202 
58-41-33-741936-001-02 1 80       12014    0121202010202012 1 2     182 
20-27-84-751936-001-04 1 38       12016    01212021 22021 3 1       252 
20-27-84-751936-001-04 1 73       21900    01212020122021 1 1      3902 
20-27-84-751936-001-04 1 74       12019    01212021 32021 9 1       352 
20-27-84-751936-001-04 1 76       42015    01212021 52021 6 1       752 
98-18-22-891937-001-02 1 71      122018    01212020102021 9 2       542 
98-18-22-891937-001-02 1 73       32007    0121202011202012 2 3    3802 
98-18-22-891937-001-02 1851       12019    0122                         
98-18-22-891937-001-02 2 72       12017    0122                         
98-18-22-891937-001-02 2 73       32018    0122                         
12-92-55-031938-001-01 1 70       12019    01212021 52021 6 1        215
12-92-55-031938-001-01 1 71      902018  1001212021 52021 9 1      39015
12-92-55-031938-001-01 1 72       22020    2122                         
12-92-55-031938-001-01 1 73       12018    0122                         
12-92-55-031938-001-01 1 74       22020    2122                         
05-92-83-741938-001-02 1 69       12011    0121202012202012 1 2      72 
05-92-83-741938-001-02 1 71     5002020  100121202012202111 1 2    72012
05-92-83-741938-001-02 1 72       42010    01212021 32021 7 1 2    4502 
05-92-83-741938-001-02 1 73       22009    01212020122021 1 1 2    1202 
05-92-83-741938-001-02 1 74       12009    0121202012202111 1 2     252 
05-92-83-741938-001-02 1 80       32016    01212021 62021 6 1 2     202 
80-22-16-231951-001-02 1 73       31900    02 12020122021 1 2      20015
81-77-28-591955-001-01 2 71      212017    91212020 1202012 1      3152 
81-77-28-591955-001-01 2 72       32016    01212020 42020 5 1       272 
81-77-28-591955-001-01 2 74       42017    21212020 22020 5 1       112 
58-50-67-671971-001-01 2 73       11986    02 12020122021 1 1      20016
58-50-67-671971-001-01 2 74       32016    02 12021 6202111 1       602 
64-52-68-601972-001-01 3 71       22019    02 1202012202111 1       302 
64-52-68-601972-001-01 3 72       22016    02 2                         
64-52-68-601972-001-01 3 74       32020    02 1202012202111 1       502 
64-52-68-601972-001-01 3 80       12018    02 2                         
16-14-63-931974-001-01 2 74       12020    12 2                         
01-58-42-071988-001-01 1 72       12014    02 2                         
25-96-98-141988-001-07 1 71       81995    01212020 12021 1 2       502 
25-96-98-141988-001-07 1 72      102010    81212020 32020 8 2 5     602 
25-96-98-141988-001-07 1 80       22016    01212020 52020 8 2 5     202 
25-96-98-141988-001-07 1 81       32020    11212020 12021 1 3 5     202 
25-96-98-141988-001-07 2 71       61995    01212020 62021 1 2       2015
25-96-98-141988-001-07 4 72       12018    0122                         
08-18-13-461989-001-01 3 84       11900    12 12020122021 1 3       202 
28-97-65-631994-001-01 1 72       22015    12 2                         
28-97-65-631994-001-01 1 73       22017    02 2                         
28-97-65-631994-001-01 1204       41975    02 12019122020 4 1 2     9615
28-97-65-631994-001-01 1852       12015    02 12020 62020 9 1 2     122 
86-15-44-911994-001-03 2 70       12019    02 12021 12021 2 1 2    16015
86-15-44-911994-001-03 2 72       22015    02 12020 22020 6 1 2     402 
86-15-44-911994-001-03 2 80       22010    12 12020 52020 8 1 2     902 
86-15-44-911994-001-03 2200       32010    02 12020 62020 7 1 2     602 
86-15-44-911994-001-03 2203       22010    02 12020122021 1 1 2     502 
86-15-44-911994-001-03 2852       32019    02 2                         
86-15-44-911994-001-03 4 80       12019    02 2                         
23-38-07-812008-001-01 4204       12017    01212020 52020 7 1 2     202 
67-18-23-872011-001-01 8204       12021    0122                         
28-82-13-872014-001-01 4 84       12016    12 12020112021 2 1       202 
95-44-14-692014-001-02 2 84       11987    02 12020112021 1 1 2     152 
62-10-06-922027-001-01 1 73       22018    02 2                         
83-09-48-582029-001-01 1 73       61900    02 12020122021 2 1 2   18002 
68-75-40-962033-001-01 5 72       32020    1122                         
68-75-40-962033-001-01 5 73       52010    2122                         
68-75-40-962033-001-01 5 74       32020    01212020 6202110 1 2     802 
66-23-15-542045-001-01 1204       32017    02 2                         
62-61-78-732046-001-01 1 84       32017    21212020 12020 3 1 2     602 
62-61-78-732046-001-01 2 72       12016    01212020 62020 8 1 2    12015
62-61-78-732046-001-01 2 84       22017    01212020 12020 3 1 2     8015
62-61-78-732046-001-01 2203      112017    02 2                         
51-19-63-662048-001-01 1 71      452017    01212020 1202012 1 2    1302 
68-42-20-722049-001-01 2204       11993    01212020 22020 3 1 2     202 
97-07-45-242051-001-01 1204       22011    02 12020 12020 2 1 5     602 
71-98-45-442052-001-01 1204       32010    01212020 22020 3 1       302 
94-12-64-072064-001-01 1 71    15002000   501212020 1202012 1      6002 
17-99-58-672065-001-01 1 70       22018    01212020 22020 6 1 2     102 
17-99-58-672065-001-01 1 71    20001988  1001212020 1202012 1 2   288014
17-99-58-672065-001-01 1 72       32018    01212020 42020 7 1 2    3002 
17-99-58-672065-001-01 1 73       32010    01212020 22020 5 1 2    4002 
17-99-58-672065-001-01 1 74       32020    31212020 1202012 1 2    1002 
77-92-16-672066-001-01 1 71     3001994    01212020 1202012 1      62414
77-92-16-672066-001-01 1 72       31994    01212020 5202012 1      14014
77-92-16-672066-001-01 2 71    12001994    01212020 1202012 1    1250014
66-38-93-892067-001-01 1 71      302010    01212020 1202012 1 2    12014
66-38-93-892067-001-01 2 71      502000    01212020 1202012 1 2    36016
35-93-00-792068-001-01 1 71      382012    01212020 1202012 1      1202 
35-93-00-792068-001-01 1 72       32015    0121202011202012 1      2002 
35-93-00-792068-001-01 2 71      212012    01212020 1202012 1       602 
35-93-00-792068-001-01 4 71    20002018  1501212020 2202012 1 2    13014
35-93-00-792068-001-01 4 72       32000    0121202010202012 1       602 
35-93-00-792068-001-01 4 73       32014    0122                         
53-91-30-092069-001-01 1 71     1001993    01212020 1202012 1     140016
53-91-30-092069-001-01 1 72      102019    0122                         
53-91-30-092069-001-01 2 71      502011   401212020 1202012 1      1552 
98-95-98-622070-001-01 1 71      602009    01212020 2202012 1 2    90013
13-66-67-952072-001-01 1 71     3502015   461212020 1202012 1      15014
13-66-67-952072-001-01 1 72       22015    01112020 62020 8 1       402 
13-66-67-952072-001-01 1 75      152017    51212020 62020 9 1       252 
13-66-67-952072-001-01 2 73       52009    02 12020112021 1 1       332 
24-27-78-932083-001-01 1 71      602018    5121202011202110 2      24015
24-27-78-932083-001-01 1 72       32000    01212020112021 2 2      30015
24-27-78-932083-001-01 1 73       52000    01212020122021 2 2      60015
24-27-78-932083-001-01 1 74       12018    0121202011202110 2       4815
24-27-78-932083-001-01 1852       22018    0122                         
24-27-78-932083-001-01 2 71      752018   10121202011202110 2      30015
24-27-78-932083-001-01 2 72       12015    01212020112021 1 2      12015
24-27-78-932083-001-01 2 73       12019    0122                         
51-49-82-492083-001-03 1 71       42021    4122                         
51-49-82-492083-001-03 1 73       11900    01212020122021 2 1 2     6015
73-25-52-852085-001-01 1 71     1232015    01212020 1202012 1 2    4702 
73-25-52-852085-001-01 1 72       12015    01212020 7202011 1 2     852 
73-25-52-852085-001-01 1 74       12020    1122                         
50-36-50-822086-001-01 4 69       12017    02 2                         
50-36-50-822086-001-01 4 72       22011    02 12020112021 1 1 2    18013
50-36-50-822086-001-01 4 73       11900    02 2                         
50-36-50-822086-001-01 4 80       12014    02 12021 22021 5 1 2     4013
29-87-29-692087-001-01 1 71      852021   85112                         
29-87-29-692087-001-01 1 72      102020   10112                         
29-87-29-692087-001-01 1 73       42020    4112                         
29-87-29-692087-001-01 1 74       42021    4112                         
29-87-29-692087-001-01 2 71     4802020   50112                         
29-87-29-692087-001-01 2 72       22020    2112                         
29-87-29-692087-001-01 2 73       12020    1112                         
92-24-01-442088-001-01 1 71     1502012    0121202011202110 1     130015
92-24-01-442088-001-01 1 72       32017    01212021 72021 8 1      42015
92-24-01-442088-001-01 1 73       22015    01212021 32021 4 1      13015
31-32-30-422089-001-01 1 71     7002000    01212020 9202110 1     12002 
31-32-30-422089-001-01 1 72       32004    01212020 9202110 1      3002 
31-32-30-422089-001-01 1 73       11996    01212020 9202110 1      1202 
31-32-30-422089-001-01 1 74       22020    2122                         
31-32-30-422089-001-01 1 80       12000    01212020 9202110 1       202 
31-32-30-422089-001-01 1 81       32020    31212020 9202110 1        32 
31-32-30-422089-001-01 1205       12002    01212020 9202110 1        52 
31-32-30-422089-001-01 1851       12020    1122                         
52-18-39-522090-001-01 3 71     1002019    0121202011202110 2      3002 
52-18-39-522090-001-01 3 76       12010    0122                         
73-31-47-952102-001-01 1 71    15002008   201212020 1202012 1      2502 
02-38-53-952103-001-01 1 71     5001996   361212020 1202012 1     15002 
02-38-53-952103-001-01 1 72       22003    0122                         
02-38-53-952103-001-01 1 73       82002    01212020122021 1 1 2    1302 
02-38-53-952103-001-01 1 74       42002    01212020 2202012 1 2     602 
02-38-53-952103-001-01 1 76       22005    02 12020 62020 9 1 2     802 
02-38-53-952103-001-01 1852       12008    01212020 5202010 1 2     602 
34-93-93-402105-001-01 1 69       32017    32 2                         
34-93-93-402105-001-01 1 71     4202013   182 12020 12021 1 1     15002 
34-93-93-402105-001-01 1 72       22019    22 2                         
82-80-81-612105-001-02 1 71     3802010   211212020 12021 1 6     18752 
82-80-81-612105-001-02 1 72       22018    02 2                         
82-80-81-612105-001-02 1 74       22016    32 12020 12021 1 6       432 
99-81-48-132106-001-01 1 71      502017   102 12020 22021 1 1 4    4552 
21-33-89-792107-001-01 1 69       22015    01212020122021 2 1 2     252 
21-33-89-792107-001-01 2 75      202018    01212020112021 1 1 2     182 
21-33-89-792107-001-01 2 80       22000    01212020 72020 8 1 2    5002 
21-33-89-792107-001-01 3 75      202018    01212020112021 2 1 2     902 
21-33-89-792107-001-01 5 72      111995    4121202011202012 1 2    14013
21-33-89-792107-001-01 5 73       32017    01212020122021 1 1 2    13013
21-33-89-792107-001-01 6 69       41995    01212021 12021 2 1 2    10013
21-33-89-792107-001-01 6 72       51995    01212020112021 1 1 2    28013
21-33-89-792107-001-01 6 73       31995    01212020112021 1 1 2    13013
21-33-89-792107-001-01 6 79       32015    0121202012202012 1 2    1102 
21-33-89-792107-001-01 6 80       12015    0121202010202011 1 2    22013
08-12-12-352108-001-01 1 69       22020    0122                         
08-12-12-352108-001-01 1 71     5002001    21212020 52020 8 1      3002 
46-01-30-672109-001-01 1 71     1002015    01212020 22021 1 1 2    7802 
46-01-30-672109-001-01 1 72       12018    0122                         
46-01-30-672109-001-01 1 80       12016    01212020 22020 4 1 2     202 
46-01-30-672109-001-01 2 71      452005    01212020 22021 1 1 2    4002 
89-05-97-182110-001-01 1 71    20002008  7001212020102021 9 1      2602 
89-05-97-182110-001-01 1 72       22018    0122                         
89-05-97-182110-001-01 1 73       22018    0122                         
89-05-97-182110-001-01 1 74       12017    01212020 7202012 1       102 
89-05-97-182110-001-01 1 75       52017    01212020 82020 9 1        82 
89-05-97-182110-001-01 1 80       12019    0122                         
19-03-71-262121-001-01 1 71     2001997   501212020102021 9 1     12002 
19-03-71-262121-001-01 1 72       31997    01212020102021 9 1      1202 
19-03-71-262121-001-01 1 73       22017    0122                         
19-03-71-262121-001-01 1 74       12016    01212020102021 9 1      1802 
19-03-71-262121-001-01 1851       12019    0122                         
72-87-81-322122-001-01 1 69       42018    0122                         
72-87-81-322122-001-01 1 71     3002000   251112020102021 9 1 2   24482 
72-87-81-322122-001-01 1 72       22014    0111202010202012 1 2    1402 
72-87-81-322122-001-01 1 73       32011    0111202011202012 1 2    1102 
72-87-81-322122-001-01 1 75       62000    02 2                         
72-87-81-322122-001-01 1852       12008    02 12020122021 1 1 2     202 
62-47-33-372123-001-01 1 69       12012    01212020 52020 8 1       242 
62-47-33-372123-001-01 1 71      801937   101212020102021 9 1      3202 
62-47-33-372123-001-01 1 72       12019    0122                         
62-47-33-372123-001-01 1 74       12018    01212020102021 9 1       7513
62-47-33-372123-001-01 1 75       52015    01212020102021 9 1       152 
46-20-06-252123-001-02 1 71     1502015   101212021 12021 9 1 2     502 
46-20-06-252123-001-02 1 72       12013    01212020122021 6 1 2      62 
46-20-06-252123-001-02 1 74       12020    01212021 92021 9 1 2      42 
46-20-06-252123-001-02 1 75      102017    01212020112021 1 1 2     172 
37-05-92-602124-001-01 1 69       12015    0122                         
37-05-92-602124-001-01 1 71      702000   171212020102021 9 1 2     402 
37-05-92-602124-001-01 1 72       32016    01212020102021 9 1 2     202 
37-05-92-602124-001-01 1 73       12015    01212020122021 2 1 2     502 
37-05-92-602124-001-01 1 75      102016    0121202010202112 1 2     152 
37-05-92-602124-001-01 1 79       12016    0122                         
37-05-92-602124-001-01 2 69       32017    0122                         
37-05-92-602124-001-01 2 71      402017   101212020102021 9 1 2     152 
37-05-92-602124-001-01 2 73       42018    01212020122021 1 1 2     202 
37-05-92-602124-001-01 2 79       12019    0122                         
37-05-92-602124-001-01 2203       22019    0122                         
37-05-92-602124-001-01 3 71      602015   101212020102021 9 1 2     352 
85-54-66-362125-001-01 1 69       22018    0122                         
85-54-66-362125-001-01 1 71     1502019   101212020102021 9 1 2    8402 
85-54-66-362125-001-01 1 74       22020    2122                         
85-54-66-362125-001-01 3 69       21900    0122                         
85-54-66-362125-001-01 3 71      302019    01212020102021 9 1      4802 
85-54-66-362125-001-01 4 69       12020    0122                         
85-54-66-362125-001-01 4 71      402021   40122                         
85-54-66-362125-001-01 4 73       61900    01212020112021 1 1      16012
35-74-58-192126-001-01 1 71     1002020   101212020 62020 9 1 2    3502 
35-74-58-192126-001-01 1 72       12018    0122                         
35-74-58-192126-001-01 1 74       12020    1122                         
35-74-58-192126-001-01 1203       12015    01212020 22020 3 1 2      52 
94-09-90-452127-001-01 1 71     5202001  1001212020 82021 9 1 2   36002 
41-24-37-002128-001-01 1 69       12017    02 12021 52021 5 2       752 
41-24-37-002128-001-01 1 71     2502011   201212020102021 9 2     11522 
41-24-37-002128-001-01 1 72       22018    02 2                         
41-24-37-002128-001-01 2 71       32019    01112021 62021 7 2      1302 
41-24-37-002128-001-01 2 73       12019    0112                         
96-25-27-682140-001-01 1 71     1202013    01212020 82021 9 1 2   12002 
96-25-27-682140-001-01 1 72       22012    01212021 82021 9 1 2     502 
96-25-27-682140-001-01 1 73       12010    01212021 82021 9 1 2     602 
96-25-27-682140-001-01 2 71      302012    01212020 82021 9 1 2   24002 
96-25-27-682140-001-01 2 72       22009    01212020 82021 9 1 2     602 
96-25-27-682140-001-01 2 79       12012    01212020 82021 9 1 2     252 
60-98-83-842141-001-01 1 69       12016    01212020 22020 2 1 2      32 
60-98-83-842141-001-01 1 71     2002017    01212020102021 9 1 2   120014
60-98-83-842141-001-01 1 73       22010    0122                         
60-98-83-842141-001-01 1 79       12009    01212020122021 1 1 2     402 
60-98-83-842141-001-01 1852       12018    0122                         
60-98-83-842141-001-01 2 72       12000    01212020122021 1 1 2     302 
49-89-60-442142-001-01 1 71     5001990    01212020102021 9 1      1602 
49-89-60-442142-001-01 1 72       52010    01212020102021 9 1      2242 
49-89-60-442142-001-01 1 73       42005    0121202011202012 1      52012
49-89-60-442142-001-01 1 76       12005    01212020112021 1 1      1952 
49-89-60-442142-001-01 1 79      122005    01212021 32021 5 1      66012
49-89-60-442142-001-01 1 80       12015    01212021 52021 6 1       1115
49-89-60-442142-001-01 1851       32011    01212021 32021 8 1      1802 
47-33-48-342143-001-01 1 69       12019    02 2                         
47-33-48-342143-001-01 1 71     3502021    01212020102021 9 1 6   16802 
47-33-48-342143-001-01 1 72       22007    02 12020122021 2 1 6     802 
47-33-48-342143-001-01 1 73       11999    02 12020122021 2 1 6    1502 
47-33-48-342143-001-01 1 79       12018    02 2                         
41-90-49-082143-001-02 1 69       22015    02 12020102021 9 1 2     652 
41-90-49-082143-001-02 1 71      502018   151112020102021 9 1 2   10802 
41-90-49-082143-001-02 1 72       32009   902 12021 52021 7 1 2    1202 
41-90-49-082143-001-02 1 73       12006    02 12020122021 1 1 2    2602 
41-90-49-082143-001-02 1 74       22018    12 12020102021 9 1 2    18011
41-90-49-082143-001-02 1212      142021   14122                         
93-04-22-652143-001-04 1 74       42020    0121202110202110 1 2     2015
42-74-37-602144-001-01 1 69       12013    01212020102021 9 1       162 
42-74-37-602144-001-01 1 71     3002014   301212020102021 9 1      2302 
42-74-37-602144-001-01 1 72      102014    01212020102021 9 1       902 
42-74-37-602144-001-01 1 73       22001    01212020112021 1 1      2402 
42-74-37-602144-001-01 1 79       22001    61212020102021 9 1      3602 
42-74-37-602144-001-01 1852       12010    01212020102021 9 1       302 
51-55-51-262145-001-01 1 71     1502013    01212020 1202012 1       752 
51-55-51-262145-001-01 1 72       32010    0122                         
51-55-51-262145-001-01 1 73       22018    0122                         
51-55-51-262145-001-01 1 76       52020    0122                         
51-55-51-262145-001-01 1 79       22019    0122                         
51-55-51-262145-001-01 1851       12016    01212020112021 5 1        72 
51-55-51-262145-001-01 2 69      202019    51212020102021 2 1       282 
51-55-51-262145-001-01 2 71     1002010    01212020 1202012 1       652 
51-55-51-262145-001-01 2 79       22020    2122                         
51-55-51-262145-001-01 2 81       32017    01212020 72021 1 1       132 
88-95-93-562146-001-01 1 69       62018    01212020 9202010 1      1202 
88-95-93-562146-001-01 1 71    10002018  1501212020102021 9 1     18002 
88-95-93-562146-001-01 1 72       42015    01212020102021 9 1      2502 
88-95-93-562146-001-01 1 73       32010    01212020122021 3 1      20012
88-95-93-562146-001-01 1 74       32020    0122                         
88-95-93-562146-001-01 1 76       12013    01212021 22021 4 1      32012
88-95-93-562146-001-01 1 79       62015    01212021 32021 4 1      40012
88-95-93-562146-001-01 1 80       22016    0122                         
88-95-93-562146-001-01 2 71     2502018    01212020102021 9 1     12002 
88-95-93-562146-001-01 2 72       22015    01212020102021 9 1      30012
88-95-93-562146-001-01 2 79       31900    01212021 22021 5 1      36012
88-95-93-562146-001-01 3 71      302021   30122                         
88-95-93-562146-001-01 3 72       62015    01212020102021 9 1       7012
88-95-93-562146-001-01 3 73       42018    0122                         
88-95-93-562146-001-01 3 79       62017    0122                         
88-95-93-562146-001-01 3852       62017    0122                         
37-02-89-812146-001-03 1 71     6002018  1001212020102021 9 1     18002 
37-02-89-812146-001-03 1 72       32010    01212020102021 9 1      7002 
37-02-89-812146-001-03 1 74       22019    01212020102021 9 1      18012
37-02-89-812146-001-03 2 71      602018    51212020102021 9 1      3602 
37-02-89-812146-001-03 2 72       12012    01212020102021 9 1       402 
37-02-89-812146-001-03 2 73       11900    01212020112021 1 1       9012
98-78-94-132147-001-01 1 71      302007   101212020102021 9 1 2    2562 
98-78-94-132147-001-01 1 72       62000    01212020102021 9 1 2    50416
98-78-94-132147-001-01 1 73       21995    01212021 12021 3 1 2    2602 
98-78-94-132147-001-01 1 74       12009    01212020102021 9 1 2     402 
98-78-94-132147-001-01 1 79       12014    01212021 42021 5 1 2     882 
98-78-94-132147-001-01 1 80       22014    01212020102021 9 1 2     1115
98-78-94-132147-001-01 1851       12014    02 12021 22021 2 1 2     122 
98-78-94-132147-001-01 1852       22014    01212021 42021 4 1 2     262 
98-78-94-132147-001-01 2 71      502019    41212020102021 9 1 2    1602 
98-78-94-132147-001-01 2 72       12019    0122                         
98-78-94-132147-001-01 2 73       12019    0122                         
82-49-19-232159-001-01 1 71     5001998   901212020 1202012 1      2402 
82-49-19-232159-001-01 1 72       21998    82 2                         
82-49-19-232159-001-01 1 73       61998    02 12019122020 2 1       3816
40-34-16-232159-001-04 1 71     2001995   201212020 1202012 1 2    70014
40-34-16-232159-001-04 1 73       22005    0122                         
40-34-16-232159-001-04 1 74       62014    01212020 1202012 1    316202 
35-01-77-262161-001-01 1 71      501995   152 12020 1202012 1      72014
92-29-28-062162-001-01 1 71      502007    01212020 1202012 2      1402 
92-29-28-062162-001-01 1 73       22009    0122                         
45-96-39-562164-001-01 1 71     1501900    01212019 1201912 1      3002 
45-96-39-562164-001-01 1 72       22018    01212020 72020 9 1       702 
43-24-82-622165-001-01 1 71     3002009    01212020 1202012 1     16002 
43-24-82-622165-001-01 1 72       22005    01212020 62020 9 1       672 
43-24-82-622165-001-01 1 76       12006    01212020 12020 3 1       532 
79-35-82-232166-001-01 1 69       41980    02 12020102021 1 1       302 
79-35-82-232166-001-01 1 71     4001980   101212020 12020 1 1      2602 
79-35-82-232166-001-01 1 73      121980    02 12020112021 1 1       802 
79-35-82-232166-001-01 1 80       22019    22 2                         
79-35-82-232166-001-01 1852       51980    02 12020 72020 9 1       202 
27-71-37-112178-001-01 1 71      502017   102 12020 22021 1 1 2    4502 
08-19-86-572179-001-01 1 71     5001990    02 12020 5202012 1      3502 
08-19-86-572179-001-01 1 72       42010    02 2                         
08-19-86-572179-001-01 2 71     1001993    02 12020 1202012 1      2102 
08-19-86-572179-001-01 2 72       52012    02 12020 7202012 1      14013
14-48-48-942180-001-01 1 71     1502009    61212020 1202012 1 2     1414
82-21-30-392181-001-01 1 71     2001995   201212020 1202012 1     40002 
97-20-56-672184-001-01 1 71     1802018   151212020 1202012 1      5402 
01-60-89-942185-001-01 1 71     3502010  1701212020 1202012 1      4002 
01-60-89-942185-001-01 1 72      101900    02 12020 12020 3 1      1202 
01-60-89-942185-001-01 1 73       21998    02 12020112021 1 1       422 
01-60-89-942185-001-01 1 74       32015    02 12020 12020 5 1       332 
56-62-89-782199-001-01 1 71       62018    6122                         
77-31-17-492199-001-03 1 71       42020    4122                         
77-31-17-492199-001-03 1 72       22020    2122                         
77-31-17-492199-001-03 1 74       32020    3121202012202012 2        32 
97-95-25-482200-001-01 1 72      602020   60122                         
97-95-25-482200-001-01 1 73       42009    01212020112021 1 1 2    26013
97-95-25-482200-001-01 1 76       22013    01212020 32020 4 1 2    26014
89-10-69-312202-001-01 1 73       22006    0122                         
72-15-83-722203-001-01 1 71       42014    21212020 5202012 1       602 
72-15-83-722203-001-01 1 73       32014    0121202011202012 1       302 
72-15-83-722203-001-01 1 74       32019    01212020 4202012 1 2     152 
56-10-08-702204-001-01 1 71      202019    31212020 1202012 1       602 
56-10-08-702204-001-01 1 72       92016    01212020 92020 9 1       702 
56-10-08-702204-001-01 1 73      102016    0121202011202012 1      1002 
56-10-08-702204-001-01 1 74       62016    01212020 7202012 1      1502 
56-10-08-702204-001-01 1 76       12018    0122                         
56-10-08-702204-001-01 1852       12018    0122                         
78-15-43-852216-001-01 1 69       12016    0122                         
78-15-43-852216-001-01 1 71     1002017    01212020 1202012 1      4502 
78-15-43-852216-001-01 1 72       12010    01212020112021 2 1       802 
78-15-43-852216-001-01 1852       12001    01212020 72021 1 1       182 
81-50-48-562217-001-02 1 71    28401987   12121202012202111 1 2   31202 
81-50-48-562217-001-02 1 72       12014    01212020122021 1 1 2     802 
81-50-48-562217-001-02 1 79       12014    01212021 62021 7 1 2     152 
81-50-48-562217-001-02 1852       12014    01212021 82021 9 2       952 
84-58-41-512218-001-01 1 69       22012    0121202011202110 1 2    1202 
84-58-41-512218-001-01 1 71      601900    0121202011202110 1 2    1802 
84-58-41-512218-001-01 1 73       11900    01212020122021 1 1 2     402 
84-58-41-512218-001-01 3 69       51900    0121202011202110 1 2     6015
84-58-41-512218-001-01 3 71     2002020  100121202011202110 1 2     4516
84-58-41-512218-001-01 3 72       21900    0122                         
84-58-41-512218-001-01 3 73       11900    0122                         
84-58-41-512218-001-01 3 74       11900    0122                         
84-58-41-512218-001-01 6 69       52016    0122                         
84-58-41-512218-001-01 6 75     2302020  230122                         
84-58-41-512218-001-01 6 79       22020    2122                         
84-58-41-512218-001-01 7 73       11900    0122                         
55-19-95-162219-001-01 3 71      502015    01212021 9202111 1 3    1042 
91-90-18-922220-001-01 1 71     2002002    0121202011202110 1      5002 
91-90-18-922220-001-01 1 72       12002    1121202011202111 1       502 
91-90-18-922220-001-01 1 80       12002    0122                         
91-90-18-922220-001-01 1852       12018    0122                         
91-90-18-922220-001-01 3 71      161900    0122                         
91-90-18-922220-001-01 3 72       12015    0122                         
91-90-18-922220-001-01 3 80       12015    0122                         
91-90-18-922220-001-01 5 69       22016    0122                         
91-90-18-922220-001-01 5 72       12018    1121202010202110 1       5015
05-40-62-632221-001-01 1 69       22015    01212020 9202110 1 2    2002 
05-40-62-632221-001-01 1 71     2002008   501212020 9202110 1 2   17602 
05-40-62-632221-001-01 1 72       12019    0122                         
05-40-62-632221-001-01 3 69       21985    01212020 9202110 1      3202 
05-40-62-632221-001-01 3 73       21983    01212020 9202110 1      1202 
05-40-62-632221-001-01 3 76       21990    01212020 9202110 1      3002 
24-15-17-332222-001-01 1 69       21993    01212021 3202110 1 2    6752 
24-15-17-332222-001-01 1 71     5002019  100121202011202110 1 2  176402 
24-15-17-332222-001-01 1 72       12004    0121202010202012 1 2    2602 
24-15-17-332222-001-01 1 73       21979    01212020112021 1 1 2    3902 
24-15-17-332222-001-01 1 74       31900    0121202011202110 1 2    5852 
24-15-17-332222-001-01 1 79       11984    01212021 8202110 1 2    1502 
24-15-17-332222-001-01 1852       11996    0121202011202110 1 2     352 
24-15-17-332222-001-01 2 69       12006    01212021 3202110 1 2    9002 
24-15-17-332222-001-01 2 71     3002019   152 1202011202110 1 2  126002 
24-15-17-332222-001-01 2 72       12020    12 2                         
24-15-17-332222-001-01 3 71     2502007   502 1202011202110 1 2   38202 
24-15-17-332222-001-01 4 71     5502017  150121202011202110 1 2   71402 
24-15-17-332222-001-01 4 74       31900    01212020112021 4 1 2    1002 
24-15-17-332222-001-01 5 71      852003   20121202011202110 1 2   26012 
24-15-17-332222-001-01 5 75      152021   15122                         
24-15-17-332222-001-01 6 71     6501900  180121202011202110 1 2   46922 
24-15-17-332222-001-01 7 71     3202000   75121202011202110 1 2   36722 
24-15-17-332222-001-01 7 72       21900    01212020102021 2 1 2    1402 
24-15-17-332222-001-01 7 74       12020    0122                         
21-66-19-792235-001-01 1 71     5002018   20122                         
21-66-19-792235-001-01 1 73       12015    0121202011202012 2       702 
21-66-19-792235-001-01 1 74       12016    0122                         
21-66-19-792235-001-01 1851       12016    01212020 22020 4 2       102 
04-72-30-292236-001-01 1 69       22005    01312020 8202010 1      2102 
04-72-30-292236-001-01 1 71    15002018  200131201912202011 1     29002 
04-72-30-292236-001-01 1 72       12005    01312020 62020 8 1      1202 
04-72-30-292236-001-01 1212     1402017    0132                         
00-11-58-552236-001-02 1 71     2002018   40131201912202011 1      5402 
00-11-58-552236-001-02 1 72       42014    01312020 12020 3 1      1802 
00-11-58-552236-001-02 1 73       12000    01312020 12020 2 1       4011
70-46-23-362237-001-01 1 69       42010    02 2                         
70-46-23-362237-001-01 1 71     1502014   10121201912202011 1      36012
70-46-23-362237-001-01 1 72       22015    02 12020 82020 8 1       2012
70-46-23-362237-001-01 1 73       42014    02 2                         
70-46-23-362237-001-01 1 74       12012    02 12020 8202010 1       3011
70-46-23-362237-001-01 1 75      501990    02 12019 32020 3 1       5012
70-46-23-362237-001-01 1 80       22015    02 1202010202012 1       2011
70-46-23-362237-001-01 1212      102020    02 2                         
33-40-18-382238-001-01 1 69      102013    0121201912202011 1      2002 
33-40-18-382238-001-01 1 71     5002005    5121201912202011 1     20802 
33-40-18-382238-001-01 1 72       32015    0121201912202011 1      1002 
33-40-18-382238-001-01 1 73       12015    0121201912202011 1       802 
33-40-18-382238-001-01 1 75       32017    01212020 82020 9 1       202 
33-40-18-382238-001-01 1 80       42015    01212020 42020 6 1       152 
33-40-18-382238-001-01 2 71     3002000    0121201912202011 1     15002 
33-40-18-382238-001-01 2 73       11989    0121201912202011 1       452 
00-38-57-232239-001-01 1 71     2002010   10121201912202011 1 2    2002 
00-38-57-232239-001-01 1 72       72015    0122                         
00-38-57-232239-001-01 1 73       22017    0122                         
00-38-57-232239-001-01 1 74       12019    0122                         
00-38-57-232239-001-01 1 75      502016    01212020 62020 6 1 2     102 
00-38-57-232239-001-01 1 80       12017    0122                         
00-38-57-232239-001-01 1212      302020   30122                         
33-71-74-272241-001-01 1 71     3302000   12121201912202012 1      8642 
33-71-74-272241-001-01 1 72      122014    01212019122020 7 1      2502 
33-71-74-272241-001-01 1 73       62005    0121201912201912 1      70012
33-71-74-272241-001-01 1 74       22017    01212020 82020 8 1      1202 
33-71-74-272241-001-01 1 75       82019    0122                         
33-71-74-272241-001-01 1 79       11900    0122                         
33-71-74-272241-001-01 1 80       12015    3122                         
33-71-74-272241-001-01 1212     1602014   221212020 62020 6 1        315
33-71-74-272241-001-01 1851       12013    0122                         
31-14-86-012242-001-01 1 71     1502010   40121202011202011 1 2    3402 
53-95-94-122254-001-01 1 71      502018    0121201912202011 1      4802 
53-95-94-122254-001-01 1 75      502019    02 2                         
53-95-94-122254-001-01 2 71    20002018    02 1201912202011 1     67002 
74-70-00-932255-001-01 1 69       12007    02 12018 1201812 1      1802 
74-70-00-932255-001-01 1 71     1502000    02 12020 1202012 1    180002 
74-70-00-932255-001-01 1 72       22017    02 12020 42020 6 1      1002 
74-70-00-932255-001-01 1 73       22007    02 12020122021 2 1      20013
74-70-00-932255-001-01 1 74       22020    22 12020 1202012 1       6013
74-70-00-932255-001-01 1 80       22018    02 12020 12020 3 1       4011
74-70-00-932255-001-01 2 71     1002017    02 12020 1202012 1    180002 
74-70-00-932255-001-01 2 73       12016    02 2                         
74-70-00-932255-001-01 3 69       12005    02 12020 1202012 1      1802 
74-70-00-932255-001-01 3 71     2002017    02 12020 1202012 1     18002 
93-31-89-762256-001-01 1 71     1202007    0121201912202011 1 2   18002 
93-31-89-762256-001-01 1 72       12020    1122                         
93-31-89-762256-001-01 1 74       12018    01212019122020 7 1 2     2011
93-31-89-762256-001-01 1 75      502018   101212020 7202011 1 2     202 
93-31-89-762256-001-01 1 79       12014    01212020 72020 9 1 2     1515
93-31-89-762256-001-01 1 80       12015    01212020 82020 9 1 2      411
93-31-89-762256-001-01 2 69       22012    0121202010202011 1 2     1015
93-31-89-762256-001-01 2 71     1502000   20121201912202011 1 2    2102 
93-31-89-762256-001-01 2 72       12014    01212020 62020 7 1 2     402 
93-31-89-762256-001-01 2 73       21997    01212019122020 5 1 2     3011
93-31-89-762256-001-01 2 74       32016    0122                         
93-31-89-762256-001-01 2 75       52015    01212020 72020 7 1 2      52 
79-86-31-642256-001-03 2 71     1502011    0121201912202011 1 2    1202 
79-86-31-642256-001-03 2 73       22018    0122                         
30-93-95-652257-001-01 1 70       12019    0121201912202011 1 2     202 
30-93-95-652257-001-01 1 71     1102016    0121201911202011 1 2    7202 
30-93-95-652257-001-01 1 72       22019    0122                         
30-93-95-652257-001-01 1 73       21996    01212019122020 6 1      1202 
30-93-95-652257-001-01 1 75      502019    0121201912202011 1 2     752 
30-93-95-652257-001-01 2 71     2001999    0121201912202011 1 2    9502 
30-93-95-652257-001-01 3 69       12019    1122                         
30-93-95-652257-001-01 3 71    16202002    0121201912202011 1 2   27002 
30-93-95-652257-001-01 3 72       11998    0121201912202011 1 2     602 
30-93-95-652257-001-01 3 73       21998    0121201912202011 1 2    1302 
30-93-95-652257-001-01 3 75     1201998    0121201912202011 1 2    2252 
14-19-73-232258-001-01 1 71      202020   20122                         
14-19-73-232258-001-01 1 75      152020   15122                         
80-56-51-762259-001-01 1 71      752014    0121201912202011 1 2   268814
80-56-51-762259-001-01 1 73       22016    0122                         
80-56-51-762259-001-01 3 71      152018    0121201912202012 1 2   28802 
80-56-51-762259-001-01 4 71      232014    02 1201912202011 1 2   38642 
80-56-51-762259-001-01 4 72       32015    0122                         
16-88-52-772260-001-01 1 71      502014    0121201912202011 1      2002 
61-97-17-872277-001-01 1 67       32008    21212020112021 1 1      1002 
61-97-17-872277-001-01 1 71      702019   701212019 52020 4 1       9015
61-97-17-872277-001-01 1 73       52005    51212020122021 1 1      1002 
19-61-62-902277-001-03 1 71      302009    02 12020 1202012 2      1202 
19-61-62-902277-001-03 2 71      202018    02 12020 8202012 1       602 
41-81-85-622280-001-01 1 71      302018   102 12020 12021 1 1      8642 
14-58-18-612292-001-02 5 71     1252018    02 12020102021 1 3       702 
22-44-20-212293-001-02 1 73       21900    02 2                         
79-64-91-552294-001-01 1 67       41990    02 12020 1202011 2     18002 
79-64-91-552294-001-01 1 71      702018   202 12020 1202012 2      4502 
83-01-75-412295-001-01 1 71     1002020   202 12020 1202012 1      6002 
80-85-79-462296-001-01 1 71      372005    02 12020 12021 1 1 2    1202 
96-15-71-562311-001-01 1 69       21964    02 12020102021 1 1      3002 
96-15-71-562311-001-01 1 71     3002017   502 12020 12021 1 1      2002 
96-15-71-562311-001-01 1 73       51964    02 12020122021 1 1     216013
93-78-78-682330-001-03 1 71      202020   202 2                         
87-83-98-062349-001-01 1 71     1002019  1001212019 22020 2 1 2    1502 
68-30-71-792350-001-03 5 69       62017    22 2                         
68-30-71-792350-001-03 5 73       71967    02 2                         
68-30-71-792350-001-03 7 71      302017    02 12020 1202012 6      1502 
68-30-71-792350-001-03 8 71      302018   102 12020 1202012 6      2002 
14-98-81-492352-001-02 1 71      152019    42 12020102021 1 2       362 
81-32-40-342352-001-07 1 71     1502019  1501212020 12020 8 1 2    1002 
87-03-73-532353-001-01 2 71     1002000   302 12020 1202012 122    1202 
87-03-73-532353-001-01 3 71     2002017  1002 12020 1202012 1       802 
87-03-73-532353-001-01 5 71     2502019   701312020 1202012 1      1302 
31-61-58-012353-001-03 1 71      702019   302 12020 1202012 1 2     502 
18-73-48-012353-001-04 1 71      252016    52 1202010202011 1      1202 
46-05-43-172353-001-05 1 71      802018   652 12020 1202012 1      1202 
00-22-08-832354-001-01 1 71      402014    02 12020 12021 1 1 2    2402 
19-93-05-372354-001-04 1 71      322019    82 12020102021 1 1 2     482 
48-82-44-022355-001-01 1 71      302018   152 12020 6202010 1      1502 
48-82-44-022355-001-01 3 71      302019    02 12020 8202012 1      3002 
48-82-44-022355-001-01 5 71      202019    02 12020 1202012 1      3002 
66-57-22-712356-001-01 1 71      152020    52 12020 1202012 1      1442 
57-18-13-692360-001-01 1 71      182020    22 12020 1202012 1      14415
54-52-86-502371-001-01 2 71      502020   102 12020 12021 9 1      60015
54-52-86-502371-001-01 2 73       62017    32 12021 8202110 1      1502 
54-52-86-502371-001-01 2852       21995    21212021 32021 8 1      1002 
19-42-65-672372-001-01 4 71      202011    02 12020102021 9 1 2    3752 
19-42-65-672372-001-01 4 73       22009    02 2                         
77-70-58-352389-001-02 4 74      552019   152 12020 62020 8 2       252 
95-47-09-332394-001-01 1 74      152015    02 12020102021 9 2       602 
65-69-85-942427-001-01 2 71      702020   802 2                         
04-08-20-272428-001-01 1 67       12008    02 12020 42021 1 1 2    1502 
04-08-20-272428-001-01 1 71      502011    02 12020 42021 2 1 2    3602 
04-08-20-272428-001-01 2 71     1402012    02 12020 32021 2 1      7202 
24-59-87-472430-001-01 1 71      702016   302 12020 12021 3 1      30015
17-25-01-082431-001-01 3 71      602018    02 12020 32021 2 1 2    2162 
17-25-01-082431-001-01 3 72       32010    02 12021 12021 3 1 2    30011
81-05-05-172432-001-01 2 71     8002018  2002 12020 12021 2 1      4502 
81-05-05-172432-001-01 3 71     5002020  1002 12020 12021 2 1      2702 
82-12-05-752435-001-01 1 71      302010   301212020 2202012 1       2015
82-12-05-752435-001-01 1 75     5002018  5001212019 2202011 1      20015
06-02-80-212449-001-02 1 73       22008    22 2                         
47-13-32-572464-001-03 1 71      802015    01212020 920211013      5252 
47-13-32-572464-001-03 1 73       61992    01212020 920211013      3202 
89-90-41-692469-001-01 1 71      502018    02 12021 1202112 1 2    5002 
89-90-41-692469-001-01 1 75      302021   302 2                         
47-82-17-412488-001-01 2 73       21981    0121202011202012 2        32 
89-74-27-612527-001-01 1 71       32020    3122                         
89-74-27-612527-001-01 1 74       32018    01212020 62020 8 1      1002 
89-74-27-612527-001-01 1 80       32016    31212020 42020 5 1      2002 
89-74-27-612527-001-01 1851       32015    31212020 62020 7 1       802 
89-74-27-612527-001-01 1998       22019    21212020 12020 1 1       502 
59-63-78-892527-001-07 1 71      732010    01212020102021 9 1 2    5002 
59-63-78-892527-001-07 1 72       11900    0121202010202010 1 2     552 
46-20-08-822542-001-01 1 73       12017    02 2                         
46-20-08-822542-001-01 1 74       12019    02 12021 72021 9 1 2     602 
46-20-08-822542-001-01 1203       12015    02 2                         
08-10-16-122544-001-01 1 71     1652018    2121202011202110 1 2    5602 
08-10-16-122544-001-01 1 72       21988    01212020122021 4 1 2     802 
08-10-16-122544-001-01 1 74       22020    21212021 9202110 1 2     202 
08-10-16-122544-001-01 1 80       21988    01212021 12021 6 1 2     402 
08-10-16-122544-001-01 1205       12018    0121202011202110 1 2     102 
80-87-24-092558-001-01 2 71      202018    5121202011202110 1      1202 
80-87-24-092558-001-01 2 72       12018    0122                         
80-87-24-092558-001-01 2 74       12019    0121202011202110 1       602 
80-87-24-092558-001-01 2852       12018    0122                         
80-87-24-092558-001-01 2998       12012    01212021 42021 7 1 2     502 
38-66-19-412560-001-01 1 70       22017    0122                         
38-66-19-412560-001-01 1 71     4001994    4121202011202110 2      98815
38-66-19-412560-001-01 1 73       71993    2121202011202011 2     52002 
38-66-19-412560-001-01 1 74       72016    31212020 62020 9 2      4002 
38-66-19-412560-001-01 1 80       12016    01212020112021 3 2      3302 
38-66-19-412560-001-01 2 70       22020    2122                         
38-66-19-412560-001-01 2 71     4002008    3121202011202110 2     39002 
38-66-19-412560-001-01 2 72       42017    01212020 42020 8 2      4002 
38-66-19-412560-001-01 2 73       61994    0121202011202012 2     28602 
38-66-19-412560-001-01 2 74      302017   181212020 42020 8 2     12002 
38-66-19-412560-001-01 2 76       61994    01212020 52020 8 2      7802 
38-66-19-412560-001-01 2 79       32014    01212020 42020 8 2      2202 
38-66-19-412560-001-01 2 80      252011    41212021 22021 5 2     330011
38-66-19-412560-001-01 2 81      501994    0121202011202012 2      4402 
38-66-19-412560-001-01 2200      202016    01212020112021 2 2      94011
38-66-19-412560-001-01 2203       32013    0121202011202012 2       802 
38-66-19-412560-001-01 2205       62016    11212021 62021 8 2      4802 
38-66-19-412560-001-01 2852       31994    01212021 4202110 2      5202 
38-66-19-412560-001-01 3 73       21996    0121202011202012 2      7802 
38-66-19-412560-001-01 3 81       12001    0121202011202110 2       802 
33-20-45-662566-001-01 1 73       22012    01212020122021 2 1      1102 
33-20-45-662566-001-01 1 76      302012    01212020 52020 6 1 4    50015
33-20-45-662566-001-01 1 79       22012    01212020 52020 6 1 4      515
33-20-45-662566-001-01 1852       22012    01212020 52020 7 1        715
31-12-34-482578-001-01 1 72       12000    02 12020112021 3 1     26802 
31-12-34-482578-001-01 1 73       31985    22 12019122020 2 1     697013
50-89-79-362578-001-04 1 71      332019   10121202010202012 1       702 
50-89-79-362578-001-04 1 73       32010    02 1202011202012 1       372 
50-89-79-362578-001-04 1 74       72017    02 12020 8202012 1       1611
03-51-31-802580-001-01 1 71      102006   101212020 42021 1 1 2    3002 
03-51-31-802580-001-01 1 72       11996    01212020122021 1 1 2     2013
03-51-31-802580-001-01 1 73       11991    01212020112021 1 1 2    39015
03-51-31-802580-001-01 3 71      182020   101212020 82021 1 1 2     722 
19-69-36-162582-001-01 1 71       22004    0121202011202011 1      1402 
19-69-36-162582-001-01 1 72       22009    0121202011202012 1      14014
19-69-36-162582-001-01 1 73       11992    0121202012202012 1      13016
52-35-01-102583-001-01 1 75      102019    02 12020 52020 5 1      1602 
46-01-46-902596-001-01 1 71      102020   10122                         
04-45-84-212596-001-02 1 71      152016    01212020 1202012 2      1002 
70-04-49-902597-001-01 1 71       32020    3122                         
70-04-49-902597-001-01 1998       12013    0122                         
03-81-40-042598-001-01 1 71      802012    0121202010202111 1      1802 
03-81-40-042598-001-01 1 75      102015    0121202010202111 1       122 
79-69-38-692598-001-03 2 71       22020    22 2                         
79-69-38-692598-001-03 2 73       31900    02 12020112021 1 1 2    2002 
71-80-87-222599-001-01 1 71      102006    01212021 82021 8 1       652 
71-80-87-222599-001-01 1 72       21979    01212021 8202110 1      1302 
71-80-87-222599-001-01 1 73       11973    02 1202011202012 1       502 
71-80-87-222599-001-01 1 74       12005    0121202011202110 1      1002 
63-68-95-782600-001-01 1 71       62007    01212020 9202110 1 2    1402 
63-68-95-782600-001-01 1 72       12019    0122                         
63-68-95-782600-001-01 2 72       12000    01212020 9202110 1 2    10013
63-68-95-782600-001-01 2 73       11998    01212020 9202110 1 2     7013
96-72-67-952601-001-01 1 71      102018    0121202011202110 2       392 
96-72-67-952601-001-01 1 72       12003    01212021 72021 8 2       2813
96-72-67-952601-001-01 1 74       22019    0121202011202110 2       252 
96-72-67-952601-001-01 4 72       31998    01212021 82021 9 2       3616
96-72-67-952601-001-01 4 73       21998    01212020122021 1 2      13015
52-12-15-012601-001-03 1 71      202016    01112021 72021 9 1 2  125602 
52-12-15-012601-001-03 1 73       12000    02 2                         
31-62-76-732601-001-04 2 71       82015    0121202011202110 1 2     262 
41-43-64-192603-001-01 1 73       52014    02 12020112021 1 1       4515
41-43-64-192603-001-01 3 71      202019    0121202011202110 1      2402 
41-43-64-192603-001-01 3 72       11900    01212021 62021 7 1       602 
41-43-64-192603-001-01 3852       12012    0122                         
10-26-89-172603-001-02 1 71       52020    5122                         
47-38-94-742616-001-01 1 71      102011   10122                         
47-38-94-742616-001-01 1 72       12007    01212020 92020 9 1        32 
47-47-77-472618-001-01 2 72      102020   102 2                         
47-47-77-472618-001-01 2 73       21900    02 12020 32020 4 1       602 
47-47-77-472618-001-01 2852       52020    52 2                         
86-05-32-232620-001-01 1 71      371900    22 12020 1202012 1 2     702 
86-05-32-232620-001-01 1 72       21900    02 2                         
33-87-64-652621-001-01 1 71     1002016    01212020 1202012 1 2   15002 
33-87-64-652621-001-01 1 72       62020    5122                         
33-87-64-652621-001-01 1204       12019    0122                         
33-68-64-862622-001-01 1 71     1001999    51212020 6202012 2      12516
33-68-64-862622-001-01 1 72       12009    0122                         
61-66-70-262634-001-01 3 71      202019    01212020 1202012 1      1952 
61-66-70-262634-001-01 3 72       22017    0122                         
61-66-70-262634-001-01 3 73       12014    0122                         
61-66-70-262634-001-01 3203       12018    0122                         
51-21-65-292635-001-01 1 71     1002012    02 12020 1202012 1      7502 
51-21-65-292635-001-01 1 72       22011    02 12020 32020 6 1      1002 
51-21-65-292635-001-01 1 80       22017    02 12020 22020 4 1       602 
51-21-65-292635-001-01 1852       12018    02 2                         
51-21-65-292635-001-01 2 71      502013    02 12020 1202012 1      3752 
50-61-33-622636-001-01 1 71      202019   20121202012202012 1 2     232 
50-61-33-622636-001-01 1 73       32015    0122                         
50-61-33-622636-001-01 2 71       32020    31212021 12021 1 1 2     232 
50-61-33-622636-001-01 2 73       11900    01212020 22020 2 1 2     502 
50-61-33-622636-001-01 3 71      102020   10122                         
87-28-67-892637-001-01 1 71      671900   201212020 8202012 1      1602 
33-23-50-352638-001-01 1 71      701973    02 12020 8202010 1     10002 
33-23-50-352638-001-01 2 71       32019    02 2                         
65-03-17-072639-001-01 1 71      192011    51212020 1202012 1 2    5702 
65-03-17-072639-001-01 1 81       12000    32 12020 32020 3 1       202 
65-03-17-072639-001-01 2 71       82012    01212020 1202012 1 2    1522 
01-89-35-762640-001-01 1 71      151995    82 12020 1202012 1 2    5252 
01-89-35-762640-001-01 1 73       11995    02 2                         
01-89-35-762640-001-01 1 76       42019    32 2                         
01-89-35-762640-001-01 2 80       22018    02 12020 1202012 1 2     202 
01-89-35-762640-001-01 2200       11995    02 2                         
57-20-33-402641-001-01 1 71      531967    02 12020 1202012 1 2     602 
57-20-33-402641-001-01 1 72       32020    32 2                         
84-99-75-072659-001-01 1 69       11900    02 2                         
84-99-75-072659-001-01 1 71     1251900   102 1202012202111 1 2    3502 
84-99-75-072659-001-01 1 72      101900    02 12021 9202110 1 2    1102 
84-99-75-072659-001-01 1852       11900    02 12021 82021 8 1 2     1215
47-19-86-882672-001-02 1 71     2001975   102 12020 22020 6 2      30011
47-19-86-882672-001-02 2 71     1001980    02 12020 32020 6 2      30011
50-32-82-322673-001-01 1 70       22020    02 12020 82021 1 1       402 
50-32-82-322673-001-01 1 71    10001998    02 12020 22021 1 1     18002 
50-32-82-322673-001-01 1 72       42012    02 12020 5202010 1      1802 
50-32-82-322673-001-01 1 73       11997    02 12020 32020 5 1       502 
50-32-82-322673-001-01 1204       22015    02 1202010202012 1       602 
13-28-91-732674-001-01 1 71      401962    01212020 12020 1 1      6002 
13-28-91-732674-001-01 1 72       22010    01212020 62020 6 1       702 
20-33-96-802675-001-01 1 71     1501900    02 12020 22021 1 1 2    7502 
20-33-96-802675-001-01 1 72      201900    02 12020 5202010 1 2    2002 
20-33-96-802675-001-01 1852       11900    02 12020 22020 4 1 2     152 
20-33-96-802675-001-01 2 72      101900    02 2                         
84-24-88-242676-001-01 1 71      502001   101212020 1202012 1 2    1502 
84-24-88-242676-001-01 1 72       82001    01212020 1202012 1 2    1002 
84-24-88-242676-001-01 1 80       12018    01212020 62020 6 2       102 
08-23-56-622677-001-01 1 71     5002001    01212020 12021 1 1  15054002 
08-23-56-622677-001-01 1 72       32004    01212020 62020 8 1    506252 
08-23-56-622677-001-01 1 80       12001    0122                         
08-23-56-622677-001-01 1204       12018    0122                         
16-50-27-262678-001-01 1 71      501989    02 12020 22021 1 1      6002 
16-50-27-262678-001-01 1 72       12000    02 12020 22021 1 1       402 
07-37-34-262679-001-01 1 71     2002021   501212020112021 2 4       502 
07-37-34-262679-001-01 1 72       22003    0122                         
07-37-34-262679-001-01 1 81       11900    0121202012202012 4        52 
35-57-95-512691-001-02 1 70       12019    0122                         
35-57-95-512691-001-02 1 71       12020    1122                         
35-57-95-512691-001-02 1 73       11985    02 12021 12021 2 6    3010011
35-57-95-512691-001-02 1 80       11986    02 2                         
35-57-95-512691-001-02 1852       11995    02 12020 22021 1 6        62 
47-00-46-322692-001-01 1 71       12020    1122                         
47-00-46-322692-001-01 1 72       12000    01212020 22020 4 1 2     502 
47-00-46-322692-001-01 1 73       21995    01212020 22020 4 1 2    1002 
47-00-46-322692-001-01 1 74       32019    11212020 22021 1 1 2     502 
47-00-46-322692-001-01 1 76       12019    02 2                         
39-54-66-842693-001-01 1 73       12012    02 2                         
91-80-39-562694-001-01 1 73       61900    02 2                         
91-80-39-562694-001-01 1203       21900    02 12020122021 1 1       502 
86-49-59-312695-001-01 1 70       22019    02 12020 12021 1 1 2     502 
86-49-59-312695-001-01 1 71      202005    72 12020 12021 1 1 2    3002 
86-49-59-312695-001-01 1 72       32016    02 12020 42020 6 1 2    1502 
86-49-59-312695-001-01 1 73       32003    02 2                         
86-49-59-312695-001-01 1 80       22003    02 12020 12021 1 2       502 
50-01-22-992696-001-01 1 69       22005    0122                         
50-01-22-992696-001-01 1 71      402017    81212020 22021 1 1      1522 
50-01-22-992696-001-01 1 72       42010    01212020 22020 4 1       402 
50-01-22-992696-001-01 1 73       72008    01212020 12020 3 1       702 
50-01-22-992696-001-01 1 74       32020    3121202012202012 1       202 
50-01-22-992696-001-01 1 80       22017    0122                         
50-01-22-992696-001-01 1852      102017    7121202012202012 1        52 
61-87-14-182697-001-01 1 70       32020    22 2                         
61-87-14-182697-001-01 1 71      112017    02 12020 72020 9 1       302 
61-87-14-182697-001-01 1 74       62017    02 12020122021 2 1       122 
33-55-50-672714-001-04 1 73       21999    22 1202011202012 1 2 12650113
84-67-51-772715-001-01 1 69       42007    02 12020 1202012 1 2    1002 
84-67-51-772715-001-01 1 71      102019    02 12020 1202012 1 2    2002 
84-67-51-772715-001-01 1 73       72009    02 12019122020 2 1 2    3002 
57-47-30-232716-001-01 2 73      161970    02 12020 7202011 2      9002 
98-76-92-342717-001-01 1 71       82016    02 12020 1202012 1 2     302 
98-76-92-342717-001-01 1 73       31973    02 12019122020 1 1 2    15015
98-76-92-342717-001-01 3 71       42020    12 2                         
98-76-92-342717-001-01 3 76       42019    02 2                         
99-22-06-742748-001-01 1 71      152017    52 12020 12021 1 1       702 
56-82-25-562750-001-02 4 71      192019    02 12020 8202011 7       482 
43-96-69-252750-001-03 1 71      682016    02 12020 8202012 1      1442 
43-96-69-252750-001-03 2 71      652017    02 12020 32020 9 1      1922 
27-89-89-482751-001-02 2 71      802008    02 12020 12021 1 1 2    3602 
27-89-89-482751-001-02 3 71      182016    02 12020 1202112 1      1082 
27-89-89-482751-001-02 3 73       32003    02 12020112021 1 1 2    5602 
27-89-89-482751-001-02 3 80       22014    02 1202010202012 1 2     502 
31-08-62-952751-001-03 1 71      302018   102 12020 12021 1 1 2    1202 
66-44-70-132754-001-02 1 71     1002020   202 12020 1202012 2      24015
08-43-88-382754-001-03 1 71      702019    02 12020 6202012 1      1802 
19-29-52-872755-001-01 2 71      472007    02 12020 32021 1 1 4    1562 
19-29-52-872755-001-01 2 75      702020   702 2                         
88-70-16-472767-001-01 1 71     1702020   702 12020 1202011 1      13015
88-70-16-472767-001-01 1851       62017    12 2                         
16-56-36-972769-001-01 1 72       12018    02 2                         
16-56-36-972769-001-01 1 80       32017    02 1202010202010 1 2     502 
16-56-36-972769-001-01 1 98       22017    02 12020112021 1 1 2     802 
16-56-36-972769-001-01 1851       12017    02 12020122021 1 1 2     752 
88-64-17-462786-001-01 1 71      502020    52 12020 1202012 2      12015
88-64-17-462786-001-01 2 71      402019    31212020 22021 1 1 2     7215
88-64-17-462786-001-01 2 73       22021    2122                         
37-86-68-692788-001-01 1 71      702014    02 12020 22021 1 1 2    3602 
67-86-73-422789-001-01 1 71      152019    02 12020122021 1 1       362 
54-74-73-732790-001-01 1 71      602020   402 12020112021 1 1      1002 
54-74-73-732790-001-01 2 71      602018   302 12020 12021 1 1      20015
80-39-16-432790-001-04 1 71      402020   302 12020102021 2 1      10015
85-92-14-252791-001-01 3 71      302020   302 12020 32020 9 1      1202 
90-59-38-222792-001-01 1 71      502019   122 12020 32021 1 1      1502 
90-59-38-222792-001-01 2 71     1002019    02 12020 42021 1 1     13502 
90-59-38-222792-001-01 2 73       12005    02 1202010202012 1      1502 
90-59-38-222792-001-01 2 76       12015    02 2                         
44-64-21-262793-001-01 2 71      602009    32 12020 12021 1 1 2    42016
37-60-26-942805-001-01 2 71     1502016  1502 12019 92020 3 1      10015
37-60-26-942805-001-01 2 76      302012   152 12020 9202012 1       2515
34-43-26-392806-001-01 2 71      602019    02 12020 32021 2 1      3002 
95-20-72-752807-001-01 1 71     3002008   302 12020 12021 2 1      30015
57-77-58-512808-001-01 1 71      802005    02 12020 32021 2 1 2    4802 
57-77-58-512808-001-01 4 71      502006    02 12020 42021 2 1 2    2402 
77-46-65-692808-001-04 1 71      502018    02 12020 42021 2 1      1802 
37-58-50-612810-001-01 1 71    13002017    02 12020 12021 1 1     600015
37-58-50-612810-001-01 2 71     1002017    02 12020 3202012 1     10682 
42-67-05-592811-001-01 3 71      302017   301212019 92020 4 1       9015
59-21-01-602811-001-03 1 71      802020   151212020 22021 3 1     144015
59-21-01-602811-001-03 1205       32018    02 2                         
59-21-01-602811-001-03 2 71     1002020   202 12020 22021 2 1     144015
59-21-01-602811-001-03 3 71     1002020   152 12020 22021 2 1     144015
57-13-03-722829-001-01 1 71      802015   202 12020 1202012 1      1802 
54-69-14-262834-001-01 2 71      402000    02 12020 1202012 1      3002 
75-91-49-952843-001-01 2 71      302018    51212021 3202110 2      1652 
75-91-49-952843-001-01 2 73       12003    0122                         
45-58-23-032848-001-01 3 73       52006    02 1202011202012 1      3502 
28-25-83-472850-001-01 1 73       52003    0121202011202012 1 2    10015
28-25-83-472850-001-01 1851       12008    01212020 42020 5 1 2     702 
48-32-03-052866-001-02 1 71      152020   152 12020 6202111 1       602 
48-32-03-052866-001-02 1 72       22019    02 2                         
49-04-68-352867-001-01 1 73       51900    02 12020102021 1 1 2    20013
75-66-24-492882-001-01 1 71       72004    0122                         
32-58-54-822885-001-01 1 74       12020    11212020122021 1 1        52 
22-11-88-242886-001-01 1 74       22019    01212020 82020 9 1 2  262202 
22-11-88-242886-001-01 1 76      102019    0122                         
22-11-88-242886-001-01 1200      102019    0122                         
22-11-88-242886-001-01 2 71      502019    01212020 12020 8 1 2 31680015
22-11-88-242886-001-01 2 73       82015    01212020 9202012 1 2  7240015
22-11-88-242886-001-01 2 74       32019    01212020 72020 8 1 2   524412
22-11-88-242886-001-01 2 76       82019    0122                         
22-11-88-242886-001-01 2 80       42018    0122                         
22-11-88-242886-001-01 2200       62020    62 2                         
97-82-85-812888-001-02 1 74       22016    0122                         
05-21-43-642892-001-01 3 73       31900    02 1202010202012 1      78015
30-79-15-052892-001-03 1 69       32020    3122                         
30-79-15-052892-001-03 1 70       12020    1122                         
30-79-15-052892-001-03 1 71       32020    31212020 92020 9 1 2      42 
30-79-15-052892-001-03 1 73       51991    0121202010202011 1 2    1732 
30-79-15-052892-001-03 1 75       32020    32 12020 92020 9 1 2      12 
30-79-15-052892-001-03 1 76       31991    01212020 42020 6 1 2     122 
30-79-15-052892-001-03 1 80       11991    02 12020 12020 2 1 2      42 
30-79-15-052892-001-03 1200       31991    01212020 12020 2 1 2     282 
26-02-57-302900-001-01 1 73       12015    02 2                         
11-84-43-782901-001-01 1 71       12018    0121202110202110 1 2      32 
84-67-69-892902-001-01 2 73       12019    0122                         
84-67-69-892902-001-01 2200       12018    0122                         
84-67-69-892902-001-01 3 73       11900    02 2                         
17-19-40-212907-001-01 1 71      102019    02 12021 32021 4 1       352 
17-19-40-212907-001-01 1 73       31985    02 1202011202012 1 2    30013
17-19-40-212907-001-01 1 76       11986    02 2                         
42-59-87-532919-001-01 1 73       42014    02 2                         
42-59-87-532919-001-01 4 69       12021    0122                         
42-59-87-532919-001-01 4 71       62019    01212021 72021 7 1        62 
42-59-87-532919-001-01 4 73       52015    0122                         
42-59-87-532919-001-01 4 75       92017    0121202012202012 1       102 
42-59-87-532919-001-01 4 76       52016    1122                         
42-59-87-532919-001-01 4851       12018    0122                         
51-20-76-342920-001-01 1 73       62010    02 12020122021 1 1 2     702 
51-20-76-342920-001-01 1 76       12014    02 2                         
51-20-76-342920-001-01 1200       42016    02 12021 52021 7 1 2     402 
51-20-76-342920-001-01 1852       12016    02 12021 62021 7 1 2     202 
51-20-76-342920-001-01 3 71      402013    02 12021 32021 9 1 2    1002 
51-20-76-342920-001-01 3 73       12013    02 12020112021 1 1 2     302 
82-14-02-372921-001-01 1 71      852019    61212021 22021 913       852 
82-14-02-372921-001-01 1 73       71997    81212020102021 1 113    22012
82-14-02-372921-001-01 1200       42013    01212021 32021 5 1       452 
82-14-02-372921-001-01 2 73       41999    01212020112021 1 112     652 
03-83-60-832921-001-02 1 69       12016    02 2                         
03-83-60-832921-001-02 1 71      182020   121212021 62021 9 1       752 
03-83-60-832921-001-02 1 73       32021    3122                         
03-83-60-832921-001-02 1 74       22021    2122                         
03-83-60-832921-001-02 1 76       82019    02 2                         
03-83-60-832921-001-02 1200       62017    02 2                         
03-83-60-832921-001-02 3 71     1402000    02 12020112021 8 1      1502 
03-83-60-832921-001-02 3 73       32010    02 12020112021 1 1      3502 
35-45-76-622922-001-01 2 73       72016    0122                         
35-45-76-622922-001-01 3 73       12001    02 1202012202012 4 5     4013
39-25-98-642923-001-01 2 73       32007    02 12020122021 1 1      10015
39-25-98-642923-001-01 2 74       12018    02 12021 72021 8 1       402 
39-25-98-642923-001-01 2 76       12017    02 2                         
03-82-32-102925-001-02 1 71      202020    32 12021 72021 9 2 3     132 
03-82-32-102925-001-02 1 74       12019    02 12020102021 6 2 3     122 
03-82-32-102925-001-02 1 76       22020    02 2                         
03-82-32-102925-001-02 3 73       12021    02 2                         
47-73-88-652926-001-01 4 73       32006    02 12020122021 1 1      8002 
97-14-97-262940-001-01 1 71       22020    22 2                         
13-60-86-392943-001-03 1 71     1002013   101212020 1202011 1      6002 
13-60-86-392943-001-03 1 74       92013    21212020 6202011 1 2    5002 
35-91-66-392943-001-04 1 71       92017    12 1201912202011 1 2     752 
35-91-66-392943-001-04 1 72       32016    02 2                         
35-91-66-392943-001-04 1 73       32019    02 2                         
52-53-44-122944-001-01 4 71      302018   102 2                         
64-72-48-232945-001-01 1 71      412019   271212020 9202011 1      1202 
64-72-48-232945-001-01 1 73      102019    0122                         
91-79-41-802957-001-01 1 71      202014    01212020 9202110 1 2    3002 
91-79-41-802957-001-01 1 72       32021    32 2                         
91-79-41-802957-001-01 1 80       11900    02 12020 9202110 1 2    1002 
91-79-41-802957-001-01 1 81       22005    02 12020 9202110 1 2     302 
91-79-41-802957-001-01 1 83      102010    02 12020 9202110 1 2    2102 
50-10-51-602958-001-01 1 70       32018    02 12020122021 1 1 2     502 
50-10-51-602958-001-01 1 71     1002010    02 1202011202110 1 2    2552 
50-10-51-602958-001-01 1 72       32010    02 2                         
50-10-51-602958-001-01 1 73       32015    02 2                         
50-10-51-602958-001-01 1 76       32015    02 2                         
50-10-51-602958-001-01 1 80       32015    02 12021 62021 8 1 2     502 
50-10-51-602958-001-01 1 81       12016    02 2                         
50-10-51-602958-001-01 1 84       22010    02 12021 12021 3 1 2    1202 
50-10-51-602958-001-01 1200       12015    02 2                         
50-10-51-602958-001-01 3 71       32010    02 1202011202110 1 2     302 
90-65-51-492959-001-01 1 71      502016    52 12020102021 3 1 2     902 
90-65-51-492959-001-01 1 72       22018    02 12020112021 1 1 2    1202 
90-65-51-492959-001-01 1200       52020    52 2                         
34-70-67-062960-001-01 1 71      402001    02 1202011202110 1 2    2402 
34-70-67-062960-001-01 1 72       32019    02 2                         
34-70-67-062960-001-01 1852       12014    02 12021 62021 9 1 2     102 
67-75-87-742962-001-01 3 71      202017    02 12021 52021 8 1       502 
08-98-55-432963-001-01 1 72       11900    02 12020122021 5 1 2    1002 
08-98-55-432963-001-01 1 76       11900    02 12021 52021 7 1 2     252 
89-30-02-672964-001-01 1 71      102012    6121202011202110 1 2    1202 
15-25-36-672983-001-01 1 71      302015    0121202011202110 1 2    2102 
15-25-36-672983-001-01 1 72       12018    0122                         
15-25-36-672983-001-01 1 73       12018    0122                         
15-25-36-672983-001-01 1 80       12015    01212021 52021 7 1 2     402 
15-25-36-672983-001-01 1852       22017    0122                         
35-05-63-483037-001-01 1 73       21900    0121202011202012 1      10015
35-05-63-483037-001-01 1 76       11900    01212020 42020 5 1       6015
39-50-51-323038-001-01 1 71     1002019    01212020 1202012 1      3002 
39-50-51-323038-001-01 1 72     1502015   50122                         
39-50-51-323038-001-01 1 73      102000    0121202010202012 1      60012
39-50-51-323038-001-01 1 74      202018    51212020 1202012 1      12011
39-50-51-323038-001-01 1 76     3002014    01212020 22020 6 1    110002 
39-50-51-323038-001-01 1 80      312014   101212020 9202012 1      18011
39-50-51-323038-001-01 1852      182014    01212020 22020 6 1      2002 
39-36-43-123040-001-01 1 76      102007    02 12020 1202012 1 2   11702 
39-36-43-123040-001-01 2 73       42012    01112020102021 1 2 3   32002 
39-36-43-123040-001-01 2 76       32019    1122                         
68-23-21-383056-001-04 1 74      902021   90122                         
68-23-21-383056-001-04 1 76       52021    5122                         
78-10-18-943056-001-05 1 73       21900    02 2                         
89-42-62-023075-001-02 1 73       42008    01112020 22021 1 1 2   312111
18-27-56-503076-001-01 2 73       11900    02 1202011202012 1 2     6015
12-15-07-663091-001-01 1 71      152015    02 1202011202110 1      1502 
81-32-17-943092-001-01 1 71       62019    02 1202011202110 1       302 
01-31-69-053093-001-01 1 72       12018    0122                         
01-31-69-053093-001-01 1 73       12018    0122                         
01-31-69-053093-001-01 1 74       12020    0122                         
66-31-98-443095-001-01 1 71      802018    01212020 8202010 1      3602 
66-31-98-443095-001-01 1 72      352005    01212020 92021 2 1      1202 
93-36-30-053109-001-01 1 73       11900    0121202011202012 1       6015
93-36-30-053109-001-01 1 76       11900    01212020 32020 3 1       3015
93-36-30-053109-001-01 1852       11900    01212020 32020 3 1       102 
65-60-93-933114-001-01 1 73      101992    02 2                         
65-60-93-933114-001-01 1 76       11970    02 12020 62020 8 2        52 
65-60-93-933114-001-01 1 80       22015    02 2                         
65-60-93-933114-001-01 1852       12010    02 2                         
18-57-18-843115-001-01 1 71       42020    4122                         
18-57-18-843115-001-01 1 73       42020    4122                         
18-57-18-843115-001-01 1 74       42016    21212020 7202010 1       502 
18-57-18-843115-001-01 1 76       31991    0122                         
18-57-18-843115-001-01 1852       12005    01212020 32020 6 1       302 
69-54-28-673117-001-01 1 76       11988    02 12020 42020 5 1       6015
69-54-28-673117-001-01 4 73       11900    02 2                         
69-54-28-673117-001-01 4852       21900    02 12020 12020 3 1       2015
06-70-18-543128-001-01 2 71      102018    01212020 8202010 1       232 
90-08-06-643129-001-01 1 71       32017    0121201912202011 1 2     602 
90-08-06-643129-001-01 1 73       12000    01212019112020 1 1 2    2002 
90-08-06-643129-001-01 1852       22006    01212020 72020 9 1 2     202 
45-58-24-423131-001-01 1 73       32000    02 2                         
45-58-24-423131-001-01 2 73      102005    02 2                         
00-83-50-403133-001-01 1 81       12010    0122                         
39-92-70-013134-001-01 3 73       29999    02 12019122020 1 1 2     852 
96-64-64-183147-001-01 1 71      112021    3121202011202011 1 2      72 
96-64-64-183147-001-01 1 72       62015    01212021 42021 6 1 2     302 
96-64-64-183147-001-01 1 74       52017    41212021 62021 8 1 2     502 
96-64-64-183147-001-01 1 76       22007    01212020 8202011 1 2    2002 
96-64-64-183147-001-01 1 80       22011    01212020 52020 9 1 2    1802 
96-64-64-183147-001-01 1852       12011    01212020 52020 7 1 2     502 
17-86-57-813148-001-01 1851       21986    01212020 52020 5 1      75315
62-65-17-393150-001-01 1 72       12007    02 12020 9202011 2 5    8002 
62-65-17-393150-001-01 1 76       12013    02 12021 52021 7 5 6     3015
26-43-46-663154-001-01 1 72       11998    02 12021 42021 6 1       6015
81-00-58-343166-001-01 1 71     1202017    0131201912202011 1 2    4802 
81-00-58-343166-001-01 1 76       12017    11212020 72020 9 1       202 
81-00-58-343166-001-01 1 79       12017    01212020 72020 9 1       152 
29-45-42-373167-001-01 1 71     2001990    01212020 52020 6 1      3002 
42-00-78-103168-001-01 1 71      422008    02 1201912202011 1      3602 
42-00-78-103168-001-01 1 72       22010    02 2                         
42-00-78-103168-001-01 1 73       42010    02 1201911202011 1      18015
42-00-78-103168-001-01 1 76       12010    02 2                         
42-00-78-103168-001-01 3 71      891996    02 1201910202011 1      33015
44-11-82-583168-001-03 1 71      102015    01212020 62020 8 1 2     602 
60-37-36-573171-001-01 1 71      972009    01212020 1202011 1      3152 
60-37-36-573171-001-01 1852       22016    02 2                         
84-02-93-513172-001-01 1 71      201994   15121202011202011 1       3016
84-02-93-513172-001-01 1 72       11994    0122                         
84-02-93-513172-001-01 1 73       21994    0122                         
23-81-85-473173-001-01 1 71      252018    52 12020 82020 9 1      4002 
02-50-88-113185-001-01 1 71     1802019   501212020 1202012 1 2   270016
02-50-88-113185-001-01 1 72       22010    01212020102021 1 1 2    50013
02-50-88-113185-001-01 1 73       32012    01212020112021 1 1 2    20016
02-50-88-113185-001-01 1 74       12020    1122                         
02-50-88-113185-001-01 2 71      502019   151212020 1202112 1 2    75013
02-50-88-113185-001-01 2 72       22019    0122                         
02-50-88-113185-001-01 2 75    20002019  4501212020 62021 1 1 2   200014
02-50-88-113185-001-01 3 75    40002019 15002 12020112021 1 1 2   380014
76-50-08-943186-001-01 1 71      502006   101212020 1202012 1 2    3752 
76-50-08-943186-001-01 1 72       32005    01212020 22020 3 1 2    36015
76-50-08-943186-001-01 1 74       12019    01212020112021 1 1 2     302 
76-50-08-943186-001-01 1 79       12010    01212020 42020 4 1 2     1815
78-32-84-413187-001-01 4 71     1002008   261212020 2202012 1 2    1682 
78-32-84-413187-001-01 4 72       72018    0122                         
78-32-84-413187-001-01 4 75     5002018    01212020112021 1 1      1502 
76-44-53-443188-001-01 2 71      702017    02 12020 1202012 1     24002 
51-12-48-043189-001-01 1 71      501989    01212020 1202012 1      4502 
51-12-48-043189-001-01 1 72       51995    01212020 42020 4 1      1402 
51-12-48-043189-001-01 1 73      151992    01212020112021 2 1      1302 
51-12-48-043189-001-01 1 75      502020   50122                         
88-75-03-883189-001-02 1 72      202019   152 2                         
88-75-03-883189-001-02 2 71      152021    02 12020 2202012 1      4802 
51-34-40-933190-001-01 1 71     1502000   101212020 1202012 1 2    6002 
51-34-40-933190-001-01 1 76       72007    01212020 42020 5 1 2    2002 
51-34-40-933190-001-01 1 79       62005    01212020 42020 5 1 2    3002 
51-34-40-933190-001-01 2 71     3002001   501212020 1202012 1 2  150002 
48-43-31-893191-001-01 1 71     2501900   122 12020 92021 1 1 2    6482 
48-43-31-893191-001-01 1 73       11900    02 12021 12021 1 1 2     3515
48-43-31-893191-001-01 1 75      351900    02 12020122021 1 1 2     302 
48-43-31-893191-001-01 2 71      122012    02 2                         
71-65-11-523192-001-01 1 71     6002012    8131201910202012 1 2    2002 
71-65-11-523192-001-01 1 73       12005    01212019112020 2 1 2    2002 
71-65-11-523192-001-01 3 71     9882010   201312019 1202012 1 2    6002 
71-65-11-523192-001-01 3 75    40002020 40002 12019122020 1 1 2   12002 
69-32-86-523204-001-01 1 71      852005    0121202011202110 1 2    3002 
69-32-86-523204-001-01 1 72       42013    0121202011202110 1 2    15015
69-32-86-523204-001-01 1 73       52000    01212020112021 2 1 2    30015
69-32-86-523204-001-01 1852       11999    01212021 62021 8 1 2     5015
96-05-32-133205-001-01 1 73       52007    02 1202011202110 2 3    15011
22-66-04-873205-001-10 1 71      252019    02 2                         
22-66-04-873205-001-10 1 72       11900    02 1202110202111 1 2     182 
22-66-04-873205-001-10 1 73       31900    02 2                         
22-66-04-873205-001-10 2 71     1202020  1202 1202110202110 1 2     302 
22-66-04-873205-001-10 2 72       11900    02 12021 9202110 1 2     252 
22-66-04-873205-001-10 2 73       21900    02 2                         
26-70-89-553207-001-01 1 71     1501900    01212020 9202110 1     140015
26-70-89-553207-001-01 1 72      101900    01212020112021 3 1      30015
26-70-89-553207-001-01 1 73      151900    01212020 12020 4 1      20015
26-70-89-553207-001-01 1 76       31900    01212020 52020 6 1      15015
26-70-89-553207-001-01 1 79       11900    01212020 52020 5 1       8015
26-70-89-553207-001-01 1 80       71900    0121202010202012 1      12015
09-76-80-663208-001-01 4 73       11990    01212020 12020 4 1 2    25011
00-02-43-543211-001-02 1 72       11990    02 12020102021 5 1      1002 
44-17-25-083223-001-01 3 73       31900    0121201912202011 1 2     602 
44-17-25-083223-001-01 3 74       42018    01212020 6202011 1 2     6612
44-17-25-083223-001-01 3852       12006    01212020 9202011 2       3615
13-80-08-373225-001-01 1 71      722016    02 12019102020 9 1      4802 
13-80-08-373225-001-01 1 72       12010    02 2                         
13-80-08-373225-001-01 1 73       12012    02 2                         
13-80-08-373225-001-01 1 74       12019    12 2                         
20-80-75-393227-001-01 2 73       21901 19012 2                         
07-11-53-333229-001-01 1 71      552011    02 1201912202011 1       2415
07-11-53-333229-001-01 3 73       49999    02 2                         
41-59-20-523230-001-01 1 71       81994    02 1201910202011 1       282 
41-59-20-523230-001-01 1 72       11998    02 12019122020 1 1       562 
28-52-66-873242-001-02 1 71      301991    01212021 62021 9 1 2    10013
28-52-66-873242-001-02 1 72       32018    0122                         
28-52-66-873242-001-02 1 73       12001    01212021 12021 2 1 2    20013
05-64-48-413243-001-01 3 71      302019    01212020 2202110 1 2    1002 
05-64-48-413243-001-01 3 72       12021    1122                         
24-27-63-883245-001-01 1 72       21900    02 12020122021 6 1 7    1002 
07-56-54-183262-001-01 2 71       52020    51212021 72021 7 1 2     552 
07-56-54-183262-001-01 2 73       22015    0122                         
07-56-54-183262-001-01 4 71      252020    01212021 52021 5 1 2    1202 
07-56-54-183262-001-01 4 72       12019    0122                         
07-56-54-183262-001-01 6 71       32020    1122                         
07-56-54-183262-001-01 6 72       12019    1122                         
71-53-32-343263-001-01 1 71      402019    02 1202011202110 1       452 
71-53-32-343263-001-01 1 73       12019    02 2                         
71-53-32-343263-001-01 1 74       12020    0121202011202110 2       102 
11-13-37-023265-001-01 1 71     6001977    01212020 62021 9 1 2    60015
11-13-37-023265-001-01 1 72       52019    0122                         
11-13-37-023265-001-01 1 73       61977    0121202012202012 1 2    50015
11-13-37-023265-001-01 3 73      101900    02 1202012202012 1 2    40015
97-89-67-153268-001-01 1 71      152000    0121202011202110 1 2    20015
97-89-67-153268-001-01 1 73       21999    0121202011202012 1 2    30015
60-62-46-173305-001-01 1 71      402006    02 12020 9202110 1 2    1502 
60-62-46-173305-001-01 1 73       21993    02 1202110202111 1 2    1252 
86-36-32-763305-001-04 1 71      202017    02 12021 1202111 2      2402 
90-79-01-953360-001-01 1 71      102018    02 12020 42021 2 1 2     842 
90-79-01-953360-001-01 1851       12016    02 12020 52021 1 1 2      52 
17-79-46-663362-001-01 1 71      302016    52 12020 52021 2 1      1802 
62-47-91-693377-001-03 1 71      122020    52 12020 12020 1 1       182 
93-04-12-363378-001-01 1 39       12000    02 12020 42020 6 1       5013
93-04-12-363378-001-01 1 73       42010    32 12020 9202011 1 2     3013
93-04-12-363378-001-01 1 74       42019    42 2                         
93-04-12-363378-001-01 1205       12016    02 1202010202010 1        52 
93-04-12-363378-001-01 1851       32018    32 2                         
79-29-36-723387-001-01 1 71       72019    01312020 42020 6 1        52 
79-29-36-723387-001-01 1 74       32019    0132                         
79-29-36-723387-001-01 2 71      502015    52 12020 52020 5 1       202 
79-29-36-723387-001-01 2 74       72005    02 12020 62020 7 1        52 
84-92-14-033387-001-03 1 71      252018    62 12020 42020 7 1      1502 
22-32-62-133437-001-01 1 71       82010    02 12020 4202012 1 2     842 
89-97-86-403452-001-01 1 71      112016    22 1202011202110 1 2     802 
66-71-90-733470-001-03 1 71      202020   102 1201910202012 1       1015
97-85-50-183471-001-01 1 71      252019    52 12020 1202011 1 2     6015
04-68-39-663477-001-01 1 73       12014    02 1202010202011 1       502 
25-21-14-193477-001-03 1 70       12016    02 12020 1202012 1 2     252 
25-21-14-193477-001-03 1 71      222016    02 12020 1202012 1 2    1602 
25-21-14-193477-001-03 1 80       12014    02 12020 1202012 1 2     502 
31-48-87-393489-001-03 1 71      452015    02 12020 1202012 1 2    1802 
31-48-87-393489-001-03 1 74       42017    02 12020 1202012 1 2     252 
70-78-01-003490-001-01 1 71      452018    02 1202012202012 1      2002 
70-78-01-003490-001-01 1 72       22020    22 2                         
70-78-01-003490-001-01 1 73       22016    02 2                         
70-78-01-003490-001-01 1 75      252019    02 2                         
70-78-01-003490-001-01 1 76       22020    22 2                         
70-78-01-003490-001-01 1 99       12017    02 2                         
70-78-01-003490-001-01 1205       12017    02 2                         
70-78-01-003490-001-01 1851       12019    02 2                         
97-77-83-363495-001-01 1 71      502019    02 2                         
57-73-74-663496-001-01 1 71      152020   152 1202012202012 1       242 
56-39-47-013511-001-02 1 71      352020    52 12021 62021 6 1        52 
56-39-47-013511-001-02 1 73       32020    32 2                         
56-39-47-013511-001-02 1 74      112021    82 2                         
96-22-91-013546-001-01 1 71      102018    22 12020122021 3 1       802 
19-39-89-593549-001-01 1 71     1002016  1001212020 4202010 1       6015
74-75-91-793553-001-03 1 76       22008    02 12020 9202012 1      3202 
74-75-91-793553-001-03 1851      202015    02 2                         
32-17-78-073586-001-01 1 73       11998    02 12020112021 1 1 2     702 
32-17-78-073586-001-01 1 76       22005    02 2                         
32-17-78-073586-001-01 1200       12010    02 2                         
81-86-14-733603-001-01 1 74       22020    2122                         
81-86-14-733603-001-01 2 71       62008   30122                         
81-86-14-733603-001-01 2 73       82015    41212020122021 1 1 2    30012
81-86-14-733603-001-01 2 74      182019    01212020 4202012 1 2    20012
81-86-14-733603-001-01 2998     1002020  100122                         
09-31-93-253605-001-01 1 74       52018    01212020 6202012 1      15011
11-40-56-853607-001-01 1 71      122017    41212020 22021 1 1 2    5332 
11-40-56-853607-001-01 1 72       12018    0122                         
11-40-56-853607-001-01 1 73       52010    01212020102021 1 1 2     122 
11-40-56-853607-001-01 1 74       62017    12 12020 22021 1 1 2    23511
11-40-56-853607-001-01 1852       12018    01212020 22021 1 1 2      12 
46-48-20-193608-001-01 2 71      202015    02 12020 62021 2 1      20012
46-48-20-193608-001-01 2 73       11996    02 12020112021 2 1      20012
35-55-95-513609-001-02 1 73       59999    01212020122021 2 2 3     2313
65-52-91-163610-001-01 1 70       12020    1122                         
65-52-91-163610-001-01 1 72       32015    0122                         
65-52-91-163610-001-01 1 73       42012    0121202011202012 1 2     2612
65-52-91-163610-001-01 1 74       12020    12 2                         
65-52-91-163610-001-01 1 76       12016    01212020 42020 6 1 2     182 
65-52-91-163610-001-01 1998       12018    0121202010202011 1 2     242 
65-52-91-163610-001-01 3 74       32018    01212020 72020 9 1 2     5212
21-35-87-243627-001-01 3 73       81900    01212020102021 1 1 2   100015
21-35-87-243627-001-01 3 80      101900    01212020112021 1 1 2    12011
88-20-31-173641-001-01 1 71      402005   112 12020 22021 1 1 2    8282 
88-20-31-173641-001-01 2 71      402004    72 12020 22021 1 1 2    5402 
58-58-82-683643-001-01 1 73       22001    02 12020102021 2 1      1002 
58-58-82-683643-001-01 1 74       32019    02 12020 42021 2 1      1002 
08-34-40-963644-001-01 1 69       12018    02 2                         
08-34-40-963644-001-01 1 71     3001900    01212020 22021 1 1 2    6002 
08-34-40-963644-001-01 1 79       12020    1122                         
08-34-40-963644-001-01 1 81       22020    01212020122021 1 1 2     5015
08-34-40-963644-001-01 1200       32018    01212020112021 1 1 2     7011
08-34-40-963644-001-01 1204       22016    01212020112021 1 1 2     6016
08-34-40-963644-001-01 2 71     5001900    01212020 22021 1 1 2    36012
08-34-40-963644-001-01 3 71     1001900    01212020 22021 1 1 2    36012
08-34-40-963644-001-01 4212      102020   10122                         
08-34-40-963644-001-01 5 71     1001900    01212020 22021 1 1 2    15012
08-34-40-963644-001-01 6 71      701900    01212020 22021 1 1 2    12812
08-34-40-963644-001-01 7 71     1001900    01212020 22021 1 1 2    30012
08-34-40-963644-001-01 8 71     1201900    01212020 22021 1 1 2    20012
48-70-78-563645-001-01 3 69       11998    01212020 12020 2 1 4     602 
48-70-78-563645-001-01 3 71      602007    01212020 1202012 1 4   15332 
48-70-78-563645-001-01 3 72       52007    01212020 42020 6 1 4     152 
48-70-78-563645-001-01 3212       52020    5122                         
48-70-78-563645-001-01 4 67       21998    01212020 12020 6 1 4    1502 
69-15-49-573646-001-01 1 71     1352015    02 12020112021 1 1      36016
28-62-38-353647-001-01 1 71     1509999    02 12019122020 3 1     15002 
34-78-01-693648-001-01 1 71      651900   152 12020 22021 1 1     11702 
37-00-59-023662-001-01 2 73       51900    02 12020122021 2 1 2    10012
37-00-59-023662-001-01 3 71      202010    02 12021 62021 9 1 2     322 
37-00-59-023662-001-01 3 72       12021    12 2                         
37-00-59-023662-001-01 3 73       42006    02 12020122021 2 1 2    20011
57-29-56-033663-001-01 4 73       12018    02 12021 4202110 2       1815
73-54-93-253666-001-01 1 73      152015    51212020112021 1 1      1202 
73-54-93-253666-001-01 1 74       22021    22 2                         
73-54-93-253666-001-01 1 76       22014    0122                         
73-54-93-253666-001-01 1 80       32015    01212021 32021 5 1       502 
73-54-93-253666-001-01 1852       22015    01212021 42021 6 1       252 
73-54-93-253666-001-01 3 73       52020    0122                         
33-22-49-703667-001-01 1 71       62019    11212021 92021 9 1       152 
33-22-49-703667-001-01 1 73       52018    02 12021 9202111 1        12 
97-63-96-063667-001-03 1 70       42020    01212021 42021 4 1 2      22 
97-63-96-063667-001-03 1 71       52020    01212021 82021 8 1 2     102 
97-63-96-063667-001-03 1 73       62017    2122                         
97-63-96-063667-001-03 1852       22017    0122                         
11-43-16-033682-001-02 2 71      102020   10122                         
11-43-16-033682-001-02 2 72      102020   10122                         
11-43-16-033682-001-02 2 73       62020    6122                         
11-43-16-033682-001-02 2 76       62020    6122                         
34-30-09-003686-001-02 1 71      172021    6121202011202012 2       452 
34-30-09-003686-001-02 1 73       22015    0121202010202012 2       452 
97-67-30-883687-001-01 1 71      501900    31212020 1202012 1 2     9015
97-67-30-883687-001-01 1 73       32020    2121202012202012 1 2     1515
97-67-30-883687-001-01 1 74       32020    3122                         
97-67-30-883687-001-01 1851       12018    0122                         
98-73-63-703700-001-04 1852       12017    02 12020112021 2 1 2     202 
99-07-17-063702-001-01 2 71       52020    02 1202012202111 1       452 
06-37-92-793717-001-01 1 71      251999    01212020 82020 8 1      3502 
06-37-92-793717-001-01 1 72       32018    02 1202012202012 1       502 
06-37-92-793717-001-01 1 73       12007    02 2                         
06-37-92-793717-001-01 1 74       22020    21212020 7202012 1       102 
29-48-35-093718-001-01 1 71      262019    02 12020 3202010 1 2    2252 
29-48-35-093718-001-01 1 73       31996    02 12020 1202012 1 2     502 
29-48-35-093718-001-01 1 74       32020    32 2                         
24-81-45-053719-001-01 1 71     1202009    01212020 3202012 1 2    1402 
24-81-45-053719-001-01 1 73       12015    01212020122021 1 1 2     5013
24-81-45-053719-001-01 1 75       52018    0122                         
24-81-45-053719-001-01 2 73       11900    02 2                         
84-70-04-133720-001-01 1 69       31997    01212020 32020 4 1      1502 
84-70-04-133720-001-01 1 71     5001996    01212020 72021 1 1      1502 
84-70-04-133720-001-01 1 73       31998    01212020112021 2 1      3502 
84-70-04-133720-001-01 2 71    10001996    01212020 22021 1 1      50013
84-70-04-133720-001-01 2 73       11997    01212020112021 1 1       8013
84-70-04-133720-001-01 3 71      402011    01212020 62020 8 1       6011
67-16-45-783721-001-01 1 72       42012    22 12020 32020 4 1       2513
67-16-45-783721-001-01 2 72       12014    02 12020 22020 3 1 2     5015
67-16-45-783721-001-01 3 71      301985    02 12020 52020 5 1 2     5015
67-16-45-783721-001-01 3 73       32011    02 2                         
67-16-45-783721-001-01 4 71      102015    02 1202011202011 1 2     302 
46-79-04-893722-001-01 1 71      802007    31212020 6202012 1      1002 
94-01-95-713723-001-01 1 71     3002019   102 12020 1202012 1 2   12002 
94-01-95-713723-001-01 1 73       42016    02 12020 12020 2 1 2    10015
94-01-95-713723-001-01 1 74       42019    22 12020 72020 7 1 2     102 
94-01-95-713723-001-01 1 75      502017   102 12020122021 1 1 2     202 
94-01-95-713723-001-01 1 76       32018    02 2                         
94-01-95-713723-001-01 2 71     5001997    02 12020 1202012 1 2    20015
94-01-95-713723-001-01 2 73       31997    02 12020122021 2 1 2    30013
94-01-95-713723-001-01 2 75     2002015   101212020122021 1 1 2    20015
94-01-95-713723-001-01 3 71     1001998    02 12020 1202012 1 2     2015
94-01-95-713723-001-01 4 71       12013    02 2                         
26-38-86-973723-001-03 1 71      102015    01212020 62020 6 1       102 
44-69-31-703724-001-01 1 71       32005    01212020 92020 9 1 2     202 
44-69-31-703724-001-01 1 72       52016    0122                         
44-69-31-703724-001-01 1 73       51998    01212020122021 1 1 2    2002 
44-69-31-703724-001-01 1998       22009    01212020 22021 5 1 2     602 
44-69-31-703724-001-01 2 71      321996    0121202011202012 1 2     502 
44-69-31-703724-001-01 2 73       41996    01212020122021 2 1 2     702 
44-69-31-703724-001-01 3 73       21992    01212020122021 2 1 2     302 
86-99-26-343737-001-02 1 80       11900    0121202012202012 1        511
55-51-32-873738-001-01 3 73       51900    0121202011202012 3       5016
69-36-36-133739-001-01 4 71       62005    02 1201912202011 1 4    2602 
98-58-55-763740-001-01 1 73       22002    02 1202010202012 1   59130016
98-58-55-763740-001-01 1 76      122002    02 2                         
98-58-55-763740-001-01 2 73       22004    01212020 9202012 1 2 52560016
11-59-39-513741-001-01 2 73       12017    02 2                         
45-98-24-043741-001-04 2 71       82018    02 1201912202011 1 2    13515
19-82-60-373742-001-01 1 71     1002012    01212020 3202011 2 4    1702 
19-82-60-373742-001-01 1 73       31900    01212019122020 1 2      20016
19-82-60-373742-001-01 1 80       22017    01212020 82020 8 2       3011
78-14-25-283743-001-01 1 73       11991    02 12019 92020 1 1      2852 
78-14-25-283743-001-01 1200       12018    0122                         
78-14-25-283743-001-01 1851       11991    02 12020 72020 9 1       1015
17-54-53-533758-001-01 1 73       11900    01212020102021 1 1 2    1002 
17-54-53-533758-001-01 2 73       21900    01212020102021 1 1 2    20015
51-47-84-023759-001-02 2 73      101980    01212020 9202012 2 6    28815
51-47-84-023759-001-02 3 73       21985    01212020 9202012 2 6     8815
51-47-84-023759-001-02 4 73       22000    01212020 9202012 2 6     5215
68-35-57-413776-001-01 1 73       22008    01212019112020 3 1 2    12013
68-35-57-413776-001-01 1 74       12020    1122                         
39-38-87-533777-001-01 1 71       32018    0122                         
39-38-87-533777-001-01 1 73       42018    0122                         
39-38-87-533777-001-01 1 74       22018    01212020 42020 9 2       422 
39-38-87-533777-001-01 1 75       62016    01212020 72020 7 2        12 
39-38-87-533777-001-01 1 76       22018    0122                         
39-38-87-533777-001-01 1851       22018    0122                         
59-87-34-753778-001-02 1 74       22019    0122                         
80-65-61-383780-001-01 1 73       42018    02 12019122020 2 1      40016
80-65-61-383780-001-01 1 76       32017    02 2                         
85-97-80-163781-001-01 1 73       22018    02 2                         
45-90-10-233781-001-02 1 73       41900    01212019112020 3 1      17513
45-90-10-233781-001-02 1 76       12018    02 2                         
85-38-17-703793-001-01 1 73       31900    0121202011202112 1 4     3015
85-38-17-703793-001-01 2 73       22019    0122                         
85-38-17-703793-001-01 2 74       12020    0121202111202111 1 4      52 
85-38-17-703793-001-01 2 76       12019    0122                         
81-77-97-813794-001-01 1 71      122011    02 2                         
81-77-97-813794-001-01 1 73       32005    02 12020122021 1 1 2    13011
81-77-97-813794-001-01 1200       12012    02 12020 52020 6 1 2     302 
33-23-93-773795-001-01 1 73       12001    02 1202011202012 1 2    18015
73-13-17-313796-001-01 2 73       32008    02 1202110202111 1       432 
73-13-17-313796-001-01 2200       22019    0122                         
76-50-20-663797-001-01 1 73       11983    02 1202011202110 1 2    20016
76-50-20-663797-001-01 2 71      102012    02 1202012202110 1 2     602 
76-50-20-663797-001-01 2 73       12009    02 1202011202110 1 2    20016
76-50-20-663797-001-01 4 71       52004    02 2                         
76-50-20-663797-001-01 4 73       12009    02 1202011202110 1 2    10016
56-68-24-883799-001-01 1 71       12018    01212021 52021 5 1        82 
56-68-24-883799-001-01 1 73       12016    0121202012202012 1       202 
56-68-24-883799-001-01 2 73       22015    0121202011202012 1       502 
87-57-04-483812-001-01 5 73       22000    02 1202010202012 1 2     102 
13-50-39-653814-001-01 1 39       12000    01212020 62020 9 1 2     112 
13-50-39-653814-001-01 1 80       12009    01212020 42020 7 1 2      52 
13-50-39-653814-001-01 2 73       12004    02 1202011202012 1 2      62 
68-31-54-093819-001-01 2 71      112017    02 12020 1202012 1      20015
68-31-54-093819-001-01 2 74       32017    01212020 8202012 1      10015
77-32-67-803833-001-01 2 73       21984    02 12020122021 2 1      3002 
15-35-28-353833-001-05 1 73       22011    02 12020112021 1 1       502 
15-35-28-353833-001-05 2 73       11980    02 12020112021 1 1      2002 
37-71-99-363834-001-01 1 71       52015    01212020 32021 2 1       602 
37-71-99-363834-001-01 1 76       51900    01212020 8202012 1      15015
37-71-99-363834-001-01 1 80       12015    01212020 52021 2 1       6015
37-71-99-363834-001-01 1200       21900    01212020 32020 6 1       6015
17-92-85-183836-001-01 1 71       32010    0121202010202010 1 2      52 
17-92-85-183836-001-01 1 76       62001    21212020 62020 7 1 2     6013
09-79-49-523838-001-01 1 73       12011    02 12020102021 1 1 2    15011
09-79-49-523838-001-01 2 73       22012    01212020112021 1 1 2     8015
83-95-24-143852-001-01 1 71      102005    0122                         
83-95-24-143852-001-01 1 74       22018    11212020 72020 8 1 2     262 
83-95-24-143852-001-01 1 76       91988    51212020 72020 8 1 2    1002 
83-95-24-143852-001-01 1 80       12020    12 2                         
22-52-97-753854-001-01 1 73       32017    0121202010202012 1 2    11715
22-52-97-753854-001-01 1 76      201986    01212020 62020 7 1 2     6015
95-93-01-713856-001-01 1 38       12019    0122                         
95-93-01-713856-001-01 1 73       12018    0122                         
77-48-36-643870-001-01 1 73       31900    02 1202010202012 1 2    4002 
77-48-36-643870-001-01 2 73       31995    0121202010202012 1 2    12013
77-48-36-643870-001-01 2 80       12006    01212020 72020 8 1 2     3811
77-48-36-643870-001-01 2200       11999    01212020 72020 8 1 2     7511
88-98-35-963872-001-01 2 73       12016    0122                         
88-98-35-963872-001-01 3 73       32018    02 1202010202011 1 2     6015
04-39-66-833874-001-01 1 73       71973    0121202010202012 1      30015
04-39-66-833874-001-01 1 79       21980    01212020 9202010 1       5015
04-39-66-833874-001-01 1200      101974    01212020 52020 5 1      1002 
01-05-27-433875-001-01 3 73       11993    02 12020102021 1 1      20012
36-72-56-753876-001-02 2 71       12020    4122                         
36-72-56-753876-001-02 4 73       19999    0122                         
95-35-64-973889-001-01 1 71      301991    01212020102021 8 1 2     4815
95-35-64-973889-001-01 1 76       21999    01212021 72021 7 1 2    10415
95-35-64-973889-001-01 1852       11991    01212020102021 6 1 2     122 
18-23-18-313889-001-02 1 69       12018    02 2                         
18-23-18-313889-001-02 1 70       12020    1122                         
18-23-18-313889-001-02 1 71      212004    02 2                         
18-23-18-313889-001-02 1 73       12014    02 1202011202012 2 5    23013
18-23-18-313889-001-02 1 74       12017    02 12021 92021 9 2 5     182 
18-23-18-313889-001-02 1 76       52017    02 12021 72021 8 2 3     232 
66-99-22-633890-001-01 1 69       22001    0122                         
66-99-22-633890-001-01 1 73       72014    01212020112021 1 1      2002 
66-99-22-633890-001-01 1 76       21987    01212021 72021 8 1      5002 
47-80-77-243891-001-01 1 71       72013    02 2                         
47-80-77-243891-001-01 1 76       32013    02 2                         
23-60-48-433892-001-01 1 71      552015    81212020112021 8 1       952 
23-60-48-433892-001-01 1 73       51998    21212020112021 1 1       602 
23-60-48-433892-001-01 1 76       22004    01212020 32021 5 1       362 
69-11-38-353893-001-01 1 73       32000    0121202011202012 1 2    2002 
69-11-38-353893-001-01 1 76       31900    0122                         
69-11-38-353893-001-01 5 80       11996    0122                         
88-69-14-993894-001-01 1 76       32018    02 2                         
88-69-14-993894-001-01 1852       12018    02 2                         
88-69-14-993894-001-01 2 73       11900    02 12020122021 2 1 2    10012
54-17-82-963895-001-01 1 71       82017    02 1202011202012 1 2     202 
54-17-82-963895-001-01 1 73       22016    02 1202011202012 1 2     102 
54-17-82-963895-001-01 1 76       22011    02 12021 72021 8 1 2     362 
77-50-25-333907-001-01 3998       12019    02 2                         
65-31-91-123909-001-01 1 71       52006    01212020 6202010 1 2     912 
65-31-91-123909-001-01 1 76       22003    0121202010202011 1 2     232 
65-31-91-123909-001-01 1200       22020    2122                         
66-41-39-813914-001-01 1 71       52016    01212017 6202012 1      45015
66-41-39-813914-001-01 1 76       32019    0122                         
66-41-39-813914-001-01 1200       72019    02 12020 9202011 1       1615
66-41-39-813914-001-01 1852       12019    0122                         
37-57-85-403926-001-01 1 72      102016    8122                         
37-57-85-403926-001-01 1852       12015    0122                         
25-53-39-243930-001-01 1 71      182020    0122                         
20-41-14-613931-001-01 3 71      402015    41212020102021 9 2      2302 
20-41-14-613931-001-01 3 72       32014    01212021 62021 6 2       802 
69-79-60-613932-001-01 1 73       31984    02 2                         
69-79-60-613932-001-01 3 73       11987    02 2                         
69-79-60-613932-001-01 3 76       51987    02 2                         
72-80-89-543945-001-01 1 73       11900    02 12020122021 1 1       502 
72-80-89-543945-001-01 1 76       61900    01212021 92021 9 1       502 
43-94-10-023946-001-01 1 71      602018    01212020102021 910       752 
43-94-10-023946-001-01 1 73       31900    01212020122021 1 3 4    39015
04-01-34-613948-001-01 1 73       11992    02 12021 62021 8 1      1262 
04-01-34-613948-001-01 1 76       51995    02 12021 62021 8 1      1092 
04-01-34-613948-001-01 1 79       21995    02 12021 62021 8 1       272 
10-36-95-743951-001-01 1 71       82020    81212020 9202012 1       482 
10-36-95-743951-001-01 1 72       32018    01212020 52020 7 1       702 
10-36-95-743951-001-01 1 73       21979    01212020122021 1 1      26016
10-36-95-743951-001-01 1 74       42017    0122                         
10-36-95-743951-001-01 1 76      351977    01212020 42020 7 1     234014
10-36-95-743951-001-01 1 80       11998    01212020 12020 3 1      11011
10-36-95-743951-001-01 1852       22015    01212020 52020 6 1       402 
26-84-75-253951-001-11 1 71      252019    51212020 6202012 1 2     452 
26-84-75-253951-001-11 1 72      102020   10122                         
26-84-75-253951-001-11 1 73      251986   10122                         
26-84-75-253951-001-11 1 76       61987    01212020 42020 7 1 2    2602 
57-63-62-903970-001-02 1 73       21900    02 1202010202012 2       4515
99-03-56-383970-001-03 2 73       21900    02 1202010202012 1      17012
14-51-55-673972-001-01 2 73       12008    01212020112021 1 1 2    60011
62-60-65-503983-001-01 3 73       21900    02 1201912202011 2      3002 
31-70-53-033990-001-01 1 73       12019    1122                         
07-12-29-184002-001-06 1 74       22018    02 12020 62020 8 1       802 
15-44-50-114003-001-01 3 71       12011    1122                         
15-44-50-114003-001-01 3 76       22021    2122                         
15-44-50-114003-001-01 3998       12000    01212020 42020 4 1 2     802 
17-42-17-194023-001-01 1 74       72020    7122                         
40-85-46-994025-001-01 1 73       11980    01212020112021 1 1      1502 
63-66-25-234027-001-01 1 71      162019    02 2                         
91-25-48-934032-001-01 1 71      102019    01212020 92021 8 1       662 
91-25-48-934032-001-01 1 74       22021    2122                         
18-01-59-534032-001-06 1 71       22021    2122                         
18-01-59-534032-001-06 1 73       22021    2122                         
55-39-56-434032-001-07 1 74       31900    01212020102021 5 1 2     202 
29-58-09-234040-001-01 1 71       62016    1122                         
29-58-09-234040-001-01 1 73       11980    01212020112021 1 1       272 
87-00-93-354040-001-06 1 71      102019   10122                         
87-00-93-354040-001-06 1 72       22017    0122                         
87-00-93-354040-001-06 1 73      142018    4121201912202011 1 2    2002 
87-00-93-354040-001-06 1 74       82016    0121201912202011 1       722 
87-00-93-354040-001-06 1 76       92017    0122                         
87-00-93-354040-001-06 1998       42019    4122                         
12-61-17-854041-001-01 1 71       52014    0121201912202011 1 2   35002 
12-61-17-854041-001-01 1 73       22010    02 1201912202011 1 2  120002 
12-61-17-854041-001-01 1852       32013    12 1201912202011 1 2   12502 
84-50-65-924043-001-01 1 71      252019    0121201912202011 2      1652 
84-50-65-924043-001-01 1 72       22019    2122                         
84-50-65-924043-001-01 1 74       22018    0121201912202011 1 2     452 
84-50-65-924043-001-01 1 78       22019    2121201912202011 1 2      52 
84-50-65-924043-001-01 1852       12015    0121201912202011 1 2      62 
84-50-65-924043-001-01 4 71      372019   37122                         
84-50-65-924043-001-01 4 72       72019    7122                         
84-50-65-924043-001-01 4 75     1002019  1002 2                         
84-50-65-924043-001-01 4 79       42013    0121201912202011 1 2      62 
08-74-51-594044-001-01 1 71      602017    1131201912202011 1      1602 
08-74-51-594044-001-01 1 72       12020    1132                         
08-74-51-594044-001-01 1 73       21900    01312020 12020 2 1      15011
08-74-51-594044-001-01 1 76       41900    01312020 62020 7 1       802 
08-74-51-594044-001-01 2 73       21900    02 2                         
42-06-56-074044-001-02 1 69       12015    0132                         
42-06-56-074044-001-02 1 71      302018    2131201912202011 1       602 
42-06-56-074044-001-02 1 72       42018    0132                         
42-06-56-074044-001-02 1 73       22015    0132                         
42-06-56-074044-001-02 1 76       22017    0132                         
42-06-56-074044-001-02 1 79       12017    0132                         
42-06-56-074044-001-02 1203       12015    0132                         
42-06-56-074044-001-02 5 73       11900    02 12020 52020 6 1 2     3015
86-84-40-044045-001-02 1 71       72008    32 12020 72020 7 3       102 
86-84-40-044045-001-02 1 73       22013    02 12020102021 1 3        42 
86-84-40-044045-001-02 1 74       12020    12 2                         
32-39-94-054046-001-01 1 71      302020   30122                         
83-55-87-544047-001-01 1 71     1002015    0121201912202011 1       802 
83-55-87-544047-001-01 1 76       12000    0122                         
93-25-73-374079-001-01 2 73       12000    01212020 32021 2 1       702 
20-21-91-334080-001-01 2 71      462018    51212020 32021 2 1 2    1602 
20-21-91-334080-001-01 2 74       62021    6122                         
96-18-51-614081-001-01 1 74       32011    01212020 32021 2 1      1502 
19-03-44-864085-001-02 3 74       52019    01212020 52021 2 1 2     1811
04-41-69-294097-001-01 1 72       32015    01212021 72021 8 1      1002 
04-41-69-294097-001-01 1 80       12013    01212021 62021 8 1       4015
25-99-47-094100-001-02 3 71      102000    02 12021 52021 8 2       502 
25-99-47-094100-001-02 3 72       72000    02 12021 52021 8 2      6002 
87-79-54-714102-001-01 1 72       32020    3122                         
13-66-77-224104-001-02 1 72       72013    02 12020122021 4 2 3   16002 
11-60-09-724116-001-01 1 71       52019    01212020102021 9 1       602 
11-60-09-724116-001-01 1 72       22000    01212021 12021 3 1      40014
11-60-09-724116-001-01 1852       12015    01212021 32021 5 1      15014
17-66-26-344118-001-01 1 72       52014    02 12020102021 9 1 2     602 
60-41-68-414119-001-03 1 80       42016    0122                         
60-41-68-414119-001-03 1204       12019    0122                         
69-13-58-824120-001-01 1 72       82018    01212021 42021 9 1 2     5013
69-13-58-824120-001-01 1 73       52010    01212020122021 2 1 2    10013
69-13-58-824120-001-01 1 76       22010    02 12021 72021 8 1 2     8013
69-13-58-824120-001-01 1852       22010    01212021 12021 9 1 2     6013
85-78-30-984120-001-03 1 71       42014    31212020102021 9 1       252 
85-78-30-984120-001-03 1 72       52020    4122                         
85-78-30-984120-001-03 1 73       32019    0122                         
85-78-30-984120-001-03 1 74       22019    01212021 9202110 1        32 
85-78-30-984120-001-03 1 80       22019    01212021 32021 7 1       102 
85-78-30-984120-001-03 1852       12019    0122                         
99-38-87-714121-001-02 1 71      161995    02 12020 7202011 2       652 
99-38-87-714121-001-02 1 72       52016    02 12020102021 2 2       702 
99-38-87-714121-001-02 1 73       52018    32 12021 12021 4 2       302 
99-38-87-714121-001-02 1 74       72006    02 12020 7202012 2      2502 
99-38-87-714121-001-02 1 76       11987    02 12020 52020 8 2      1002 
99-38-87-714121-001-02 1 79       22014    02 2                         
99-38-87-714121-001-02 1 80       52013    02 12021 32021 7 2      12013
99-38-87-714121-001-02 1200       31987    02 1202010202012 2      1802 
99-38-87-714121-001-02 1852       31989    02 12021 62021 8 2       802 
99-38-87-714121-001-02 2 72       22019    0122                         
99-38-87-714121-001-02 2 73       41900    0122                         
99-38-87-714121-001-02 2 76       11986    01212021 52021 6 2       182 
99-38-87-714121-001-02 2 80       51900    01212021 52021 7 2      19011
99-38-87-714121-001-02 2200       11987    0122                         
99-38-87-714121-001-02 2852       11900    0121202011202011 2       402 
22-45-82-054122-001-01 1 71      152009    01212020 62020 8 1       802 
22-45-82-054122-001-01 1 72       52020    5122                         
22-45-82-054122-001-01 1852       11981    01212020 42020 7 1       602 
19-64-20-934137-001-01 1 71      152020   15122                         
19-64-20-934137-001-01 1 73       52007    01212019 12020 2 1      1502 
19-64-20-934137-001-01 4 71      762019   362 12020 22020 2 1       702 
53-43-54-844137-001-06 1 73      141900    02 12020122021 1 1 2     602 
53-43-54-844137-001-06 1852       11900    02 2                         
83-49-56-574139-001-01 1 71       82019    01212020 72020 7 1       152 
83-49-56-574139-001-01 1 72       12012    01212020 32020 5 1      2802 
83-49-56-574139-001-01 1 73       62000    01212020112021 1 1      35016
83-49-56-574139-001-01 1 76       12005    01212020 22020 4 1      25013
83-49-56-574139-001-01 1 80       12015    01212020 62020 8 1      10013
83-49-56-574139-001-01 2 71     1502015   101212020 9202012 1     200011
83-49-56-574139-001-01 3 71     1202016   201212020 8202012 1     160011
45-74-24-364141-001-01 1 71      162018    01212019122021 1 1 2     102 
45-74-24-364141-001-01 1 72       12019    0122                         
45-74-24-364141-001-01 1 73       52011    11212020122021 3 1 2   197511
45-74-24-364141-001-01 1 74       12016    02 2                         
45-74-24-364141-001-01 1 76       12012    02 12020 62020 8 1      6732 
45-74-24-364141-001-01 2 73       12019    0122                         
11-85-36-844142-001-01 1 71       32017    1122                         
11-85-36-844142-001-01 1 76       32018    1122                         
11-85-36-844142-001-01 1 80       22020    1122                         
11-85-36-844142-001-01 2 71      502010   101212020 12021 1 1 2    2502 
17-60-45-744154-001-01 1 71     3602020    02 2                         
17-60-45-744154-001-01 1 73       22015    02 2                         
17-60-45-744154-001-01 1 75   140002020    0122                         
17-60-45-744154-001-01 2 69       12005    02 1202010202012 1 2   11202 
17-60-45-744154-001-01 2 75   135002020    02 1202010202012 1 2  145602 
17-60-45-744154-001-01 3 75   130002020    02 1202010202012 1 2  140002 
17-60-45-744154-001-01 4 75   100002020    02 2                         
17-60-45-744154-001-01 4 76       32016    02 12021 62021 6 1 2     672 
17-60-45-744154-001-01 5 71       42020    01212021 62021 6 1 2     662 
17-60-45-744154-001-01 5 73       12019    02 2                         
17-60-45-744154-001-01 5 74       72014    02 12020102021 9 1 2     932 
12-58-34-524154-001-03 1 75    50002019    02 2                         
43-86-88-414155-001-01 1 71      102020   10122                         
43-86-88-414155-001-01 1 73       22016    0122                         
43-86-88-414155-001-01 1 75    20002019    01212020112021 1 1     100015
43-86-88-414155-001-01 3 69       12016    0122                         
43-86-88-414155-001-01 3 73       42016    0122                         
43-86-88-414155-001-01 3 74       22020    01212021 82021 8 1       102 
43-86-88-414155-001-01 3998       22016    0122                         
62-89-78-464158-001-01 1 73      101992   112 12020112021 2 1      2572 
62-89-78-464158-001-01 2 75   150002013  1212 12020102021 2 1      3502 
06-97-45-524159-001-01 2 71     1002015    02 12020112021 9 1 2    7002 
06-97-45-524159-001-01 2 73       32013    02 12020112021 1 1 2    30012
06-97-45-524159-001-01 2 75200000002020 50002 2                         
06-97-45-524159-001-01 2 76       12017    02 2                         
06-97-45-524159-001-01 3 69       12000    02 12021 72021 8 1 2      913
82-98-10-514159-001-06 1 71      302020    0121202110202110 1 2      32 
82-98-10-514159-001-06 1 74       22021    0121202110202110 1 2      12 
82-98-10-514159-001-06 1 75   70000202120000122                         
82-98-10-514159-001-06 2 71       52019    0121202110202110 1 2     1415
82-98-10-514159-001-06 2 73       11900    0121202011202112 1 2     7015
82-98-10-514159-001-06 2 75   170002019    0122                         
42-45-79-764160-001-01 4 75   100002020    02 2                         
75-63-76-424161-001-01 2 69       22019    02 2                         
75-63-76-424161-001-01 2 71      502019    02 1202012202110 7 8    3002 
75-63-76-424161-001-01 2 75     1002019    02 1202011202011 7 8     202 
75-63-76-424161-001-01 2 76       12019    02 2                         
75-63-76-424161-001-01 3 71      102020    02 2                         
75-63-76-424161-001-01 4 71      102018    02 12021 22021 8 7 8     252 
75-63-76-424161-001-01 4 73       12018    02 2                         
75-63-76-424161-001-01 4 75       82020    02 2                         
75-63-76-424161-001-01 4 76       12018    02 12021 62021 8 7 8     202 
17-41-82-374175-001-01 1 71      202021   14121202011202110 1       882 
17-41-82-374175-001-01 1 74       42019    0121202011202110 1       182 
17-41-82-374175-001-01 1 76       41991    01212021 62021 7 1       202 
17-41-82-374175-001-01 1852       11993    0122                         
17-41-82-374175-001-01 1998       22018    0122                         
30-35-93-514192-001-01 0 69       12000    02 12020122021 1 1       8015
30-35-93-514192-001-01 0 71      242013    02 12020 8202011 1       802 
30-35-93-514192-001-01 0 73       12012    02 2                         
30-35-93-514192-001-01 0 74      102020    02 12020 62021 1 1      1002 
30-35-93-514192-001-01 0 75      702020   70122                         
30-35-93-514192-001-01 1 70       92019    02 12020 32020 5 1       202 
30-35-93-514192-001-01 1 74       32020    02 2                         
30-35-93-514192-001-01 3 70       22020    2122                         
30-35-93-514192-001-01 3 73       22019    0122                         
30-35-93-514192-001-01 3 74       12020    1122                         
30-35-93-514192-001-01 3 75       82020    8122                         
98-25-88-294193-001-01 1 69       12012    0122                         
98-25-88-294193-001-01 1 70      102020    01212020102021 2 1      20013
98-25-88-294193-001-01 1 71      402015    01212020 22021 2 1     28002 
98-25-88-294193-001-01 1 73       42019    0122                         
98-25-88-294193-001-01 1 74       62018    01212020 32021 1 1      1502 
98-25-88-294193-001-01 1 75     2002018    0121202012202012 1       852 
98-25-88-294193-001-01 1 76       22012    01212020 52020 7 1      10011
98-25-88-294193-001-01 1 79       12012    01212020 62020 7 1       7514
98-25-88-294193-001-01 1851      202021   20122                         
98-25-88-294193-001-01 1852       22021    2122                         
98-25-88-294193-001-01 2 71      202021   20122                         
98-25-88-294193-001-01 2 73       92017    0122                         
98-25-88-294193-001-01 2 76       22019    0122                         
01-53-37-234195-001-01 0 69       12016    0122                         
01-53-37-234195-001-01 0 71      722016    41212020 5202010 2       622 
01-53-37-234195-001-01 0 73       22015    0122                         
01-53-37-234195-001-01 0 74      132018    01212020 7202011 2       532 
01-53-37-234195-001-01 0 75      342019    01212020122021 1 2       382 
01-53-37-234195-001-01 0 80       22017    01212020 32020 4 2        42 
01-53-37-234195-001-01 0851       22016    0122                         
01-53-37-234195-001-01 0852       12016    1122                         
48-88-88-904196-001-01 0 73       32002    01212020122021 2 1 7    5002 
48-88-88-904196-001-01 0851       22015    01212020 52020 5 1 7     102 
48-88-88-904196-001-01 1 71     1002020  100122                         
48-88-88-904196-001-01 1 74       52020    5122                         
04-91-14-704196-001-02 1 71       52020    02 12020 52020 5 1       152 
04-91-14-704196-001-02 1 73       12020    0122                         
04-91-14-704196-001-02 1 74       52020    0121202010202010 1       122 
04-91-14-704196-001-02 1 80       12018    01212020 82020 9 1        215
25-39-51-764197-001-01 0 71       62020    22 12020 62020 7 2        52 
25-39-51-764197-001-01 0 73       42004    02 1202010202011 2       5013
25-39-51-764197-001-01 0 75       22020    2122                         
25-39-51-764197-001-01 1 71       42018    02 12020 6202012 2       1015
25-39-51-764197-001-01 1 73       52014    02 12020 92021 2 2       2513
25-39-51-764197-001-01 1 75       52020    52 2                         
25-39-51-764197-001-01 1851       32017    02 12020112021 1 2        22 
17-78-73-004198-001-01 0 69       12011    0121202012202012 1       302 
17-78-73-004198-001-01 0 71     1801998    01212020 5202012 1      4802 
17-78-73-004198-001-01 0 73       62011    0122                         
17-78-73-004198-001-01 0 74       32020    21212020 7202012 1      1202 
91-79-97-084199-001-01 0 71     1502019   102 12020 8202012 2      15015
91-79-97-084199-001-01 0 73       52010    42 12020 12020 6 2       5016
91-79-97-084199-001-01 0 76       52010    52 12020 52020 9 2       2012
91-79-97-084199-001-01 1 73       42020    32 2                         
91-79-97-084199-001-01 1 74       82018    02 12021 12021 1 2       8011
87-54-04-174200-001-01 0 71      301990    02 12020 6202012 2       302 
87-54-04-174200-001-01 0 73      121990    02 12020122021 1 2       2013
87-54-04-174200-001-01 0 74      102000    02 12020 32021 1 2       4013
87-54-04-174200-001-01 0851       12019    02 2                         
87-54-04-174200-001-01 0998       12016    02 12020 82021 2 2       1513
62-29-18-134211-001-01 1 69       31988    01212020112021 1 1      3302 
62-29-18-134211-001-01 1 73       51980    01212020112021 1 1      8602 
62-29-18-134211-001-01 1 75     5002020   151212020112021 1 1      7702 
24-61-09-854211-001-02 1 69       21982    0121202010202012 1 3    2502 
24-61-09-854211-001-02 1 71      402020    51212021 4202110 1       6512
24-61-09-854211-001-02 1 73       21980    01212020112021 1 1 3     5512
24-61-09-854211-001-02 1 75      402020    81212020112021 1 1 3     802 
24-61-09-854211-001-02 1 76       91980    01212021 42021 6 1       762 
24-61-09-854211-001-02 2 73       21980    01212020112021 1 1       6012
74-48-80-244211-001-03 1 71       22016    01212021 92021 9 1       202 
74-48-80-244211-001-03 1 73       12017    0122                         
74-48-80-244211-001-03 1 74       22020    0121202112202112 1       102 
74-48-80-244211-001-03 1 75      502020   10121202111202111 1       302 
15-03-38-514213-001-01 1 69       21900    02 12020112021 1 1 2    30013
15-03-38-514213-001-01 1 71      551996    02 12020122021 9 1 2    1602 
15-03-38-514213-001-01 1 73       61900    02 12020112021 1 1 2    30012
15-03-38-514213-001-01 1 74       52010    02 12021 2202110 1 2     5012
15-03-38-514213-001-01 1 75     1002016    02 12020112021 2 1 2    16012
15-03-38-514213-001-01 1 76       52010    02 12021 52021 7 1 2    30013
15-03-38-514213-001-01 1851       31900    02 12021 1202111 1 2    1002 
18-95-24-274214-001-02 1 69       32020    3122                         
18-95-24-274214-001-02 1 71       52017    21212021 72021 7 2        82 
18-95-24-274214-001-02 1 73       42020    3122                         
18-95-24-274214-001-02 1 74       32020    2121202111202112 1 2      32 
18-95-24-274214-001-02 1 75     1002014    0121202010202011 1 2     402 
18-95-24-274214-001-02 1852       12017    01212020 42020 5 1 2      22 
87-15-08-264215-001-01 1 69       22011    0121202010202111 1     20002 
87-15-08-264215-001-01 1 71       42019    01212020112021 9 1       802 
87-15-08-264215-001-01 1 73       12011    0121202011202012 1      1252 
84-29-09-244216-001-01 1 71      262017    02 12021 32021 8 1 2     402 
84-29-09-244216-001-01 1 72       12021    1122                         
84-29-09-244216-001-01 1 74       12018    02 12021 2202111 1 2     3011
84-29-09-244216-001-01 1200       22020    02 2                         
10-54-43-564217-001-01 1 69       22019    02 2                         
10-54-43-564217-001-01 1 70       62019    22 2                         
10-54-43-564217-001-01 1 71       62019    02 12021 6202110 1 2    1762 
10-54-43-564217-001-01 1 73       22019    02 2                         
10-54-43-564217-001-01 1 74       72019    02 1202010202110 1 2    1442 
10-54-43-564217-001-01 1 76       32019    02 12021 62021 8 1       842 
10-54-43-564217-001-01 1 80       12019    02 12021 6202110 1 2     312 
10-54-43-564217-001-01 1 98       12021    12 2                         
10-54-43-564217-001-01 3 73       12018    02 2                         
83-33-51-914232-001-01 1 73       31980    0121202011202011 7 8     9815
40-02-49-454234-001-01 1 71       72012    02 12020 22020 9 1       362 
40-02-49-454234-001-01 1 73       11999    02 2                         
40-02-49-454234-001-01 1 74       32020    32 12020 3202011 2        22 
40-02-49-454234-001-01 1 98       22015    02 12020 1202010 1       302 
15-90-91-834238-001-01 1 71      112017    01212020 32020 7 1       4514
15-90-91-834238-001-01 1 73       32017    0122                         
15-90-91-834238-001-01 1 98       12017    0122                         
15-90-91-834238-001-01 1852       12017    0122                         
37-53-47-864251-001-01 2 71       62018    01212020 52020 7 1 2     4515
57-75-82-484255-001-01 2 73       21900    02 12020122021 1 1      11615
30-61-10-204270-001-01 1 73       21900    02 2                         
43-23-22-294271-001-02 3 73       31993    0121202011202012 2      5002 
67-84-80-744272-001-01 1 71       62019    01212020 82020 8 1 3     402 
67-84-80-744272-001-01 1 73       12006    0121202011202012 1 3     502 
67-84-80-744272-001-01 1 74       22021    2122                         
67-84-80-744272-001-01 1200       32011    01212020 42020 4 1 3     802 
67-84-80-744272-001-01 1201       12011    01112020 82020 8 1 3     202 
10-28-66-794273-001-01 1 71     3002019    02 12020 12021 1 1 2    4502 
10-28-66-794273-001-01 1 73       11900    02 1202011202012 1 2    5502 
10-28-66-794273-001-01 1 74       32018    02 12020 6202010 1 2     752 
31-50-94-424275-001-01 1 71       62020    21212020112021 1 1        82 
31-50-94-424275-001-01 1 73       31989    01212020 22021 1 1      6502 
31-50-94-424275-001-01 1 80       12015    0122                         
58-09-19-584289-001-01 1 72       12002    0122                         
58-09-19-584289-001-01 1 73       51998    0122                         
58-09-19-584289-001-01 1 76       12005    01212021 32021 4 1      20015
58-09-19-584289-001-01 1852       71995    0121202011202110 1       5015
48-26-35-364308-001-01 4 71      152019    41212020 7202011 1 7  221762 
48-26-35-364308-001-01 5 71       32020    3122                         
48-26-35-364308-001-01 5 73       42016    0122                         
31-91-85-564309-001-01 1 71       12019    01212020 1202012 1 2     182 
31-91-85-564309-001-01 1 73       31900    01212020102021 1 1 2   150013
31-91-85-564309-001-01 2 73       12001    0121202010202012 1 2    12013
31-91-85-564309-001-01 3 71       12020    1122                         
31-91-85-564309-001-01 3 73       52018    0121202010202012 1 2     8016
75-82-37-584310-001-02 1 73       22008    02 12019122020 2 2       502 
75-82-37-584310-001-02 1 80       22015    02 2                         
28-05-92-534310-001-04 2 73       21985    02 12019122020 2 1       5012
09-67-89-134311-001-01 1 76       12012    01212020 72020 9 1      1212 
66-68-73-914313-001-01 1 73       32014    0121202011202112 1 2     6015
66-68-73-914313-001-01 3 73       42010    01212020 1202012 1 2     2015
66-68-73-914313-001-01 5 76      111980    01212020 52020 8 1 2    20015
56-83-61-514326-001-01 2 72       32021    3122                         
29-42-96-404328-001-01 1 73       32000    02 12020122021 2 1 6    1002 
29-42-96-404328-001-01 2 71      802018   20121202011202110 1 9    3602 
29-42-96-404328-001-01 2851       12018    02 2                         
86-93-88-714329-001-01 2 71      101994    01212020 1202110 1      2002 
86-93-88-714329-001-01 2 73       21900    01212020122021 2 1      50013
85-15-73-244330-001-02 1 71       71900    02 2                         
85-15-73-244330-001-02 1 79       42020    42 2                         
15-10-45-124331-001-01 1 71      502005    0121202011202110 1      1002 
15-10-45-124331-001-01 1 73      132006    01212020112021 1 1      20015
15-10-45-124331-001-01 1 74       12020    01212021 6202110 1       1511
11-69-06-894345-001-02 1 71     3601900    0112                         
11-69-06-894345-001-02 2 71     2082017    01212020 52021 6 1      1202 
11-69-06-894345-001-02 2 74       22020    21212021 92021 9 1        22 
47-02-15-084364-001-01 2 73       11900    01212019122020 1 1 6    25016
47-02-15-084364-001-01 3 71       62019    61212020 72020 7 1 6     5015
94-35-43-704366-001-02 1 73       11978    11212020 9202011 2     10002 
94-35-43-704366-001-02 3 73       21978    22 12020 9202011 2     120015
85-29-98-904368-001-02 1998       12016    02 2                         
17-01-34-494368-001-03 1 73       52019    52 2                         
17-01-34-494368-001-03 1852       12019    02 2                         
44-26-26-334386-001-03 1 71       12021    0122                         
63-15-23-804387-001-01 1 73       11995    01212020122021 1 1       202 
63-15-23-804387-001-01 5 73       41989    0122                         
57-36-35-194402-001-01 2 73       11900    01212020122021 1 3       6015
31-82-16-054407-001-01 1 73      162021   10121202011202012 1       5015
31-82-16-054407-001-01 1 80       11989    0122                         
31-82-16-054407-001-01 1852       12014    0122                         
82-26-21-394445-001-03 1 71       32020    3121202011202011 1 2     502 
82-26-21-394445-001-03 2 73       42003    01212020 7202011 2      50015
86-27-46-334463-001-03 1 71      252010    41212020 32021 2 1 2    1002 
86-27-46-334463-001-03 1 73      222010    01212020 32021 2 1 2   12002 
86-27-46-334463-001-03 1 74       12020    1122                         
86-27-46-334463-001-03 1 76      122010    01212020 32021 2 1 2    3602 
86-27-46-334463-001-03 1 79       22010    01212020 32021 2 1 2    1202 
86-27-46-334463-001-03 1 80       12013    01212020 32021 2 1 2     152 
59-91-45-634463-001-06 1 73       11999    01212020 32021 2 1      1002 
11-54-93-994464-001-04 1 71      152018    01212020 32021 2 4      1202 
11-54-93-994464-001-04 1 73       11900    01212020112021 1 4       702 
11-54-93-994464-001-04 1 74       32015    01212020 32021 2 4       402 
66-52-25-504464-001-05 1 73       11900    01212020122021 1 1      1602 
36-39-21-634478-001-01 1 71       12019    1122                         
36-39-21-634478-001-01 1 73       32009    0121202011202012 1 2    75011
36-39-21-634478-001-01 1 74       12017    11212020 7202010 1 2     402 
25-88-33-814481-001-01 1 71       62018    02 12020 12020 7 1 2     802 
25-88-33-814481-001-01 1 73       12005    02 1202011202012 1 2     5016
25-88-33-814481-001-01 2 73       12017    12 2                         
99-28-29-124482-001-03 1 71      352018    01212020 6202010 3      1202 
99-28-29-124482-001-03 1 74       22019    01212020 2202012 5       182 
41-58-31-404483-001-01 1 73       11900    0121202011202012 9      40013
14-35-00-154484-001-01 1 73       62021    01212019112020 1 1      6002 
98-57-46-794497-001-01 1 73       12005    0121202011202012 1      30011
98-57-46-794497-001-01 1 79       22008    01212020 62020 8 1      40013
34-85-87-844498-001-03 1 73       41995    0121202010202012 7     638011
34-85-87-844498-001-03 2 73       71999    0121202011202012 7    1264011
05-19-84-164499-001-03 1 73       21991    01112020 9202010 3   1725002 
05-19-84-164499-001-03 3 73       11996    0121202010202010 3    172502 
05-19-84-164499-001-03 5 73       12001    02 2                         
10-94-44-734501-001-03 1 76       62018    12 2                         
10-94-44-734501-001-03 2 73       21998    02 1202011202012 1 2    1502 
56-35-31-494501-001-04 1 73       91822    0121202010202011 4      6002 
41-39-89-994501-001-07 1 73       32011    01212019112020 1 1 2    3002 
27-12-14-234501-001-15 1 73       22017    02 2                         
46-06-74-344502-001-01 1 71       62020    62 2                         
46-06-74-344502-001-01 1 73       61900    02 1202010202012 1      1402 
72-51-93-504503-001-01 1 73       21990    02 1202011202011 1 2    50015
97-88-90-364516-001-01 3 73       11997    0121202011202012 1 2     802 
97-88-90-364516-001-01 3 74       22015    01212021 52021 8 1       752 
79-89-73-454538-001-01 1 74       12017    02 2                         
14-12-24-894574-001-14 1 80       52018    02 12020 62020 7 1 2     102 
37-60-86-834579-001-01 1 73       42015    02 2                         
37-60-86-834579-001-01 1 80       12013    0122                         
52-91-24-054591-001-01 1 74       32020    3122                         
18-48-24-684594-001-01 1 80       21900    02 12020 42020 5 2      2002 
29-51-90-804616-001-01 1 80       41900    01212020 42020 5 1       402 
51-70-53-074618-001-01 1 71      122017    3122                         
51-70-53-074618-001-01 1 73       42017    0122                         
51-70-53-074618-001-01 1 74       22018    02 2                         
51-70-53-074618-001-01 1 80       32018    02 2                         
45-15-69-234635-001-01 1 74       22020    22 2                         
35-41-66-584649-001-04 2 73       11989    02 1202011202011 5      2802 
00-91-88-384652-001-01 1 73       11980    02 1202011202012 2 5    2002 
72-25-71-424705-001-01 1 74       12015    02 1202011202110 1 2     162 
86-76-02-114706-001-01 1 71      502018    02 1202012202111 1 2    6002 
34-31-41-494710-001-01 1 71      132019    01212021 4202110 1 2     602 
34-31-41-494710-001-01 1 72       12021    0122                         
13-80-32-634724-001-01 1 73       12019    1122                         
46-46-75-674725-001-01 1 71      102018    0121202011202011 2       452 
97-39-50-714727-001-01 2 73       32021    02 12020112021 1 1 2    5002 
14-54-41-374728-001-01 1 71       42006    01212020 82020 8 1 2     402 
14-54-41-374728-001-01 1 74       22007    01212020 62020 8 1 2      82 
37-63-74-984731-001-01 1 71       82020    2122                         
37-63-74-984731-001-01 1 74       52020    71212020 62020 9 1 3     232 
99-24-15-134731-001-02 1 74       22019    02 2                         
68-16-68-794743-001-01 1 74       22020    22 2                         
72-19-32-094744-001-01 1 73       19999    02 12020 62020 6 1 6    7002 
72-19-32-094744-001-01 1 74       22017    02 12020 22020 4 1 6     142 
72-19-32-094744-001-01 1 76       22014    02 2                         
72-19-32-094744-001-01 1851       12014    02 12020 22020 3 1 6     102 
15-21-88-534745-001-01 1 73       51980    01212020 12020 1 1 2    2502 
15-21-88-534745-001-01 1200       11980    01212020122021 2 1 2     102 
62-43-51-594745-001-04 1 74       22020    2122                         
62-43-51-594745-001-04 1 76       22020    2122                         
62-43-51-594745-001-04 1 79       22020    2122                         
62-43-51-594745-001-04 1 84       42020    4122                         
32-60-45-234746-001-01 1 71      102019    21212020 22021 1 1 2     402 
32-60-45-234746-001-01 2 73       21900    01212020 9202011 1 2    30015
68-11-89-034747-001-01 1 73       22001    0121202012202012 1 2    1402 
68-11-89-034747-001-01 1 80       12000    01212021 12021 2 1 2      52 
68-11-89-034747-001-01 1852       22018    0122                         
68-11-89-034747-001-01 2 73       71997    01212020122021 1 1 2    1402 
82-63-17-224748-001-01 1 73       21900    01212020 9202012 2      2502 
54-20-65-814749-001-01 5 71       82017    0122                         
54-20-65-814749-001-01 5 74       12018    01212020 22021 1 3 4     452 
86-91-07-434750-001-01 1 72       12017    0122                         
86-91-07-434750-001-01 1 73       32008    0121202010202012 1      12015
50-66-78-064762-001-01 1 71      262013    02 12020102021 9 1       9615
50-66-78-064762-001-01 1 74       12017    01212020102021 9 1       182 
47-55-39-754762-001-03 1 71      142019    0122                         
47-55-39-754762-001-03 1 74      212021   20122                         
47-55-39-754762-001-03 1 76       12019    0122                         
88-66-82-044762-001-04 1 71       42021    4122                         
88-66-82-044762-001-04 1 73       22021    2122                         
88-66-82-044762-001-04 1 74       12021    1122                         
33-63-56-624763-001-03 1 71       52020    02 2                         
51-90-57-304764-001-01 1 73       72018    02 2                         
66-00-46-864764-001-04 1 73       12013    0122                         
95-95-14-854765-001-01 1 73       12012    02 12020112021 1 1       452 
95-95-14-854765-001-01 1 74       32012    32 12021 52021 8 1       6011
89-76-80-984765-001-02 1 71      222017    02 12020 82021 8 1       852 
89-76-80-984765-001-02 1 73       21994    02 12020122021 1 1      16012
66-94-14-014766-001-04 1 73       11995    02 2                         
13-09-88-204766-001-10 1 71       12020    1122                         
13-09-88-204766-001-10 1 74       12020    12 12020 92021 9 1 2     202 
33-30-46-034769-001-01 1 74       12017    02 12020 12021 9 2       552 
10-29-22-884781-001-01 1 71       82015    32 2                         
10-29-22-884781-001-01 1 74       32019    12 12021 22021 6 1 2     202 
79-66-60-704783-001-06 1 71       72020    2122                         
79-66-60-704783-001-06 1 74       12016    01212020 42021 9 2       852 
79-66-60-704783-001-06 1 76       12015    0122                         
79-66-60-704783-001-06 2 80       91900    01212020 92021 9 2      40011
79-66-60-704783-001-06 2200       21900    0122                         
21-21-00-334785-001-01 2 74       22018    01212020 42021 2 1       202 
21-21-00-334785-001-01 2200       12014    02 2                         
74-79-96-154789-001-01 1 71       32021    3122                         
74-79-96-154789-001-01 1 74       22021    2122                         
29-77-71-614800-001-01 1 73       41900    01212020112021 1 142    1902 
29-77-71-614800-001-01 1203      111998    01212020122021 1 142    28011
35-86-44-704800-001-02 1 80       12017    02 2                         
35-86-44-704800-001-02 1203       12017    02 2                         
87-21-08-094801-001-01 1 73      101900    02 1202011202012 1       1015
84-03-14-864802-001-01 1 73       71900    0121202010202012 1      10015
84-03-14-864802-001-01 1851       12014    02 12021 12021 1 1        12 
08-11-25-784803-001-02 1 74       52020    52 2                         
73-49-56-134804-001-01 1 71       22000    01212021 12021 1 1     10002 
73-49-56-134804-001-01 1 73       81961    0121202011202012 1      1002 
24-67-34-654805-001-01 1 73       21994    02 12020112021 1 1 2    1202 
24-67-34-654805-001-01 1 74       72015    02 12020 72020 9 1      1202 
24-67-34-654805-001-01 2 73       21994    02 12020112021 1 1       802 
78-46-80-074806-001-01 1 73       52011    0121202010202012 1 2     502 
78-46-80-074806-001-01 1852       12015    11212020 72020 9 1 2     152 
78-46-80-074806-001-01 2 73       22011    01212020 9202012 1 2     802 
60-52-94-104807-001-01 1 73       51960    02 1202010202010 1 2    1202 
84-78-41-064820-001-01 1 73      351998    01112019122020 1 1     260013
29-50-42-334822-001-01 1 73      141997    02 12020 6202010 1 2  104002 
39-17-25-574823-001-01 1 71       32015    0122                         
39-17-25-574823-001-01 1 73       12016    01212019112021 1 2       6011
51-20-55-514826-001-11 1 71      402015    02 1201912202011 1 4    1502 
51-20-55-514826-001-11 1 73       12009    02 12020 62020 7 1 4    1002 
98-17-39-894829-001-01 1 73       81980    22 12019122020 2 1      90016
98-17-39-894829-001-01 1 74       32016    02 12020 8202010 1       2011
17-85-72-984838-001-01 1 71      202016    01212020 12021 1 1       702 
17-85-72-984838-001-01 1 73       72016    0121202010202012 1      1602 
17-85-72-984838-001-01 1 76       22019    0122                         
33-87-11-244839-001-01 1 73      152003    01212020112021 1 1      8602 
33-87-11-244839-001-01 1 74       52020    5122                         
17-43-17-874841-001-01 1 74       12020    12 2                         
76-69-80-584842-001-01 1 73      122005    02 12020112021 1 1 9    72015
76-69-80-584842-001-01 3 80       62010    02 2                         
15-67-33-214843-001-01 4 71      122015    02 12019122020 4 1 2     402 
15-67-33-214843-001-01 4 73       32017    01212020 8202011 1 2     302 
15-67-33-214843-001-01 4 74       12019    0122                         
35-77-92-814844-001-02 1 70       32020    3122                         
35-77-92-814844-001-02 1 71       52013    01212020 72020 7 2       302 
35-77-92-814844-001-02 1 73      102020    6122                         
35-77-92-814844-001-02 1 74       12015    01212020 8202012 2       352 
35-77-92-814844-001-02 1 76       42016    0122                         
35-77-92-814844-001-02 1852       32017    0121202010202012 2 3     252 
01-60-16-754845-001-01 2 71      142020    62 2                         
01-60-16-754845-001-01 2 73       12016    02 2                         
01-60-16-754845-001-01 2852       12016    02 2                         
93-91-00-814859-001-01 1 73       32006    01212020122021 1 1 2    12015
11-13-37-424860-001-01 5 71       42020    22 2                         
11-13-37-424860-001-01 5 72       12020    12 2                         
11-13-37-424860-001-01 5 73       61970 19702 12020102021 1 1 5    5002 
11-13-37-424860-001-01 5 76       12019    12 2                         
11-13-37-424860-001-01 5851       11970    12 12020 22020 4 1 5      62 
11-13-37-424860-001-01 5852       12020    12 2                         
84-10-16-274861-001-01 1 71       12020    1122                         
84-10-16-274861-001-01 1 73       21980    0121202011202012 1       752 
84-10-16-274861-001-01 1852       42015    21212020 62020 8 1       402 
84-10-16-274861-001-01 3 73       11980    0122                         
92-40-07-944862-001-01 1 73       11998    01212020112021 1 1 4    13015
65-63-93-474863-001-01 1 73       41994    0122                         
80-07-40-894864-001-04 1 73       11900    01212020102021 1 1 2    1502 
63-09-12-734864-001-05 1 70       12018    02 2                         
63-09-12-734864-001-05 1 71       52020    2122                         
63-09-12-734864-001-05 1 73       11998    02 12020 9202010 1       842 
63-09-12-734864-001-05 1852       12015    02 2                         
02-39-87-314878-001-01 3 71      102020    4121202010202011 1       262 
02-39-87-314878-001-01 3 73       42017    02 2                         
02-39-87-314878-001-01 3852       12017    02 2                         
80-02-63-904879-001-01 1 73       11990    0122                         
80-02-63-904879-001-01 2 73       52012    0122                         
78-15-30-224880-001-01 1 73      221999    0121202011202012 1     120014
78-15-30-224880-001-01 1 76       22014    0122                         
78-15-30-224880-001-01 1 80       12014    1122                         
47-30-58-254895-001-01 1 72       31950    02 2                         
47-30-58-254895-001-01 2 71     1001960    02 12020 1202012 1 2    3002 
47-30-58-254895-001-01 4 71      602000    02 12020 1202012 1 2    5402 
47-30-58-254895-001-01 5 71      112000    02 12020 1202012 1 2     902 
47-30-58-254895-001-01 5 72       11980    02 12020 32020 4 1 2     122 
83-48-46-444895-001-03 1 71      102015    02 12020 1202012 1 2     752 
83-48-46-444895-001-03 2 71       82019    02 2                         
83-48-46-444895-001-03 3 71       92018    02 12020 1202112 1 2    1052 
83-48-46-444895-001-03 5 71       22017    02 12020 1202012 1 2     452 
06-47-27-704896-001-01 4 71      702008    01212020 1202012 1      7002 
06-47-27-704896-001-01 5 71      402019    01212020 1202012 1      4252 
55-37-33-834897-001-01 1 71      212000    02 12020 9202012 2        42 
55-37-33-834897-001-01 1 72       11990    02 12020 12020 3 2       702 
55-37-33-834897-001-01 2 71       42000    02 1202012202012 2       402 
87-09-78-694898-001-01 1 71      302000    02 12020 1202012 1 2    3002 
87-09-78-694898-001-01 1 72       12010    02 12020 32020 5 1 2     502 
87-09-78-694898-001-01 4 72       12017    02 2                         
87-09-78-694898-001-01 5 72       12017    02 2                         
87-09-78-694898-001-01 9 71       62010    02 12020 1202012 1 2     602 
87-09-78-694898-001-0110 71       52015    02 12020 1202012 1 2     202 
87-09-78-694898-001-0113 71       62015    02 12020 1202012 1 2     302 
83-14-14-024898-001-04 1 71      122019    2121202012202111 2      1602 
83-14-14-024898-001-04 1 73       22021    2122                         
11-30-27-894899-001-01 1 71      352015    01212020 1202012 1      4502 
11-30-27-894899-001-01 3 71       62019    01212020 7202010 1       722 
11-30-27-894899-001-01 5 71      502015    51212020 1202012 1     14002 
11-30-27-894899-001-01 5 72       11900    0122                         
42-87-18-364900-001-01 1 71      202000    02 12020 1202012 1       502 
42-87-18-364900-001-01 1 72       22001    02 12020 32020 5 1      1002 
42-87-18-364900-001-01 1200       12016    02 2                         
66-05-57-514902-001-01 5 71      501900   101212020 3202012 1     23002 
66-05-57-514902-001-01 5 72       21900    0122                         
82-92-95-334914-001-01 1 71       62020    41212020 6202012 1       762 
37-86-09-804915-001-01 2 71       22016    0122                         
37-86-09-804915-001-01 2 83       21900    0122                         
37-86-09-804915-001-01 3 71      251900    01212020 9202012 1       302 
37-86-09-804915-001-01 3 72       11900    01212020 9202012 1       402 
37-86-09-804915-001-01 4 71       32020 20201212020 9202012 1       452 
37-86-09-804915-001-01 4 72       12019    0122                         
84-99-81-334916-001-01 1 71      202017   102 1202012202012 1 2    3602 
84-99-81-334916-001-01 1 72      102020    92 12020 42020 7 1 2     602 
84-99-81-334916-001-01 1 73       72020    72 2                         
84-99-81-334916-001-01 1 75      202019    02 12020 1202012 1 2     122 
84-99-81-334916-001-01 4 71      202019   102 12020 1202012 1 2    1002 
84-99-81-334916-001-01 4 73       32019    02 12020 32020 5 1 2     602 
84-99-81-334916-001-01 4 75      102017    02 12020 1202012 1 2     152 
12-86-91-664918-001-01 1 71       42016    01212020 1202012 1       302 
12-86-91-664918-001-01 1 72       12010    01212020 32020 5 1       602 
12-86-91-664918-001-01 1200       22017    0122                         
63-07-18-144919-001-01 1 71      102010    02 12020 1202012 1      1502 
63-07-18-144919-001-01 1 72       21900    02 2                         
63-07-18-144919-001-01 1 73       12015    02 2                         
63-07-18-144919-001-01 2 71      301900    02 12020 1202012 1      2002 
63-07-18-144919-001-01 2 72       42015    02 2                         
50-74-04-804919-001-02 1 71      102017    62 12020 5202012 1      2002 
19-81-67-344920-001-01 1 71       52015    02 2                         
19-81-67-344920-001-01 1 72       12013    02 2                         
31-32-27-894934-001-02 3 69       11900    01212020112021 1 3      1502 
18-03-94-104935-001-01 3 71      202019    02 12020 1202012 1      1052 
18-03-94-104935-001-01 3 73       51997    02 12020 12020 2 1       502 
18-03-94-104935-001-01 3 74       42019    02 12020 1202012 1       752 
18-03-94-104935-001-01 3 79       12014    02 2                         
18-03-94-104935-001-01 3851       12015    02 12020 52020 9 1       402 
18-03-94-104935-001-01 3852       12015    02 12020 52020 9 1       602 
20-59-92-394938-001-01 2 73       21900    02 12020 1202012 1 4    2002 
49-79-07-864938-001-02 1 71      102019    02 12021 92021 9 2       102 
49-79-07-864938-001-02 1852       12016    02 2                         
63-25-21-504939-001-01 3 71       62018    01212020 4202011 1       602 
63-25-21-504939-001-01 3 73       42018    0122                         
63-25-21-504939-001-01 3 74       22018    01212020 8202012 1       502 
27-50-87-344971-001-01 2 73       22016    02 2                         
39-26-01-864972-001-01 1 69       11997    01212020122021 3 1       7515
39-26-01-864972-001-01 1 71      202017    51212020102021 9 1      10015
39-26-01-864972-001-01 1 72       12016    0122                         
39-26-01-864972-001-01 1 73       52007    0122                         
39-26-01-864972-001-01 1 74       32020    21212021 42021 9 1       5015
39-26-01-864972-001-01 1 80       22009    01212020122021 2 1      10015
39-26-01-864972-001-01 1200       21998    0122                         
39-26-01-864972-001-01 1851      102007    41212021 62021 9 1      12215
39-26-01-864972-001-01 1852       22005    01212021 62021 9 1      10015
39-26-01-864972-001-01 2 73       21995    02 2                         
39-26-01-864972-001-01 3 73       21997    02 12020112021 1 1 2    6002 
30-25-28-774973-001-02 2 73       21900    01212020 82021 9 910     4515
30-25-28-774973-001-02 3 71       92017    01212020 82021 9 910    1002 
30-25-28-774973-001-02 3 73       12019    0122                         
97-70-48-754974-001-01 1 73       21991    0122                         
97-70-48-754974-001-01 1 74       52018    02 1202011202110 1 2     5011
97-70-48-754974-001-01 1852       22000    0122                         
13-71-79-354975-001-01 1 39       11990    01212020 82021 9 1      15015
13-71-79-354975-001-01 1 73       11900    01212020 82021 9 1      1502 
13-71-79-354975-001-01 1 74       22020    21212020 82021 9 1       202 
13-71-79-354975-001-01 1 76       22016    01212020 82021 9 1      3002 
13-71-79-354975-001-01 1851       52017    01212020 82021 9 1      4502 
15-97-26-644976-001-01 1 69       12013    02 2                         
15-97-26-644976-001-01 1 71       32014    02 12020 62020 6 1       602 
15-97-26-644976-001-01 1 73       21995    02 12020122021 1 1      2502 
69-14-01-644978-001-01 1 69       72016    02 2                         
69-14-01-644978-001-01 1 71      502020   502 2                         
69-14-01-644978-001-01 1 73      162016    02 12020122021 3 1 2    4002 
69-14-01-644978-001-01 2 69       11992    02 12020122021 4 1 2    1502 
69-14-01-644978-001-01 2 73      101992    22 12020122021 3 1 2    2002 
69-14-01-644978-001-01 2852       22019    02 2                         
56-79-04-464991-001-01 1 69       42012    0122                         
56-79-04-464991-001-01 1 71      102015    01212020 1202012 1 2    9122 
56-79-04-464991-001-01 1 73       42012    01212020 1202012 1 2  2170012
56-79-04-464991-001-01 1 76       22012    01212020 42020 5 1 2  304502 
85-74-34-934992-001-01 3 73       22017    02 2                         
85-74-34-934992-001-01 5 71      102014    01212020 5202012 1       202 
85-74-34-934992-001-01 5 74       32017    01212020 6202012 1      1002 
29-14-89-654994-001-01 1 69       32010    0121202012202012 1       1215
29-14-89-654994-001-01 1 71      302011    01212020 1202012 1       602 
29-14-89-654994-001-01 1 73       42001    01212020 12020 2 1       5015
29-14-89-654994-001-01 1 74       42014    01212020 82020 9 1        615
29-14-89-654994-001-01 1 75      152010    0121202011202012 1        315
29-14-89-654994-001-01 1 76       32008    01212020 62020 6 1       1015
29-14-89-654994-001-01 1200       42010    0121202012202012 1       1215
29-14-89-654994-001-01 2 69       12006    01212020 12020 2 1       1515
29-14-89-654994-001-01 2 71       22020    2122                         
29-14-89-654994-001-01 2 73       52006    01212020 12020 2 1        615
22-03-21-614995-001-01 1 71      342020    02 1202110202111 1 2     162 
22-03-21-614995-001-01 1 72       12021    12 2                         
22-03-21-614995-001-01 1 74       22021    2122                         
22-03-21-614995-001-01 1 76       12021    1122                         
82-93-80-804996-001-01 1 69       12014    02 12020 12020 9 4 7     902 
82-93-80-804996-001-01 1 71      202019    02 12020 1202012 4 7    3002 
82-93-80-804996-001-01 1 72       22018    02 2                         
82-93-80-804996-001-01 1 74       22019    02 12020 1202012 4 7     602 
82-93-80-804996-001-01 1 80       32020    32 2                         
50-23-60-365030-001-01 1 71      202007    01212020 52021 4 1      7202 
50-23-60-365030-001-01 1 74       42017 20171212020 52021 4 1      9002 
89-97-94-105032-001-01 1 71      502017    02 12020 52021 4 1      7502 
89-97-94-105032-001-01 1 72       32015    02 12020 52021 4 1       502 
89-97-94-105032-001-01 1 74       42019    02 2                         
89-97-94-105032-001-01 1 76       12015    02 12020 52021 4 1       452 
89-97-94-105032-001-01 1851       12015    02 12020 52021 4 1       102 
25-26-48-115034-001-01 1 71     3001970    01212020 32021 4 1 2 1400002 
25-26-48-115034-001-01 1 72       12019    0122                         
25-26-48-115034-001-01 1 74       12019    01212020 32021 4 1 2      52 
25-26-48-115034-001-01 1 79       12016    01212020 32021 4 1 2     202 
25-26-48-115034-001-01 1 80       12016    01212020 32021 4 1 2     152 
25-26-48-115034-001-01 1852       22014    01212020 32021 4 1 2     102 
03-45-70-945108-001-01 1 71      102020    2122                         
03-45-70-945108-001-01 1 73       12017    02 2                         
03-45-70-945108-001-01 1 74       42020    31212020102021 1 1       202 
91-68-31-455184-001-01 1 73      402010    02 1202011202011 1      20013
91-68-31-455184-001-01 1 76      102010    02 12021 52021 6 1      10015
84-26-77-425202-001-01 1 71     1502019   251212020 92021 8 1 2     9612
84-26-77-425202-001-01 1 74      742020   171212020 92021 8 1 2     4512
84-26-77-425202-001-01 1 75      302020    0122                         
84-26-77-425202-001-01 1 76     2002019  1802 2                         
31-85-61-415244-001-01 1 71       72021    72 2                         
31-85-61-415244-001-01 1 73       32018    02 2                         
31-85-61-415244-001-01 1 74       12021    12 2                         
31-85-61-415244-001-01 1 76       32019    02 2                         
31-85-61-415244-001-01 1 80       12020    02 2                         
31-85-61-415244-001-01 1851       22019    02 2                         
31-85-61-415244-001-01 1852       12020    02 2                         
84-21-69-365260-001-01 1 71       42018    02 12020 62020 9 2       202 
84-21-69-365260-001-01 1 74       12018    02 12020 42020 9 2       302 
86-02-89-525278-001-01 1 73       41900    0122                         
86-02-89-525278-001-01 1 74       32020    31212021 72021 7 1       152 
03-34-75-965318-001-01 1 71      122014    01212021 72021 7 1 2      62 
03-34-75-965318-001-01 1851       11900    01212021 72021 7 1 2      12 
86-62-84-505319-001-01 1 71      142020   142 12021 22021 6 2      1022 
86-62-84-505319-001-01 1 74       42020    41212021 62021 6 2       302 
21-75-27-695333-001-02 1 71       42017    01212021 72021 7 2       252 
21-75-27-695333-001-02 1 73       52019    0122                         
21-75-27-695333-001-02 1 74       12020    0121202012202012 2        32 
89-81-22-005340-001-01 1 71      632018    02 12020 92021 6 1 2     752 
89-81-22-005340-001-01 1 72       12019    02 2                         
89-81-22-005340-001-01 1 73       22013    02 12020112021 1 1 2     202 
89-81-22-005340-001-01 1 76       12015    02 12021 52021 6 1 2     152 
89-81-22-005340-001-01 1852       12017    02 2                         
19-74-16-955354-001-01 1 71      481900    02 2                         
19-74-16-955354-001-01 1 73       11900    02 2                         
22-84-85-635375-001-01 1 71       62019    22 12021 32021 7 1       452 
22-84-85-635375-001-01 1 74       42018    02 12020122021 4 1       802 
71-29-17-945397-001-01 1 71     1502019    31212020122021 8 2      2502 
71-29-17-945397-001-01 1 72       22019    0122                         
71-29-17-945397-001-01 1 73       12017    0122                         
71-29-17-945397-001-01 1 74      152017    51212020122021 7 2      1502 
71-29-17-945397-001-01 1 75      252019   10121202011202012 2       502 
71-29-17-945397-001-01 1 76       12016    01212021 12021 4 2       802 
71-29-17-945397-001-01 1 79       22016    0122                         
71-29-17-945397-001-01 1 80       22019    0122                         
71-29-17-945397-001-01 1200       12018    01212021 12021 2 2       102 
71-29-17-945397-001-01 1851       12021    1122                         
71-29-17-945397-001-01 1852       12021    1122                         
38-02-99-865447-001-01 2 71      101998    01212020 92021 8 1 7     722 
38-02-99-865447-001-01 2 73       11996    01212020102021 1 1 7    13013
38-02-99-865447-001-01 2 76       11995    01212020 92021 8 1 7     852 
47-48-66-405476-001-01 1 71      502019    91212021 22021 8 1      16016
47-48-66-405476-001-01 1 73       31996    01212020112021 1 1       5516
47-48-66-405476-001-01 1 76       32012    01212021 42021 6 1       402 
47-48-66-405476-001-01 1852       22014    01212021 42021 6 1       202 
66-94-54-605487-001-01 1 71       42018    0121202012202012 2       802 
66-94-54-605487-001-01 1 73       12017    02 2                         
66-94-54-605487-001-01 1 74       12020    12 1202011202011 2       302 
66-94-54-605487-001-01 1851       12017    02 2                         
66-94-54-605487-001-01 1852       12014    02 12020 62021 5 2      1202 
12-32-78-575490-001-01 2 71     3002018    01212020 72021 6 1      1202 
12-32-78-575490-001-01 2 72       52020    0122                         
12-32-78-575490-001-01 2 73      122015    01212020122021 1 1      3002 
12-32-78-575490-001-01 2 74      152021    01212020 62021 9 1      1002 
12-32-78-575490-001-01 2 76      202016    01212020 62021 6 1      1602 
73-86-17-645514-001-01 1 71      902019    01212020 62021 5 1      1602 
73-86-17-645514-001-01 1 72       12021    1122                         
73-86-17-645514-001-01 1 73       12021    1122                         
73-86-17-645514-001-01 1 74       42020    21212020 82021 5 1       752 
73-86-17-645514-001-01 1851       12021    1122                         
22-58-79-145529-001-01 1 71      132020    01212021 1202112 1 2     342 
65-69-75-995529-001-03 1 71     1201900    02 12020112021 1 3       402 
65-69-75-995529-001-03 1 73       31900    02 2                         
65-69-75-995529-001-03 1 74       72018    02 12020 82021 2 3       7011
84-98-35-825544-001-02 1 69       32000    12 12020122021 1 7 8    1002 
84-98-35-825544-001-02 1 71      102020   102 12021 42021 4 7 8     162 
84-98-35-825544-001-02 1 73       61990    02 12020112021 2 7 8     302 
84-98-35-825544-001-02 1 75      702000    42 12020112021 1 7 8     502 
84-98-35-825544-001-02 1 76       32010    02 12020 52021 6 7 8     902 
84-98-35-825544-001-02 1 77       12010    02 12020 52021 6 7 8     302 
84-98-35-825544-001-02 1 79       22010    02 12020 52021 7 7 8     602 
84-98-35-825544-001-02 1 80       52010    02 12021 42021 4 7 8     2012
84-98-35-825544-001-02 1200      102010    02 12021 32021 4 7 8     402 
84-98-35-825544-001-02 1852       42010    02 2                         
81-69-84-395547-001-01 2 71      952021   601212020102021 5 1 2     602 
81-69-84-395547-001-01 2 72      302021   302 2                         
81-69-84-395547-001-01 2 73       62021    6122                         
81-69-84-395547-001-01 2 74       12021    12 2                         
81-69-84-395547-001-01 2 76       72021    72 2                         
81-69-84-395547-001-01 2 79       32021    32 2                         
81-69-84-395547-001-01 2 80       52021    52 2                         
81-69-84-395547-001-01 2200       42020    42 2                         
81-69-84-395547-001-01 2851       22020    22 2                         
29-20-77-815564-001-01 1 69       11982    0122                         
29-20-77-815564-001-01 1 73       51980    0121202010202011 1 4     402 
29-20-77-815564-001-01 1 80      102016    02 12021 32021 4 1 4     302 
29-20-77-815564-001-01 1851       21980    01212021 32021 3 1 4      82 
86-58-89-005581-001-02 1 71       32020    01212020102021 9 1 2      42 
86-58-89-005581-001-02 1 73       42016    01212020122021 2 1 2     8013
86-58-89-005581-001-02 1 74       22019    01212020102021 9 1 2     482 
86-58-89-005581-001-02 2 71       22021    2122                         
86-58-89-005581-001-02 2 73       32021    3122                         
86-58-89-005581-001-02 3 73       22016    01212020122021 2 1 2    14013
40-01-55-035584-001-01 1 71      702016   272 12020 82021 7 1 5    4802 
91-10-13-905608-001-01 1 73       71989    02 2                         
52-25-64-035661-001-01 1 71      182018    62 12021 32021 5 1 2     402 
52-25-64-035661-001-01 1 73       52018    02 2                         
52-25-64-035661-001-01 1 74       42018    02 12021 22021 8 1 2     202 
52-25-64-035661-001-01 1 76       52018    02 2                         
52-25-64-035661-001-01 1 79       22019    02 2                         
52-25-64-035661-001-01 1200       12018    02 2                         
99-90-90-775664-001-04 1 73       51994    02 12020122021 2 1 2    10015
99-90-90-775664-001-04 3 71      202016    0121202011202110 1 2    30015
99-90-90-775664-001-04 3 73       42019    0122                         
99-90-90-775664-001-04 3 74       52016    0121202011202110 1 2     7515
99-90-90-775664-001-04 3 76      222020    01212021 32021 4 1 2    15015
99-90-90-775664-001-04 3 80       12016    0122                         
99-90-90-775664-001-04 3852       42016    01212021 32021 4 1 2    15015
82-25-26-415693-001-01 1 71       52020    52 2                         
82-25-26-415693-001-01 1 73       12007    02 2                         
82-25-26-415693-001-01 1 76       12017    02 2                         
94-78-24-505695-001-01 1 71      122002    82 12020 12021 3 1      1402 
94-78-24-505695-001-01 1 73       22004    02 12020122021 1 1       302 
94-78-24-505695-001-01 1 76       12006    02 12021 12021 2 1       502 
94-78-24-505695-001-01 1 80       22020    22 2                         
94-78-24-505695-001-01 1851       42015    22 1202010202012 1       252 
94-78-24-505695-001-01 1852       12020    12 2                         
37-78-83-385697-001-01 3 73       52006    01212020 72020 7 1       2015
37-78-83-385697-001-01 3 80       22006    41212021 22021 3 1       2515
37-78-83-385697-001-01 3851       52006    01212020122021 3 1       202 
17-53-58-105699-001-02 1 71       92013    02 1202011202011 2       322 
17-53-58-105699-001-02 1 76       32010    02 12020 32020 4 2      1702 
17-53-58-105699-001-02 1 79       12013    02 2                         
17-53-58-105699-001-02 1 80       22019    02 12021 12021 2 2       252 
17-53-58-105699-001-02 1851       12013    02 12021 22021 2 2       5016
17-53-58-105699-001-02 1852       32020    32 2                         
17-95-04-885700-001-02 1 73       12018    02 2                         
17-95-04-885700-001-02 1 80       12020    0122                         
67-56-06-175719-001-01 1 73       11995    01312020112021 1 1      15316
96-24-36-025739-001-01 1 71      702019   601212020 62021 5 1      5402 
96-24-36-025739-001-01 1 73       41980    01212020112021 2 1      3402 
18-79-73-945775-001-01 1998       11900    02 12020 72020 9 2      1802 
61-37-81-585809-001-01 1 71      501978   202 12020 92021 8 1      3602 
61-37-81-585809-001-01 1 72       22010    02 12020 92021 8 1       202 
61-37-81-585809-001-01 1 73       61978    02 12020112021 2 1      2502 
61-37-81-585809-001-01 1852       41900    02 12020 92021 8 1       102 
27-84-25-055811-001-01 1 71      252019    02 2                         
27-84-25-055811-001-01 1 73       62015    02 2                         
11-39-67-375846-001-01 1 71      402000    91212020 32021 2 1      4502 
11-39-67-375846-001-01 1 72       62019    0122                         
11-39-67-375846-001-01 1 73       72000    01212020122021 1 1       802 
11-39-67-375846-001-01 1 74       12018    01212021 12021 1 1       602 
11-39-67-375846-001-01 1 76       42016    01212020 42020 6 1       602 
11-39-67-375846-001-01 1 79       42016    01212020 42020 6 1       602 
42-22-06-975847-001-01 2 73       72004    01212020112021 2 1      1202 
42-22-06-975847-001-01 2 74       62007    01212020 82021 2 1       7511
42-22-06-975847-001-01 2 76       62004    01212020112021 3 1       502 
42-22-06-975847-001-01 2 79       22004    01212020 92021 3 1       362 
42-22-06-975847-001-01 2 80       52004    01212020102021 2 1       252 
19-13-10-225848-001-04 3 76       12010    02 2                         
19-13-10-225848-001-04 3852       12012    02 2                         
59-35-72-905849-001-01 1 71      642014    01212020 62021 2 1 2     782 
59-35-72-905849-001-01 1 72       42016    0121202010202012 1 2    3802 
59-35-72-905849-001-01 1 73       22014    01212020112021 1 1 2    14015
59-35-72-905849-001-01 1 74       12018    0122                         
59-35-72-905849-001-01 1 76       12014    0122                         
59-35-72-905849-001-01 2 71      802014    0122                         
59-35-72-905849-001-01 2 72       72018    01212020 62020 8 1 2    2002 
59-35-72-905849-001-01 2 74       12018    01212020 72020 7 1 2      42 
38-54-59-265850-001-01 1 71      302019    21212020 72020 7 1       402 
38-54-59-265850-001-01 1 72       52017    01212020 82020 8 1       1513
38-54-59-265850-001-01 1 73       12019    0122                         
38-54-59-265850-001-01 1 74       22019 2020122                         
44-93-96-145851-001-01 1 71     4002020  3002 12020 92021 8 1 2    5002 
70-86-81-135851-001-03 1 70       22019    11212021 72021 8 1 2     652 
70-86-81-135851-001-03 1 71     1202020   501212021 32021 8 1 2    7022 
70-86-81-135851-001-03 1 73       12020    12 2                         
70-86-81-135851-001-03 1 74       12021    1122                         
70-86-81-135851-001-03 1 75       42021    4122                         
91-80-40-095851-001-04 1 71      202018   201212020 42020 7 1      1402 
91-80-40-095851-001-04 1 72       32019    0122                         
91-80-40-095851-001-04 1 73    20192019    0122                         
91-80-40-095851-001-04 1 74       52019    21212020 62021 8 1       752 
52-17-86-975851-001-09 3 71      602019    51212020 52020 9 1 2     962 
52-17-86-975851-001-09 3 72       42019    0122                         
52-17-86-975851-001-09 3 73       12019    0122                         
52-17-86-975851-001-09 3 74       22019    1122                         
52-17-86-975851-001-09 3 76       12020    1122                         
96-92-93-895851-001-10 1 71      522021   39121202012202012 1 2     262 
96-92-93-895851-001-10 1 72       42019    0122                         
96-92-93-895851-001-10 1 73       22014    0121202010202012 1 2    10015
96-92-93-895851-001-10 1 74       22017    0122                         
96-92-93-895851-001-10 1851       52014    0122                         
62-87-05-555864-001-01 1 71      122020   101212021 62021 6 2       102 
62-87-05-555864-001-01 1 72       42016    3122                         
62-87-05-555864-001-01 1 74      172020   101212021 52021 8 2        62 
62-87-05-555864-001-01 1 80       12016    0122                         
62-87-05-555864-001-01 1852       12020    0122                         
08-02-76-675866-001-01 3 71     2202020   501212020102021 6 1 2    33614
28-63-80-025870-001-01 1 73       21990    01212020122021 1 1      2802 
28-63-80-025870-001-01 1 79      102015    0122                         
28-63-80-025870-001-01 1203       12008    0122                         
28-63-80-025870-001-01 1852       52015    0122                         
28-63-80-025870-001-01 2 73       61990    01212020122021 1 1      84016
28-63-80-025870-001-01 2 79       52015    0122                         
28-63-80-025870-001-01 2852       41992    01212021 62021 7 1       402 
20-23-28-815871-001-02 1 73       41995    02 1202011202012 2 4    12015
44-04-54-775872-001-01 1 71       72017    22 12020 72021 4 1       702 
20-76-31-705883-001-01 1 73       31998    02 1202011202012 1       802 
20-76-31-705883-001-01 1 74       12016    01212021 52021 6 1       602 
20-76-31-705883-001-01 1 79       22000    01212021 52021 5 1       802 
64-76-70-495883-001-02 1 79       42014    21212021 42021 5 1 2    6002 
64-76-70-495883-001-02 2 73       41993    0121202011202012 1 2   156013
78-86-78-615886-001-01 1 76       32005    02 12021 52021 6 1       602 
75-03-15-465887-001-01 1 71       32021    3122                         
75-03-15-465887-001-01 1 74       22020    2122                         
75-03-15-465887-001-01 1852       12018    0122                         
40-38-66-585892-001-01 1 74       52020    52 2                         
40-38-66-585892-001-01 1 80       11900    02 12020 62021 6 1       3016
22-22-59-955902-001-01 1 73       12015    01212021 22021 3 1 2    15015
22-22-59-955902-001-01 2 71      122017    02 12020 82021 7 1 2     662 
03-84-91-665903-001-01 1 73       61900    01212020112021 1 1 2     5015
67-59-94-205906-001-01 1 71      601900   201212020 82021 7 1      1902 
67-59-94-205906-001-01 1 72       92003    01212020 82021 7 1       602 
67-59-94-205906-001-01 1 73       82006    01212020112021 1 1      3202 
67-59-94-205906-001-01 1 76       62006    01212020 82021 7 1      1202 
67-59-94-205906-001-01 1 80       32013    0122                         
25-11-43-665908-001-01 1 79       22005    01212021 52021 7 2       4015
25-11-43-665908-001-01 1852       22005    01212021 52021 7 2       7215
66-21-25-855911-001-01 1852       12015    02 12020 82021 7 1 2     752 
57-81-79-875929-001-02 1 74       52019    01212020 62021 7 1       802 
47-03-39-285930-001-01 1 71     1202021   12122                         
47-03-39-285930-001-01 1 76       52021    5122                         
63-22-91-285940-001-01 2 71      802016   202 2                         
63-22-91-285940-001-01 2 73       29999    01212020112021 1 1 2     4015
63-22-91-285940-001-01 2 80       42016    0122                         
63-22-91-285940-001-01 3 76       22016    01212020122021 1 1 2     152 
63-22-91-285940-001-01 4 73       12019    02 2                         
99-00-64-745941-001-01 1 73       71990    02 12020112021 1 1       502 
99-00-64-745941-001-01 1 74      102016    22 12020 92021 2 1       302 
44-44-29-875943-001-01 1 72       32020    2122                         
44-44-29-875943-001-01 1 73       62003    11212020102021 2 1 2    14015
22-41-43-445945-001-01 1 73       22001    01212020 52020 6 1 2     502 
22-41-43-445945-001-01 2 73       42000    01212020112021 1 1 2    12013
79-34-82-765946-001-01 1 73       42005    02 12020112021 1 1      3002 
71-84-74-895949-001-01 4 73       32011    02 2                         
71-02-68-735959-001-01 2 72       72020    7132                         
71-02-68-735959-001-01 2 80       12020    1132                         
90-97-94-285960-001-02 1204       31982    01212020 9202011 2       122 
75-97-06-905961-001-02 1 72       12015    02 2                         
75-97-06-905961-001-02 1 80       12000    02 12020 52020 6 2 3     3015
75-97-06-905961-001-02 1852       12005    02 12021 22021 3 2 3     1015
46-18-20-365962-001-01 1 72       12019    0122                         
46-18-20-365962-001-01 2204       12013    01212021 22021 2 1       102 
56-30-03-125963-001-02 1 72       19999    02 12020122021 1 2      2402 
60-11-48-655965-001-01 1 71       22001    02 12020 72020 7 1       152 
60-11-48-655965-001-01 2204       22000    02 12021 22021 3 1       202 
77-40-44-475966-001-01 1 70       12019    01212020 6202012 1 2     202 
77-40-44-475966-001-01 1 71      122016    01212020 32021 4 1 2     702 
77-40-44-475966-001-01 1 80       22012    01212020 62020 8 1 2     3015
77-40-44-475966-001-01 1200       11990    01212020 42020 6 1 2     202 
77-40-44-475966-001-01 1204       12010    01212020 9202012 1 2     252 
05-95-47-035978-001-02 1 71      132013    01212021 12021 1 2       502 
05-95-47-035978-001-02 1 72       22010    01212021 7202112 2      2402 
05-95-47-035978-001-02 1 81       12020    0122                         
05-95-47-035978-001-02 1204       22005    01212021 12021 3 2      1202 
36-27-61-515979-001-01 1 70       12021    1122                         
36-27-61-515979-001-01 1 71       22019    0122                         
36-27-61-515979-001-01 1 72       42019    0122                         
52-56-40-355980-001-01 1 71       22009 2009122                         
52-56-40-355980-001-01 1 72       12015    01212021 62021 7 1 2     202 
52-56-40-355980-001-01 1 73      412010    0122                         
52-56-40-355980-001-01 1 83       22010    01212021 22021 3 1 2     102 
60-33-80-915984-001-01 1 72      722020   701212020 92021 1 1 2     962 
60-33-80-915984-001-01 6 72      802020   80122                         
46-74-15-535985-001-01 1 72       82018    02 2                         
46-74-15-535985-001-01 1 81       12017    02 2                         
46-74-15-535985-001-01 1204       12018    02 2                         
59-55-57-895998-001-01 2 71      112010    01212020 32021 4 1      1202 
59-55-57-895998-001-01 2 72       22019    0122                         
93-05-23-975999-001-01 1 71       22001    02 1202011202012 1       602 
93-05-23-975999-001-01 1 72       22001    02 12020 52020 6 1       502 
02-23-99-716000-001-01 1 71       22018    02 12020 52020 5 1       302 
64-89-37-396001-001-01 1 71      301999    01212020 32021 4 1       602 
64-89-37-396001-001-01 1 72       12020    0122                         
64-89-37-396001-001-01 1 80       12018    01212020 62020 9 1       202 
64-89-37-396001-001-01 1200       12019    0122                         
13-03-41-286002-001-01 3 72       12015    0122                         
13-03-41-286002-001-01 3 80       12017    01212020 82020 8 1       202 
13-03-41-286002-001-01 3852       12015    0122                         
81-54-24-306003-001-01 1 71      851992    02 12020 52021 4 1      1202 
81-54-24-306003-001-01 1 72       32014    02 2                         
81-54-24-306003-001-01 1 80       11992    02 12020 62020 8 1       6411
55-34-45-246022-001-01 1998       21900    02 2                         
07-48-74-586035-001-01 1 71      131996    02 12020 82020 8 1       352 
07-48-74-586035-001-01 1 80       62010    02 12020 9202010 1      12015
62-44-54-156040-001-01 1 73       22017    22 2                         
69-16-29-086042-001-01 1 71      242019    01212020 12021 2 1 2     702 
69-16-29-086042-001-01 1 73       32012    01212020122021 2 1 2     602 
69-16-29-086042-001-01 1 80       22020    2122                         
69-16-29-086042-001-01 1852       22020    2122                         
42-91-10-706042-001-03 2 73       12018    02 2                         
88-88-77-016074-001-01 1 69       12019    0122                         
88-88-77-016074-001-01 1 70       12019    01212021 42021 5 1        52 
88-88-77-016074-001-01 1 71     2002010    01212020 1202012 1     35002 
88-88-77-016074-001-01 1 72       22021    2122                         
88-88-77-016074-001-01 1 73       12010    01212020122021 1 1 2    1152 
88-88-77-016074-001-01 1 74       32021    3122                         
88-88-77-016074-001-01 1 75      102010    01212020 62020 8 1 2     452 
88-88-77-016074-001-01 1 80       22019    1122                         
88-88-77-016074-001-01 1852       12019    0122                         
47-51-56-856075-001-01 1 71     3502013    01212020 52021 4 1 2   17552 
47-51-56-856075-001-01 1 72       12019    01212020 62020 7 1 2     352 
47-51-56-856075-001-01 1 74       22021    21212021 32021 4 1 2     702 
47-51-56-856075-001-01 1 75      502020   151212020 52020 7 1 2     852 
03-51-56-446076-001-01 1 69       12019    0122                         
03-51-56-446076-001-01 1 71     1502019   301212020 52021 5 1 2   13412 
03-51-56-446076-001-01 1 72      102020    5122                         
03-51-56-446076-001-01 1 74       32019    01212020 62021 9 1 2    10011
03-51-56-446076-001-01 1 75      102019    01212020 6202012 1 2     152 
03-51-56-446076-001-01 1852       12019    0122                         
04-11-05-776077-001-01 1 71     6502014   301212020 32021 4 1 2   64802 
90-51-97-206078-001-01 1 69       12017    01212020 62020 7 1       702 
90-51-97-206078-001-01 1 71     2002000    01212020 52021 4 1     55202 
90-51-97-206078-001-01 1 72       32005    0122                         
90-51-97-206078-001-01 1 73       22000    01212020122021 1 1      6002 
90-51-97-206078-001-01 1 74      102000    01212020 62020 6 1 2    12511
90-51-97-206078-001-01 1 75     1002000    01212020 62021 2 1      2002 
90-51-97-206078-001-01 1 76       32000    01212020 22020 6 1      4802 
90-51-97-206078-001-01 1 80       12010    01212020 62020 7 1 2     402 
90-51-97-206078-001-01 1200       12017    01212020 62020 7 1 2     152 
90-51-97-206078-001-01 1852       22017    01212020 62020 7 1       502 
97-93-22-896080-001-01 1 69       11900    01212020 62020 8 1      2002 
97-93-22-896080-001-01 1 71     2802018    01212020 52021 4 1     16002 
97-93-22-896080-001-01 1 73       21900    01212020122021 2 1       502 
97-93-22-896080-001-01 1 74       52018    01212020 52021 4 1      1202 
97-93-22-896080-001-01 1 75      122020   12122                         
97-93-22-896080-001-01 1 76       12015    01212020 52021 4 1       502 
97-93-22-896080-001-01 2 71     1202018    02 12020 52021 4 1      4702 
69-83-52-176081-001-01 2 71      502020   20122                         
69-83-52-176081-001-01 2 73       31900    01212020122021 1 1      2002 
69-83-52-176081-001-01 3 71      301900    01212020 52021 4 1      1202 
98-41-89-296092-001-01 1 71     4202010    01212020 32021 2 1     11702 
98-41-89-296092-001-01 1 72       12010    01212020 32021 2 1       752 
98-41-89-296092-001-01 1852       12010    01212020 32021 2 1       202 
67-53-69-106093-001-01 1 71      301975    61212020122021 3 1      15012
67-53-69-106093-001-01 1 81       12019    01212021 22021 2 1        12 
67-53-69-106093-001-01 1212       52020    5122                         
58-61-73-626094-001-01 1 71     2001900   301212020 32021 2 1      9602 
58-61-73-626094-001-01 1 72       31900    01212020 32021 2 1      5002 
58-61-73-626094-001-01 1212       32020    3122                         
54-05-19-516094-001-02 1 71     1102017    61212020 22021 2 1 2    5402 
23-11-44-096095-001-01 2 71     1202019   201212020 32021 2 1      4502 
23-11-44-096095-001-01 2 72       32015    01212020 82020 9 1      3502 
23-11-44-096095-001-01 2212      352018    01212020 72020 8 1        22 
23-11-44-096095-001-01 3 71      602019    01212020 32021 2 1      2502 
23-11-44-096095-001-01 3 72       22012    01212020 72020 8 1      2102 
23-11-44-096095-001-01 3 73       11900    01212020 62020 7 1      2002 
23-11-44-096095-001-01 3 75      112020   11122                         
23-11-44-096095-001-01 4 71      202018    01212020 32021 2 1       722 
23-11-44-096095-001-01 4 72       41900    01212020 72020 8 1      2802 
67-38-97-816096-001-01 1 69       32013    01212020 22021 2 5       122 
67-38-97-816096-001-01 1 71     2002010   201212020 32021 2 5      1802 
67-38-97-816096-001-01 1 72       22013    01212020 52020 7 5      2002 
54-69-37-596097-001-01 1 71     2001971    01212021 12021 1 1       4512
54-69-37-596097-001-01 1 72       12010    0122                         
54-69-37-596097-001-01 1 73       12015    0121202012202012 1       2012
54-69-37-596097-001-01 1212       32020    3122                         
17-87-45-376098-001-01 1 71      202020   20122                         
82-38-88-876099-001-01 1 71      802015   351112020 32021 2 1 3   21602 
82-38-88-876099-001-01 1 72       42005    01112020 32021 2 1 3  192922 
82-38-88-876099-001-01 1 73       32000    01112020 32021 2 1 2  316802 
11-28-10-276111-001-02 1 69       12004    0122                         
11-28-10-276111-001-02 1 70       32019    0122                         
11-28-10-276111-001-02 1 71    58001974    01112020 82021 7 2     124815
11-28-10-276111-001-02 1 72       42019    01112021 52021 6 2      76015
11-28-10-276111-001-02 1 74       22018    01212021 62021 6 2       162 
11-28-10-276111-001-02 1 80       32003    0122                         
32-80-84-066112-001-01 1 69       31996    01212020 22020 4 1      2552 
32-80-84-066112-001-01 1 71     1001994    01212020 82021 7 1      9002 
32-80-84-066112-001-01 1 72       52008    01212020 62020 7 1      1402 
32-80-84-066112-001-01 2 71      502008   151212020 82021 7 1      3002 
37-68-62-196113-001-01 2 71     4071998   161212020 62021 7 2      7502 
54-19-44-176114-001-01 1 71     8002013    01212020 82021 7 1 2   192014
54-19-44-176114-001-01 1 72       12014    0122                         
11-95-77-216115-001-01 1 71     3001999    01212020 82021 7 1 2   201614
59-91-92-126116-001-01 1 71     3002000    01212020 92021 7 1      28014
93-28-31-466117-001-01 1 71     3501900  2001212020 82021 7 1 2   30002 
57-19-84-556118-001-01 1 69       32017    02 2                         
57-19-84-556118-001-01 1 71     5091982    02 12020 12021 1 1     19502 
57-19-84-556118-001-01 1 72       12000    02 12020 7202010 1       402 
62-45-14-046130-001-01 2 71     4502019    01212020 72021 6 1      6002 
62-45-14-046130-001-01 2 75      202019    0121202011202012 1     320013
65-97-14-246149-001-03 3 70       22019    0122                         
65-97-14-246149-001-03 3 71    30001981    01112020 72021 6 4 5    7402 
65-97-14-246149-001-03 3 72       42013    01212021 62021 6 4      48015
86-36-46-366150-001-02 1 71      452000    0122                         
86-36-46-366150-001-02 1 72       82000    0122                         
88-99-03-546151-001-01 1 71    30001971    01212020 72021 6 1     18002 
88-99-03-546151-001-01 1 72       31980    0121202010202012 1      1502 
70-44-66-336152-001-01 1 71     7001968    01212020 72021 6 1 2   163214
70-44-66-336152-001-01 2 71    15001969    01212020 72021 6 1 2   259214
70-44-66-336152-001-01 3 71     2001969    01212020 72021 6 1 2   259214
70-44-66-336152-001-01 4 71     2202012    01212020 72021 6 1 2   172814
52-66-48-206153-001-01 1 71     2502008    01212020 72021 6 1 2    6002 
52-66-48-206153-001-01 2 71      602008    01212020 82021 6 1 2    1002 
52-66-48-206153-001-01 3 71      702010    01212020 62021 5 1 2    1352 
52-66-48-206153-001-01 4 71      702013    01212020 82021 7 1 2    2002 
00-62-14-066154-001-01 1 71      472014   111312020 22021 6 1      2252 
00-62-14-066154-001-01 2 71      362014    01312020 22021 6 1      1502 
21-27-12-896155-001-01 1 71    10001989    01212020 72021 6 1     45002 
21-27-12-896155-001-01 1 72       21997    01212020 9202012 1      4202 
21-27-12-896155-001-01 2 72       51997    01212020 9202012 1      2802 
76-95-55-866156-001-01 1 71    38001900    01212020 62021 6 1 2   306215
76-95-55-866156-001-01 1 72       32020    3122                         
76-95-55-866156-001-01 1 74       32020    3122                         
76-95-55-866156-001-01 2 71      642004    01212020 72021 6 1 2     392 
12-92-21-926171-001-01 1 71     1202014    01212020 82021 7 1      1282 
47-39-58-576175-001-01 1 71      132019    41312020 62021 7 2      1652 
47-39-58-576175-001-01 1 72       42008    01312020 6202010 2      2252 
47-39-58-576175-001-01 1 73       12020    0132                         
31-00-34-196187-001-01 1 71      502016    01212020 82021 7 1 2    2252 
31-00-34-196187-001-01 1 73       12015    01212021 22021 2 1 2    1002 
31-00-34-196187-001-01 1 74       12017    01212021 12021 1 1 2     502 
01-26-99-776188-001-01 1 71     3291985    02 12020 62021 7 1      7502 
01-26-99-776188-001-01 1 72       21997    02 12020 62021 7 1       672 
51-98-37-196188-001-05 1 71      152019    62 12020 62021 7 1       902 
51-98-37-196188-001-05 1 72       12020    12 2                         
51-88-82-056189-001-02 4 71      202015    01212020 82021 7 3      1082 
51-88-82-056189-001-02 4 72       22015    0122                         
61-54-05-566193-001-01 1 71      442018    01212020 82021 7 1 2     752 
61-54-05-566193-001-01 1 72       32018    0122                         
61-54-05-566193-001-01 1 73      111900    01212020112021 2 1      12015
79-89-89-376194-001-01 1 71       52018    02 12020 72021 7 1       202 
79-89-89-376194-001-01 1 73       42009    01212020112021 1 1       802 
37-52-14-906195-001-01 1 71     2002013   451212020 82021 7 1 2   115214
37-52-14-906195-001-01 1 72       42013    0122                         
06-31-96-516206-001-01 1 71      852015    02 12020 82021 7 1 2    3002 
06-31-96-516206-001-01 2 71    20002010  2002 12020 82021 7 1 2   36002 
82-69-24-926207-001-01 1 71      502014    01212020 82021 7 1      4502 
82-69-24-926207-001-01 1 72       11900    01212020 32020 6 1      2502 
54-09-11-756208-001-01 1 71     5002014    01212020 62021 7 1     40002 
99-49-58-426210-001-01 1 71     1202015    01212020102021 9 1      3602 
99-49-58-426210-001-01 1 72       12015   111212020102021 9 1      1202 
99-49-58-426210-001-01 1 73       22017    0122                         
99-49-58-426210-001-01 1 74       52018    01212020102021 9 1      1202 
26-39-50-186210-001-04 1 71      302018   121212020102021 9 1 2    4252 
26-39-50-186210-001-04 2 72       12020    0122                         
12-12-01-706211-001-01 1 71      672009    02 12020 62021 7 1      2252 
12-12-01-706211-001-01 1 72       12011    02 12020 62021 7 1       272 
34-04-89-696212-001-02 1 71      781992    02 12020 62021 7 2      3752 
34-04-89-696212-001-02 1 72       51995    32 12020 62021 7 2      1752 
34-04-89-696212-001-02 1 73       51992    02 12020 12020 4 2       632 
34-04-89-696212-001-02 1 74       71997    02 12020 62020 9 2       232 
33-59-62-206213-001-01 2 69       12017    0122                         
33-59-62-206213-001-01 2 72      152016    3122                         
33-59-62-206213-001-01 2 73       32016    0121202011202012 2 3    26015
83-63-10-666225-001-01 1 71      122018    41212019 6202012 2      1502 
95-07-03-496227-001-01 1 71      102012    01212020 32021 2 1 2    2252 
95-07-03-496227-001-01 1 73       22016    01212020 32021 2 1 2     502 
95-07-03-496227-001-01 1 80       12000    01212020 32021 2 1 2     302 
95-07-03-496227-001-01 2 71     8002010  1001212020 32021 2 1 2   36002 
56-36-73-366228-001-01 1 71     2001900    01212020 32021 2 1 2   10802 
56-36-73-366228-001-01 1 72       12015    01212020 32021 2 1 2     402 
56-36-73-366228-001-01 1 73       21900    21212020122021 1 1 2     602 
95-58-90-606229-001-01 1 71     4002019    01212020 32021 2 1     12002 
95-58-90-606229-001-01 1 72       62014    01212020 42020 5 1      2002 
95-58-90-606229-001-01 2 71     6002020  4002 12020 32021 2 1      1602 
31-43-47-486232-001-02 2 71      452016   201112020 32021 2 2 4    2242 
42-99-08-386244-001-01 1 71     8002016   601212020 32021 4 1 2   18002 
42-99-08-386244-001-01 1 72       42016    01212020 32021 4 1 2    3002 
42-99-08-386244-001-01 1 73       32016    01212020 32021 4 1 2    2002 
42-99-08-386244-001-01 1 74       32015    01212020 42021 4 1 2     602 
05-51-75-156245-001-01 1 71     2502007   201212020 52021 5 1 2   54002 
05-51-75-156245-001-01 1 72       52018    01212020 62020 8 1 2     402 
05-51-75-156245-001-01 1 73       32014    01212020 62020 7 1 2    3602 
05-51-75-156245-001-01 1 74       12018    0122                         
05-51-75-156245-001-01 1 75      202016   101212020 62020 8 1 2     302 
05-51-75-156245-001-01 1 79       32019    0122                         
05-51-75-156245-001-01 1 80       12019    0122                         
05-51-75-156245-001-01 1851       52020    0122                         
05-51-75-156245-001-01 2 71     1202008   111212020 52021 4 1 2   45002 
09-68-04-756246-001-01 1 71     1502019    01112020 52021 4 1    415082 
09-68-04-756246-001-01 1 74       22020    2112                         
66-91-47-616247-001-01 1 71    10002009    01212020 52021 4 1 2   14802 
66-91-47-616247-001-01 1 74       12019    01212020 52021 7 1 2     302 
61-92-53-506248-001-01 1 70       12020    21212021 1202112 1       202 
61-92-53-506248-001-01 1 71     3001996   20121202012202012 1 2   30002 
61-92-53-506248-001-01 1 72       32000    01212020 62020 8 1 2    10513
61-92-53-506248-001-01 1 73       32015    01212020122021 2 1 2     5013
61-92-53-506248-001-01 1 74       12020    11212020 62021 3 1 2     1013
61-92-53-506248-001-01 1 75       22017    21212021 12021 3 1 2      42 
61-92-53-506248-001-01 1 80       12011    01212020 12020 3 1 2     1713
54-85-24-906249-001-01 1 71    20002000    01212020 52021 4 1    713522 
54-85-24-906249-001-01 1 72       22000    01212020 52021 4 1      2802 
54-85-24-906249-001-01 1 73       22000    01212020122021 3 1      39011
54-85-24-906249-001-01 1 74       42000    01212020 52021 4 1      50011
54-85-24-906249-001-01 1 75       52021    5122                         
79-54-29-986250-001-01 1 71     3502018   501212020 52021 4 1     27002 
79-54-29-986250-001-01 1 72       21900    01212020 8202010 1      2402 
79-54-29-986250-001-01 1 73       21900    0121202011202012 1       902 
79-54-29-986250-001-01 1851       11900    01212020 52020 7 1       602 
29-42-49-586251-001-01 1 71     1002005   101212020 52021 4 1      3002 
29-42-49-586251-001-01 1 72       12015    0122                         
29-42-49-586251-001-01 1 73       22000    0122                         
29-42-49-586251-001-01 1 79       12015    01212020 52021 4 1       602 
29-42-49-586251-001-01 2 71     5002005    01212020 52021 4 1      9002 
29-42-49-586251-001-01 2 72       22000    01212020 52021 4 1      10015
29-42-49-586251-001-01 2 73       12000    01212020112021 1 1      2002 
42-21-30-216263-001-01 1 71     2002000    01212020 4202010 1      3002 
42-21-30-216263-001-01 1 72       32005    01212020102021 1 1      3002 
42-21-30-216263-001-01 1 73       22015    0121202011202012 1       752 
42-21-30-216263-001-01 1 74       12006    01212020 1202012 1       322 
42-21-30-216263-001-01 1 75      102010    01212020 7202011 1      1202 
77-10-93-706264-001-01 1 71   300001994  1201212020 52021 4 1     36002 
77-10-93-706264-001-01 1 72       42006    01112021 72021 8 1      8402 
77-10-93-706264-001-01 1 73       31992    11212020112021 5 1     260011
77-10-93-706264-001-01 1 75      202005    01112021 42021 4 1       302 
77-10-93-706264-001-01 1 76       42008    0112                         
77-10-93-706264-001-01 1 80       12007    01212020 52021 4 1     156011
77-10-93-706264-001-01 1 81       52021    5122                         
77-10-93-706264-001-01 1852       12003    01212021 12021 5 1       382 
69-12-72-796264-001-03 1 71     1202018    01212020 52021 4 1 2  453292 
69-12-72-796264-001-03 1 72       12019    0122                         
58-29-18-126265-001-01 1 69       22011    0122                         
58-29-18-126265-001-01 1 71     3002019  1201212020 52021 4 1 2      815
58-29-18-126265-001-01 1 72       62015    0122                         
58-29-18-126265-001-01 1 73       12011    01212020 72021 9 1 2    2002 
58-29-18-126265-001-01 1 74       12017    01212020 72020 7 1 2     302 
58-29-18-126265-001-01 1 80       22011    01212020 62020 9 1 2    3002 
56-37-50-426266-001-01 1 71     2502018    01212020 52021 4 2      4002 
56-37-50-426266-001-01 1 72       12010    01212020 9202011 2      2102 
56-37-50-426266-001-01 1 73       12010    01212020122021 1 2       502 
56-37-50-426266-001-01 1 74       12016    01212020 52021 4 2       802 
56-37-50-426266-001-01 1 75      302020   30122                         
25-91-76-286267-001-01 1 71     1602014    01212020 32021 4 1 2   21602 
82-70-52-526268-001-01 1 71     4002005    01212020 52021 4 1 2   144013
82-70-52-526268-001-01 1 72       22017    0122                         
82-70-52-526268-001-01 1 74       22016    01212020102021 4 1 2    1202 
82-70-52-526268-001-01 1 75      102017    01212020 52021 5 1 2     722 
82-70-52-526268-001-01 1851       12016    01212019 22020 3 1 2      12 
11-88-00-956269-001-01 1 71    20001973    01212020 52021 4 1 2  4500014
11-88-00-956269-001-01 1 72       32018    1122                         
11-88-00-956269-001-01 1 75       32015    01212020112021 2 1 2      62 
11-88-00-956269-001-01 2 71     6001973    01212020 52021 5 1 2  1200014
11-88-00-956269-001-01 2 72       42014    01212020122021 4 1 2    7202 
11-88-00-956269-001-01 2 73       21973    01212021 12021 3 1 2   14402 
11-88-00-956269-001-01 2 80       12010    11212021 42021 5 1 2    25011
11-72-84-766270-001-01 1 69       42019    01212020 52021 4 1 2     752 
11-72-84-766270-001-01 1 71     4502006   401212020 52021 4 1     12002 
11-72-84-766270-001-01 1 72       32014    01212020 52021 4 1      4502 
11-72-84-766270-001-01 1 74       32005    01212020 52021 4 1       802 
11-72-84-766270-001-01 1 75      402019    01212020 52021 4 1 2     602 
11-72-84-766270-001-01 1203       42015    0122                         
11-72-84-766270-001-01 2 71    10002014    01212020 52021 4 1 2   18002 
11-72-84-766270-001-01 2 73       42014    01212020112021 1 1      1202 
97-50-28-136301-001-02 1 71      802008    02 12020 72021 6 3      7202 
48-73-01-386302-001-19 1 71      152012    02 12020 82021 7 1 2    1202 
48-73-01-386302-001-19 1 74       42014    02 12020 82021 7 1 2     702 
47-56-84-866303-001-01 1 71     2002018  2002 12019 3202011 1 2    19015
05-90-43-766304-001-01 2 67       21999    02 12020 72021 6 1 2    1502 
05-90-43-766304-001-01 2 71     1002011   202 12020 72021 6 1 2    3502 
70-65-42-626306-001-01 4 71      102021   152 2                         
27-39-94-016307-001-01 1 71      502019    01212020 72021 7 1      7002 
53-68-21-896322-001-01 2 71     1002020   201212021 12021 7 1      1502 
07-03-57-976325-001-01 2 71      502020   501212020 32021 3 1 2     4015
20-56-10-126326-001-01 3 71      302015    02 12020 52021 6 1      2162 
50-28-73-176358-001-01 1 71     1202003    02 12020 52021 4 1 2    4802 
50-28-73-176358-001-01 2 73       31990    02 12020102021 1 1 2    3502 
20-21-28-556364-001-01 1 71      502019    02 12020 72021 4 1       9015
20-21-28-556364-001-01 2 69       31942    02 12020 82020 9 1       902 
20-21-28-556364-001-01 2 71      402019   102 12020 42021 3 1      1052 
20-21-28-556364-001-01 2 72       32020    32 2                         
48-55-18-526365-001-01 1 71      502019   122 12020 52021 4 1      26015
49-71-93-576378-001-01 2 71      602021   602 2                         
12-25-31-276381-001-01 3 71      502021   302 2                         
46-97-87-156396-001-01 2 73       32014    0122                         
46-97-87-156396-001-01 2 80       12017    0122                         
46-97-87-156396-001-01 2852       52020    6122                         
18-68-55-106398-001-01 1 71       82016    02 12020 82021 7 2       802 
78-20-52-646399-001-01 3 71      852014   122 12020112021 4 1       602 
43-43-72-076402-001-01 1 71      402020   101212020 12021 7 1      1202 
98-79-08-966403-001-03 1 71      302021    52 12020 42021 6 1 2    1202 
98-79-08-966403-001-03 1 98       12016    02 12020 12021 6 2       302 
08-84-14-216416-001-01 3 71      102018    01212020 12021 6 1      2002 
08-84-14-216416-001-01 3 73       32014    01212020122021 1 1      1232 
10-43-69-506422-001-01 1 71      202020    0122                         
10-43-69-506422-001-01 1 73       62001    01212020 62021 5 1 2     5015
15-86-79-436454-001-03 3 76       62020    62 2                         
52-82-89-256454-001-04 1 71      252019    01212020 32021 2 1      1262 
52-82-89-256454-001-04 1 74       22019    01212020 9202010 1      1502 
27-55-74-036455-001-01 1 73       41900    0121202011202012 1      15016
27-55-74-036455-001-01 1 76       12015    01212020 62020 8 1       6014
46-23-09-376456-001-01 2 71       32020    32 2                         
46-23-09-376456-001-01 2 73       31998    02 12020112021 1 1       502 
68-19-41-436457-001-01 2 71     1502010    02 12020 12021 2 1 3    16014
68-19-41-436457-001-01 2 73       91995    0122                         
57-79-50-336459-001-01 1 71      302014    01212020 82020 9 1      18013
57-79-50-336459-001-01 1 73       22014    0121202011202012 1 2    10012
44-63-23-236461-001-01 1 71      162010    01212020 92020 9 1 2    1562 
44-63-23-236461-001-01 1 73       22007    2121202011202012 1 2    12015
44-63-23-236461-001-01 1 76       12017    0122                         
44-63-23-236461-001-01 1 80       12007    01212020 7202012 1 2     6011
94-69-24-296473-001-01 1 73       31900    3111202011202012 1      2002 
94-69-24-296473-001-01 1200       21900    01112020 9202012 1       502 
96-57-53-186476-001-01 1 74       12014    02 12020 52020 7 2       162 
33-57-29-676477-001-01 1 67       32019    0122                         
75-95-85-696479-001-01 1 74       42014    02 12020 42020 8 1       4311
63-18-65-676492-001-01 1 71      171998    92 12020 12021 5 1      1432 
63-18-65-676492-001-01 1 72       11998    02 12020 32020 6 1       402 
63-18-65-676492-001-01 1 74       51998    02 12020 52020 7 1       252 
63-18-65-676492-001-01 1 80       41998    02 12020 42020 6 1       352 
63-18-65-676492-001-01 1852       21998    02 12020 52020 8 1       522 
36-33-33-866493-001-01 2 71      112013    41212020 62021 5 1      1122 
95-01-55-686496-001-01 2 71      242018   141212020 62021 5 1 2     7515
95-01-55-686496-001-01 2 72       22010    02 2                         
27-59-11-206497-001-01 1 71      302016    02 12020 62021 5 1 2    1352 
05-50-28-026498-001-01 1 71       52017    01212020 5202012 1      1002 
05-50-28-026498-001-01 1 74       22018    01212020 62020 8 1       802 
05-50-28-026498-001-01 1 75      102018    0122                         
71-41-76-146510-001-01 1 71      142018    61212020102021 9 1 2    4122 
71-41-76-146510-001-01 1 72       22011    02 12021 22021 6 1 2     802 
51-46-98-396510-001-03 1 71       32021    3122                         
35-01-19-396512-001-01 1 71       42020    4122                         
35-01-19-396512-001-01 1 73       42020    4122                         
35-01-19-396512-001-01 1 74       42020    4122                         
47-74-89-626513-001-01 1 71       82015    01212020 62021 5 1       842 
65-10-31-756519-001-01 1 76       11999    02 12020 52020 7 1       432 
36-93-31-666567-001-01 1 73       42019    02 2                         
92-89-34-776570-001-01 1 71     1602011   202 12020 52021 4 1 2    16514
92-89-34-776570-001-01 1 73       62009    02 2                         
32-45-09-376586-001-01 1 71     1681968    02 12020 62021 5 1 2    4002 
32-45-09-376586-001-01 2 71     1201968    02 12020 62021 5 1 2    2602 
70-73-71-136589-001-01 1 71      302014    01212020 4202011 1       902 
86-71-65-266591-001-01 1 71     7001978    01212020 62021 5 1     252014
86-71-65-266591-001-01 2 71     4501980   262 12020 62021 5 1 2   168014
92-71-85-296592-001-01 1 71     1501975    01212020 1202012 1     22502 
92-71-85-296592-001-01 2 71      501978    01212020 1202012 1      7502 
62-76-44-946593-001-01 1 71      482009    01212020 4202010 1      4252 
88-82-06-536594-001-01 1 71     1501998   202 12020 62021 5 1      7002 
96-58-46-806594-001-03 1 71      502019    01212020 72021 6 1      1002 
78-28-57-686605-001-01 1 71      202008    01212020 62021 5 1      1122 
78-28-57-686605-001-01 1 72       12017    0122                         
78-28-57-686605-001-01 1 73       12008    01212020112021 1 1      1202 
72-27-12-346606-001-01 1 71      402011    71212020 62021 5 1 2    15014
72-27-12-346606-001-01 1 73    20052005    0122                         
08-61-87-736607-001-01 1 71      202016    01212020112021 4 1 5    1602 
62-43-05-956607-001-02 1 71      172016    41312020 7202012 1       842 
49-08-77-446608-001-01 1 71     1481987    01212020 62021 5 1      4802 
49-08-77-446608-001-01 1 72       22016    0121202011202012 1      12015
78-81-71-506608-001-08 1 71       32015    01312020 52020 7 1       622 
78-81-71-506608-001-08 1 72       22014    01312020 42020 6 1       652 
78-81-71-506608-001-08 1 73       12014    01312020112021 1 1       702 
78-81-71-506608-001-08 1 74       22016    01312020 42020 7 1       372 
78-81-71-506608-001-08 1 75       12021    1132                         
78-81-71-506608-001-08 1 76      102019    0132                         
78-81-71-506608-001-08 1852       12019    0132                         
71-87-57-156609-001-01 1 71      152015    01212020102021 2 1      1202 
29-94-20-906610-001-01 3 71      642017    02 12020 62021 5 1 2    1152 
44-75-42-746611-001-01 1 71      602015    62 12020 62021 5 1      2252 
19-89-88-006612-001-01 1 71      231993    61312020 6202010 1      1122 
19-89-88-006612-001-01 1 73       21997    0131202010202012 1       432 
80-62-36-736624-001-01 1 71      102012    52 12020 52020 9 1       652 
80-62-36-736624-001-01 1 72       11998    02 12020 5202011 1       432 
92-45-77-356629-001-01 1 71       82000    02 12020 62021 5 1       752 
70-18-79-876631-001-01 3 72       12016    01212021 32021 4 1       202 
70-18-79-876631-001-01 3 73       51980    0121202011202012 1      2402 
02-91-95-356643-001-02 1 71     1002005   152 12020 82021 7 2      7202 
16-03-32-726644-001-01 1 69       12016    02 2                         
16-03-32-726644-001-01 1 71     2002000   102 12020 82021 7 1      7792 
16-03-32-726644-001-01 1 72       51992    02 12020122021 7 1      2862 
16-03-32-726644-001-01 1 73       21998    02 12020122021 2 1      1502 
16-03-32-726644-001-01 1 80       12015    02 12020 22021 5 1       802 
16-03-32-726644-001-01 1200       12017    02 12021 42021 6 1       202 
16-03-32-726644-001-01 1852       21998    02 12020122021 6 1       502 
10-96-80-356645-001-01 1 71     5001900    02 12020 82021 7 1 2   15002 
10-96-80-356645-001-01 1 72       51900    02 12020 82021 7 1 2    20011
75-68-77-896646-001-01 1 69       32016    01212020 62021 7 1       302 
75-68-77-896646-001-01 1 71    10002000    01212020 62021 7 1      6002 
75-68-77-896646-001-01 1 72       31900    01212020 62021 7 1      1502 
31-39-32-156647-001-01 1 71     2001900    01212020 82021 5 1      2002 
31-39-32-156647-001-01 1 72       41900    01212020122021 6 1      5002 
31-39-32-156647-001-01 1 74       22019    01212021 12021 2 1       202 
69-54-89-686648-001-03 1 71     1502013   251212020 82021 7 3      7202 
69-54-89-686648-001-03 1 72       42006    21212020122021 1 3      1002 
26-99-67-446649-001-01 1 71     1001990    42 12020 82021 7 1      5252 
26-99-67-446649-001-01 1 72       32010    02 12021 72021 7 1      1002 
14-03-63-516650-001-01 1 71      502012    02 12020 82021 7 1 2    3602 
14-03-63-516650-001-01 1 72      102008    02 12020 82020 9 1 2     602 
14-03-63-516650-001-01 1 73       12000    02 2                         
51-83-22-176684-001-01 3 73       51995    02 12020122021 1 1 2    40013
18-01-61-836700-001-01 1 71    20001900    02 12020 82021 7 1      6002 
18-01-61-836700-001-01 1 72      101900    02 12020 82020 8 1      2602 
18-01-61-836700-001-01 1 73       21900    02 1202012202012 1       402 
18-01-61-836700-001-01 1 74       12008    02 12020 82021 7 1       502 
18-01-61-836700-001-01 1852       11900    02 12021 42021 4 1       202 
23-72-91-946701-001-01 1 71     6001998    02 12020 82021 7 1 2    6602 
23-72-91-946701-001-01 1 72       71988    02 12020 82021 7 1 2   10002 
34-13-53-966703-001-01 1 71     1501990    01212020 82021 7 1       602 
35-90-52-646705-001-01 1 71     1001900    0122                         
35-90-52-646705-001-01 1 72       21900    0122                         
35-90-52-646705-001-01 1 73       21900    02 2                         
26-96-01-746706-001-01 1 71     1502016   101212020 62020 7 1     16002 
26-96-01-746706-001-01 1 72       41900    31212020 62021 7 1       602 
26-96-01-746706-001-01 1 73       12001    01212020 62021 7 1       102 
26-96-01-746706-001-01 1 76       12019    0122                         
26-96-01-746706-001-01 1 80       12017    01212020 62020 7 1       202 
24-14-39-626707-001-01 1 71     2001952   502 12020 8202112 1     228013
24-14-39-626707-001-01 1 72       62000    02 12020 42020 5 1      7002 
84-59-97-106720-001-01 1 71     2001900    01212020 82021 3 1     10002 
84-59-97-106720-001-01 1 72       52008    0122                         
84-59-97-106720-001-01 1 78       52019    0122                         
35-74-20-296722-001-01 1 71     5001900    01212020 32021 2 1      5252 
35-74-20-296722-001-01 1 72       32000    01212020 32020 7 1      10015
35-74-20-296722-001-01 1 75       52017    0122                         
14-77-09-086723-001-01 1 71      502011    02 12020 32021 2 1      3602 
14-77-09-086723-001-01 1 72       12010    02 12020 52020 8 1       402 
14-77-09-086723-001-01 1 74       32019    02 12020 32021 2 1       962 
92-19-80-246724-001-02 1 71    10002019   301212020 12021 2 2      8002 
92-19-80-246724-001-02 1 72       52019    0122                         
92-19-80-246724-001-02 1 74       32019    0122                         
92-19-80-246724-001-02 1 80       22019    0122                         
85-32-43-016725-001-01 1 71     1501940   202 12020 32020 7 1 2   120014
85-32-43-016725-001-01 1 72       11992    22 12020 8202010 1 2     602 
17-39-73-616726-001-01 1 71     1001900   101212020 12021 2 1 2    7502 
17-39-73-616726-001-01 1 72       32003    01212020 12021 1 1       502 
17-39-73-616726-001-01 1 73       12019    0122                         
17-39-73-616726-001-01 1 74       12020    1122                         
17-39-73-616726-001-01 1 80       11900    01212020 32020 3 2       202 
43-31-36-036738-001-01 1 71     1001993    21212020 52021 4 1      9602 
72-04-45-836738-001-02 1 71      502005   201212020 52021 4 1 2    3002 
51-44-38-206740-001-01 1 71     2001900   172 12020 52021 5 1     12002 
51-44-38-206740-001-01 1 72       12015    02 12020 52021 4 1      2002 
51-44-38-206740-001-01 1 73       12018    02 2                         
49-49-65-836741-001-01 1 70       22021    2122                         
49-49-65-836741-001-01 1 71     2001999    01212020 32021 4 1     20002 
49-49-65-836741-001-01 1 72       72004    01212020 32020 4 1      18016
49-49-65-836741-001-01 1 73       12010    01212020 32021 4 1       2016
49-49-65-836741-001-01 1 74       12020    11212020 32021 4 1       302 
49-49-65-836741-001-01 1 80       52014    01212020 32021 4 1        516
49-49-65-836741-001-01 1203       31900    01212020 32021 4 1        52 
52-82-50-466742-001-01 1 71      211997    02 12020 52021 4 1 2   10002 
73-80-63-696744-001-01 1 71     1501990    42 12020122021 4 1 2    8002 
73-80-63-696744-001-01 2 71      801995    02 2                         
70-73-79-516745-001-01 1 71    20001971  5001212020 62021 5 1 2    5002 
70-73-79-516745-001-01 1 72      102017    01212020 52021 5 1 2    10012
70-73-79-516745-001-01 1 73       41990    31212021 22021 2 1 2     5012
70-73-79-516745-001-01 1852       32020    31212021 22021 2 1 2     102 
90-88-19-106778-001-01 2 72       32017    12 2                         
90-88-19-106778-001-01 2 73       32015    02 2                         
90-88-19-106778-001-01 2 74       22020    02 12021 22021 5 1        815
90-88-19-106778-001-01 2998       22014    02 1202010202011 1        213
01-42-95-746795-001-01 2 71     2002009    02 12020 72021 6 1 2    6002 
01-42-95-746795-001-01 2 72       42016    02 2                         
66-84-66-136798-001-01 1 72       31990    01212021 52021 6 1      2002 
66-84-66-136798-001-01 1 76       31990    01212021 42021 4 1        015
66-84-66-136798-001-01 1 79       11985    01212021 52021 6 1       4015
58-57-11-796799-001-01 1 71    20001998   501212020 52021 6 1 2  100002 
58-57-11-796799-001-01 1 72      151998   401212020 52021 6 1 2    2702 
58-57-11-796799-001-01 1 73      112000    21212020 52021 6 1 2   18302 
58-57-11-796799-001-01 1 74       42017    01212020 52021 6 1 2     502 
58-57-11-796799-001-01 1 75     1002000    21212020 52021 6 1 2     502 
58-57-11-796799-001-01 1 76      101998    51212020 52021 6 1 2    3502 
58-57-11-796799-001-01 1 79       72000   851212020 52021 6 1 2    4902 
58-57-11-796799-001-01 1 80       42000    01212020 52021 6 1 2     142 
58-57-11-796799-001-01 1203       41989    01212020 52021 6 1 2     202 
58-57-11-796799-001-01 1852       42000    01212020 52021 6 1 2     502 
58-57-11-796799-001-01 2 71     2002000   201212020 52021 6 1 2    5002 
58-57-11-796799-001-01 2 72       42000   101212020 52021 6 1 2   10802 
58-57-11-796799-001-01 2 73       22019    0122                         
58-57-11-796799-001-01 2 74       22006    0122                         
58-57-11-796799-001-01 2 79       12004    0122                         
47-31-17-646800-001-01 1 71     2302006   122 12020 72021 6 1 2   200013
47-31-17-646800-001-01 1 72       82016    02 12020 4202112 1       7516
47-31-17-646800-001-01 1 73       22000    02 12020 82020 9 1       7013
47-31-17-646800-001-01 1 74       12020    02 2                         
47-31-17-646800-001-01 1 75      152018    02 2                         
47-31-17-646800-001-01 1 76       32009    02 2                         
47-31-17-646800-001-01 1 80       42009    02 2                         
47-31-17-646800-001-01 1851       22018    02 12020 82021 8 1       1213
47-31-17-646800-001-01 1852       22019    02 2                         
44-13-78-446801-001-01 1 71      502006    02 12020 72021 6 3       962 
44-13-78-446801-001-01 1 72      202010    02 12020 72021 6 3     28802 
31-28-73-836802-001-01 2 71      601998    02 12020 72021 6 1      40015
31-28-73-836802-001-01 2 76       22001    02 2                         
31-28-73-836802-001-01 3 71      431995    02 12020 62021 7 1      1802 
85-23-86-976802-001-02 2 71      102019    02 12020 72021 6 1       502 
88-98-92-706819-001-01 1 71     1002010   302 12021 42021 6 1      13015
40-63-13-426821-001-01 1 71     1002020  1001212021 4202112 1       702 
17-74-85-106835-001-01 1 71      492015    02 12020 62021 5 2       562 
82-57-40-446836-001-01 2 71     1002017   302 12020 12021 5 1      3602 
41-17-69-736838-001-01 1 71      352015   152 12020 12021 6 1      2002 
41-17-69-736838-001-01 1 73       21980    02 12021 42021 6 1      10015
27-51-88-026840-001-01 1 71     1002008   102 12020 62021 5 1 2    4802 
27-51-88-026840-001-01 1 73       21995    02 12020122021 1 1 2    1002 
88-19-35-896841-001-02 2 71      702020   401212020 52021 5 4      1202 
88-19-35-896841-001-02 2 73       22015    0122                         
88-19-35-896841-001-02 2 80       22015    0122                         
88-19-35-896841-001-02 2203       12015    0122                         
58-38-79-076854-001-01 2 71      402015    52 12020 22021 5 2      7202 
58-38-79-076854-001-01 2 73       22018    12 2                         
58-38-79-076854-001-01 2 76       92015    02 12020 5202010 2      2402 
53-89-26-216856-001-01 2 71      302016   102 12021 12021 6 1       7015
02-87-91-276858-001-01 1 71     1502012    02 12020 62021 4 1 2    7202 
02-87-91-276858-001-01 1 73       32004    02 12020122021 2 1 2    2502 
92-39-56-706859-001-01 1 71     1002020   502 12021 12021 6 1      2002 
56-38-85-256875-001-01 3 71      302018   102 12020 12021 5 1      1802 
79-80-09-616876-001-01 1 71     2002013    02 12020 62021 5 1      8402 
79-80-09-616876-001-01 1 75      702020   702 2                         
79-80-09-616876-001-01 2 71      802009    02 12020 62021 5 1      5602 
67-50-49-396878-001-02 3 71      802018    02 12020 12021 5 5      6002 
65-82-46-026890-001-01 1 71      202018    02 12020 72021 3 1       502 
57-65-96-666892-001-01 1 71      252020   202 12020 12021 5 1       502 
57-65-96-666892-001-01 1851      102020   102 2                         
71-69-22-916893-001-01 1 71      452005    02 12021 72021 9 1 2    1402 
71-69-22-916893-001-01 1 73       22000    02 12020122021 3 1 2    1202 
73-84-95-916895-001-04 1 71      502016    02 12020 52021 4 1      2402 
01-49-07-646897-001-01 1 73      102000    02 2                         
33-02-17-446899-001-01 1 71      601980    51212020 52021 4 1       702 
33-02-17-446899-001-01 1 79       21980    02 2                         
33-02-17-446899-001-01 1851       21980    01212020 52021 4 1       502 
25-16-88-576909-001-01 1 69       12015    02 2                         
25-16-88-576909-001-01 1 73       42015    02 2                         
25-16-88-576909-001-01 1851       22017    02 12020 9202011 1 2    1002 
69-09-51-686910-001-01 1 73      101998    01212020122021 1 1 2    20013
38-40-83-556911-001-01 1 73       12005    02 2                         
38-40-83-556911-001-01 1 74       12020    02 12021 42021 4 1       302 
03-42-21-926913-001-01 1 71       32020    3122                         
03-42-21-926913-001-01 1 73       12019    0122                         
03-42-21-926913-001-01 1 74       22020    0122                         
33-10-71-266915-001-01 1 71       82019    01212020 52021 4 1 2     182 
33-10-71-266915-001-01 1 74       12020    11212020 52021 4 1 2     352 
33-10-71-266915-001-01 1 75      102019    51212020 52021 4 1 2     212 
33-10-71-266915-001-01 1851       12019    0122                         
56-21-00-906916-001-01 1 73      101970    0121202011202012 1       322 
68-33-35-376919-001-01 1 71      152020   101212020 42020 4 1 2    62513
68-33-35-376919-001-01 1 73      172016    0122                         
68-33-35-376919-001-01 1 80       42015    31212020 32020 3 1 2     5013
68-33-35-376919-001-01 1851       12018    01212020 22020 3 1 2    10013
01-47-28-756928-001-01 4 73       21950    02 12020 9202012 1 2     5015
06-76-01-176931-001-01 3 73       21900    02 12020102021 1 1 2    24013
06-76-01-176931-001-01 4 71       22012    02 12020 32021 4 1 2     302 
99-84-80-486932-001-01 2 71      202020    02 2                         
99-84-80-486932-001-01 2 73      102019    02 2                         
99-84-80-486932-001-01 2 76      102021   102 2                         
99-84-80-486932-001-01 2851       32021    22 2                         
99-84-80-486932-001-01 3 73       32019    02 2                         
25-70-77-906935-001-02 1 71      242021   24122                         
25-70-77-906935-001-02 1 76      502021   50122                         
25-70-77-906935-001-02 1851      152021   15122                         
25-70-77-906935-001-02 2 71      102020    01212020 82021 5 1 2    30015
25-70-77-906935-001-02 2851       32020    02 2                         
63-09-67-796947-001-01 1 71      502019   101212020 5202010 1 2    1642 
84-45-49-736948-001-01 1 71      262020   111212021 32021 4 1 2     802 
84-45-49-736948-001-01 1 74       62018    0122                         
84-45-49-736948-001-01 1 76       72012    01212020 72020 9 1 2  1075016
70-60-21-696950-001-01 1 71       92016    01212020 52021 3 1       152 
70-60-21-696950-001-01 1 73      122015    2121202011202012 1        52 
70-60-21-696950-001-01 1 74       62019    41212020 52021 4 1       302 
88-90-24-326951-001-01 1 71       21900    0122                         
88-90-24-326951-001-01 1 73      121900    01212020102021 1 1      24012
88-90-24-326951-001-01 1 76       11900    0122                         
52-64-08-676952-001-01 1 76       22010    02 2                         
02-72-68-136954-001-02 2 76       31999    02 12020 72020 7 2       8012
66-44-70-236966-001-01 1 73       82015    62 12020112021 2 1      4002 
66-44-70-236966-001-01 1 76       12006    02 12021 62021 7 1      1002 
62-22-46-876967-001-01 1 73       22014    02 12020112021 1 1 2     602 
62-22-46-876967-001-01 1 74       42021    42 2                         
62-22-46-876967-001-01 1200       42019    02 2                         
62-22-46-876967-001-01 2 71      752017    01212021 62021 7 1 2     352 
62-22-46-876967-001-01 2 73       32019    0122                         
62-22-46-876967-001-01 2 74       22019    0122                         
50-56-53-186968-001-01 1 71      102001    01212020 82021 7 1 2     802 
50-56-53-186968-001-01 1 73       62001    01212020 9202011 1 2    36013
50-56-53-186968-001-01 3 73      152020   302 12020 9202011 1 2    48013
50-56-53-186968-001-01 4 73       82010    02 12020 9202011 1 2    24013
43-58-35-806969-001-01 1 71      502013    81212020 82021 7 1       3015
43-58-35-806969-001-01 1 73       31900    01212020112021 1 1      5002 
43-58-35-806969-001-01 3 69       12004    01212020 82021 7 1       502 
43-58-35-806969-001-01 3 73       41998    01212020112021 1 1     15002 
43-58-35-806969-001-01 3 76       11999    01212021 62021 7 1      2002 
43-58-35-806969-001-01 3 80       11999    01212020 82021 7 1      1002 
43-58-35-806969-001-01 3200       12004    01212020 82021 7 1      1502 
15-13-25-316970-001-01 2200       42007    02 12021 42021 4 1       602 
60-66-83-586971-001-01 1 73       11976    02 1202010202012 1 2    6502 
60-66-83-586971-001-01 1 74       32015    02 12020 6202010 1 2     302 
60-66-83-586971-001-01 2 71       92017    02 12020 82021 7 1 2     242 
53-85-21-066973-001-01 1 71       31900    01212021 72021 7 1 2      42 
53-85-21-066973-001-01 2 71       62014    01212021 72021 8 1 2     1215
35-21-67-116986-001-01 1 71      182021   17122                         
35-21-67-116986-001-01 1 74       92021    6122                         
99-49-91-346988-001-01 2 71       12013    01212020 72020 7 1 7      415
99-49-91-346988-001-01 5 71      222010    01212021 62021 7 1 7    32015
99-49-91-346988-001-01 5 73      181900    01212020122021 1 1 7   360013
99-49-91-346988-001-01 5 74       22017    01212021 72021 7 1 7     1013
87-64-23-476989-001-03 1 71      202000    02 12020 82021 7 3 4     512 
87-64-23-476989-001-03 1 73       22005    02 1202010202012 3 4    3252 
40-09-63-236991-001-01 1 73       41972    02 12020122021 2 1 3   10002 
40-09-63-236991-001-01 1 74       62020    02 12020 82021 7 1 3     4011
94-11-91-897023-001-01 1 71      302020    92 12020 42021 5 1 4    1562 
94-11-91-897023-001-01 1852       62020    52 12020 52020 7 1 4     152 
18-92-38-967025-001-01 1 71      301984    31212021 42021 5 1       802 
18-92-38-967025-001-01 1 72       32000    41212021 62021 6 1      1002 
18-92-38-967025-001-01 1 73       11998    11212021 22021 2 1      3002 
18-92-38-967025-001-01 2 71       32021    3122                         
24-12-46-547026-001-04 2 71       32021    32 2                         
53-69-30-267027-001-01 1 71      902013    02 12020 72021 6 1 2    1802 
53-69-30-267027-001-01 1 72       12018    02 2                         
53-69-30-267027-001-01 1 74       22013    02 12020 72021 6 1 2    1502 
53-69-30-267027-001-01 1 76       12011    02 2                         
19-85-87-437028-001-01 1 71       52020    02 12020 72021 6 1 2     202 
19-85-87-437028-001-01 1 72       12015    02 2                         
19-85-87-437028-001-01 1 73       12016    02 2                         
41-41-06-727029-001-01 1 71       22020    2122                         
41-41-06-727029-001-01 1 73       42019    4122                         
41-41-06-727029-001-01 1 74       32020    3122                         
45-81-24-077030-001-01 1 71      102019    72 2                         
45-81-24-077030-001-01 1 72       32020    02 2                         
45-81-24-077030-001-01 1 73       22020    02 2                         
45-81-24-077030-001-01 1 74       12019    02 12020 6202011 1 2     302 
45-81-24-077030-001-01 1 76       22016    02 12021 52021 6 1 2    1502 
45-81-24-077030-001-01 1852       22014    02 12020 42020 7 1 2     502 
45-81-24-077030-001-01 4 76       21992    02 12020 52020 6 1 2     702 
41-71-43-397043-001-01 2 71      302019   102 12020 72021 6 1      1202 
09-53-61-527045-001-01 1 71     1502009   252 12020 92021 6 1    100002 
09-53-61-527045-001-01 1 73      102016   102 12020 22020 4 1      4802 
09-53-61-527045-001-01 1 79       12019    02 12020 72020 8 1       502 
09-53-61-527045-001-01 1 80       32015    02 12020 62021 8 1     100011
09-53-61-527045-001-01 1200       62021    62 2                         
09-53-61-527045-001-01 1852       12019    52 12020 6202010 1       502 
21-93-66-057045-001-03 1 71      602020   202 12021 42021 6 1      2002 
21-93-66-057045-001-03 1 73       22021    02 2                         
21-89-88-287085-001-01 1 69       32018    0122                         
21-89-88-287085-001-01 1 70      102019    51212020 52021 5 1      18015
21-89-88-287085-001-01 1 71      302019   101212020 52021 5 1      1802 
21-89-88-287085-001-01 1 72      152019    5122                         
21-89-88-287085-001-01 1 73      202018    0122                         
21-89-88-287085-001-01 1 74       82020    8122                         
21-89-88-287085-001-01 1 76      102018    0122                         
21-89-88-287085-001-01 1205       62018    0122                         
21-89-88-287085-001-01 1851       12018    0122                         
21-89-88-287085-001-01 1852       32018    0122                         
21-89-88-287085-001-01 2 72      122020   12122                         
21-89-88-287085-001-01 2 73      122020   12122                         
21-89-88-287085-001-01 3 72      122020   122 2                         
21-89-88-287085-001-01 3 73      122020   122 2                         
73-92-63-517102-001-01 1 71       91990    01212020 92021 8 1       6015
73-92-63-517102-001-01 1 73       72000    01212020122021 1 1       602 
73-92-63-517102-001-01 1 76       22006    01212020 62021 7 1       802 
73-92-63-517102-001-01 1 80       22000    01212020 22020 3 1       902 
73-92-63-517102-001-01 1203       21994    0121202012202012 1      1202 
73-92-63-517102-001-01 1852       22006    01212020 32021 5 1       302 
28-64-39-027103-001-01 2 73       41900    01212020122021 1 1      1002 
28-64-39-027103-001-01 2 76       21900    01212021 42021 5 1      1002 
28-64-39-027103-001-01 2 79       21900    01212021 52021 6 1      1002 
28-64-39-027103-001-01 2 80       41900    01212021 22021 3 1       502 
28-64-39-027103-001-01 2852       21900    0122                         
16-14-07-747105-001-02 4 74       42018    02 12021 72021 8 2      1002 
06-49-50-717106-001-01 1 72       22018    0122                         
06-49-50-717106-001-01 1 74       22018    02 12021 52021 5 1        62 
06-49-50-717106-001-01 1 76       32021    02 2                         
06-49-50-717106-001-01 1852       12018    02 2                         
13-96-85-807106-001-03 1 71      652005   132 12020 72021 8 1      3772 
29-40-20-767110-001-01 1 71      182018    61312020 72021 8 1      1352 
29-40-20-767110-001-01 1 74       22021    2132                         
29-40-20-767110-001-01 1 76       21998    01312020 72021 8 1       392 
29-40-20-767110-001-01 1 79       41998    01312020 72021 8 1       432 
10-98-13-237119-001-04 1 73       91971    0121202012202012 1 2   585015
10-98-13-237119-001-04 1 74       42018    01212021 82021 8 2 3     362 
10-98-13-237119-001-04 1 76       12014    01212021 62021 7 2 3     202 
10-98-13-237119-001-04 1 79       22014    0122                         
83-54-03-757178-001-01 1 76       32018    0122                         
83-54-03-757178-001-01 1 80      101900    01212020 62021 5 1 2     1513
80-08-62-557179-001-01 1 71      301900    02 12021 1202112 1       1515
80-08-62-557179-001-01 1 72       12016    02 2                         
77-00-39-767195-001-01 1 73       22010    01212020122022 1 1 2    20015
77-00-39-767195-001-01 2 71      122018    01212020 52022 5 1 2    15015
77-00-39-767195-001-01 2 73       12019    0122                         
63-50-84-217196-001-01 1 71     2502020 20201212020 62021 4 1 2     602 
00-59-89-487198-001-01 1 71      202020    4122                         
00-59-89-487198-001-01 1 72       32021    3122                         
00-59-89-487198-001-01 3 71     1802020  180122                         
00-59-89-487198-001-01 3 72      702021   70122                         
00-59-89-487198-001-01 4 71     3002020  300122                         
00-59-89-487198-001-01 4 72      702021   70122                         
00-59-89-487198-001-01 4 73       21950    0121202012202012 1      1002 
74-28-51-417201-001-01 1 72       42001    01212020 42021 5 1       7915
74-28-51-417201-001-01 1 80       12010    0122                         
82-43-40-067214-001-01 1 71     4501900    02 12020 92021 1 1      3502 
34-57-40-287215-001-01 1 71     5001950   101212020 52021 5 1 3   48002 
34-57-40-287215-001-01 2 71      102021   10122                         
34-57-40-287215-001-01 2 72       11950    01212020 12021 5 1 3    1202 
94-63-12-267217-001-01 1 71      502008    01212020 12021 3 2      2802 
94-63-12-267217-001-01 1 72       62020    6122                         
94-63-12-267217-001-01 1 73       12000    0122                         
33-93-15-017218-001-01 1 71      752001    01212020 32021 4 1      2002 
33-93-15-017218-001-01 1 72      172019    02 2                         
33-93-15-017218-001-01 1 81       52017    01212020 32021 4 1       502 
55-07-80-347219-001-01 1 71    20002016    01212020 52021 4 1      7502 
55-07-80-347219-001-01 1 72       72017    01212020122021 4 1      50013
55-07-80-347219-001-01 1 73       32018    01212020112021 1 1      30011
55-07-80-347219-001-01 1852       12020    1122                         
92-02-31-707220-001-01 1 71     2002005    71212020 12021 5 1      5002 
92-02-31-707220-001-01 1 72       59999    01212020122021 5 1     100016
92-02-31-707220-001-01 1 73       22000    01212020 12021 2 1      3002 
68-11-80-277232-001-01 1 81       52019    01212020 72021 6 1       752 
03-88-81-187233-001-02 1 71     6001989    01212020 72021 6 2      12011
03-88-81-187233-001-02 1 72       21985    01212020 42020 6 2      1002 
03-88-81-187233-001-02 1 80       11995    01212021 52021 6 2       1011
03-88-81-187233-001-02 1 81       71998    01212021 12021 3 2       802 
03-88-81-187233-001-02 1852       22000    01212021 12021 5 2      1502 
50-03-21-927234-001-01 1 71       22021    2122                         
50-03-21-927234-001-01 1 72       41999    01212020 62021 3 1      1582 
18-17-32-427235-001-01 1 71      482014    01212020 92021 2 1      1652 
12-90-93-317237-001-01 1 71      402020    01212020 32021 6 2 3     502 
12-90-93-317237-001-01 1 72       32020    0122                         
12-90-93-317237-001-01 1 80       12006    01212020 92021 6 2 3     3011
12-90-93-317237-001-01 1 81       52019    01212020 82021 6 3 4     302 
41-63-57-787238-001-01 1 71     1001990   121212020 72021 6 1 2    3502 
41-63-57-787238-001-01 1 72       32018    01212021 42021 6 1 4     402 
66-77-07-597252-001-01 1 71      802012    01212020 52021 5 121   150016
66-77-07-597252-001-01 3 72       32005    01212020 92021 3 1      1402 
35-55-15-717252-001-09 1 71       82019    01212020 12021 3 1 2     302 
35-55-15-717252-001-09 1 76       12021    1122                         
00-28-92-717252-001-13 2 71      202020   20122                         
00-28-92-717252-001-13 2 73       22014    01212021 12021 5 1 2    15013
00-28-92-717252-001-13 2 76       12017    0122                         
23-03-77-967253-001-01 1 71     1921997   121212020 62021 5 1 2    40516
23-03-77-967253-001-01 1 72       21997    01312020 92021 4 1 2    40014
23-03-77-967253-001-01 1 80       21997    01312021 42021 6 1 2    10014
23-03-77-967253-001-01 2 71      652015    01212020 72021 6 1 2    18012
89-93-63-097254-001-02 1 72       22013    01212021 32021 6 2        22 
89-93-63-097254-001-02 1 73       62013    81212020112021 2 1 2    3002 
89-93-63-097254-001-02 3 71     1002013    31212020 12021 3 1      3502 
52-66-54-877255-001-02 1 71      362020   36122                         
52-66-54-877255-001-02 1 72       22013    01212020 72021 6 1 2     402 
52-66-54-877255-001-02 1 73       42013    01212020 72021 6 1 2    1002 
27-28-31-487256-001-01 1 71      202014    01212020 62021 6 1 2    3002 
27-28-31-487256-001-01 1 72       21992    01212021 32021 7 1 2     502 
27-28-31-487256-001-01 1 73       22000    01212020122021 3 2 4    40013
27-28-31-487256-001-01 1 80       12014    01212021 32021 6 4       102 
15-61-79-537257-001-01 1 71      302016    01212020 72021 6 2      3402 
15-61-79-537257-001-01 1 72       72005    01212020122021 5 2 5    60013
15-61-79-537257-001-01 1 73      101990    01212020112021 3 2 5   100013
15-61-79-537257-001-01 1 80       52016    01212021 52021 6 5 6     402 
15-61-79-537257-001-01 1852       22000    01212021 42021 6 5 6    1002 
15-61-79-537257-001-01 2 73       11990    02 2                         
44-61-66-317257-001-03 1 72       12000    02 1202010202011 1 2     402 
49-28-25-587258-001-01 1 70       22004    01212020122021 5 1 2    1002 
49-28-25-587258-001-01 1 72       42004    21212020 42021 6 1 2    4202 
49-28-25-587258-001-01 1 73       42004    01112020122021 4 1      5202 
77-81-42-637271-001-01 1 74       32019    22 2                         
83-24-43-627273-001-01 5 73       12010    02 12020112021 3 5 6     502 
83-24-43-627273-001-01 5 74       12017    02 12020 82021 7 5 6    1002 
83-24-43-627273-001-01 5200       12010    01212020 82021 7 4 5     502 
70-90-36-857277-001-01 1 71       22021    2122                         
70-90-36-857277-001-01 1 74       32018    01212020 62020 8 1 2    1202 
17-11-43-977313-001-01 1 71      402008    02 12020 72021 6 1      2502 
34-58-07-447313-001-03 1 71      142017    02 2                         
42-92-22-907327-001-01 1 71      202009    02 12020 42021 3 2      4802 
42-92-22-907327-001-01 1 76       12009    02 12021 22021 3 2       802 
42-14-14-817333-001-01 1 71      172015    02 12020 42021 3 1 2     962 
42-14-14-817333-001-01 1 74       12015    02 12020 32021 2 1 2     352 
91-08-30-357338-001-01 2 71      702012    02 12020 42021 3 1 2    1202 
30-25-85-657346-001-01 1 71      202014    02 12020 82021 7 1 2    1202 
30-25-85-657346-001-01 1 74       42017    02 12020 82021 7 1 2     302 
34-59-88-067357-001-01 1 71      202000    62 12020 82021 5 2      1802 
34-59-88-067357-001-01 2 71      122015    02 12020102021 4 1       842 
34-59-88-067357-001-01 2 72      102005    02 12021 22021 3 1       302 
34-59-88-067357-001-01 2 73       72000    02 1202011202012 1       602 
34-59-88-067357-001-01 2 74       72000    02 12020 52021 3 1        32 
34-59-88-067357-001-01 2 76      102007    02 12021 32021 4 1       602 
34-59-88-067357-001-01 2851       22007    02 12021 42021 5 1        52 
34-59-88-067357-001-01 2852       12007    02 2                         
11-89-03-917366-001-01 2 71     2002018    02 12020 82021 4 1      3002 
11-89-03-917366-001-01 2 99      162000    02 12020 22020 4 1      3002 
20-57-15-037367-001-01 3 74      202021  1002 12021 12021 5 2       1011
35-07-68-117368-001-01 3 71      852010    02 12020 52021 4 1 2    2402 
35-07-68-117368-001-01 3 99       22005    02 12021 22021 3 1 2     352 
10-69-14-067370-001-01 2 71      302019   301212019112020 8 1      10015
10-69-14-067370-001-01 2 76       52009    31212019102020 3 1      20013
20-59-60-327371-001-01 1 71     1502000    02 12020 12021 4 1      7502 
20-59-60-327371-001-01 1 99       81998    02 12020 42020 4 1     10002 
20-59-60-327371-001-01 2 71     1002019    02 12020 62021 2 1      1502 
45-12-70-007463-001-07 1851      302015   152 12020 12021 7 1      25013
45-12-70-007463-001-07 2 73      402019   332 12020 32021 4 1      2002 
45-12-70-007463-001-07 2 74       52021    52 2                         
93-40-14-107465-001-01 1 71      102019    02 12020112021 5 1       842 
87-10-26-467559-001-01 1 73      202019    02 2                         
87-10-26-467559-001-01 1851      162019    02 2                         
87-10-26-467559-001-01 2 71      102017    02 1202011202012 3       302 
98-74-97-827616-001-01 1 71      702015   302 12020 52021 5 1      1502 
98-74-97-827616-001-01 1851      302019   102 2                         
72-11-98-017650-001-01 1 71      282015    51212020112021 7 2      2702 
72-11-98-017650-001-01 1 73       11980    01212020112021 2 2       8413
05-80-88-367652-001-01 1 71      302010    02 12020122021 5 1      30015
62-17-78-367653-001-01 1 39       22019    0122                         
62-17-78-367653-001-01 1 71       82009    01212021 72021 7 1 2     252 
62-17-78-367653-001-01 1 73       52009    01212020112021 2 1 2     502 
62-17-78-367653-001-01 1 77       32010    01212021 62021 8 1 2     202 
62-17-78-367653-001-01 1 80       12015    01212021 72021 8 1 2      815
62-17-78-367653-001-01 1998       12009    0122                         
38-38-42-787655-001-01 1 69       12013    02 12020 52020 6 1 2    12013
38-38-42-787655-001-01 1 71      512013    02 12020 92021 6 1 2    1202 
38-38-42-787655-001-01 1 72       12013    02 1202010202012 1 2     2013
38-38-42-787655-001-01 1 73       62010    02 12020112021 1 1 2     7013
38-38-42-787655-001-01 1 74       52021    52 2                         
38-38-42-787655-001-01 1 80       22020    22 2                         
38-38-42-787655-001-01 1203       11992    02 12020 12020 3 1 2     2011
38-38-42-787655-001-01 1852       22013    02 12020 92021 5 1 2     302 
38-38-42-787655-001-01 2 71     1002015    02 12020 82021 7 1 2    2002 
38-38-42-787655-001-01 6 73       91900    02 12021 22021 4 1 2    1002 
68-19-91-607656-001-01 5 71       92017    52 12020 82020 9 2       602 
64-69-57-407657-001-01 1 71       52019    01212021 32021 3 1       242 
64-69-57-407657-001-01 1 73       12016    11212020122021 1 1      2002 
64-69-57-407657-001-01 1 76       52015    01212020 82020 8 1      3002 
64-69-57-407657-001-01 1852       12015    01212020 32021 7 1      1002 
64-69-57-407657-001-01 2 71     5002015    01212020 82021 7 1      3002 
64-69-57-407657-001-01 2 73      202014    01212020112021 1 1      4002 
64-69-57-407657-001-01 2 76      202016    01212021 32021 7 1      6002 
64-69-57-407657-001-01 2 80       22019    0122                         
64-69-57-407657-001-01 2852     1002020    0122                         
17-20-31-197657-001-03 1 71       52019    01212021 72021 7 1       212 
17-20-31-197657-001-03 1 73       42015    0122                         
17-20-31-197657-001-03 1 74       62021    51212021 72021 7 1        32 
48-48-39-867674-001-01 1 71       62017    01212020 82021 7 1       602 
48-48-39-867674-001-01 1 72       12010    01212021 22021 3 1      10013
48-48-39-867674-001-01 1 73       32010    01212020122021 3 1      20013
48-25-81-237688-001-01 1 71      502019    02 12020 62021 6 1       152 
48-25-81-237688-001-01 1 73       52018    02 12020122021 2 1      2002 
48-25-81-237688-001-01 1 74       32020    32 2                         
48-25-81-237688-001-01 1 80       12019    02 12020 22020 5 1       302 
32-21-84-787690-001-02 1 69       11900    02 2                         
32-21-84-787690-001-02 1 72       21996    02 2                         
32-21-84-787690-001-02 1 73      201900    02 2                         
32-21-84-787690-001-02 1851       21900    02 2                         
73-28-16-657692-001-01 1 71     2002010    02 12020 82021 7 1     15002 
73-28-16-657692-001-01 1 73      102001    32 12020122021 2 1     100012
73-28-16-657692-001-01 1 74       42019    02 12020 82021 7 1      15011
73-28-16-657692-001-01 1200       32019    02 12021 62021 7 1       502 
59-61-20-397693-001-01 1 71       31900    21312020 82021 7 1       2515
59-61-20-397693-001-01 1 73       11900    01312021 12021 2 1      10015
59-61-20-397693-001-01 1 74       32020    31312020 82021 8 1       2015
48-86-67-227695-001-01 1 71      332019    01212020 82021 7 1 2     8012
48-86-67-227695-001-01 1 73       12019    01212020122022 2 1 2    35012
43-93-30-837709-001-01 1 70       22017    01212020 32020 6 1      2002 
43-93-30-837709-001-01 1 71      402018   101212020 82020 9 1      4002 
43-93-30-837709-001-01 1 72       22016    0121202010202012 1      25011
43-93-30-837709-001-01 1 73       12016    01212020112021 2 1      35013
43-93-30-837709-001-01 1 74       42019    01212020 82020 9 1      40013
43-93-30-837709-001-01 1 76       82015    31212020 42020 5 1      4002 
43-93-30-837709-001-01 1 79       12017    01212020 72020 9 1      25014
43-93-30-837709-001-01 1 80       12018    01212020 42020 5 1      15013
43-93-30-837709-001-01 1852       42017    21212020 2202011 1      2502 
43-93-30-837709-001-01 1998       22014    01212020 52020 7 1      10014
08-11-59-497711-001-01 1 73       52020    4122                         
08-11-59-497711-001-01 1 75       12020    1122                         
08-11-59-497711-001-01 2 71       62019    51212020 12021 2 1 2    2002 
08-11-59-497711-001-01 2 73       12019    0122                         
08-11-59-497711-001-01 2 74       12021    1122                         
08-11-59-497711-001-01 2852       12019    0122                         
67-88-22-187712-001-01 2 69       12009    01212020122021 2 1 2    25011
67-88-22-187712-001-01 2 73       42018    01212020 7202011 2       152 
67-88-22-187712-001-01 2 76       12007    0122                         
67-88-22-187712-001-01 2852       22007    01212020 7202011 2       352 
15-42-73-607728-001-01 1 71      502019   101312020 22020 2 1       1413
88-14-86-337729-001-01 2 71       32021    3122                         
88-14-86-337729-001-01 2 73       52020    5122                         
88-14-86-337729-001-01 2 74       82021    8122                         
88-14-86-337729-001-01 2 76       22021    2122                         
88-14-86-337729-001-01 2 80       42021    42 2                         
94-29-07-237733-001-01 3 80       72008    01212020 42020 5 2       2015
59-34-00-287746-001-01 1 71       22021    2122                         
59-34-00-287746-001-01 1 73       42020    4122                         
59-34-00-287746-001-01 1 75       22020    2122                         
81-04-14-297751-001-01 1 70       12019    02 12020 32020 9 1 4     362 
81-04-14-297751-001-01 1 71       92021    02 2                         
09-26-56-737767-001-01 1 73       42020    4122                         
09-26-56-737767-001-01 1 76       42021    4122                         
09-26-56-737767-001-01 2 73       52018    0122                         
66-99-05-827770-001-01 1 73       12016    0122                         
11-76-93-907771-001-01 2 73       31900    02 12020102021 1 1      18016
64-51-13-877784-001-01 1 69       32016    01212020 32021 2 1 2    20015
64-51-13-877784-001-01 1 76      142010    51212020 82020 9 1 2    30015
64-51-13-877784-001-01 3 73       12017    0121202010202012 1 2    15015
91-84-77-027784-001-05 1 73       11900    0122                         
91-84-77-027784-001-05 1 75      202021   20122                         
63-96-57-657789-001-01 1 70       22020    22 2                         
63-96-57-657789-001-01 1 76       52019    02 2                         
63-96-57-657789-001-01 1998       22020    22 2                         
37-79-76-007789-001-02 1200       32015    02 12020 12020 5 2       502 
16-12-93-027790-001-02 5 73       21900    02 1202010202012 2 3    15013
16-12-93-027790-001-02 7 74       12019    1122                         
16-12-93-027790-001-02 7 76       11900    01212020 62020 7 2 3     452 
40-64-10-347802-001-01 1 71      101990    01212020 32021 4 1 2    1602 
40-64-10-347802-001-01 1 73       72020    7122                         
40-64-10-347802-001-01 1 74       22018    01212020 32021 4 1 2     652 
40-64-10-347802-001-01 1 76       51989   101212020 32021 4 1 2    1802 
40-64-10-347802-001-01 1 77       22001    01212020 32021 4 1 2    2002 
40-64-10-347802-001-01 1 79       21994    01212020 32021 4 1 2    5602 
40-64-10-347802-001-01 2 73       12017    02 2                         
17-90-17-267804-001-01 2 76       12016    02 12020 72020 9 1       202 
60-23-57-077805-001-01 1 71      102017    02 12020 62021 5 1 2    2002 
17-34-94-887806-001-01 3 71      532020   26122                         
81-48-53-177806-001-02 1 70       12020    1122                         
81-48-53-177806-001-02 1 76       32020    3122                         
81-48-53-177806-001-02 1852       12019    0122                         
25-44-43-187807-001-01 1 71       92012    02 2                         
25-44-43-187807-001-01 1 73       62019    02 2                         
95-48-94-617808-001-01 1 71       22020    01212020 52021 4 1 2      52 
95-48-94-617808-001-01 1 72       12020    0122                         
95-48-94-617808-001-01 1 73       62019    0122                         
95-48-94-617808-001-01 1 74       32014    01212020 52021 4 1 2    1002 
95-48-94-617808-001-01 1 75      202014    01212020 52021 4 1 2     252 
95-48-94-617808-001-01 1 76       72019    0122                         
95-48-94-617808-001-01 1 79       22019    0122                         
95-48-94-617808-001-01 1852       22019    0122                         
95-48-94-617808-001-01 2 73       22019    0122                         
16-78-00-157809-001-01 1 70       12019    01212020 92021 4 1 2     292 
16-78-00-157809-001-01 1 71       62008    01212020112021 4 1 2    2412 
16-78-00-157809-001-01 1 73       32018    01212020122021 2 1       492 
16-78-00-157809-001-01 1 74       22019    01212020 9202011 1 2     642 
16-78-00-157809-001-01 1 75      192016    0121202010202012 1 2     212 
16-78-00-157809-001-01 1 76       52008    01212020 62020 8 1 2    1472 
16-78-00-157809-001-01 1 79       12016    0122                         
16-78-00-157809-001-01 1852       22008    01212021 42021 4 1 2      42 
16-78-00-157809-001-01 1998       22015    01212020 6202012 1 2     122 
33-34-92-887811-001-01 1 73       12017    0122                         
33-34-92-887811-001-01 1 74       32017    01212020 42020 6 1 2     6014
33-34-92-887811-001-01 1 76       32017    0122                         
74-19-50-757821-001-01 1 76       61978    01212020 42020 6 1      2032 
74-19-50-757821-001-01 1998       12018    0122                         
16-78-25-517822-001-01 1 71       82016    32 12020 72021 6 1      2382 
16-78-25-517822-001-01 1 73       71990    0121202010202012 1       522 
16-78-25-517822-001-01 1 76       11990    01212020 52020 7 1       112 
16-78-25-517822-001-01 1 79       21990    0122                         
16-78-25-517822-001-01 1200       22015    0122                         
16-78-25-517822-001-01 1998       12015    01112020 22020 4 1       122 
16-78-25-517822-001-01 2 39       21990    01212020 42020 7 1       212 
32-99-12-857823-001-01 3 73       11921    02 1202010202012 1      10014
32-99-12-857823-001-01 3 80       12002    02 2                         
95-78-69-017823-001-02 1 71       92021    92 2                         
95-78-69-017823-001-02 2 71     1002010    01212021 22021 4 1 2    12012
63-30-99-247824-001-01 1 73       21991    01212019122020 2 1      15013
63-30-99-247824-001-01 1 76       31993    01212021 72021 8 1      1002 
63-30-99-247824-001-01 1 79       11992    0122                         
26-83-07-887825-001-01 4 70       12020    02 12021 22021 3 1 2     102 
26-83-07-887825-001-01 4 71      102016    32 12021 32021 6 1 2     602 
26-83-07-887825-001-01 4 74       12020    12 2                         
19-13-36-447826-001-02 1 39       21900    01212020 72021 6 9       9013
19-13-36-447826-001-02 1 71       81900    01212020 72021 6 9       332 
19-13-36-447826-001-02 1 73       31900    0121202010202012 9      15013
19-13-36-447826-001-02 2 39       11900    0122                         
19-13-36-447826-001-02 2 71      141900    01212020 72021 6 9       242 
11-01-62-717826-001-04 1 71      372016    02 12021 2202110 1 2     802 
11-01-62-717826-001-04 1 72       12017    02 2                         
11-01-62-717826-001-04 1 73       32016    02 12020122021 2 1 2     5012
11-01-62-717826-001-04 1 74       62021    52 2                         
11-01-62-717826-001-04 1 75      102019    02 2                         
11-01-62-717826-001-04 1 76       62016    02 12021 12021 3 1 2     702 
11-01-62-717826-001-04 1205       32019    02 2                         
11-01-62-717826-001-04 2 69       21900    02 12020122021 2 1 2    1002 
11-01-62-717826-001-04 2 74       42018    02 12021 3202110 1 2     5511
11-01-62-717826-001-04 2 76      502016    02 12021 22021 4 1 2    4002 
19-76-47-957827-001-01 1 39       11999    01212020 42020 9 1 2    15012
19-76-47-957827-001-01 1 74       12020    1122                         
19-76-47-957827-001-01 1 76       12017    0122                         
18-60-12-927827-001-02 1 76       21999    02 12020 72021 6 2      2002 
17-99-40-217840-001-01 1 73       12019    02 2                         
17-99-40-217840-001-01 1 76       12009    02 12020 52021 6 1 2     102 
17-99-40-217840-001-01 3 73       12018    02 2                         
49-58-44-747841-001-01 1 70       12018    01212020 72020 7 1 2     1015
49-58-44-747841-001-01 1 73       22010    0121202010202012 1 2    80013
49-58-44-747841-001-01 1 76       72003    0121202011202012 1 2    52013
29-74-60-147842-001-01 1 68       12020    0122                         
29-74-60-147842-001-01 1 71       22018    01212020 82021 7 1       302 
29-74-60-147842-001-01 1 73       22015    0121202010202012 1      2062 
29-74-60-147842-001-01 1 74       22020    0122                         
29-74-60-147842-001-01 1 75       12020    0122                         
29-74-60-147842-001-01 1 76       32019    0121202011202012 1        52 
29-74-60-147842-001-01 1852       12020    0122                         
63-73-59-667842-001-03 1 71       12017    01312020 82021 7 1 2     202 
63-73-59-667842-001-03 1 73       22018    0132                         
63-73-59-667842-001-03 1 74       22019    01312020 82021 7 1 2     302 
63-73-59-667842-001-03 1 76       42019    0132                         
56-26-44-997845-001-01 1 71       62020    11212020 82021 7 1       202 
56-26-44-997845-001-01 1 73       32017    0122                         
56-26-44-997845-001-01 1 74       12020    1122                         
56-26-44-997845-001-01 1 75       52020    01212021 42021 4 1        12 
56-26-44-997845-001-01 1 76       22019    0122                         
21-16-08-167846-001-01 1 71       22018    02 12020 82021 5 1       402 
21-16-08-167846-001-01 1 73       22004    02 12020122021 2 1 2    2002 
21-16-08-167846-001-01 1 74       12016    02 12020 92021 7 1       152 
08-12-65-707847-001-01 6 73       12015    0122                         
08-12-65-707847-001-01 6 74       12021    1122                         
13-86-84-697859-001-01 1 73       52015    01212020122021 1 1       302 
13-86-84-697859-001-01 1 76       12017    02 2                         
70-91-07-557860-001-01 1 71       42017    01212020 82021 7 1       152 
70-91-07-557860-001-01 1 76      132012    01212020 82021 7 1      39013
70-91-07-557860-001-01 1851       32012    01212020 82021 7 1       172 
70-91-07-557860-001-01 1852       32012    01212020 82021 7 1        82 
07-61-69-657862-001-01 1 71      602006    01212020 82021 7 1 2    1502 
07-61-69-657862-001-01 1 73      122018    6122                         
07-61-69-657862-001-01 1 76       62011    01212021 62021 7 1 2    20013
07-61-69-657862-001-01 1 79       22011    01212021 62021 7 1 2    1002 
08-24-51-297863-001-01 1 71       12015    01212021 62021 7 1 2     222 
08-24-51-297863-001-01 1 73       22015    0121202012202012 1 2     402 
08-24-51-297863-001-01 1 74       11900    01212021 62021 7 1 2     202 
08-24-51-297863-001-01 1 75       22018    01212020 42020 4 1 2      32 
08-24-51-297863-001-01 1 76       12019    0122                         
03-51-23-507865-001-01 1 71       42017    02 12020 82021 7 1      1202 
03-51-23-507865-001-01 1 76       32019    02 2                         
16-82-37-777866-001-01 1 71      102020    2122                         
16-82-37-777866-001-01 1 73       22019    1122                         
16-82-37-777866-001-01 1 76       12019    0122                         
88-88-83-397866-001-04 1 73       42018    0122                         
88-88-83-397866-001-04 1 74       12018    01212021 52021 6 1 2     1013
88-88-83-397866-001-04 1852       12018    0122                         
84-90-25-347897-001-01 1 71       11977    01212021 52021 5 1 2     202 
84-90-25-347897-001-01 1 73       21970    0121202010202012 1 2    20013
84-90-25-347897-001-01 1200       71980    01212021 22021 4 1 2    12013
34-13-06-647899-001-01 2 71       42015    02 12020 72021 6 1       502 
34-13-06-647899-001-01 2 73       11998    02 12020122021 2 1 2    2002 
34-13-06-647899-001-01 2 76       52018    02 2                         
34-13-06-647899-001-01 2 80       12017    02 2                         
34-13-06-647899-001-01 2200       12018    02 2                         
52-33-12-157900-001-01 1 71       71900    01212021 22021 6 1 2     102 
52-33-12-157900-001-01 1 73       61900    01312020112021 1 1 2    3002 
52-33-12-157900-001-01 1200       82020    61312020122021 2 1 2     502 
52-33-12-157900-001-01 2 73       11900    02 2                         
62-09-95-837902-001-02 2 71      252008    01212020 72021 6 1       622 
62-09-95-837902-001-02 2 73       32006    0121202010202012 1 2     302 
62-09-95-837902-001-02 2 76       22011    01212020 62020 8 1 2     232 
23-91-99-717903-001-01 1 73       52008    01212020112021 1 1       4813
23-91-99-717903-001-01 1 80       19999    01212021 32021 5 1 2     2913
87-80-72-977904-001-01 1 71       52018    01112021 32021 6 1 2     302 
87-80-72-977904-001-01 1 73       32006    0121202010202011 1 2    36013
87-80-72-977904-001-01 1 80       41900    01212020 52020 6 1 2    60013
87-80-72-977904-001-01 1200       32014    01212020 52020 6 1 2    24013
87-80-72-977904-001-01 2 73       71900    0121202010202012 1 2   240015
08-08-88-137904-001-03 1 76       22019    02 2                         
90-68-95-747916-001-01 1 71       82020    01212020 62021 5 1       402 
90-68-95-747916-001-01 1 72       42020    0122                         
90-68-95-747916-001-01 1 73       62020    51212020122021 1 1       602 
90-68-95-747916-001-01 1 74       32020    0122                         
90-68-95-747916-001-01 1 75       72020    01212020 62021 5 1       152 
95-68-45-617917-001-01 1 71      211994    01212020 62021 5 4      1202 
95-68-45-617917-001-01 1 72       11997    01212020 62021 5 4       602 
95-68-45-617917-001-01 1 74       12016    01212020 62021 5 4       502 
95-68-45-617917-001-01 1 76       81993    01212020 62021 5 4      2402 
95-68-45-617917-001-01 1852       11993    01212020 62021 5 4       602 
80-27-00-227918-001-01 1 71      152010    01212020 6202011 1 2     662 
80-27-00-227918-001-01 1 72       11974    01212021 32021 5 1 2     602 
80-27-00-227918-001-01 1 73       61974    01212020112021 1 1 2    6242 
80-27-00-227918-001-01 1 76       21978    01212021 32021 5 1 2     522 
80-27-00-227918-001-01 1852       52018    01212021 32021 5 1 2     522 
80-27-00-227918-001-01 2 73       22009    01212020112021 1 1 2     522 
19-89-44-487919-001-01 1 71      102020    0122                         
19-89-44-487919-001-01 1 72       22015    01212021 22021 5 1 2     752 
19-89-44-487919-001-01 1 74       22020    21212021 42021 5 1 2     502 
71-33-08-657919-001-11 1 71       22021    2122                         
71-33-08-657919-001-11 1 72       22017    0122                         
71-33-08-657919-001-11 1 73       12021    1122                         
71-33-08-657919-001-11 1 74       22019    01212021 32021 5 1 2     8011
71-33-08-657919-001-11 1852       12010    01212020 62021 5 1 2    1002 
52-72-30-637920-001-01 1 73       22000    01212020112021 2 1 4    18015
52-72-30-637920-001-01 1 76       62010    01212021 42021 4 1 4    26013
52-72-30-637920-001-01 1 79       22010    01212021 42021 4 1 4     502 
52-72-30-637920-001-01 2 72       12017    01212021 32021 4 1 4     3015
53-96-23-777921-001-01 1 71      552019    01212020 62021 5 1       822 
53-96-23-777921-001-01 1 72      152020   141212020 52020 7 1       302 
53-96-23-777921-001-01 1 73       22015    0122                         
53-96-23-777921-001-01 1 74       72020    7122                         
53-96-23-777921-001-01 1 76      301988    01212021 22021 5 1     35002 
53-96-23-777921-001-01 1852      152017    01212021 22021 5 1       402 
32-16-83-617921-001-04 1 71     1502019   101212020 62021 5 1 5    1602 
32-16-83-617921-001-04 1 73       12019    0122                         
32-16-83-617921-001-04 1 74       22020    2122                         
32-16-83-617921-001-04 1 76       12018    0122                         
45-53-14-167922-001-01 1 71       52020    5122                         
45-53-14-167922-001-01 1 72       42017    4122                         
45-53-14-167922-001-01 1 73       12013    11212020122021 2 1 2     702 
45-53-14-167922-001-01 1 76       42013    41212020 42020 7 1 2    1002 
45-53-14-167922-001-01 1 80       12016    1122                         
45-53-14-167922-001-01 1203       52014    51212020 22020 4 1       102 
45-53-14-167922-001-01 1852       22013    21212020 42020 7 1       302 
43-53-42-887923-001-01 1 71      472019    81212020 52021 4 1 2    1602 
43-53-42-887923-001-01 1 72       42016    01212020 42021 5 1 2     402 
43-53-42-887923-001-01 1 73       52017    01212020 42021 5 1 2     302 
43-53-42-887923-001-01 1 74       32015    01212020 42021 5 1       202 
43-53-42-887923-001-01 1 76      372000    01212020 42021 5 1 2    5302 
43-53-42-887923-001-01 1 79       22000    01212020 42021 5 1 2    1002 
43-53-42-887923-001-01 1 80       12016    01212020 42021 5 1 2     152 
43-53-42-887923-001-01 1852       32013    01212020 42021 5 1 2     402 
17-46-58-997935-001-01 5 73       22000    01212020 42021 5 1 2     502 
74-23-11-257935-001-07 1 71       62021    2122                         
74-23-11-257935-001-07 1 74       12021    1121202110202112 1 2     152 
74-23-11-257935-001-07 1203       11995    01212021 1202112 1       852 
11-86-72-637937-001-06 1 74       41900    01212020 62021 5 1      2402 
11-86-72-637937-001-06 1 76      102020   10122                         
47-29-29-057938-001-0111 73       71900    02 12020122021 2 1      32015
66-44-37-767939-001-01 1 73       41900    02 2                         
66-44-37-767939-001-01 1998       12017    0122                         
82-22-68-187939-001-03 1 73       12011    02 12020122021 1 1       152 
83-71-94-397941-001-05 1 73      202019    02 2                         
83-71-94-397941-001-05 1 74      102018    02 2                         
60-83-88-297942-001-01 1 73       21992    0121202011202012 1 2    3602 
60-83-88-297942-001-01 1 74       22020    2122                         
60-83-88-297942-001-01 1 76       12020    1122                         
60-83-88-297942-001-01 2 73       11992    0121202011202012 1 2     6015
60-83-88-297942-001-01 2998       31990    01212020 32020 4 1       4015
85-82-39-187942-001-09 1 74       12021    1122                         
85-82-39-187942-001-09 1 76       12021    1122                         
85-82-39-187942-001-09 1998       12018    01212020 52020 6 1 2     202 
11-11-82-257958-001-01 3 73       12000    02 12020122021 2 1 3    1302 
11-11-82-257958-001-01 3 76       22000    01112021 22021 5 1 3     702 
11-11-82-257958-001-01 3998       72021    7122                         
66-05-47-957977-001-01 1200       32015    02 12021 22021 4 1 2     1211
61-85-33-747978-001-01 1 74       22016    02 12020 62020 6 1 2     502 
38-20-36-177978-001-04 2 73       21991    02 2                         
33-39-81-337980-001-01 1 73       12010    0121202012202012 1       2314
33-39-81-337980-001-01 1 74       52018    41212020 7202010 1        92 
39-16-24-827995-001-01 1 76       12009    02 12021 22021 5 1       602 
39-16-24-827995-001-01 8 71     1002020   60122                         
39-16-24-827995-001-01 8 72       12015    0122                         
39-16-24-827995-001-01 8 73       71980    0121202010202012 1 2    45015
39-16-24-827995-001-01 8 74       72019    01212020 62021 5 1 2     8015
39-16-24-827995-001-01 8 76       42009    01212021 22021 5 1 2    14015
39-16-24-827995-001-01 8 80       12018    0122                         
39-16-24-827995-001-01 8200       12010    01212020 62021 5 1 2     3515
39-16-24-827995-001-01 8998       12010    01212020 62021 5 1 2     5015
31-14-12-167998-001-01 1 70       12020    01212021 32021 5 1 2     182 
31-14-12-167998-001-01 1 76       22007    01212021 22021 4 1 2     402 
31-14-12-167998-001-01 1 79       12019    0122                         
31-14-12-167998-001-01 1 80       12017    01212021 22021 3 1 2     352 
31-14-12-167998-001-01 1852       22008    01212020 62021 5 1 2    1102 
38-93-28-418011-001-01 1 71       32015    02 12020 72021 6 1 2     452 
38-93-28-418011-001-01 1 74       22020    02 12021 62021 6 1 2   72002 
38-93-28-418011-001-01 1 76       12014    02 2                         
00-57-86-778054-001-01 1 72       12019    1122                         
00-57-86-778054-001-01 1 74       12019    1122                         
00-57-86-778054-001-01 1852       12019    1122                         
59-42-79-328068-001-02 1 71      512019    01212020 82021 6 2      1102 
59-42-79-328068-001-02 1 73       42004    0121202011202012 2      5602 
59-42-79-328068-001-02 1 74       12021    1122                         
08-10-16-648068-001-04 1 73       22016    02 12020112021 1 5      1202 
08-10-16-648068-001-04 1 74       52018    02 12020 62021 1 1 2    10011
62-39-49-908070-001-01 1 74       32015    12 12021 22021 5 1       502 
99-94-65-538071-001-01 1 73       11970    0121202012202012 1 2    14013
99-94-65-538071-001-01 1998       11970    01212020 22020 3 1 2     602 
99-94-65-538071-001-01 2 73       22015    0121202011202012 1 2    36013
39-63-64-448073-001-01 1 73       41989    02 12020112021 1 1      25012
39-63-64-448073-001-01 2 73       12018    02 2                         
17-46-97-578073-001-03 1 71      102021    4122                         
17-46-97-578073-001-03 1 74       52021    52 2                         
86-24-47-948074-001-01 1 73       12000    01212020122021 1 1 2    2002 
86-24-47-948074-001-01 1998       12016    02 12020 62021 8 1 2     602 
86-24-47-948074-001-01 3 73       22010    01212020122021 1 1 2    1002 
29-04-37-378076-001-02 1 73       32008    01212020 42021 5 4      2002 
78-51-37-438087-001-01 1 71       62020    01212020 42021 5 1 2      52 
78-51-37-438087-001-01 1 73       32001    01212020 32021 4 1 2     5011
96-28-87-018089-001-01 1 71       72019    01212021 42021 4 1 2     122 
96-28-87-018089-001-01 1 72       22019    0122                         
96-28-87-018089-001-01 1 73       22020    2122                         
96-28-87-018089-001-01 1 74       12021    1122                         
41-20-70-698090-001-01 1 73      121975    01212021 22021 4 1      56111
82-22-36-588091-001-01 1 73       62011    02 12020122021 2 2      5002 
08-11-10-008092-001-01 1 73       31900    01212021 12021 2 1 2    24015
30-34-74-238093-001-01 3 73       21900    01212020112021 3 1 2     202 
21-68-14-268106-001-02 1 71      302016    01212021 22021 4 2       602 
21-68-14-268106-001-02 1 80       12007    01212020 8202010 2      1502 
58-04-46-168107-001-01 1 71       12021    1122                         
58-04-46-168107-001-01 1 72       22007    01212020 72021 6 1       6011
04-52-77-928109-001-02 3 71       32018    01212020 72021 6 3       652 
04-52-77-928109-001-02 3 72       42021    3122                         
04-52-77-928109-001-02 3 76       12010    01212021 62021 8 3 4     202 
08-91-66-168110-001-01 1 80       41996    02 12021 52021 6 1       802 
08-91-66-168110-001-01 1200       31996    02 12021 52021 7 1 3     652 
91-73-79-238112-001-01 1 71       22000    01212020 72021 6 1       502 
91-73-79-238112-001-01 1998       32017    02 12021 22021 4 1       102 
80-61-59-888113-001-01 1 71       52016    02 12020122021 2 1 2    1802 
65-27-64-638130-001-01 1 71      122016    01212021 12021 4 1       452 
65-27-64-638130-001-01 1 72      102020    7122                         
68-70-95-158164-001-01 1 71      152012    91212020 52021 4 1 2     402 
68-70-95-158164-001-01 1 73       22003    01212020 42021 4 1 2    24011
06-57-77-898167-001-01 1 69       12019    0121202012202012 1 4     452 
06-57-77-898167-001-01 1 71       22021    2122                         
06-57-77-898167-001-01 1 73       52019    3122                         
06-57-77-898167-001-01 1 74       32019    21212020 52021 4 3 4     502 
16-85-18-498169-001-01 1 71      302020   301212020 42021 4 1      3602 
16-85-18-498169-001-01 1 73       32001    01212020122021 2 1      2602 
16-85-18-498169-001-01 1 74       32019    01212020 12021 4 1      1502 
19-34-58-488170-001-01 1 69       22015    02 12020 7202010 1       502 
19-34-58-488170-001-01 1 71      372014    42 12021 42021 5 1       302 
19-34-58-488170-001-01 1 73       32013    02 12020112021 2 1      4802 
19-34-58-488170-001-01 1200       12017    02 12020 62020 8 1       902 
23-92-25-818170-001-02 1 69       11900    02 12020122021 2 2       122 
23-92-25-818170-001-02 1 74       12020    02 2                         
23-92-25-818170-001-02 1 79       11900    02 12021 52021 5 2       182 
23-92-25-818170-001-02 1 80       11900    02 12021 32021 4 1 2     502 
23-92-25-818170-001-02 1200       11900    02 12021 32021 3 1 2     252 
73-73-81-468173-001-01 2 73       21980    01212021 12021 2 1      20016
73-73-81-468173-001-01 2 75       32021    3122                         
81-59-25-118182-001-01 3 71      102020   10122                         
81-59-25-118182-001-01 3 73       12017    0121202010202010 1 4     302 
81-59-25-118182-001-01 3 74       32019    01212020 92021 8 1 4     602 
81-59-25-118182-001-01 3 75      102021   10122                         
85-45-40-368182-001-02 1 71      252019    01212021 42021 6 1       8012
85-45-40-368182-001-02 1 73       81980    0121202012202012 1      32015
85-45-40-368182-001-02 1 74       62019    0121202011202012 1       6012
85-45-40-368182-001-02 1 75      502020   50122                         
11-04-95-978183-001-01 1 73      102011    02 12020112021 1 1 2     4012
11-04-95-978183-001-01 2 73       82008    02 2                         
55-00-80-558184-001-01 2 71      132020    02 12020112021 6 1 2     202 
55-00-80-558184-001-01 2 73       71900    02 12020122021 1 1 2     252 
55-00-80-558184-001-01 2 75      102021   152 2                         
55-00-80-558184-001-01 2 80       11900    02 12021 62021 7 1 2      52 
55-00-80-558184-001-01 2203       31900 20202 12020102021 1 1 2     102 
55-00-80-558184-001-01 2851       31900    02 12021 62021 8 1 2      42 
55-00-80-558184-001-01 2852       11900    02 12020112021 2 1 2      32 
55-00-80-558184-001-01 3 69       21900    02 12020112021 1 1 2     502 
55-00-80-558184-001-01 3 73       11900    02 12020122021 1 1 2     302 
08-21-18-738185-001-01 1 71      401970    01212021 92021 9 2       402 
08-21-18-738185-001-01 1 73      131900    0121202011202112 2      1002 
08-21-18-738185-001-01 1 75      502020   15122                         
08-21-18-738185-001-01 1 76      141990    01212021 62021 7 2       402 
08-21-18-738185-001-01 1 79       61900    01212021 62021 6 2       202 
08-21-18-738185-001-01 1851       61900    01212021 92021 9 2        12 
08-21-18-738185-001-01 2 71      102019    01212021 92021 9 2       152 
08-21-18-738185-001-01 2 73       42019    0122                         
08-21-18-738185-001-01 2 76      101900    0122                         
08-21-18-738185-001-01 3 76       41900    02 2                         
08-21-18-738185-001-01 4 73       51900    02 2                         
64-14-59-038186-001-01 1 69       11995    01212020102021 2 2      2122 
64-14-59-038186-001-01 1 71      452018    41212021 32021 8 2      1302 
64-14-59-038186-001-01 1 73       31980    3122                         
83-98-37-268187-001-01 3 71      102020   10122                         
83-98-37-268187-001-01 4 71      842017    02 12020 92021 7 1      1952 
37-12-34-368188-001-01 1 69       11990    02 2                         
37-12-34-368188-001-01 1 71      252013    02 12020102021 7 1 2     902 
37-12-34-368188-001-01 1 73       32015    62 12020122021 2 1 2    1502 
37-12-34-368188-001-01 2 71      502011    02 12020122021 8 1 2    1502 
37-12-34-368188-001-01 2 73       41999    02 12020112021 8 1 2    25013
37-12-34-368188-001-01 2 75      402009    02 12020112021 1 2      3002 
37-12-34-368188-001-01 2852       12006    02 2                         
68-96-28-518189-001-01 2 71       52019    02 12021 52021 8 1       602 
68-96-28-518189-001-01 2 74       12020    02 12020 42021 7 1       302 
68-96-28-518189-001-01 2851       12019    02 12021 42021 5 1       202 
63-99-79-448204-001-01 1 71      302014    02 2                         
63-99-79-448204-001-01 1 73       42006    02 2                         
63-99-79-448204-001-01 2 71      202014    02 2                         
63-99-79-448204-001-01 3 69       12001    02 2                         
63-99-79-448204-001-01 3 71      102015    02 12020 9202012 3       402 
63-99-79-448204-001-01 3 98       12016    02 12020 92021 8 3       502 
69-37-83-888205-001-01 2 76      101997    01212020 52021 6 1      5602 
75-64-92-778206-001-01 3 71       22018    01212020102021 7 1      1442 
75-64-92-778206-001-01 3 74       12018    01212021 92021 9 1       602 
75-64-92-778206-001-01 3 76       22010    01212020 82021 7 1      1652 
75-64-92-778206-001-01 4 71       72020    01212021 52021 7 1       302 
75-64-92-778206-001-01 4 73       42018    2122                         
75-64-92-778206-001-01 4 74       12020    0122                         
75-64-92-778206-001-01 4 75       32020    0122                         
37-84-33-458213-001-01 1 71      131900    02 12020 92021 5 1 2     302 
37-84-33-458213-001-01 1 73       21900    02 12021 12021 2 1 2     152 
37-84-33-458213-001-01 1 75       52020    52 2                         
07-12-36-518221-001-01 3 71       42020    31212020 12021 5 2       752 
07-12-36-518221-001-01 3 76       12020    1122                         
07-12-36-518221-001-01 3 84       22013    11212020102021 2 2 7     202 
19-84-40-428227-001-01 1 71     2502018    11212020 62021 4 1 2    3602 
19-84-40-428227-001-01 1 74       12019    01212020 72021 4 1      1262 
19-84-40-428227-001-01 1200       12019    0122                         
04-37-85-438240-001-01 1 73       31995    01212020 9202011 1 5    20015
45-06-93-918242-001-01 1 71      151990    01212020 62021 5 1 2     5015
45-06-93-918242-001-01 1 73       41990    01212020 62021 5 1 2     7515
91-94-05-768243-001-02 1 73       92003    02 2                         
69-24-30-068246-001-01 1 71     1102016    01212020 12021 5 2      21515
69-24-30-068246-001-01 1 73       61992    01212020112021 1 2 4    75615
69-24-30-068246-001-01 1 80       22013    01212020 12021 3 2      21615
69-24-30-068246-001-01 4 71       52019    0122                         
69-24-30-068246-001-01 4 74       52019    31212020 62021 5 2     15262 
69-24-30-068246-001-01 4200       12020    1122                         
69-24-30-068246-001-01 4852       22000    01212020 22021 5 2     178615
33-13-26-348258-001-01 1 73       12012    0121202010202012 1 2     252 
33-13-26-348258-001-01 1 76       52014    01212020 6202010 1 2    3702 
52-96-30-548259-001-01 1 71       51900    21212020 32021 2 1 2     2815
52-96-30-548259-001-01 1 73       51900    01212020112021 1 1 2     1513
52-96-30-548259-001-01 1 74       21900    01212020 32021 2 1 2     8513
52-98-01-088260-001-01 3 73       19999    1122                         
40-28-81-738261-001-01 2 76       22001    02 12020 6202010 1 2    1002 
27-65-92-718262-001-01 2 73       21988    02 12020102021 2 1 2    30012
25-50-76-858263-001-01 3 76       12019    0122                         
49-43-73-788267-001-01 1 76       51976    01212020 62020 9 1      10014
45-39-10-248277-001-01 1 73       51989    02 12020102021 1 1      24013
24-46-42-268281-001-01 1 71     1959999    02 12021 62021 7 2       452 
24-46-42-268281-001-01 1 73       39999    01212021 12021 2 1 2    10413
24-95-76-968281-001-07 1 71      659999    02 2                         
76-84-55-628282-001-01 1 71       52018    02 12020 72021 6 1      1502 
97-06-33-258282-001-03 1 73       21990    01312020122021 2 1      10015
36-66-06-018283-001-02 2 73      201955    02 12020122021 2 3     100012
25-22-50-958284-001-01 1 71      191900    11212021 12021 2 110     3015
25-22-50-958284-001-01 1 72       12017    0122                         
25-22-50-958284-001-01 1 73       61994    01212020122021 1 110    45013
25-22-50-958284-001-01 2 71      252020   25122                         
25-22-50-958284-001-01 2 72       72020    7122                         
95-10-97-388285-001-01 2 73       11900    01212020122021 1 1      1002 
30-91-33-948299-001-01 1 71      102008    01312021 42021 6 1 2     602 
30-91-33-948299-001-01 1 72       52008    22 12020 72021 6 2      2002 
94-59-16-398315-001-01 1 70       12010    01212020 42020 4 1 8      62 
94-59-16-398315-001-01 1 73       82009    01212020122021 2 1 8    11115
94-59-16-398315-001-01 2 70       12010    01212020 42020 4 1 8     2515
94-59-16-398315-001-01 2 73       12010    01212020122021 2 1 8      815
94-59-16-398315-001-01 2 74       42018    01212020 62020 9 1 8     3815
29-73-67-928317-001-01 1 71       52018    02 12020 52020 8 1       302 
29-73-67-928317-001-01 1 72       52010    02 12020 32021 5 1      10013
29-73-67-928317-001-01 1852       12010    02 12020 32021 3 1       102 
19-74-83-658320-001-01 2 73       89999    31212020 22020 3 1      31215
57-94-17-988321-001-03 3 72       21900    0121202010202012 3      10015
57-94-17-988321-001-03 3 73       22014    01212020 22021 3 3       8015
99-80-42-778334-001-01 1 80       11900    02 12020 72021 6 1 2     3511
06-62-00-958337-001-01 3 73       39999    02 12020 9202011 1 2     9515
28-61-87-708338-001-01 3 73       12010    02 2                         
28-61-87-708338-001-01 3 76       22021    22 2                         
28-61-87-708338-001-01 3852       32021    32 2                         
11-35-47-338339-001-01 2 71     1001900    01212020 72021 6 1 2     702 
11-35-47-338339-001-01 2 73       11900    01212020122021 2 1 2     2015
49-43-24-278340-001-01 1 71       82016    01212020 1202011 1 2    1662 
49-43-24-278340-001-01 2 73       31995    01212020122021 1 1 2     402 
07-03-03-328341-001-01 1 73       31999    01212019122020 3 1      85012
07-03-03-328341-001-01 2 73      201999    01212019122020 2 1      96012
09-25-40-398372-001-05 1 73       11900    02 2                         
89-62-22-138374-001-01 1 73       22021    2122                         
89-62-22-138374-001-01 1 74       22021    2122                         
02-43-32-068376-001-01 1 71      122020    32 12020 72020 8 1       502 
02-43-32-068376-001-01 1 73       22001    01212020122021 1 1      3602 
02-43-32-068376-001-01 2 73       11990    01212020122021 1 1      1002 
37-71-21-508377-001-01 3 76       12015    02 12020 32020 6 1 2    1402 
37-71-21-508377-001-01 3 79       12015    02 12020 42020 6 1 2    1402 
37-71-21-508377-001-01 3 80       12015    02 2                         
90-31-32-298377-001-03 1 73       42004    0121202012202012 1 2    30013
90-31-32-298377-001-03 1998       22010    0122                         
42-29-84-548378-001-01 1 73       12010    02 12020112021 1 1 2    1302 
42-29-84-548378-001-01 1 74       42019    02 12020 52021 4 1 2     852 
86-36-77-818379-001-01 1 73       22011    01212020 32021 4 1      2002 
86-36-77-818379-001-01 1 76       22018    0122                         
71-62-11-038391-001-03 1 71       62020    6122                         
30-99-27-278393-001-01 1 73       32018    02 12020122021 1 1      1082 
30-99-27-278393-001-01 1 74       72020    42 12020 12021 3 1      2002 
02-89-25-528395-001-01 1 73       22013    02 12020122021 2 1 3    21013
02-89-25-528395-001-01 1 74       12017    12 12020112021 2 1       3211
75-47-35-578395-001-02 1 71      122020    42 2                         
75-47-35-578395-001-02 1 73       72019    42 2                         
75-47-35-578395-001-02 1 74      222021   222 2                         
75-47-35-578395-001-02 1 80       12020    12 2                         
75-47-35-578395-001-02 1851       32020    32 2                         
42-07-57-408414-001-03 1 73       32011    01212020112021 1 1      3002 
42-07-57-408414-001-03 1 74       12016    01212020122021 4 1       402 
03-58-06-438415-001-01 4 74       22021    22 2                         
03-58-06-438415-001-01 7 73       11996    02 2                         
68-36-25-838429-001-01 1 73       12010    02 12020122021 1 1      5202 
88-30-56-528430-001-02 3 73       72010    0121202011202012 9     14002 
88-30-56-528430-001-02 3 74       22016    01212021 42021 8 9      1002 
88-30-56-528430-001-02 3998       42016    01212020 5202012 9       602 
53-79-41-888432-001-01 3 71       42020    4122                         
53-79-41-888432-001-01 3 73       22020    2122                         
54-84-39-338434-001-01 1 71      272017    01212020 62021 5 1 2     752 
54-84-39-338434-001-01 1 73       22015    01212020112021 2 1 2    2802 
09-35-15-018435-001-01 1 71      402013    02 12020 42021 5 1      1202 
09-35-15-018435-001-01 1 73       11900    02 12020112021 1 1       1013
09-69-32-298448-001-01 1 71       52020    12 2                         
85-90-69-268448-001-05 1 73       12009    01212020122021 1 1      1752 
59-10-88-398450-001-01 1 73       12021    12 2                         
59-10-88-398450-001-01 1 74       12015    02 12021 22021 3 2       502 
59-10-88-398450-001-01 1 80       12016    02 2                         
17-48-94-578451-001-02 1 73       41900    02 12020112021 1 2      90014
17-48-94-578451-001-02 1 76       11973    02 12020 52020 7 2      5002 
17-48-94-578451-001-02 1 79       11900    02 12020 42020 7 2      3502 
17-48-94-578451-001-02 1852       11900    02 12020 42020 7 2      4002 
17-48-94-578451-001-02 3852       21900    02 12020 52020 6 2      30014
94-38-37-268454-001-01 1 71       12021    1122                         
94-38-37-268454-001-01 1 73       12005    01212020122021 2 1 2    1602 
22-92-19-148454-001-03 1 76       21999    02 12021 42021 5 1      1202 
86-55-14-578454-001-07 1 73       21900    0121202010202012 1 2    2002 
86-55-14-578454-001-07 1852       11900    02 12021 42021 7 1 2     252 
63-41-60-758468-001-01 1 71      132019    01212020 82021 6 2       362 
63-41-60-758468-001-01 1 73       12016    0122                         
63-41-60-758468-001-01 1 74       32019    01212020 82021 7 2       252 
82-41-10-878470-001-01 1 70       22020    2122                         
82-41-10-878470-001-01 1 71       32017    01212020112021 6 1 2     802 
82-41-10-878470-001-01 1 72       12017    0122                         
82-41-10-878470-001-01 1 73       62017    0122                         
82-41-10-878470-001-01 1 74       22017    01212021 32021 8 1 2     312 
82-41-10-878470-001-01 1 76       32017    01212021 42021 9 1 2     452 
82-41-10-878470-001-01 1 80       42017    0122                         
01-65-53-728471-001-01 1 73       32000    0121202010202012 212    2502 
01-65-53-728471-001-01 1 74      102019    61212021 42021 7 212    1602 
01-65-53-728471-001-01 1 76       12002    01212021 32021 4 212     252 
01-65-53-728471-001-01 1852       12002    01212021 32021 7 212     152 
26-59-11-808472-001-01 1 70       12019    0122                         
26-59-11-808472-001-01 1 71       32012    0122                         
26-59-11-808472-001-01 1 80       32021    01212020122021 1 2       4011
27-44-06-258474-001-01 1 70       12021    1122                         
27-44-06-258474-001-01 1 71      442021   101212020 82021 7 1 2     852 
27-44-06-258474-001-01 1 72       32021    3122                         
27-44-06-258474-001-01 1 73       42017    01212020102021 1 1 2    1802 
27-44-06-258474-001-01 1 74      432021   43122                         
27-44-06-258474-001-01 1 76       32017    01212020 82021 9 1       702 
27-44-06-258474-001-01 1 80       22016    01212020 82020 9 1 2     352 
27-44-06-258474-001-01 1852       32017    01212020 8202010 1 2     252 
33-54-58-878476-001-02 2 80       12010    02 12021 52021 6 2       202 
33-54-58-878476-001-02 2200       12002    02 12021 32021 8 2       202 
33-54-58-878476-001-02 2852       12013    02 12021 72021 8 2       402 
71-16-15-448488-001-01 1 74      372021   402 2                         
71-16-15-448488-001-01 2 80       12017    02 2                         
30-40-59-808508-001-01 1 74       11900    02 12020 62021 5 1       502 
30-40-59-808508-001-01 1 80       31900    01212021 42021 5 1       202 
55-35-60-258508-001-03 1200       11900    02 12021 22021 5 1 2     2015
63-86-47-138509-001-01 1998       31999    01212020 52020 7 1 4     3011
57-16-67-668511-001-04 1 74       52019    12 12020 42021 5 2 3    10011
70-41-03-848528-001-01 1 71       12017    01212020 62021 5 1 2     182 
70-41-03-848528-001-01 1 74       22020    11212020 62021 5 1 2     452 
70-41-03-848528-001-01 1 80       12020    1122                         
94-71-63-728529-001-08 1 71       12021    1132                         
94-71-63-728529-001-08 1 74       22018    01312020 62021 5 1 2     502 
94-71-63-728529-001-08 1 76       12018    0132                         
94-71-63-728529-001-08 3 80      122015    01312020 62021 5 1 2    10015
30-83-69-598530-001-01 4 74       22017    02 12020 62021 5 1 5     402 
30-83-69-598530-001-01 4 80       12017    02 2                         
30-83-69-598530-001-01 4200       32017    02 2                         
82-85-96-818531-001-01 1 74       22015    02 12020 62021 5 1       502 
42-27-91-988547-001-01 2998      122020   12122                         
13-83-16-718581-001-01 2 73       41979    01212020122021 2 1 2    5602 
13-83-16-718581-001-01 2 80       11999    01212021 32021 4 1 2    12011
50-42-79-338601-001-01 1998       11900    02 2                         
21-64-89-728604-001-01 1 73       11995    02 1202011202012 8       142 
17-58-40-808605-001-04 1 74       22015    02 12020 1202012 1 2     862 
05-98-11-048607-001-03 1 73       12005    02 12020122021 1 1      1502 
29-77-83-858622-001-01 1 71     3502010    51212020 22021 6 1 2    6002 
29-77-83-858622-001-01 1 73       12019    01212020 12021 2 1 2     602 
12-57-12-218625-001-01 4 73       12020    1122                         
12-57-12-218625-001-01 4 74      202001   11122                         
75-32-94-568638-001-02 2 72       12019    0122                         
75-32-94-568638-001-02 2 76       12012    0122                         
89-32-99-268639-001-02 1 70       22021    2122                         
89-32-99-268639-001-02 1 71      182019    21212020 72021 6 1       762 
89-32-99-268639-001-02 1 73       52019    0122                         
89-32-99-268639-001-02 1 80       12020    1122                         
83-24-75-158640-001-01 1 71       52014    01212020 82021 6 1      1352 
83-24-75-158640-001-01 1 72       12015    0122                         
83-24-75-158640-001-01 1 80       22015    01212020 22021 2 1      3002 
83-24-75-158640-001-01 1200       32014    0122                         
03-57-87-438642-001-01 2 70       52021    41212021 32021 6 2       102 
03-57-87-438642-001-01 2 71      302018    71212020 82021 7 2      4002 
03-57-87-438642-001-01 2 72       32019    1122                         
03-57-87-438642-001-01 2 73       62015    21212020112021 1 2       4013
03-57-87-438642-001-01 2 74       52020    5122                         
03-57-87-438642-001-01 2 76       22010    01212021 32021 6 2     10002 
03-57-87-438642-001-01 2 80       12019    01212021 12021 3 2        314
03-57-87-438642-001-01 2200       12019    0122                         
96-74-35-598643-001-01 4 70       22020    22 2                         
96-74-35-598643-001-01 4 71      602018    11212020 72021 6 1 2    2502 
96-74-35-598643-001-01 4 73       42020    42 2                         
96-74-35-598643-001-01 4 74       12020    12 2                         
47-32-36-268645-001-01 3 71       62021    6122                         
47-32-36-268645-001-01 3 72       12020    1122                         
47-32-36-268645-001-01 3 73      141982   101212020122021 1 1 2    20015
47-32-36-268645-001-01 3 74       22020    21212021 52021 7 1 2     402 
47-32-36-268645-001-01 3 80      142000   121212021 42021 5 1 2     6015
47-32-36-268645-001-01 3852       22003    11212020 62020 8 1       402 
25-11-93-888658-001-01 2 72       22015    02 12021 42021 7 2       252 
25-11-93-888658-001-01 2 80       12015    02 2                         
25-11-93-888658-001-01 2203       12015    02 2                         
00-64-44-958659-001-01 2 71       42020    42 2                         
00-64-44-958659-001-01 2 73       32019    02 2                         
00-64-44-958659-001-01 2 74       42021    32 12021 52021 6 1       202 
42-73-55-338660-001-01 1 71       52021    52 2                         
42-73-55-338660-001-01 1 73       32012    02 2                         
42-73-55-338660-001-01 1 80       12015    02 2                         
53-95-88-368661-001-01 1 70       32020    2122                         
53-95-88-368661-001-01 1 71      102019    21212020122021 3 1 2    1202 
53-95-88-368661-001-01 1 72       42019    1122                         
53-95-88-368661-001-01 1 73      102018    31212020 12020 1 1 2      72 
53-95-88-368661-001-01 1 76       32018    0122                         
53-95-88-368661-001-01 1200       32020    2122                         
96-78-19-138662-001-01 2 72       22020    2122                         
96-78-19-138662-001-01 2 73       12020    1122                         
96-78-19-138662-001-01 2 74       12020    1122                         
96-78-19-138662-001-01 2 76       12020    1122                         
84-53-24-868676-001-01 1 71       72020    7122                         
84-53-24-868676-001-01 1 73       22017    01212021 12021 3 1 2     602 
84-53-24-868676-001-01 3 73       22020    2122                         
59-41-71-268677-001-01 1 71       22021    22 2                         
59-41-71-268677-001-01 1 73       51900    02 12020122021 2 2      40013
47-60-56-328678-001-01 1 70       12020    12 2                         
47-60-56-328678-001-01 1 71       92020    62 12021 52021 5 1       302 
47-60-56-328678-001-01 1 73       61900    12 2                         
47-60-56-328678-001-01 1 74       12019    12 12021 62021 6 1 2     102 
52-85-20-838681-001-01 1 73       31996    02 12020 12020 2 1 2    1802 
52-85-20-838681-001-01 3 73       11996    02 2                         
13-10-08-068682-001-01 1 73      151990    02 12020122021 3 1 2    9002 
13-10-08-068682-001-01 1 74      152018    02 12021 12021 6 1 2    1502 
19-46-83-648683-001-01 1 71     1602018   101212020 12021 7 2      4002 
19-46-83-648683-001-01 1 73      102006    01212020122021 1 2      36013
19-46-83-648683-001-01 1 74       12017    01212020 62021 6 2       282 
19-46-83-648683-001-01 1852       12016    01212020 42021 7 2      1002 
19-46-83-648683-001-01 4 73       41900    0122                         
19-46-83-648683-001-01 4852       21900    01212020 42021 7 2      1502 
30-37-49-818695-001-01 1 73       21900    11212020122021 1 1      1402 
75-20-85-858695-001-03 1 71      132017    01212021 52021 5 1 2     222 
75-20-85-858695-001-03 1 73       12016    0122                         
75-20-85-858695-001-03 1 74       22017    01212021 62021 6 1 2    1002 
88-32-17-248699-001-07 1 74       12020    1112                         
34-08-91-558700-001-01 1 71       32021    3122                         
34-08-91-558700-001-01 1 73       62021    5122                         
52-97-80-708702-001-01 1 73       32013    01212020 52021 6 1      1202 
52-97-80-708702-001-01 1998       22013    21212020 52021 6 1       302 
20-21-94-268714-001-01 1 71      222010    21212020 32021 2 1 2    2302 
20-21-94-268714-001-01 1 73      102008    01212020102021 2 2 3   120015
20-21-94-268714-001-01 1 74       12009    01212020 42021 2 2 3     302 
38-17-06-968715-001-01 3 73       52003    0121202010202012 1 5    46015
38-17-06-968715-001-01 3 80       12010    01212020 32020 5 5       6015
38-17-06-968715-001-01 5 71      212018    02 12020 12021 2 1 5     602 
38-17-06-968715-001-01 5 73       11900    02 1202010202012 1 5    3002 
38-17-06-968715-001-01 5 74       32020    32 2                         
38-17-06-968715-001-01 5 76       12020    12 2                         
38-17-06-968715-001-01 5 80       12017    02 12020 32020 5 5       202 
64-74-01-698718-001-01 1 71       22020    22 2                         
64-74-01-698718-001-01 1 80       12014    0122                         
49-40-84-588722-001-01 1 71      402016    02 12020 12021 2 1 2    3842 
49-40-84-588722-001-01 1 73       12004    02 1202010202011 1 2     402 
83-36-25-608733-001-01 1 71       12021    1122                         
83-36-25-608733-001-01 1 74       22021    2122                         
41-44-46-088735-001-01 1 74       22020    2122                         
41-44-46-088735-001-01 1 76       22020    2122                         
88-49-28-098757-001-04 1 73       11900    01212020122021 1 1 2    25013
88-49-28-098757-001-04 1 74       22020    01212020 92021 4 1 2     502 
12-87-63-118758-001-01 2 73       31992    01112020 52021 5 1      3002 
30-31-20-048758-001-10 1 71      112010    0121202012202111 1 2     302 
30-31-20-048758-001-10 1 72       22016    0122                         
30-31-20-048758-001-10 1 73       22010    0121202111202111 1 2     502 
30-31-20-048758-001-10 1852      112016    01212021 7202111 1 2    1002 
74-88-09-728762-001-04 1 80       12021    12 2                         
74-88-09-728762-001-04 3 71       32020    1122                         
74-88-09-728762-001-04 3 74       12019    01212020 62021 5 1 2     802 
44-98-29-558771-001-01 1 73      329999    02 1202011202012 1      46014
75-70-23-898771-001-02 1 73       22010    02 1202012202012 1       8012
59-98-51-008772-001-01 1 71      202015    02 12020 12021 2 1 2    1202 
59-98-51-008772-001-01 1 73       22016    0122                         
59-98-51-008772-001-01 1 74       12018    01212020 12021 2 1 2     602 
59-98-51-008772-001-01 1 76       12018    0122                         
59-98-51-008772-001-01 2 73       11900    02 12020112021 1 1 2    10015
56-09-93-538773-001-01 1 71      202019    21212020 22020 2 1 2     702 
56-09-93-538773-001-01 1 73       32017    3122                         
56-09-93-538773-001-01 1 76       32020    3122                         
56-09-93-538773-001-01 1203       12009    0121202011202011 1 2     752 
56-09-93-538773-001-01 1852       12020    1122                         
51-95-59-068774-001-01 1 71      202018    52 12020 7202011 1 2    1202 
85-86-06-248777-001-01 1 71      232019    01212020 32021 2 1 2     902 
85-86-06-248777-001-01 1 73      121900    01212020112021 1 1 2    1302 
85-86-06-248777-001-01 1 80       21998    01212020 32020 5 1 2     4014
80-76-40-878778-001-01 1 71      202015    01212020 72020 7 1       152 
80-76-40-878778-001-01 1 73       11985    0121202012202012 1      5002 
80-76-40-878778-001-01 2 71      182015    01212020122021 2 1       702 
80-76-40-878778-001-01 2 73       22019    0122                         
58-34-75-838778-001-02 1 73       62000    01212020122021 2 1 3    4402 
58-34-75-838778-001-02 1 80       12010    0122                         
49-05-57-608791-001-03 1 71      291992    01212020 92021 8 2 3    1952 
49-05-57-608791-001-03 1 73       42006    01212020122021 1 2 3    4902 
49-05-57-608791-001-03 1 74       22019    01212020 92021 8 2       122 
49-05-57-608791-001-03 1852       12015    01212020 42021 8 2       602 
64-70-27-388794-001-01 1 73       92000    01212020122021 1 1 3    60012
64-70-27-388794-001-01 1 80       12005    02 12021 22021 2 1 3      52 
64-70-27-388794-001-01 1852       42021    4122                         
89-93-94-748795-001-01 1 71       42021    42 2                         
93-26-99-808796-001-06 1 73       12000    0122                         
93-26-99-808796-001-06 1 74       12019    0122                         
83-78-35-488797-001-02 4 73       12000    0122                         
88-68-84-468810-001-01 2 73       12000    02 2                         
67-02-07-008812-001-02 1 72       12019    0122                         
59-90-81-838813-001-01 1 70       12020    1122                         
59-90-81-838813-001-01 1 72       12020    1122                         
59-90-81-838813-001-01 1 73       42019    2121202011202012 1 2    4802 
59-90-81-838813-001-01 1 74       22020    2122                         
59-90-81-838813-001-01 1 76       22021    2122                         
60-69-97-348814-001-03 1 73       39999    02 2                         
05-25-40-188815-001-01 1 72       22018    02 2                         
05-25-40-188815-001-01 1 73       72011    01212020102021 2 1 2     702 
05-25-40-188815-001-01 1852       12015    01212020 52020 6 1 2     202 
05-25-40-188815-001-01 4 73       42016    01212020102021 1 1 2     5012
76-22-51-568828-001-01 1 71      402011    01212020 52021 6 1 2    4402 
76-22-51-568828-001-01 1 73      272003    02 1202011202012 1 2   336011
76-22-51-568828-001-01 1 74       62014    01212020 72021 6 1 2    2802 
76-22-51-568828-001-01 1 76       12020    1122                         
76-22-51-568828-001-01 1 79       22002    01212020 62020 7 1 2    1402 
76-22-51-568828-001-01 1 80       22005    01212020 42020 8 1 2     202 
60-54-49-648828-001-03 1 71       22020    22 2                         
60-54-49-648828-001-03 1 73       22016    01112020112021 2 1 2    39011
32-69-81-918829-001-01 3 71      401900    01212020 72021 6 1 2    2002 
32-69-81-918829-001-01 3 80       31900    0122                         
85-05-30-548833-001-01 1 73       31900    01212020112021 1 1      6002 
85-05-30-548833-001-01 3 73       12016    0122                         
68-10-99-048834-001-01 1 73       32018    01112020122021 2 1 2     802 
68-10-99-048834-001-01 1 74       12020    1112                         
56-71-35-698835-001-04 1 71       52020    5122                         
56-71-35-698835-001-04 1 73       22010    01212020122021 1 1 2     902 
31-30-48-408847-001-01 1 76       22016    02 2                         
62-04-63-288848-001-01 1 71      252020    02 12020 42021 6 1       662 
62-04-63-288848-001-01 1 73       22015    01212020112021 2 1 2    10011
74-14-90-848849-001-02 3 71      121900    01212020 72021 7 2       402 
74-14-90-848849-001-02 3 74       31900    01212020 72021 6 2      1202 
75-76-83-018851-001-01 1 71       42020    4122                         
75-76-83-018851-001-01 1 74       22021    2122                         
26-48-07-998853-001-02 1 71      402018    01212020 72021 6 211    2202 
26-48-07-998853-001-02 1 73      132000    01212020 72021 6 211    3002 
61-87-79-078854-001-03 1 73       61900    0121202010202012 1 2    40012
61-87-79-078854-001-03 1 76       22004    01212020 42020 7 1 2     3212
61-87-79-078854-001-03 1 80       12010    01212021 42021 6 1 2     3012
61-87-79-078854-001-03 1852       11900    02 12020 42020 7 1 2     202 
83-82-16-268857-001-01 1 76       22014    0122                         
34-20-55-178867-001-02 1998      202011    02 12021 22021 2 2      2002 
00-21-28-798868-001-01 1 83       21900    02 12020 12020 2 1 2     802 
00-21-28-798868-001-01 2 71       42014    02 12020 32021 2 1 2     602 
00-21-28-798868-001-01 3 84       31900    02 12020122021 2 1 2     602 
57-34-58-898869-001-01 1 81      162005    02 12020 12020 2 1 2    64011
73-42-86-918870-001-01 2 81      102019    0121202012202012 1     14002 
73-42-86-918870-001-01 2 84       32020    3122                         
22-97-00-788871-001-01 1 72       12003    0122                         
22-97-00-788871-001-01 1 81       52003    01212021 12021 1 1 6    5752 
22-97-00-788871-001-01 1 83      102003    01212021 22021 2 1 6    3842 
83-91-97-408872-001-01 1 84       41900    02 12020 22020 2 2       402 
83-91-97-408872-001-01 4 81      101900    02 12020122021 1 2      2002 
35-01-49-378872-001-03 1 83       21900    02 2                         
23-87-83-618873-001-01 1 71       82012    02 12020 32021 2 1 2     402 
23-87-83-618873-001-01 1 84       82010    02 12020 32021 2 1 2     602 
89-55-89-928886-001-01 2 71       22015    02 12020 62021 5 1       402 
89-55-89-928886-001-01 3 71      151900    02 12020 62021 5 1       642 
81-76-53-588889-001-01 1 69       42017    02 12021 22021 2 1       152 
81-76-53-588889-001-01 1 73      142017    02 12020122021 3 1 2    3002 
81-76-53-588889-001-01 1852     2302017   522 2                         
81-76-53-588889-001-01 4 73      161990    02 12020122021 3 1 2    25011
81-76-53-588889-001-01 4203       31990    02 12021 22021 4 1 2    1502 
26-06-09-838891-001-01 1 71       62000    01212020 42021 5 1 2    1202 
26-06-09-838891-001-01 1 74       32014    01212020 42021 5 1 2     302 
26-06-09-838891-001-01 1 76       62003    01212020 42021 5 1 2    3002 
26-06-09-838891-001-01 1 80       21999    01212020 42021 5 1 2     452 
26-06-09-838891-001-01 1852       11999    01212020 42021 5 1 2    1452 
26-06-09-838891-001-01 2 76       42000    01212020 42021 5 1 2    18015
26-06-09-838891-001-01 2852       82000    0122                         
20-33-59-338892-001-03 2 71       42017    02 12020 62021 5 2       202 
20-33-59-338892-001-03 2 73       11900    02 12020122021 2 5      1002 
20-33-59-338892-001-03 2 74       12020    02 12020 62021 5 2       202 
63-82-17-438904-001-01 1 71      302015    01212020 42021 5 1      2402 
63-82-17-438904-001-01 1 72       32020    01212020 42021 5 1       452 
63-82-17-438904-001-01 2 73       22002    02 12020 42021 5 1     45002 
73-69-98-248905-001-01 1 69       42003    02 2                         
73-69-98-248905-001-01 1 73       42003    0122                         
21-39-92-978906-001-01 1 71      302017    02 12020 62021 5 1       402 
21-39-92-978906-001-01 1 74       12019    02 12020 62021 5 1        52 
24-41-62-678907-001-01 2 71     2002020    0122                         
82-07-37-998908-001-01 1 69       12013    02 2                         
82-07-37-998908-001-01 1 71     5002019  1502 12020 62021 5 1      1402 
82-07-37-998908-001-01 1 75       22019    02 12021 52021 5 1        52 
82-07-37-998908-001-01 1 80       22013    02 2                         
08-47-41-248909-001-02 2 71      502000    52 12020 32021 5 2      2852 
81-53-07-828910-001-01 1 71      132019    02 2                         
84-71-12-078910-001-02 1 71      302021    72 12020 62021 5 2      1202 
92-26-76-358911-001-01 1 71       52017    02 12020 62021 5 1 2     202 
92-26-76-358911-001-01 1852       52017    02 2                         
92-26-76-358911-001-01 2 74       22021    22 2                         
92-26-76-358911-001-01 3 69       42000    02 12020 8202012 1 2    25015
92-26-76-358911-001-01 3 71      302018    02 12020 62021 5 1 2    4502 
92-26-76-358911-001-01 3212      102017    02 2                         
33-18-58-718923-001-01 1 73       41900    01212020 12021 2 5      10012
33-18-58-718923-001-01 1 76       82007    01212020 12021 2 5      96015
33-18-58-718923-001-01 1203      102000    01212020 12021 2 5       4011
53-04-11-068924-001-01 1 69       12010    02 2                         
53-04-11-068924-001-01 1 71       31900    02 12020 1202012 2       3015
53-04-11-068924-001-01 1 76      502016    02 12020 32020 4 1      5002 
53-04-11-068924-001-01 1852       42016    02 12020 32020 3 2       202 
53-04-11-068924-001-01 2 73       52015    02 12020112021 1 1      1002 
53-04-11-068924-001-01 2 76      602016    02 12020 32020 3 1      7002 
53-04-11-068924-001-01 2852       32015    02 12020 32020 4 2       152 
75-55-83-598925-001-01 1 71       22020    22 2                         
75-55-83-598925-001-01 1 72       12019    02 2                         
75-55-83-598925-001-01 1 74       42019    02 12020 32021 2 1 2     202 
75-55-83-598925-001-01 1200       22019    02 2                         
75-55-83-598925-001-01 2 69       41989    02 12020112021 2 1 2     3015
75-55-83-598925-001-01 2 73       31989    02 12020112021 2 1 2    10015
75-55-83-598925-001-01 2 79       41989    02 2                         
34-37-17-558929-001-01 1 73       11980    02 2                         
00-80-16-378942-001-01 1 76       22006    01212020 32020 4 1 2    12015
00-80-16-378942-001-01 1852      202006    01212020 62020 6 1 2    24015
95-62-22-448944-001-01 1 69       22019    02 2                         
95-62-22-448944-001-01 1 71       62017    02 12020 32021 2 1 2     752 
95-62-22-448944-001-01 1 73       92019    02 2                         
95-62-22-448944-001-01 2 71      102019    02 12020 8202012 1 2     602 
87-43-23-918962-001-02 1 71       42021    42 2                         
87-43-23-918962-001-02 1 73       32021    32 2                         
87-43-23-918962-001-02 1 74       12021    12 2                         
87-43-23-918962-001-02 2 71       62018    02 2                         
87-43-23-918962-001-02 2 74       22020    02 2                         
55-12-99-149003-001-99 1 72       12016    02 2                         
55-12-99-149003-001-99 1 73       22014    02 2                         
55-12-99-149003-001-99 1 80       12012    02 12020 22020 4 1       402 
80-12-29-559013-001-99 1 71       42020    22 2                         
80-12-29-559013-001-99 1 74       82020    82 2                         
80-12-29-559013-001-99 1998      212020   212 2                         
82-65-86-319015-001-99 1 71       72020    7122                         
82-65-86-319015-001-99 1 74       42019    2121202010202012 1 2     102 
82-65-86-319015-001-99 1852       11999    0121202010202012 1 2     152 
12-77-94-479027-001-99 1 73       72020    02 2                         
43-54-40-929041-001-99 1 73       82018    81212020112021 1 1 2    3202 
43-54-40-929041-001-99 1 74       82020    71212020 22021 1 1 2     602 
12-70-33-599053-001-99 1 73       12020    1122                         
12-70-33-599053-001-99 1 80       12013    01212020112021 1 1 2     2015
12-70-33-599053-001-99 1200       12012    0122                         
12-70-33-599053-001-99 1852       12010    01212020122021 2 1 2     1015
50-69-66-449055-001-99 1 73       92020    9122                         
50-69-66-449055-001-99 1 74       32020    3122                         
50-69-66-449055-001-99 1 80       12019    0122                         
50-69-66-449055-001-99 1200       12019    0122                         
15-62-38-419072-001-99 1 71       42021    02 2                         
15-62-38-419072-001-99 1 72       12020    12 2                         
15-62-38-419072-001-99 1 73       22020    22 2                         
15-62-38-419072-001-99 1 74       72020    72 2                         
15-62-38-419072-001-99 1 76       52020    52 2                         
81-75-06-599073-001-99 1 73       22019    0122                         
81-75-06-599073-001-99 1203       32019    0122                         
01-45-88-749075-001-99 2 71       32021    3122                         
01-45-88-749075-001-99 2 73      101900    21212020122021 2 1      50011
01-45-88-749075-001-99 2 80       21900    01212021 12021 3 1       4011
01-45-88-749075-001-99 2203       41900    01212021 22021 3 1       6011
91-25-87-989076-001-99 1 71       22019    12 2                         
91-25-87-989076-001-99 1 73       22018    02 2                         
36-69-32-279077-001-99 1 73       22021    2122                         
36-69-32-279077-001-99 1 74       12020    1122                         
12-33-80-339078-001-99 2 73       22021    2122                         
98-87-47-849121-001-99 2 71     1502001    02 12020 22021 1 1 2    4502 
98-87-47-849121-001-99 2 72       12018    02 2                         
98-87-47-849121-001-99 2 73       12018    02 2                         
98-87-47-849121-001-99 2 76       22020    02 2                         
98-87-47-849121-001-99 2205       32001    02 12020 22021 1 1 2     152 
98-87-47-849121-001-99 2852       12017    02 2                         
86-76-49-709169-001-99 2 71      202015    02 12020 62021 6 1       902 
98-54-49-969173-001-99 1 71      302013    02 12020 62021 5 1      2402 
77-18-35-979181-001-99 2 71       42017    1121201911202011 1       452 
77-18-35-979181-001-99 2 73       32018    0122                         
77-18-35-979181-001-99 2 76       22016    0121202010202011 1       4013
77-18-35-979181-001-99 2852       12016    0121202010202011 1       2015
03-32-08-679182-001-99 1 71       81989    02 12020 6202011 1       162 
03-32-08-679182-001-99 2 73       12015    0122                         
65-75-10-459193-001-99 1 71      301990    01212020 1202012 1 2    17015
65-75-10-459193-001-99 1 73       11900    0121202011202012 1 2    20015
65-75-10-459193-001-99 1 76       51900    01212020 52020 8 1 2    10015
65-75-10-459193-001-99 1852      101900    01212020 62020 9 1 2    30015
99-76-28-489194-001-99 1 72       02019    02 2                         
99-76-28-489194-001-99 1 73       02019    02 2                         
20-74-88-039254-001-99 1 71      182013    01212020 42020 7 1 2     212 
20-74-88-039254-001-99 1 72       12020    1122                         
20-74-88-039254-001-99 1 80       22006    01212020 1202011 2 3     5015
98-18-70-319258-001-99 1 71      102013    02 12019 22019 2 1 2     152 
80-43-44-579271-001-99 1851       22015    02 2                         
51-77-23-089283-001-99 1 72    20082021    12 12020 9202012 1      7202 
51-77-23-089283-001-99 3 71      602018    02 12020 1202012 1      3602 
81-90-92-949288-001-99 1 80       32000    0122                         
09-03-54-399289-001-99 3 71       62019    02 12020 82020 8 1 2     452 
09-03-54-399289-001-99 3 72       11998    01212020 52020 5 1 2     502 
75-56-43-989316-001-99 1 72       22008    0122                         
75-56-43-989316-001-99 1 73       32016    1122                         
75-56-43-989316-001-99 1 74       32020    3122                         
85-88-27-619324-001-99 1 71      102020    0122                         
85-88-27-619324-001-99 1 72       42020    4122                         
85-88-27-619324-001-99 1 80       12020    0122                         
47-15-06-109326-001-99 1 72       21977    01212020 62021 5 2       802 
47-15-06-109326-001-99 1 73       41977    01212020 52021 6 1 2     602 
22-19-71-699328-001-99 1 71      192018    02 12021 12021 1 1       242 
22-19-71-699328-001-99 1 72       42018    02 2                         
22-19-71-699328-001-99 1 73       22018    02 2                         
85-49-55-659329-001-99 1 72       62021    0122                         
41-74-29-199365-001-99 1 76       12005    02 12020 62020 6 1       102 
03-72-31-229374-001-99 1 71      601970    02 12020 62020 7 1       202 
03-72-31-229374-001-99 1 73       31970    02 12020112021 1 1      2002 
23-40-74-609378-001-99 1 71       22020    22 2                         
23-40-74-609378-001-99 1 72       12016    02 2                         
23-40-74-609378-001-99 1 76       32016    02 2                         
23-40-74-609378-001-99 1 80       12016    02 2                         
23-40-74-609378-001-99 1852       12020    12 2                         
23-40-74-609378-001-99 1998       12016    02 2                         
60-94-15-529379-001-99 1 73       21900    02 1202010202012 1 2    13012
94-80-63-679386-001-99 1 71      502018    71212020 32021 2 1      1502 
94-80-63-679386-001-99 1 72       72018    41212020 32021 2 1       752 
94-80-63-679386-001-99 1 73       92015    31212020 32021 2 1      2002 
94-80-63-679386-001-99 1 74      152019   101212020 32021 2 1       602 
94-80-63-679386-001-99 1 76       42018    31212020 32021 2 1       352 
94-80-63-679386-001-99 1 79       12020    1122                         
94-80-63-679386-001-99 1 80      162006    91212020 32021 2 1      2502 
94-80-63-679386-001-99 1 81       32020    3122                         
94-80-63-679386-001-99 1852       52016    31212020 22021 2 1       402 
68-52-75-149398-001-99 1 69       22018    0122                         
68-52-75-149398-001-99 1 70       52020    5122                         
68-52-75-149398-001-99 1 71      252019    01212020 32021 2 1      1502 
68-52-75-149398-001-99 1 72       52018    01212020 32021 2 1 2     252 
68-52-75-149398-001-99 1 73      402018    81212020122021 1 1 2     802 
68-52-75-149398-001-99 1 74      202018    61212020 32021 2 1 2    1002 
68-52-75-149398-001-99 1 76      152019    01212020 32021 2 1 2     602 
68-52-75-149398-001-99 1 80       32018    51212020 32021 2 1       402 
68-52-75-149398-001-99 1851       62021    01212020 32021 2 1       202 
68-52-75-149398-001-99 1852       32018    01212020 32021 2 1       402 
28-58-96-949420-001-99 1 71      202019    01212020 62021 5 1      1602 
28-58-96-949420-001-99 1 73       82019    0122                         
61-83-07-209422-001-99 1 71       42020    12 2                         
61-83-07-209422-001-99 1 73       22016    02 2                         
61-83-07-209422-001-99 1 76       12016    02 12021 42021 6 2       302 
98-20-97-559426-001-99 1 71       42020    32 2                         
98-20-97-559426-001-99 1 80       12019    02 2                         
98-20-97-559426-001-99 1200       22019    02 2                         
10-60-80-589427-001-99 1 70       22019    01212020 42020 6 1 2     602 
10-60-80-589427-001-99 1 71       72019    21212021 32021 3 1 2     202 
10-60-80-589427-001-99 1200       22016    01212021 12021 2 1 2      22 
78-67-27-419434-001-99 1 73       11900    02 1202011202012 2       602 
78-67-27-419434-001-99 1 74       22020    12 12020 12021 7 2       352 
78-67-27-419434-001-99 1 80       12016    02 12020 82020 9 2       202 
90-59-95-739436-001-99 1200       12019    01212020 32020 3 1       102 
90-59-95-739436-001-99 1205       12019    01212020 32020 3 1       152 
90-59-95-739436-001-99 1852       12019    0122                         
90-59-95-739436-001-99 2 67       51900    01212020 12021 6 1      1202 
90-59-95-739436-001-99 2 71      101900    01212020 12021 6 1       602 
90-59-95-739436-001-99 2 78      502000    0122                         
90-59-95-739436-001-99 2852       11900    02 2                         
55-37-21-879438-001-99 1 71       32020    32 2                         
55-37-21-879438-001-99 1 74       12019    12 12021 62021 6 1       302 
77-17-99-909445-001-99 1 70       12020    1122                         
77-17-99-909445-001-99 1 71      102020   10122                         
77-17-99-909445-001-99 1 73       12017    0122                         
77-17-99-909445-001-99 1 74       12021    1122                         
77-17-99-909445-001-99 1 80       12019    11212020 42020 4 2       202 
77-17-99-909445-001-99 1205       12019    11212021 22021 3 2       202 
71-17-31-559451-001-99 1 71       62020    6122                         
71-17-31-559451-001-99 1 73       12020    1122                         
71-17-31-559451-001-99 1852       12020    1122                         
00-84-61-919456-001-99 1 80       51990    01212021 22021 6 1 2    7202 
00-84-61-919456-001-99 1203       71990    01212021 12021 3 1 2    7202 
10-34-44-399468-001-99 5 73       11900    01212020122021 2 1 2    12015
10-34-44-399468-001-99 5203       31900    02 12021 22021 4 1 2    10015
06-20-45-719483-001-99 1 71      202018    01212019 92021 8 1      2002 
06-20-45-719483-001-99 1 73       22020    2122                         
06-20-45-719483-001-99 1 80       12020    1122                         
06-20-45-719483-001-99 1852       12020    1122                         
40-87-26-729505-001-99 1 71      282019    01212021 2202110 1 2     482 
40-87-26-729505-001-99 2 71      182019    0122                         
50-59-06-599509-001-99 1 72       12020    0122                         
50-59-06-599509-001-99 1 73       12014    01212021 12021 2 1       5014
50-59-06-599509-001-99 1 74       72021    0122                         
09-91-08-559519-001-99 1 71       42018    02 12020 72021 6 1       902 
09-91-08-559519-001-99 1 73       22016    02 12020 72021 6 1       202 
09-91-08-559519-001-99 1 80       22016    02 12020 72021 3 1       202 
09-91-08-559519-001-99 3 71     1501983    02 12020 72021 6 1     20002 
54-59-35-509578-001-99 1 71       72015    02 1202011202110 1      1202 
54-59-35-509578-001-99 1 74       12021    12 2                         
72-11-59-809583-001-99 1 71      502005    02 1202010202110 1      6002 
72-11-59-809583-001-99 1 73       21998    02 12020122021 2 1      2002 
72-11-59-809583-001-99 1 74       12020    02 2                         
72-11-59-809583-001-99 1 80       12016    02 12021 62021 7 1       302 
72-11-59-809583-001-99 1205       22020    02 2                         
73-45-68-579589-001-99 1 71      122018    02 12020 62021 7 1 2     302 
40-73-99-359594-001-99 1 73       31900    02 2                         
40-73-99-359594-001-99 2 71      172009    02 12020 82021 7 1      1502 
00-59-62-059626-001-99 1 70       19999    0112                         
00-59-62-059626-001-99 1 71       22019    21212021 52021 6 1 2     152 
00-59-62-059626-001-99 1 73       12019    0122                         
00-59-62-059626-001-99 1 74       29999    0122                         
00-59-62-059626-001-99 1998       12011    0122                         
15-65-02-509627-001-99 1 71      102017    51212020 92021 8 1 2    10015
15-65-02-509627-001-99 1 80       22017    01212020 92021 8 1 2     6015
15-65-02-509627-001-99 1851       12017    01212020 92021 8 1 2     6015
15-65-02-509627-001-99 1852       12017    01212020 92021 9 1 2     5015
45-36-59-569632-001-99 1 73       42017    02 1202012202012 1 2     102 
45-36-59-569632-001-99 2 73       52000    02 1202012202012 1 2    1002 
45-22-42-309636-001-99 1 71       42017    0122                         
45-22-42-309636-001-99 1 73      131900    0121202012202112 1      1002 
45-22-42-309636-001-99 1 76      501900    01212020 62021 6 1      1602 
75-21-91-969639-001-99 1 69       52019    02 12020102021 2 1      5002 
75-21-91-969639-001-99 1 70       22019    02 1202011202011 1        22 
75-21-91-969639-001-99 1 71      202019    02 12020102021 9 1       502 
75-21-91-969639-001-99 1 72       12019    02 2                         
75-21-91-969639-001-99 1 73      232019    02 2                         
75-21-91-969639-001-99 1 74      152010   102 12020102021 9 1       502 
75-21-91-969639-001-99 1 75      502020    02 2                         
75-21-91-969639-001-99 1 76      501900    02 2                         
75-21-91-969639-001-99 1851      102015    02 1202010202010 1       272 
54-58-52-299640-001-99 1 73       61999    21212020122021 9 1  24000002 
62-67-93-339641-001-99 1 69       41900    02 2                         
62-67-93-339641-001-99 1 71       51900    02 12020102021 9 1       602 
62-67-93-339641-001-99 1 73       61900    02 2                         
62-67-93-339641-001-99 1 80       31900    02 12021 32021 9 1      10011
36-25-85-209642-001-99 1 69       31900    02 2                         
36-25-85-209642-001-99 1 70       61900    02 12020122021 2 1       402 
36-25-85-209642-001-99 1 71       51900    02 12020102021 9 1       702 
36-25-85-209642-001-99 1 73      101900    02 12020122021 2 1     14002 
36-25-85-209642-001-99 1 74       21900    02 12020102021 9 1       152 
36-25-85-209642-001-99 1 75     2001900    02 12021 22021 7 1       202 
36-25-85-209642-001-99 1 76      201900    02 12020112021 8 1      2502 
36-25-85-209642-001-99 1 80       41900    02 12020102021 6 1       202 
36-25-85-209642-001-99 1 98       11900    02 12020102021 9 1       202 
36-25-85-209642-001-99 1852      101900    02 12020102021 9 1       202 
23-69-08-569643-001-99 1 69       12019    02 2                         
23-69-08-569643-001-99 1 71      301995    02 12021 8202110 1       602 
23-69-08-569643-001-99 1 73       71995    22 12020112021 4 1      2502 
23-69-08-569643-001-99 1 74       22020    02 12021 5202111 1       182 
23-69-08-569643-001-99 1 75      302019    02 2                         
23-69-08-569643-001-99 1 76      201995    02 12021 82021 9 1      5002 
23-69-08-569643-001-99 1 79       41995    02 12021 7202111 1       702 
23-69-08-569643-001-99 1 80       32000    02 12021 8202111 1      1502 
23-69-08-569643-001-99 1203       11996    02 12020122021 2 1       202 
23-69-08-569643-001-99 1851       11995    02 12020 72021 9 1      2502 
23-69-08-569643-001-99 1852       61995    02 12021 72021 9 1      1002 
36-49-52-599648-001-99 2 71      112020   11121202011202110 1 2     702 
36-49-52-599648-001-99 2 74       22019    0121202011202110 1 2     192 
02-90-12-339649-001-99 1 70       32019    0121202011202110 1       1813
02-90-12-339649-001-99 1 71     1702020   30121202011202110 1      20013
02-90-12-339649-001-99 1 74      432018   15121202011202110 1      12511
51-75-71-539650-001-99 1 71       52019    02 12021 62021 9 1       802 
51-75-71-539650-001-99 1 73       32010    02 12020112021 2 1      10012
51-75-71-539650-001-99 1 74       52018    12 1202011202110 1      1002 
62-59-65-849651-001-99 1 69       22019    02 12020 72020 9 1       202 
62-59-65-849651-001-99 1 74       52019   101212020 6202010 1       202 
62-59-65-849651-001-99 1 76      202019    01212020 72020 9 1      1002 
69-29-27-579653-001-99 1 71      702017    0121202011202110 1       702 
56-71-73-069662-001-99 1 84       11989    02 1202011202012 1 2     1813
40-69-25-229664-001-99 2 72       12020    0122                         
40-69-25-229664-001-99 2 80       12020    0122                         
40-69-25-229664-001-99 2 84       12019    0122                         
27-53-88-209665-001-99 2 72       12019    0122                         
63-22-62-889667-001-99 1 71       32020    3122                         
63-22-62-889667-001-99 1 72       32020    3122                         
76-52-70-119690-001-99 1 71       52018    11212020 82021 7 2       552 
76-52-70-119690-001-99 1 72       12010    01212021 22021 6 2 3    20016
30-84-43-029712-001-99 2 71     1352011    31212020 92021 8 1 2   15002 
30-84-43-029712-001-99 2 72      152020    81212020122021 6 1 2    5002 
30-84-43-029712-001-99 2 73       22020    2122                         
30-84-43-029712-001-99 2 76       22020    2122                         
30-84-43-029712-001-99 2 78       12014    01212021 22021 4 1      2002 
30-84-43-029712-001-99 2852       12019    0122                         
50-53-03-329714-001-99 1 71       31900    02 2                         
82-81-94-299737-001-99 1 71       52015    02 12020 82021 7 2       5015
82-81-94-299737-001-99 1 72      102015    02 12021 22021 5 2      10015
82-81-94-299737-001-99 1 73       82015    02 2                         
36-84-33-479739-001-99 1 72       11996    01212020 42020 4 1 2     3513
00-39-27-139809-001-99 1 74      102020    91212021 12021 7 1       302 
00-39-27-139809-001-99 1 80       11980    01212020 82021 7 1       402 
00-39-27-139809-001-99 1203       12014    01212020 82021 7 1       402 
00-39-27-139809-001-99 1852       12010    01212020 82021 7 1       252 
