16-34-22-801005-001-01 311    60   60000 41    1   540001220201 1 2 1 22                      11516  20002        2            0     0  0  0  06      
79-06-68-491059-001-03 432                                                                               1 12012 12          120     0  0  0  02      
09-26-67-921193-001-01 322                                                                               2        2            8     0  0  0  02      
09-26-67-921193-001-019982                                                                               2        2            9     0  0  0  02      
32-46-17-361236-001-04 111  1296  412000 94 1296  412000 320202 1   1  2                      2          2        2          242    20  0 80  02      
14-23-99-911333-001-01 112                                                                               2        2           40     0  0  0  02      
79-50-93-441462-001-01 912                                                                               2        2            8     0  0  0  02      
79-50-93-441462-001-019982                                                                               2        2            4     0  0  0  02      
46-39-86-171765-001-01 221   250  250000 21  250  250000 520201 1   1  2                      2          2        2            0     0  0  0  02      
88-80-90-941766-001-01 222                                                                               2        2           60     0  0 20  01      
33-06-24-681874-001-01 112                                                                               2        2          162     0  0 54  03      
32-28-64-631875-001-01 111    72   32000 21   72   32000 620201 1 5 1 52                      2          2        2          566    10  0  0  02      
32-28-64-631875-001-01 312                                                                               2        2           20     0  0  0  01      
58-08-38-131875-001-03 111   200  110000 91  200  110000 620201 1   1  2                      2          2        2           99     1  0  0  02      
58-08-38-131875-001-03 121   450  270000 91  450  270000 820201 1   1  2                      2          2        2           75     0  0  0  02      
62-29-93-461875-001-07 111   216   80000 91  216   80000 820201 1   1  2                      2          2        2          422    10  0  0  02      
15-55-16-651876-001-02 112                                                                               2        2          300     0  0  0  02      
41-83-97-521877-001-02 111   120   60000 91  120   60000 320201 1   1  2                      2          2        2          700     0  0120  02      
14-35-65-811877-001-04 111   120   30000 91  120   30000 32020111  11  2                      2          2        2          480     0  0  0  02      
14-35-65-811877-001-04 312                                                                               2        2          240     0  0  0  02      
69-30-51-521879-001-01 112                                                                               2        2          120     0  0  0  02      
69-30-51-521879-001-01 122                                                                               2        2          140     0  0  0  02      
08-43-62-701893-001-01 112                                                                               2        2          270     0  0108  03      
79-60-26-091896-001-01 111   648  240000 91  648  240000 520202 1   1  2                      2          2        2          216     0  0  0  02      
79-60-26-091896-001-01 312                                                                               2        2           20     0  0  0  01      
79-60-26-091896-001-01 431   100  100000 91  100  100000 920201 1   1  2                      2          1  3042 32           20     0  0  0  01      
72-94-88-221916-001-01 222                                                                               2        2          250     0  0 50  08      
55-83-06-851932-001-04 112                                                                               1 10442 12           40     0  0  0  02      
41-12-45-181933-001-01 112                                                                               1 32842 12            0     0  0  0  02      
66-14-94-181935-001-01 221   100   13000162  100   130001220201 1   1  2                      2          2        2          160     0  0 40  08      
66-14-94-181935-001-01 312                                                                               2        2           20     0  0  0  01      
56-51-57-981936-001-01 111   324   90000161  324   90000 420201 1   1  2                      2          2        2          810    54  0  0  04      
56-51-57-981936-001-01 321    20   12000161   20   12000 420201 1   1  2                      2          2        2           50    10  0  0  02      
56-51-57-981936-001-01 431   168   60000161  168   60000 420201 1   1  2                      2          2        2           70    14  0  0  02      
58-41-33-741936-001-02 111   180   50000162  180   50000 420201 1 2 1 22                      2          2        2          432    36  0  0  03      
20-27-84-751936-001-04 112                                                                               2        2         1388    50  0  0  04      
20-27-84-751936-001-04 312                                                                               2        2           12     0  0  0  04      
12-92-55-031938-001-01 312                                                                               2        2           50     0  0 10  04      
12-92-55-031938-001-01 432                                                                               2        2           22     0  0  0  04      
05-92-83-741938-001-02 112                                                                               2        2           45     5  0 10  03      
05-92-83-741938-001-02 222                                                                               2        2          290     0  0 10  03      
29-60-24-001950-001-02 112                                                                               2        2          420     0  0 60  02      
29-60-24-001950-001-02 311    40   50000 41   40   50000 620201 2   2  2                      2          2        2           40     0  0  0  01      
81-77-28-591955-001-01 112                                                                               2        2          324    32  0108  02      
16-23-33-321957-001-01 112                                                                               2        2          120     0  0  0  02      
17-99-58-672065-001-01 112                                                                               2        2          240     0  0  0  02      
17-99-58-672065-001-01 311    40   20000 92   40   20000 320201 1 2 1 22                      2          2        2           40     0  0  0  02      
77-92-16-672066-001-01 312                                                                               1 20042 12           40    20  0  0  02      
53-91-30-092069-001-01 231   120   36000 91  120   360001220201 1   1  2                      2          2        2           80     0  0  0  02      
53-91-30-092069-001-01 312                                                                               1 18062 12            0     0  0  0  02      
98-95-98-622070-001-01 311    40   94000 21   40   94000 220201 1 2 1 22                      2          2        2           40     0  0  0  02      
13-66-67-952072-001-01 111    18    7500 21   18    7500 320201 1   1  2                      2          1  5441112           72    18  0 18  04      
24-27-78-932083-001-01 112                                                                               2        2           95     5  0  0  02      
24-27-78-932083-001-01 252                                                                               2        2           30     0  0  0  01      
24-27-78-932083-001-01 312                                                                               2        2           37    25  0  0  02      
51-49-82-492083-001-03 112                                                                               2        2           30     0  0  0  02      
51-49-82-492083-001-03 312                                                                               2        2           25     0  0  0  02      
92-24-01-442088-001-01 311    80   80000 41   80   80000 720211 1   1  2                      1 216  30001  2041112            0     0  0  0  08      
31-32-30-422089-001-01 112                                                                               2        2           60    10  0 20  02      
31-32-30-422089-001-01 311    30   25000161   30   25000 220214 1   1  2                      2          2        2           60    10  0 10  02      
52-18-39-522090-001-01 112                                                                               2        2           20     0  0  0  02      
52-18-39-522090-001-01 311    40   30000 93   40   30000 320211 2   2  2                      11016  30002        2           20     0  0  0  02      
73-31-47-952102-001-01 112                                                                               2        2           98    10  0  0  02      
73-31-47-952102-001-01 312                                                                               2        2           40    20  0  0  01      
34-93-93-402105-001-01 111   240   60000 92  240   60000 420201 1   1  2                      2          2        2          400     0  0 80  02      
82-80-81-612105-001-02 111   120   30000 91  120   30000 420201 6   6  2                      2          2        2          240     0  0  0  02      
82-80-81-612105-001-02 312                                                                               2        2          100     0  0  0  02      
21-33-89-792107-001-01 111   300  135000 41  300  135000 420201 1 2 1 22                      1 436  20002        2          350     0  0  0  02      
21-33-89-792107-001-01 311   260  300000 41  260  300000 120211 1 2 1 22                      1 626  20001 12042 22          160     0  0  0  02      
08-12-12-352108-001-01 111   162   43200 91  162   43200 420201 1   1  2                      2          2        2          157     5  0  0  01      
89-05-97-182110-001-01 111  1080  180000171 1080  180000 320212 1   1  2                      2          1  5441112           70     6126  0  01      
19-03-71-262121-001-019981    25   13000 93    0       0 520201 1   1  2                      2          2        2           85     0  0  0  03      
72-87-81-322122-001-01 112                                                                               2        2           50     0  0  0  04      
72-87-81-322122-001-01 312                                                                               2        2           76     0  0  0  04      
62-47-33-372123-001-01 112                                                                               2        2           60     0  0  0  01      
62-47-33-372123-001-01 252                                                                               2        2           80     0  0  0  02      
62-47-33-372123-001-01 312                                                                               2        2          150     0  0  0  02      
62-47-33-372123-001-01 432                                                                               1   572 32           45     5  0 10  04      
37-05-92-602124-001-01 112                                                                               2        2            3     0  0  0  03      
37-05-92-602124-001-01 312                                                                               2        2            0     9  0  0  03      
85-54-66-362125-001-01 112                                                                               2        2          490    10  0  0  02      
85-54-66-362125-001-01 312                                                                               2        2           20    10  0  0  02      
85-54-66-362125-001-01 871   375  150000163  375  1500001120205 1   1  2                      2          2        2           20     0  0  5  02      
94-09-90-452127-001-01 311    40   28000161   40   28000 120212 1 2 1 22                      2          2        2            5     5  0  0  02      
41-24-37-002128-001-01 111   100   30000 91  100   30000 720211 2   2  2                      2          1  3042 12           70     0  0  0  02      
41-24-37-002128-001-01 312                                                                               2        2           25     0  0  0  02      
96-25-27-682140-001-01 112                                                                               2        2           80     0  0  0  02      
96-25-27-682140-001-01 312                                                                               2        2           18     0  0  0  02      
47-33-48-342143-001-01 112                                                                               2        2           25     0  0  0  02      
47-33-48-342143-001-01 222                                                                               2        2           30     0  0  0  02      
47-33-48-342143-001-01 312                                                                               2        2           21     0  0  0  02      
41-90-49-082143-001-02 112                                                                               2        2           40     0  0  0  02      
41-90-49-082143-001-02 222                                                                               2        2           64     0  0  0  02      
41-90-49-082143-001-02 242                                                                               2        2          265     0  0  0  02      
41-90-49-082143-001-02 252                                                                               2        2          128     0  0  0  02      
41-90-49-082143-001-02 312                                                                               2        2           75     0  0  0  02      
41-90-49-082143-001-02 432                                                                               2        2           25     0  0  0  02      
42-74-37-602144-001-01 112                                                                               2        2           40     0  0  0  02      
42-74-37-602144-001-01 222                                                                               2        2          600     0  0200  02      
42-74-37-602144-001-01 252                                                                               2        2          120     0  0  0  02      
42-74-37-602144-001-01 311    20   40000 91   20   40000 520211 1   1  2                      2          2        2           40     0  0  0  02      
88-95-93-562146-001-01 111   600  420000163  600  420000 320212 1   1  2                      2          2        2          350     0  0  0  02      
88-95-93-562146-001-01 312                                                                               2        2          280    60  0 60  02      
37-02-89-812146-001-03 112                                                                               2        2           15     5  0  0  04      
37-02-89-812146-001-03 312                                                                               2        2           95     5  0  0  04      
82-49-19-232159-001-01 112                                                                               2        2          252    18  0  0  02      
43-24-82-622165-001-01 111   120   40000 91  120   40000 220201 1   1  2                      2          2        2          120     0  0  0  02      
43-24-82-622165-001-01 252                                                                               2        2           39     0  0  0  02      
43-24-82-622165-001-01 311    80  108000 91   80  108000 220201 1   1  2                      2          2        2           80     0  0  0  01      
14-48-48-942180-001-01 112                                                                               2        2          108     0  0  0  03      
82-21-30-392181-001-01 112                                                                               2        2          200     0  0  0  02      
82-21-30-392181-001-01 311   100   80000 91  100   80000 320201 1   1  2                      2          2        2          100     0  0  0  02      
09-99-32-012182-001-01 112                                                                               2        2          120     0  0  0  02      
81-89-19-212183-001-01 111   240   60000 91  240   60000 320201 1   1  2                      2          2        2          360     0  0  0  02      
81-89-19-212183-001-01 312                                                                               2        2          120     0  0  0  02      
97-20-56-672184-001-01 112                                                                               2        2           40     0  0  0  02      
01-60-89-942185-001-01 112                                                                               2        2          480     0  0  0  02      
01-60-89-942185-001-01 312                                                                               2        2          340     0  0  0  02      
50-12-34-352197-001-01 111  1080  400000 93 1080  400000 520201 1   1  2                      2          2        2         1080     0  0  0  04      
50-12-34-352197-001-01 312                                                                               2        2           60     0  0  0  02      
56-62-89-782199-001-01 311   360  288000 41  360  288000 320201 2   2  2                      1 232  45002        2            0     0  0  0  02      
97-95-25-482200-001-01 312                                                                               2        2          200    40  0  0  01      
14-73-22-192201-001-01 131   500  175000 95  500  175000 820201 1   1  2                      2          2        2            0     0  0  0  02      
56-10-08-702204-001-01 112                                                                               2        2          120     0  0  0  02      
56-10-08-702204-001-01 312                                                                               2        2           40     0  0  0  02      
81-50-48-562217-001-02 111   324  150000 92  324  150000 420211 1   1 22                      2          1  6042 12           48     0  0  0  02      
81-50-48-562217-001-02 311   150  150000 92  150  150000 620211 2   1 22                      2          2        2           70    20  0  0  02      
84-58-41-512218-001-01 112                                                                               2        2          100     0  0  0  02      
84-58-41-512218-001-01 312                                                                               2        2           20     0  0  0  03      
55-19-95-162219-001-01 112                                                                               2        2          160     0  0  0  04      
55-19-95-162219-001-01 312                                                                               2        2           70    20  0  0  02      
91-90-18-922220-001-01 311   150  225000 93  150  225000 720201 1   1  2                      2          2        2          350     0  0  0  03      
05-40-62-632221-001-01 112                                                                               2        2          238    18  0  0  02      
24-15-17-332222-001-01 112                                                                               1 10041212          535    50  0  0  04      
24-15-17-332222-001-01 252                                                                               2        2          350     0  0  0  04      
24-15-17-332222-001-01 312                                                                               2        2         1100     0  0  0  04      
21-66-19-792235-001-01 312                                                                               1  1042 12           10    10  0  0  02      
00-11-58-552236-001-02 112                                                                               2        2           80     0  0  0  02      
33-40-18-382238-001-01 112                                                                               2        2           50    15  0 30  02      
33-40-18-382238-001-01 311    60   18000 93   60   180001220201 1   1  2                      2          2        2           30     5  0 15  02      
00-38-57-232239-001-01 312                                                                               2        2           27     7  0  0  02      
74-49-80-072239-001-03 222                                                                               2        2          105     0  0  0  02      
74-49-80-072239-001-03 312                                                                               1  3662 12           36    20  0  0  03      
33-71-74-272241-001-01 312                                                                               2        2           50     4  0  6  02      
31-14-86-012242-001-01 312                                                                               1  1021112            7     3  0  0  02      
53-95-94-122254-001-01 112                                                                               2        2           30    10  0  0  05      
53-95-94-122254-001-01 311    20   20000161   20   20000 320201 1   1  2                      2          2        2           20    20  0  0  05      
74-70-00-932255-001-019982                                                                               2        2         1800     0  0  0  01      
93-31-89-762256-001-01 312                                                                               2        2           18    18 18  0  02      
79-86-31-642256-001-03 112                                                                               2        2           40     3  0 67  02      
79-86-31-642256-001-03 311   200  180000161  200  180000 220201 1 2 1 22                      2          2        2           30     0  0  0  02      
79-86-31-642256-001-03 372                                                                               2        2           13     0  0  0  02      
79-86-31-642256-001-03 432                                                                               2        2           12     0  0  0  02      
30-93-95-652257-001-01 111   216   60000162  216   60000 320201 1 2 1 22                      2          2        2           98    10  0  0  02      
30-93-95-652257-001-01 311   380  380000163  380  380000 320201 1 2 1 22                      2          2        2           80    20  0  0  02      
30-93-95-652257-001-01 371    15   35000163   15   35000 220201 1 2 1 22                      2          2        2            5     0  0  0  02      
14-19-73-232258-001-01 312                                                                               2        2           65     5  0  0  02      
80-56-51-762259-001-01 112                                                                               2        121  8000   65     0  0  0  04      
80-56-51-762259-001-01 312                                                                               2        2          150     0  0  0  02      
16-88-52-772260-001-01 112                                                                               2        2           60     2  0 38  02      
16-88-52-772260-001-01 312                                                                               2        2           60     0  0 40  02      
57-18-13-692360-001-019982                                                                               2        2           50     0  0 30  01      
88-73-79-172521-001-01 112                                                                               2        2           20     0  0  0  02      
88-73-79-172521-001-01 431    30   50000101   30   30000 420191 1   1  2                      2          2        2           30     0  0  0  02      
59-63-78-892527-001-07 112                                                                               1  6042 12           60     2  0  0  02      
59-63-78-892527-001-07 311     4    8000 21    4    80001220201 1   1 22                      2          2        2           21     0  0  0  02      
81-85-70-182615-001-01 231   200  112000 91  200  112000 120201 1   1  2                      2          2        2           40     0  0 60  02      
47-47-77-472618-001-01 111  1200  400000 42 1200  400000 620201 1   1  2                      1 214 150001  6081112          180     0120240  04      
86-05-32-232620-001-01 111  1118  495000161 1118  495000 920201 1 2 1 22                      2          1 28612 12            0     0  0  0  06      
33-87-64-652621-001-01 231 2040011320000 912040011320000 120202 1   1 22                      2          2        2          100     0  0  0  02      
33-87-64-652621-001-01 311   100  200000 91  100  200000 320201 1 2 1 22                      2          2        2           30    20  0  0  02      
61-66-70-262634-001-01 112                                                                               2        2          198     0270 72  02      
51-21-65-292635-001-01 112                                                                               2        2          378     0  0 54  02      
87-28-67-892637-001-01 112                                                                               2        2          486     0  0  0  06      
33-23-50-352638-001-01 112                                                                               2        2          230     0  0 10  05      
01-89-35-762640-001-01 112                                                                               2        2          240     0  0  0  04      
01-89-35-762640-001-01 252                                                                               2        2           60     0  0  0  02      
18-61-60-452654-001-01 112                                                                               2        2           72     0  0  0  02      
18-61-60-452654-001-01 342                                                                               2        2           20     0  0  0  02      
24-22-77-122655-001-01 112                                                                               2        2           20     0  0 20  02      
47-19-86-882672-001-02 311     6   14000 41    6   14000 520191 2   2  2                      2          2        2            0     0  0  0  04      
50-32-82-322673-001-01 112                                                                               2        2          224    10  0144  04      
50-32-82-322673-001-01 312                                                                               2        2           56     8  0 16  02      
13-28-91-732674-001-01 112                                                                               1 12042 22            0     0  0  0  02      
13-28-91-732674-001-01 312                                                                               1  3642 22            0     0  0  0  02      
20-33-96-802675-001-01 112                                                                               1 66041112          200     8  0 72  04      
84-24-88-242676-001-01 112                                                                               1 10842 12          108     0  0  0  04      
84-24-88-242676-001-01 312                                                                               2        2           20     0  0  0  04      
50-01-22-992696-001-01 252                                                                               2        2           20     0  0  0  02      
23-46-30-522711-001-01 111  3240 1500000 91 3240 1500000 220201 1   1  2                      2          2        2          216     0  0108  02      
23-46-30-522711-001-01 121  7000 4000000 91 7000 4000000 220201 1   1  2                      2          2        2            0     0  0  0  02      
84-67-51-772715-001-01 121   780  480000 95  780  480000 420201 1 2 1 22                      2          2        2          130     0  0  0  02      
98-76-92-342717-001-01 112                                                                               2        2           46     0  0  0  04      
31-77-47-702735-001-01 121  6250 5375000 93 6250 5375000 220205 1   1  2                      110563060002        2           61   115  0 74  02      
91-79-41-802957-001-01 112                                                                               2        2          400     0  0  0  04      
50-10-51-602958-001-01 112                                                                               2        2          378     0  0  0  04      
90-65-51-492959-001-01 112                                                                               2        2          250    10  0 40  05      
90-65-51-492959-001-01 311    20   25000 21   20   25000 420211 2   2  2                      2          2        2           20     0  0  0  03      
34-70-67-062960-001-01 112                                                                               2        2          324     0  0  0  02      
34-70-67-062960-001-01 312                                                                               2        2           20     0  0  0  02      
71-25-33-162961-001-01 111    60   15000 31   60   15000 320211 1 2 1 22                      2          2        2          420     0  0  0  05      
71-25-33-162961-001-01 312                                                                               2        2           10     0  0  0  05      
67-75-87-742962-001-01 311    20  180000161   20  1800001120211 1   1  2                      2          1  4051112           40     0  0  0  04      
50-53-97-993035-001-01 111  4968 1840000 42 4968 1840000 420201 1 6 1  2                      1 6162300002        2          648   108  0  0  02      
35-05-63-483037-001-01 112                                                                               2        111 30000  390    10  0  01002      
39-50-51-323038-001-01 112                                                                               2        2         2000     0  0  0  04      
39-50-51-323038-001-01 132                                                                               2        2         2800   100  0  0  04      
39-36-43-123040-001-01 111    90   50000 41   90   50000 420202 1 2 1 22                      2          2        2          180     0  0  0  04      
39-36-43-123040-001-01 501    40   26000 41   40   26000 320201 1 2 1 22                      2          2        2            0     0  0  0  02      
38-77-98-463071-001-01 111   600  400000 53  600  400000 820201 1   1  2                      12012  80001322021112          840     0  0 20  04      
96-10-29-263074-001-01 111   972  540000 43  972   54000 420202 1 2 1  2                      11022     02        2          776     0  0  0  02      
52-87-01-713074-001-03 112                                                                               2        2          120     0  0  0  02      
52-87-01-713074-001-03 121   720  400000161  720  400000 920203 1   1  2                      2          1  7042 12           20    15  0  0  02      
52-87-01-713074-001-03 222                                                                               1 60012 12         1200     0  0  0  02      
52-87-01-713074-001-03 312                                                                               2        2            9     0  0  0  02      
83-83-97-843074-001-04 112                                                                               2        2        11000     0  0  0  02      
83-83-97-843074-001-04 221    50   15000 21   50   150001220201 9   9  2                      2          2        2         1450     0  0  0  02      
89-42-62-023075-001-02 112                                                                               2        122  5000  380     0  0 20  04      
89-42-62-023075-001-02 312                                                                               2        2           20     0  0  0  04      
22-18-86-073077-001-01 112                                                                               1 20012 12            0     0  0  0  04      
22-58-01-553078-001-01 112                                                                               1 25021112         1480   100  0  0  04      
22-58-01-553078-001-01 331  1560 1950000161 1560 1950000 220207 1 7 1 72                      11512     01 12022 32          840   120  0  0  04      
04-35-28-363078-001-02 112                                                                               1 54021112         1080     0  0  0  04      
04-35-28-363078-001-02 332                                                                               2        2           90    20  0 10  04      
01-31-69-053093-001-01 112                                                                               2        2           60     0  0  0  06      
08-93-73-163094-001-01 111   864  200000 96  864  200000 720212 1 2 1 22                      2          2        2         2160     0  0108  04      
12-95-59-213097-001-01 111  1188  324000 96 1188  324000 220211 1   1  2                      2          2        2          396     0  0  0  04      
12-95-59-213097-001-01 311    40   42000 96   40   42000 220211 1   1  2                      2          2        2           80     0  0  0  04      
93-36-30-053109-001-019982                                                                               2        2          500     0  0  0  02      
13-23-04-153112-001-01 111   100   70000161  100   70000 720206 1   1  2                      2          2        2          100     0  0  0  02      
65-60-93-933114-001-019982                                                                               2        2          200     0  0  0  02      
18-57-18-843115-001-01 112                                                                               2        2          200    10  0  0  52      
71-65-11-523192-001-01 112                                                                               1  6072 12           40     0  0 20  03      
66-71-90-733470-001-03 252                                                                               2        2            3     0  0  0  05      
65-52-91-163610-001-01 112                                                                               2        2           50     0  0 10  03      
06-96-90-323622-001-01 311   200  300000 91  200  300000 920191 1 4 1 42                      2          2        2          100     0  0  0  03      
06-96-90-323622-001-01 412                                                                               2        2          180     0  0  0  03      
88-20-31-173641-001-01 112                                                                               2        2           73     0  0 20  04      
88-20-31-173641-001-01 312                                                                               2        2            5     0  0  0  04      
73-54-93-253666-001-01 951 60000 6100000 9360000 6100000 920204 1 2 1 22                      2          2        2           40     0  0 60  02      
73-54-93-253666-001-019982                                                                               2        2           20     0  0  5  02      
97-67-30-883687-001-01 322                                                                               2        2            3     0  0  0  02      
97-67-30-883687-001-01 911    30   15000 91   30      15 520203 1 2 1 22                      2          2        2           40     0  0  5  02      
84-70-04-133720-001-01 112                                                                               2        2          100   100  0  0  02      
84-70-04-133720-001-01 121   540  540000 92  540  5400001020201 1   1  2                      2          2        2            0    60  0  0  02      
84-70-04-133720-001-01 131   750  900000 92  750  9000001120201 1   1  2                      2          2        2            0    50  0  0  02      
67-16-45-783721-001-01 111    30   24000 42   30   24000 720201 1 2 1 22                      2          2        2          270     0  0 10  02      
26-38-86-973723-001-03 112                                                                               2        2          130    10  0 10  02      
44-69-31-703724-001-01 111   200  100000 44  200  100000 720201 1 2 1 22                      2          1  6041112          500     0  0  0  02      
98-58-55-763740-001-01 111   100  100000 21  100  100000 820201 1 2 1 22                      2          2        2          400     0  0  0  02      
53-91-81-333775-001-01 112                                                                               2        2          100     0  0  0  04      
76-89-02-193933-001-01 111  1386  385000 94 1386  385000 420211 1 2 1 22                      2          1 12642 12          378     0  0  0  05      
43-94-10-023946-001-01 112                                                                               2        2          100     0  0  0  02      
89-86-06-243946-001-029982                                                                               2        2           40     0  0 10  02      
04-01-34-613948-001-01 112                                                                               1  3042 12          150     0  0  0  04      
14-63-58-263949-001-01 112                                                                               2        2          180     0  0  0  02      
14-63-58-263949-001-01 322                                                                               2        2           20     0  0  0  02      
12-55-82-353950-001-01 112                                                                               1 18022 12          360     0  0  0  05      
62-60-65-503983-001-01 122                                                                               1 27242 12          204     0  0 68  02      
07-12-29-184002-001-06 112                                                                               2        2           50    10  0  0  02      
15-44-50-114003-001-01 112                                                                               2        2          200     0  0  0  02      
15-44-50-114003-001-01 322                                                                               2        2          116     4  0  0  02      
21-77-05-564004-001-01 112                                                                               2        2          200    20  0  0  02      
21-77-05-564004-001-01 131    80   35000 21   80   35000 320201 1 2 1 22                      2          2        2           80     0  0  0  02      
95-46-77-554005-001-01 111   140   35000 91  140   35000 420201 1   1  2                      2          2        2          140     0  0  0  05      
71-92-23-114006-001-01 132                                                                               2        2          160     0  0  0  02      
99-75-01-914007-001-03 112                                                                               2        2          140     0  0  0  02      
99-75-01-914007-001-03 331    60   36000 51   60   36000 320201 1 2 1 22                      1 411     02        2           20     0  0  0  02      
41-08-71-954008-001-01 112                                                                               1 21622 1121 20000  432     0  0  0  04      
90-00-90-294012-001-04 131   480  600000112  480  600000 720202 1 2 1 22                      2          1 12022 12          240     0  0  0  04      
32-84-96-214022-001-01 112                                                                               2        2          280     0  0  0  02      
32-84-96-214022-001-01 331    20   30000 21   20   30000 520201 1   1  2                      2          2        2            0     0  0  0  02      
50-45-96-784024-001-01 431 50000   60000 41   50   60000 320201 1 2 1 22                      1 312     02        2           50     0  0  0  02      
40-85-46-994025-001-01 112                                                                               2        2           80     0  0  0  05      
40-85-46-994025-001-01 412                                                                               2        2          200     0  0  0  05      
60-71-29-584028-001-01 112                                                                               2        2           70     0  0 30  02      
60-71-29-584028-001-01 331    20   26000 91   20   26000 320201 1   1  2                      2          2        2            0     0  0  0  02      
60-71-29-584028-001-01 432                                                                               2        2            6     4  0  0  02      
87-00-93-354040-001-06 112                                                                               2        2          200     0  0  0  03      
12-61-17-854041-001-01 112                                                                               2        125180000  441     0  0  0  02      
12-61-17-854041-001-01 312                                                                               2        125100000  267     0  0  0  02      
23-18-10-954042-001-01 112                                                                               2        2          140     0  0  0  02      
23-18-10-954042-001-01 312                                                                               2        2           48     0  0  0  02      
84-50-65-924043-001-01 112                                                                               2        2          822     0  0  0  02      
08-74-51-594044-001-01 112                                                                               1  2042 12          220     0  0  0  05      
42-06-56-074044-001-02 112                                                                               2        2          400     0  0  0  05      
32-39-94-054046-001-01 112                                                                               2        2          200     0  0  0  02      
32-39-94-054046-001-01 222                                                                               2        2          380     0  0 70  02      
83-55-87-544047-001-01 112                                                                               2        2          120     0  0  0  02      
83-55-87-544047-001-01 221   120   20000163  120   20000 220201 1   1  2                      2          2        2           70     0  0  0  02      
83-55-87-544047-001-01 312                                                                               2        2           60     0  0  0  02      
83-55-87-544047-001-01 472                                                                               2        2            4     0  0  0  02      
96-18-51-614081-001-01 112                                                                               1  8022 12          210    10  0  0  02      
96-18-51-614081-001-01 331    50   60000 91   50   60000 920201 1   1  2                      2          2        2           45     5  0  0  02      
96-18-51-614081-001-01 432                                                                               2        2          300     0  0  0  02      
62-64-26-584083-001-01 112                                                                               2        2          280    20  0  0  02      
62-64-26-584083-001-01 322                                                                               2        2           60     0  0  0  02      
19-03-44-864085-001-02 112                                                                               2        131  4000  190     0  0  0  02      
19-03-44-864085-001-02 121    60   60000 91   60   60000 720201 1 2 1 22                      2          2        2          120     0  0  0  02      
19-03-44-864085-001-02 322                                                                               2        2           10     0  0  0  02      
19-03-44-864085-001-02 332                                                                               2        2           15     0  0  0  02      
43-86-88-414155-001-01 112                                                                               2        2           70     0  0 10  02      
82-98-10-514159-001-06 112                                                                               2        2           20     0  0  0  02      
75-63-76-424161-001-01 111  1200  420000 91 1200  420000 220211 7 8 7 82                      2          2        2          480    20  0  0  02      
98-25-88-294193-001-01 112                                                                               1 10052 12            0   100  0  0  02      
01-53-37-234195-001-01 112                                                                               1  1582 12           25     0  0  0  02      
01-53-37-234195-001-019982                                                                               2        2            8     0  0  0  02      
48-88-88-904196-001-01 112                                                                               2        2          200    10  0 90  02      
91-79-97-084199-001-01 112                                                                               2        2           38     2  0  0  02      
87-54-04-174200-001-019982                                                                               2        2          500     0  0  0  02      
18-95-24-274214-001-02 112                                                                               2        2           15     0  0  0  02      
10-54-43-564217-001-01 112                                                                               2        2          186     0  0  0  02      
10-54-43-564217-001-01 322                                                                               2        2           24     0  0  0  02      
40-02-49-454234-001-01 112                                                                               2        2           10     0  0  0  05      
49-80-80-494253-001-01 311   100   45000 94   60   45000 820201 1 3 1 31141 40 300008202013 3 2          2        141 15000   40    60  0 20  02      
15-35-50-034365-001-01 112                                                                               2        2           40     0  0  0  02      
38-11-78-454369-001-01 112                                                                               2        2            0     0  0  0  02      
63-15-23-804387-001-01 131   500  225000 41  500  225000 320211 1   1  2                      1 315  50001 30042 12          200     0  0  0  02      
24-49-93-404462-001-01 112                                                                               1  5012 12         1450    20 30  0  04      
24-49-93-404462-001-01 432                                                                               2        2           50     0  0  0  04      
79-13-46-574515-001-01 112                                                                               1  5422 12           90     0  0  0  03      
97-88-90-364516-001-01 111   360   90000161  360   90000 320211 1   1  2                      2          1 36041212          360     0  0  0  02      
97-88-90-364516-001-01 312                                                                               2        2          240     0  0  0  02      
70-16-64-654517-001-01 111   240   84000 11   12   42000 520211 1 2 1 22                      2          1108071122          120     0  0  0  02      
27-90-81-474522-001-01 112                                                                               1 24042 12          960     0  0  0  04      
56-74-41-294534-001-01 111   200   96000 31  200   96000 720201 1   1  2                      2          1 40042 12          600     0200200  04      
56-74-41-294534-001-01 331   100  120000 91  100  120000 520201 2 4 2  2                      2          2        2          145     5  0  0  04      
92-98-94-244535-001-01 111   756  294000161  756  294000 720201 1   1 22                      2          1 32442 12          648     0  0  0  06      
60-91-64-874537-001-01 111   720  252000164  720  252000 820201 1 7 1 72                      2          1 24041112          480     0  0180  02      
60-91-64-874537-001-01 122                                                                               1  6052 12          120     3  0  0  02      
60-91-64-874537-001-01 331   360  360000161  360  360000 320201 1 7 1 72                      2          2        2           40     0  0  0  02      
60-91-64-874537-001-01 412                                                                               2        2           20     0  0  0  02      
60-91-64-874537-001-01 501  1200 1200000 61 1200 1200000 820201 1 7 1 72                      1 413  50002        2            0     0  0  0  02      
23-26-79-034539-001-02 132                                                                               2        2          100     0  0  0  02      
88-22-71-884540-001-02 112                                                                               2        2          160     0  0  0  05      
99-29-28-044543-001-01 112                                                                               2        122  4000 2000     0  0100  04      
99-29-28-044543-001-01 331   600  420000 21  600  420000 120203 1 3 1 32                      2          2        2          100     0  0 20  04      
34-33-43-164634-001-01 112                                                                               2        2          660     0  0  0  04      
34-33-43-164634-001-01 331    10   14000 41   10   14000 220207 1 2 1 22                      2          1  2042 12            8     2  0  0  02      
02-23-53-224648-001-01 112                                                                               1  6242 12          316     0  0  0  02      
02-23-53-224648-001-01 222                                                                               2        2          340     0  0  0  02      
38-73-88-634650-001-01 112                                                                               2        2          200     0  0  0  02      
00-91-88-384652-001-01 112                                                                               2        2          220     0  0  0  02      
00-91-88-384652-001-01 122                                                                               1  4542 12           60     2  0  0  02      
00-91-88-384652-001-01 132                                                                               1  4842 12           36     2  0  0  02      
47-30-58-254895-001-01 112                                                                               2        2          120     0  0  0  04      
83-48-46-444895-001-03 112                                                                               2        2          120     0  0  0  04      
83-48-46-444895-001-03 232                                                                               2        2           40     0  0  0  02      
83-48-46-444895-001-03 312                                                                               2        2           60     0  0  0  02      
55-37-33-834897-001-01 112                                                                               2        2          378    27  0 36  05      
55-37-33-834897-001-01 312                                                                               2        2            5     0  0  0  05      
83-14-14-024898-001-04 112                                                                               2        2           60     0  0  0  02      
83-14-14-024898-001-04 322                                                                               2        2           10     0  0  0  02      
42-87-18-364900-001-01 112                                                                               1  5442 12          216     0  0 72  02      
44-11-06-044901-001-01 112                                                                               2        2          450     0  0 50  04      
44-11-06-044901-001-01 252                                                                               2        2          100     0  0  0  01      
82-92-95-334914-001-01 112                                                                               2        2          528240000  0  0  03      
37-86-09-804915-001-01 112                                                                               2        2           81     0  0  0  02      
84-99-81-334916-001-01 112                                                                               2        2          280     0  0240  02      
12-86-91-664918-001-01 112                                                                               2        2           70     0  0 38  05      
12-86-91-664918-001-01 312                                                                               2        2           15     0  0  5  02      
63-07-18-144919-001-01 112                                                                               2        2           90     0  0 72  02      
62-49-93-004921-001-01 112                                                                               2        2          160     0  0  0  02      
62-49-93-004921-001-01 252                                                                               2        2           83     0  0  0  01      
62-49-93-004921-001-01 312                                                                               2        2           62     0  0  0  02      
31-32-27-894934-001-02 111   108   40000161  108   40000 520201 2 3 2 32                      2          2        2          288     0  0  0  02      
20-59-92-394938-001-01 112                                                                               2        2          108     0  0  0  02      
16-74-03-084938-001-05 112                                                                               2        2          120     0  0120  02      
03-44-97-894940-001-01 112                                                                               2        2          362    20  0 18  02      
27-50-87-344971-001-01 112                                                                               2        2          120     0  0  0  08      
30-25-28-774973-001-02 112                                                                               1 26072 12          100    10  0  0  02      
30-25-28-774973-001-02 322                                                                               2        2           20     0  0  0  02      
69-14-01-644978-001-01 112                                                                               2        2          100     0  0  0  03      
77-11-61-744978-001-03 112                                                                               1  8042 12          120    40  0  0  03      
85-74-34-934992-001-01 112                                                                               2        2          378     0  0  0  04      
59-59-77-064993-001-01 111  1200  270000 91 1200  270000 220215 1 2 1 22                      2          2        2          360     0  0240  05      
29-14-89-654994-001-01 112                                                                               2        2          264     0  0 36  02      
22-03-21-614995-001-01 112                                                                               2        2          100     0  0  0  01      
82-93-80-804996-001-01 111  1008  280000 91 1008  280000 320203 4 7 4 72                      2          2        2          142    20  0 90  05      
98-44-73-355086-001-01 112                                                                               2        2           33     3  0  0  04      
98-44-73-355086-001-01 312                                                                               2        2           15     3  0  0  02      
55-38-00-935088-001-01 112                                                                               1 24042 12          360     0  0  0  04      
55-38-00-935088-001-01 511  2180 1030000 21 2180 1030000 420211 1   1 22                      2          2        2            0     0  0  0  02      
84-21-69-365260-001-01 912                                                                               2        2           10     0  0  0  02      
03-34-75-965318-001-01 911     5    6000 21    5    6000 620217 1 2 1 22                      2          2        2            2     0  0  0  02      
03-34-75-965318-001-019981     5    5000 21    5    5000 720215 1 2 1 22                      2          2        2            2     0  0  0  02      
22-58-79-145529-001-01 111   282  112000 91  282  112000 520211 1   1 22                      2          2        2          250     0108440  02      
22-58-79-145529-001-01 312                                                                               2        2           25     0  0  0  08      
84-98-35-825544-001-02 112                                                                               2        2           25     0  0  0  03      
84-98-35-825544-001-02 322                                                                               2        2            3     1  0  0  03      
58-84-38-085845-001-01 112                                                                               2        2          200     0  0  0  05      
59-35-72-905849-001-01 112                                                                               2        2           40     0  0  0  02      
38-54-59-265850-001-01 111   100   35000 41  100   35000 420201 1   1  2                      2          2        2          120     0  0  0  02      
44-93-96-145851-001-01 112                                                                               2        2          300     0  0  0  02      
44-93-96-145851-001-01 312                                                                               2        2           50     0  0  0  02      
70-86-81-135851-001-03 111   900  288000 93  900  288000 820204 1 2 1 22                      2          2        2          200     0  0  0  02      
70-86-81-135851-001-03 312                                                                               2        2            0    20  0  0  02      
52-17-86-975851-001-09 112                                                                               2        2          420     0  0  0  02      
96-92-93-895851-001-10 112                                                                               2        131   500  119     0  0  0  02      
46-07-29-055865-001-01 111    20    6000 41   20    6000 720211 1   1  2                      1 111     02        2          200     0  0  0  02      
28-63-80-025870-001-01 112                                                                               2        2          150     0  0  0  02      
20-23-28-815871-001-02 112                                                                               2        2           60     0  0  0  02      
20-23-28-815871-001-02 312                                                                               2        2           10     0  0  0  02      
44-04-54-775872-001-01 111   108   36000 91  108   36000 320211 1   1  2                      2          2        2          152    10  0  0  02      
64-76-70-495883-001-02 112                                                                               1 30042 12          200     0  0  0  02      
64-76-70-495883-001-02 312                                                                               2        2           20     0  0  0  02      
33-09-32-845883-001-06 112                                                                               1 16042 12           80     0  0  0  02      
78-86-78-615886-001-01 111   540  180000 93  540  180000 320211 1   1  2                      2          1 21641112          300    24  0  0  04      
78-86-78-615886-001-01 332                                                                               2        2           15     5  0  0  02      
78-86-78-615886-001-01 432                                                                               1 17842 12           48    14  0  0  02      
23-97-33-545886-001-02 111   432  144000 93  432  144000 420211 1   1  2                      2          1 21642 12          200    16  0  0  04      
23-97-33-545886-001-02 311    40   40000 91   40   40000 320211 1   1  2                      2          1  2042 12           30    10  0  0  02      
75-03-15-465887-001-01 111   240   60000 41  240   60000 320212 1   1  2                      1 121     01  6042 12          140     0  0  0  02      
79-80-98-585890-001-01 112                                                                               2        2          240     0  0  0  05      
79-80-98-585890-001-01 312                                                                               2        2           20     0  0  0  05      
95-27-24-015890-001-04 111   216   72000 92  216   72000 320211 1   1  2                      2          1  9042 12          116    10  0  0  02      
72-79-15-245927-001-01 112                                                                               2        2           20     0  0  0  02      
72-79-15-245927-001-01 222                                                                               2        2           20     0  0  0  02      
57-81-79-875929-001-02 112                                                                               2        2          220     0  0  0  02      
47-03-39-285930-001-01 112                                                                               1 12042 12          360     0  0  0  02      
63-22-91-285940-001-01 112                                                                               2        2          480     0  0  0  02      
63-22-91-285940-001-01 312                                                                               2        2           40     0  0  0  02      
99-00-64-745941-001-01 111   140   35000 21  140   35000 420201 1   1  2                      2          2        2          140     0  0  0  02      
99-00-64-745941-001-01 312                                                                               2        2           80     0  0  0  02      
99-00-64-745941-001-01 432                                                                               2        2           40     0  0  0  02      
73-55-94-915941-001-04 111    80   20000 21   80   20000 320201 1   1  2                      2          2        2          100     0  0  0  02      
73-55-94-915941-001-04 312                                                                               2        2           40     0  0  0  02      
96-92-79-065941-001-05 111   360  150000 41  360  150000 520201 1 2 1 22                      2          2        2          600     0  0  0  02      
76-51-31-465941-001-06 111   240   60000 91  240   60000 420201 1   1  2                      2          2        2          350    10  0  0  02      
44-44-29-875943-001-01 111   300   90000 91  300   90000 520201 1 2 1 22                      2          2        2          120     0  0  0  02      
44-44-29-875943-001-01 221   120   30000 21  120   30000 320203 1 2 1 22                      2          2        2          160     0  0 80  02      
44-44-29-875943-001-01 312                                                                               2        2           40     0  0 10  02      
22-41-43-445945-001-01 112                                                                               1 24042 12         1640     0  0  0  02      
79-34-82-765946-001-01 112                                                                               2        2         1160    40  0  0  05      
71-24-70-235946-001-03 111   240  100000 94  240  100000 820201 1   1  2                      2          2        2          200    40  0  0  05      
99-99-38-585947-001-01 112                                                                               2        2           72     0  0144  05      
71-84-74-895949-001-01 112                                                                               2        2          324     0  0  0  05      
47-51-56-856075-001-01 112                                                                               2        2          200     0  0  0  04      
47-51-56-856075-001-01 311   100  120000 21  100  120000 120201 1 2 1 22                      2          2        2           50     0  0  0  04      
03-51-56-446076-001-01 112                                                                               1 14012 12           70    20  0 10  02      
03-51-56-446076-001-01 311   120  120000161  120  120000 220211 1   1  2                      2          2        2            0     0  0  0  02      
03-51-56-446076-001-01 432                                                                               1   442 12           20     0  0  5  02      
04-11-05-776077-001-01 111   270   75000161  270     750 220201 1   1  2                      2          2        2          440    10  0  0  02      
04-11-05-776077-001-01 311    60   60000161   60   60000 220201 1 2 1 22                      2          2        2           40    60  0  0  02      
90-51-97-206078-001-01 312                                                                               2        2           60     0  0  0  01      
69-83-52-176081-001-01 112                                                                               2        2            0     0  0  0  08      
69-83-52-176081-001-01 312                                                                               2        2            0     0  0  0  08      
98-41-89-296092-001-01 112                                                                               2        2           34     2  0  0  02      
98-41-89-296092-001-01 312                                                                               2        2           38     2  0  0  02      
58-61-73-626094-001-01 112                                                                               2        2           24     1  0  0  02      
58-61-73-626094-001-01 312                                                                               2        2            9     1  0  0  02      
54-05-19-516094-001-02 112                                                                               2        2           80     0  0  0  02      
54-05-19-516094-001-02 312                                                                               2        2           20     0  0  0  02      
67-38-97-816096-001-01 112                                                                               1  8042 1131  4000   40     5  0  0  04      
67-38-97-816096-001-01 222                                                                               2        2           60     0  0  0  06      
67-38-97-816096-001-01 312                                                                               1  3642 12           18    36  0  0  04      
82-38-88-876099-001-01 112                                                                               1  151111121  1000   60     0  0 10  02      
82-38-88-876099-001-01 312                                                                               2        123  2000   10     0  0  0  02      
11-28-10-276111-001-02 112                                                                               2        2           20     0  0  0  02      
11-28-10-276111-001-02 311    20   15000 92    1   15000 220211 2 3 2  2                      2          2        2           35     0  0  0  02      
37-68-62-196113-001-01 111    54   18000 91   54   18000 320201 2   2  2                      2          2        2            0     0  0  0  02      
37-68-62-196113-001-01 312                                                                               2        2           27     0  0  0  02      
54-19-44-176114-001-01 311    60   75000 42   60   75000 520212 1 2 1 22                      1 822     02        2           60     0  0  0  02      
59-91-92-126116-001-01 112                                                                               2        2           80     0  0  0  02      
59-91-92-126116-001-01 312                                                                               2        2           35     0  0  0  02      
93-28-31-466117-001-01 112                                                                               2        2           80     0  0  0  02      
93-28-31-466117-001-01 312                                                                               2        2           30     0  0  0  02      
57-19-84-556118-001-01 111   108   36000 92  108   36000 320201 1   1  2                      2          2        2           72     0  0  0  02      
57-19-84-556118-001-01 312                                                                               2        2           20     0  0  0  02      
62-45-14-046130-001-01 111   480  100000 91  480  100000 620211 1   1  2                      2          1 12042 12            0     0  0  0  02      
43-13-81-136131-001-01 112                                                                               1348012 12         3240     0  0  0  04      
27-72-81-606133-001-01 112                                                                               2        2          304    20  0  0  04      
78-07-69-386137-001-01 111   300   90000 91  300   90000 420201 1 2 1 22                      2          1 30011112          400     0  0  0  05      
78-07-69-386137-001-01 131   300  180000 91  300  180000 820211 1 2 1 22                      2          2        2            0    60  0  0  05      
65-97-14-246149-001-03 112                                                                               1 10041312          120    20  0  0  02      
65-97-14-246149-001-03 312                                                                               1  6041332           40    20  0  0  02      
88-99-03-546151-001-01 112                                                                               1  4042 12           40     0  0  0  02      
88-99-03-546151-001-01 312                                                                               1  4042 12           20     0  0  0  02      
52-66-48-206153-001-01 112                                                                               1 20042 12          140     0  0  0  02      
52-66-48-206153-001-01 312                                                                               1 10042 12          145     0  0  0  02      
00-62-14-066154-001-01 312                                                                               2        2           23     0  0  0  02      
21-27-12-896155-001-01 312                                                                               1  5442 12           18     0  0  0  02      
76-95-55-866156-001-01 312                                                                               2        2           20     0  0  0  02      
12-92-21-926171-001-01 111   100   20000 91   20   20000 420211 1   1  2                      2          1 24041112           20     0  0  0  02      
12-92-21-926171-001-01 312                                                                               1  2041332           60     0  0  0  02      
51-60-23-276171-001-03 111    60   15000 21   60   15000 620211 1   1  2                      2          2        2          120     0  0  0  02      
51-60-23-276171-001-03 312                                                                               2        2           20     0  0  0  02      
51-60-23-276171-001-03 432                                                                               2        2           10     0  0  0  02      
35-50-92-436173-001-01 111    60   15000 41   60   15000 320211 1 2 1 22                      1 112     02        2           60     0  0  0  02      
47-39-58-576175-001-01 112                                                                               2        2           36     0  0  0  02      
47-39-58-576175-001-01 312                                                                               2        2           30     0  0  0  02      
31-00-34-196187-001-01 112                                                                               1 12042 12          120     0  0  0  02      
31-00-34-196187-001-01 311   600  300000 42  600   30000 320204 1 2 1 22                      1 842 250001  6042 12           60     0  0  0  02      
01-26-99-776188-001-01 111    45   45000 92   45   45000 320211 1   1  2                      2          2        2           45     0  0  0  02      
01-26-99-776188-001-01 311   200  100000 92  200  100000 320211 1   1  2                      2          2        2            0     0  0  0  02      
51-98-37-196188-001-05 111   432  144000 91  432  144000 420211 1   1  2                      2          1  6042 12           50    10  0  0  04      
61-54-05-566193-001-01 111    60   24000 91   60   24000 420201 1 2 1 22                      1 211     02        2           40     0  0  0  02      
61-54-05-566193-001-01 311    60   30000 42   60   30000 620201 1 2 1 22                      1 211     01  2042 32           20    20  0  0  02      
79-89-89-376194-001-01 111   200   60000161  200   60000 520201 1   1  2                      2          2        2         1040     0  0  0  02      
79-89-89-376194-001-01 312                                                                               2        2          100     0  0  0  02      
54-09-11-756208-001-01 111   100   50000 41  100   50000 420211 1   1  2                      1 216  20001100041122          400     0  0  0  02      
54-09-11-756208-001-01 432                                                                               1 40042 22          200     0  0  0  02      
54-09-11-756208-001-01 871  2700 1200000 91 2700 1200000 320211 1   1  2                      2          2        2            0     0  0  0  02      
99-49-58-426210-001-01 112                                                                               2        2           75     5  0  0  02      
99-49-58-426210-001-01 312                                                                               2        2           60     0  0  0  02      
12-12-01-706211-001-01 311    30   15000 91   30   15000 320211 1   1  2                      2          1  1542 12           15     5  0  0  02      
34-04-89-696212-001-02 312                                                                               1  1542 12           40     5  0  0  02      
33-59-62-206213-001-01 111   200   60000 91  200   60000 720201 2 3 2 32                      2          1 10042 12          100     0  0  0  02      
33-59-62-206213-001-01 311   100   50000 91  100   50000 720211 2 3 2 32                      2          1  5042 32           50    50  0  0  02      
95-07-03-496227-001-01 112                                                                               2        2          216    20 30 78  02      
95-07-03-496227-001-01 312                                                                               2        2          270    30  0  0  02      
56-36-73-366228-001-01 112                                                                               2        2           60     0  0  0  02      
56-36-73-366228-001-01 252                                                                               2        2           60     0  0  0  02      
56-36-73-366228-001-01 312                                                                               2        2           20     0  0  0  02      
31-43-47-486232-001-02 112                                                                               2        112 15000   80     0  0 15  02      
31-43-47-486232-001-02 311   300  540000 41  300  540000 420202 2 4 2 42                      18014 200002        112 10000   35     0  0 10  02      
42-99-08-386244-001-01 111   458  130000161  458  130000 220201 1 2 1 22                      2          2        2          108    10  0  0  02      
42-99-08-386244-001-01 311   120   60000161  120   60000 220201 1 2 1 22                      2          2        2           80    20  0  0  02      
05-51-75-156245-001-01 252                                                                               2        2           20     0  0  0  01      
05-51-75-156245-001-01 311   280  280000 91  280  280000 320201 1 2 1 22                      2          2        2           40    20  0  0  01      
09-68-04-756246-001-01 111   250   75000161  250   75000 220191 1 2 1  2                      2          2        2           50     0  0  0  02      
09-68-04-756246-001-01 311   350  350000161  350  350000 220191 1 2 1  2                      2          2        2           50     0  0  0  02      
66-91-47-616247-001-01 112                                                                               1 10041112           80    10  0 20  03      
66-91-47-616247-001-01 311   100   90000162  100   90000 220211 1 2 1 22                      2          1  1042 12           40    20  0 10  03      
66-91-47-616247-001-01 432                                                                               2        2           10     0  0  0  06      
61-92-53-506248-001-01 311    80   60000 91   80   60000 620201 1 2 1 22                      2          2        2           20    20  0  0  02      
79-54-29-986250-001-01 112                                                                               2        2           98     2  0  0  05      
79-54-29-986250-001-01 252                                                                               2        2           20     0  0  5  01      
79-54-29-986250-001-01 312                                                                               2        2          140    20  0 40  02      
83-23-74-006251-001-02 431 1885831430000 951885831430000 420211 1   1  2                      2          1  1542 12           27     0  0  0  02      
77-10-93-706264-001-01 112                                                                               2        123 10000  100     0  0  0  02      
77-10-93-706264-001-01 311   100   90000 41  100   90000 320201 1   1  2                      1 316  20002        121  5000  300     0  0  0  02      
77-10-93-706264-001-01 431   100  120000 41  100  120000 320201 1   1  2                      1 316  40002        2          100     0  0  0  02      
58-29-18-126265-001-01 311   120  120000161  120  1200001220201 1   1 22                      1 416  10001  2042 32            0     0  0  0  06      
56-37-50-426266-001-01 252                                                                               2        2           30     0  0  5  02      
25-91-76-286267-001-01 111    72   12000 51   72   12000 220201 1 2 1 22                      1 316  20002        2            0     0  0  0  02      
25-91-76-286267-001-01 311    40   24000 41   40   24000 320201 1 2 1 22                      1 316  20002        2           50     5  0  0  02      
11-72-84-766270-001-01 112                                                                               2        2          160    20  0 20  02      
11-72-84-766270-001-01 311    40  200000 93   40   20000 520201 1   1  2                      2          2        2           40    10  0 10  02      
74-65-42-856320-001-01 122                                                                               2        2          150     0  0100  08      
51-65-66-406324-001-01 121   100  150000 42  100  150000 220211 1   1  2                      2          2        2          150    50  0 50  02      
85-15-11-196341-001-01 191   500  300000 93  500  300000 120212 3   3  2                      2          2        2            0     0  0  0  01      
69-68-49-176343-001-01 191   100  100000 91  100  100000 120211 2   2  2                      2          2        2            0     0  0  0  01      
98-46-77-536377-001-01 112                                                                               2        2           30     0  0 20  02      
15-86-79-436454-001-03 112                                                                               2        2          240     0  0  0  02      
46-83-71-366455-001-14 112                                                                               2        2          216     0  0  0  03      
57-79-50-336459-001-01 112                                                                               2        2          200     0  0  0  02      
57-79-50-336459-001-01 431150000   90000 41  150   90000 520202 1 2 1 22                      1 922  20002        2          150     0  0  0  02      
44-63-23-236461-001-01 112                                                                               2        2          960     0  0  0  02      
44-63-23-236461-001-01 431   240  300000 91   24  180000 620202 1 2 1 21 91 1612000062020212122          2        2          240    72  0  8  02      
05-50-28-026498-001-01 112                                                                               2        2           40     0  0  0  02      
05-50-28-026498-001-01 312                                                                               2        2          200     0  0  0  02      
97-72-32-966498-001-02 111   100   35000 41  100   35000 620201 1   1  2                      2          2        2          200     0  0  0  02      
97-72-32-966498-001-02 311   100   80000 41  100   80000 620201 1   1  2                      1 212     02        2          100     0  0  0  01      
07-21-55-346550-001-01 112                                                                               2        2           12     0  0  0  01      
32-45-09-376586-001-01 112                                                                               2        2           40     0  0  0  02      
32-45-09-376586-001-01 312                                                                               2        2           30     0  0  0  02      
32-45-09-376586-001-01 372                                                                               2        2           15     0  0  0  02      
70-73-71-136589-001-01 112                                                                               2        2           60     0  0  0  02      
96-58-46-806594-001-03 112                                                                               2        2          100     0  0  0  02      
96-58-46-806594-001-039982                                                                               2        2           50     0  0  0  02      
16-03-32-726644-001-01 111    20   14000 91   20   14000 120211 1   1  2                      2          2        2           40     0  0  0  04      
16-03-32-726644-001-01 311     7   10500 21    7   10500 120211 1   1  2                      2          2        2           13     0  0  0  04      
26-99-67-446649-001-01 112                                                                               2        2          130     0  0  0  04      
26-99-67-446649-001-01 252                                                                               2        2           40     0  0  0  04      
26-99-67-446649-001-01 312                                                                               2        2           15     0  0  0  04      
14-03-63-516650-001-01 112                                                                               2        2          120     0  0  0  04      
14-03-63-516650-001-01 312                                                                               2        2           10     0  0  0 104      
24-14-39-626707-001-01 112                                                                               1 14052 12           60     0  0160  04      
92-19-80-246724-001-02 312                                                                               2        2           32     0  0  0  02      
02-53-75-426744-001-03 111   300  150000 53  300  150000 120201 1   1  2                      2          1 20052 2123 50000   20    40  0100 605      
90-88-19-106778-001-01 121   950  570000 91  950  570000 320201 1   1  2                      11914 640002        131  2500  100   100  0 20  03      
58-57-11-796799-001-01 111   480  240000 91  360  240000 420211 1 2 1 22                      2          2        2            0     0  0  0  04      
58-57-11-796799-001-01 312                                                                               2        2           10     0  0  0  04      
44-13-78-446801-001-01 311    75   75000 41   75   75000 320211 3   3  2                      2          2        2            0     0  0  0  04      
85-23-86-976802-001-02 311   100  175000161  100  175000 220211 1   1  2                      2          2        2           20     0  0  0  04      
82-57-40-446836-001-01 322                                                                               2        2           15     0  0  5  01      
58-38-79-076854-001-01 322                                                                               2        2           50     0  0 25  01      
03-42-21-926913-001-01 122                                                                               2        2           18     0  0  0  02      
84-45-49-736948-001-01 112                                                                               2        2           48     3  0  0  02      
43-58-35-806969-001-01 112                                                                               2        131 25000  600    60  0 20  02      
43-58-35-806969-001-01 341   100   50000161  100   50000 720201 1   1  2                      2          2        2          150     6  0 44  02      
00-02-34-816969-001-03 112                                                                               2        2          120     0  0  0  02      
00-02-34-816969-001-03 132                                                                               2        2           40     0  0  0  02      
00-02-34-816969-001-03 341    20   10000 91   20   10000 920201 1 2 1 22                      2          2        2           40     0  0  0  02      
64-88-79-476987-001-01 112                                                                               2        2          260    30  0 50  02      
64-88-79-476987-001-01 341   100   20000161  100   20000 820203 2   2  2                      2          2        2           35     5  0  0  02      
83-85-01-927024-001-01 311   360  360000 91  360  360000 620211 1 2 1 22                      2          1  6082 12           60     0  0  0  02      
12-01-68-847027-001-03 121   700  500000161  700  5000001220201 1   1  2                      2          2        2            0     0  0  0  05      
45-81-24-077030-001-01 111   840  175000 91  840  175000 320201 1 2 1 22                      2          2        2            0     0  0  0  05      
15-26-83-147066-001-01 111    60   60000 91   60   60000 220201 1   1  2                      2          1  2042 12           20     0  0 20  04      
15-26-83-147066-001-01 121   300  150000 91  300  150000 120211 1   1  2                      2          2        2            0     0  0  0  02      
06-49-50-717106-001-01 412                                                                               2        2           20     0  0  0  02      
13-96-85-807106-001-03 112                                                                               1  8012 12          360    20  0  0  04      
29-40-20-767110-001-01 112                                                                               1  8042 12          130     6  0  0  04      
90-38-56-467120-001-01 112                                                                               1 20042 12          500     0  0  0  02      
90-38-56-467120-001-01 312                                                                               2        2           40     0  0  0  02      
24-00-17-337121-001-01 112                                                                               2        2          400     0  0  0  02      
24-00-17-337121-001-01 122                                                                               2        2          225     0  0  0  02      
24-00-17-337121-001-01 312                                                                               2        2           28     0  0  0  02      
96-07-66-127122-001-01 111  5400 2250000 92 5400 2250000 720205 1 2 1 22                      2          2        2         3240     0  0  0  05      
72-66-97-487122-001-06 112                                                                               2        2          480     0  0  0  05      
84-92-39-367122-001-07 111   432  180000 92  432  180000 420211 1   1  2                      1 315 100001 21642 12          108    16  0  0  05      
98-75-56-677123-001-01 111   324  126000 52  324  126000 320212 1   1 22                      1 626  50002        2          472     0  0  0  02      
98-75-56-677123-001-01 312                                                                               2        2           10     0  0  0  02      
21-63-86-537124-001-01 112                                                                               1  9842 12          324    10  0  0  02      
99-03-97-377142-001-01 111   270  120000 94  270  1200001220201 1   1 32                      2          2        2           50     0  0400  05      
70-94-18-577156-001-01 112                                                                               2        2          500     0  0  0  02      
15-99-79-887162-001-01 112                                                                               1  3642 12          306     0  0  0  04      
45-44-01-967166-001-01 112                                                                               2        2           60     0  0  0  02      
45-44-01-967166-001-01 222                                                                               2        2           48     0  0  0  02      
45-44-01-967166-001-01 312                                                                               2        2            4     0  0  0  02      
46-11-79-017166-001-03 112                                                                               1  2042 12          120    20  0  0  02      
00-30-59-557185-001-01 112                                                                               1 70041112            0     0  0  0  02      
00-30-59-557185-001-01 412                                                                               1 20042 12          100     0  0  0  02      
13-78-92-737255-001-01 312                                                                               2        2           16    10  0  4  02      
14-19-96-877623-001-01 342                                                                               1  1012 12           15     0  0 25  08      
14-19-96-877623-001-01 922                                                                               2        2           36     0  0  0  01      
46-70-45-217634-001-01 111   200   80000 41  200   80000 520203 3   3  2                      2          2        2          170    20 60  0  02      
62-17-78-367653-001-01 872                                                                               2        2           38     0  0  2  02      
38-38-42-787655-001-01 112                                                                               1 10042 12          120    40  0 80  02      
64-69-57-407657-001-01 112                                                                               2        2          200     0  0  0  02      
82-52-23-197730-001-01 112                                                                               2        2          260    40  0  0  04      
82-52-23-197730-001-01 431    50   56000 31   50   560001120201 1   1 22                      2          2        2          100     0  0  0  04      
28-74-45-587731-001-01 111  2000  640000163 2000  640000 820201 1 2 1 22                      2          2        2          800     0  0200  05      
28-74-45-587731-001-01 321    80   60000161   80   60000 820201 1 2 1 22                      2          2        2           80     0  0 20  05      
83-92-82-087732-001-01 111   108   60000 31  108   600001220201 1   1  2                      2          2        2           90     0  0  0  02      
26-83-07-887825-001-01 321    45   45000 91   45   450001020201 1 2 1 22                      2          2        2           15     0  0  0  01      
63-73-59-667842-001-03 112                                                                               2        2           50     0  0  0  02      
63-73-59-667842-001-03 322                                                                               2        2           20     0  0  0  02      
63-73-59-667842-001-03 342                                                                               1   542 32           35     0  0  0  02      
63-73-59-667842-001-03 362                                                                               2        2           50     0  0  0  02      
63-73-59-667842-001-03 432                                                                               2        2          100    25  0  0  02      
56-26-44-997845-001-01 132                                                                               1  3052 12            4     0  0  0  02      
07-61-69-657862-001-01 112                                                                               2        2          250     0  0  0  02      
07-61-69-657862-001-01 122                                                                               2        2          200     0  0  0  02      
07-61-69-657862-001-01 342                                                                               2        2           90    10  0  0  02      
52-33-12-157900-001-01 112                                                                               2        131 20000  280     0  0  0  02      
52-33-12-157900-001-01 341    40   32000161   40   32000 720201 1 2 1 22                      2          2        112 10000   55     0  0  0  02      
52-33-12-157900-001-01 432                                                                               2        2           20     0  0  0  02      
90-68-95-747916-001-01 112                                                                               2        2           20     0  0  0  02      
95-68-45-617917-001-01 112                                                                               2        2          200     0  0  0  02      
95-68-45-617917-001-01 221   140   10000 31  140   10000 420201 4   4  2                      2          2        2          300     0  0110  02      
80-27-00-227918-001-01 222                                                                               2        2          288     0  0  0  01      
19-89-44-487919-001-01 112                                                                               2        2          110     0  0  0  04      
19-89-44-487919-001-01 222                                                                               2        2          200     0  0 10  02      
71-33-08-657919-001-11 112                                                                               2        122  2000  120     0  0  0  02      
71-33-08-657919-001-11 222                                                                               2        2          400     0  0 20  02      
52-72-30-637920-001-01 112                                                                               2        2          168     0  0 12  04      
53-96-23-777921-001-01 112                                                                               2        2          240     0  0  0  02      
32-16-83-617921-001-04 222                                                                               2        2          450     0  0  0  02      
74-23-11-257935-001-07 112                                                                               2        2          378     0  0 54  03      
74-23-11-257935-001-07 312                                                                               2        2           90    10  0 20  08      
31-35-06-217936-001-01 111   200   90000 43  200   90000 320202 1 2 1 22                      11822     02        2          760     0  0  0  04      
31-35-06-217936-001-01 322                                                                               2        2           30     0  0  0  04      
31-35-06-217936-001-01 332                                                                               2        2           20     0  0  0  04      
31-35-06-217936-001-01 432                                                                               2        2          100     0  0  0  04      
71-59-39-297940-001-02 111   200   82500 21  200   82500 320203 2   2  2                      2          1 12042 32          150     0 15 15  04      
71-59-39-297940-001-02 222                                                                               2        2          250     0 25 25  04      
71-59-39-297940-001-02 432                                                                               2        143  3500  150     0  0 30  04      
87-93-30-617973-001-01 112                                                                               2        2          118     2  0  0  02      
87-93-30-617973-001-01 122                                                                               2        2          120     0  0  0  02      
87-93-30-617973-001-01 222                                                                               2        2          750     0  0  0  02      
87-93-30-617973-001-01 332                                                                               2        2           60     0  0  0  02      
38-93-28-418011-001-01 111   240   60000 91  120   30000 320201 1 2 1 22                      2          2        2          360     0  0  0  02      
14-68-38-978014-001-01 112                                                                               2        2          234     0  0 18  04      
44-32-80-968033-001-02 112                                                                               1  8042 12          130     0  6  0  02      
44-32-80-968033-001-02 312                                                                               2        2           57     3  0  0  02      
68-35-72-168035-001-01 112                                                                               2        2          360     0  0  0  02      
08-10-16-648068-001-04 112                                                                               2        2         1500     0  0  0  04      
08-10-16-648068-001-04 332                                                                               2        2          650     0  0  0  04      
08-10-16-648068-001-04 432                                                                               2        2          250     0  0 50  04      
66-05-65-518168-001-01 112                                                                               2        2          420     0  0  0  02      
16-85-18-498169-001-01 341    60   30000 95   60   300001020201 1   1  2                      2          2        2            0     0  0  2  02      
87-50-63-898171-001-01 111   750  266500 93  750  266500 120211 1   1  2                      2          2        2          480    20  0120  02      
73-73-81-468173-001-01 322                                                                               2        2           40     0  0  0  08      
08-21-18-738185-001-01 112                                                                               1  1042 12          287     3  0100  02      
83-98-37-268187-001-01 111   450  450000 93  450  450000 220211 1   1  2                      2          2        2          450     0  0  0  02      
68-96-28-518189-001-019982                                                                               2        2           30     0  0  5  02      
97-06-33-258282-001-03 111   400  100000 21  400  1000001020203 1   1  2                      2          2        112 10000  360    20  0  0  08      
97-06-33-258282-001-03 342                                                                               2        2           40     0  0  0  08      
95-10-97-388285-001-01 111   500  150000161  500  150000 820202 1   1  2                      2          2        2          300     0  0  0  08      
11-35-47-338339-001-01 111   300  150000161  300  150000 820201 1   1 22                      2          2        133  1500  180    17  0200  02      
11-35-47-338339-001-01 121   700  490000163  700  490000 920201 1 2 1 22                      2          2        2          200    64136100  08      
51-76-89-738433-001-01 112                                                                               2        2          390     0  0  0  01      
48-32-46-838505-001-01 112                                                                               1351042 12          540     0  0  0  02      
48-32-46-838505-001-01 122                                                                               1 64042 12          180    20  0 60  02      
48-32-46-838505-001-01 131  1800  360000 91 1800  360000 420214 1 2 1 22                      2          1 40042 12          300   100  0  0  04      
48-32-46-838505-001-01 222                                                                               1 36042 12          840     0  0  0  02      
32-24-12-228506-001-01 112                                                                               1 15012 12          250     0  0  0  04      
62-07-93-438507-001-01 111   600  240000 92  600  240000 520211 1   1  2                      2          1 60061212          120    40  0 40  02      
62-07-93-438507-001-01 122                                                                               1 35012 12           20    20  0 10  02      
62-07-93-438507-001-01 222                                                                               2        2          150     0  0 50  01      
62-07-93-438507-001-01 412                                                                               1 50062 22            0     0  0  0  02      
30-40-59-808508-001-01 112                                                                               1 7001111132 60000 6000     0  0  0  04      
30-40-59-808508-001-01 501    75   75000 61   75   75000 820201 1   1  2                      1 115     02        2            0     0  0  0  02      
55-35-60-258508-001-03 111  1200  360000161 1200  360000 720201 1 2 1 22                      2          2        111    60  600     0  0  0  05      
27-00-87-678509-001-05 501   180  145800 41  180  145800 620201 1   1  2                      2          2        2            0     0  0  0  02      
85-44-38-168511-001-01 112                                                                               1  4012 12          196     4  0  0  05      
85-44-38-168511-001-01 222                                                                               1  5912 12          188     0  0  0  05      
57-16-67-668511-001-04 111  1200  600000 92 1000  500000 620211 2 3 2 31 2120010000052021123232          1145041112          300    50  0150 502      
57-16-67-668511-001-04 222                                                                               2        2          200     0  0  0  01      
23-56-01-838512-001-01 112                                                                               2        2          240     0  0  0  05      
23-56-01-838512-001-01 312                                                                               2        2          100     0  0  0  05      
06-99-12-268524-001-01 411    45   20250 91   45   20250 820201 6   6 72                      2          2        2            0     0  0  0  08      
02-58-17-688525-001-01 111  1000  600000 51 1000  600000 220211 1   1 22                      1 223 200002        131 20000  420     0  0  0  05      
02-58-17-688525-001-01 121  1000  420000161 1000  420000 320211 1 2 1 22                      2          2        131 42000  340     0  0 60  02      
02-58-17-688525-001-01 341   100  120000 51  100  120000 520201 1 2 1 22                      1 212     02        2            0     0  0  0  02      
79-22-29-278526-001-01 111    36   12000 94   36   12000 420211 1   1  2                      2          1160021212          164     0  0  0  02      
79-22-29-278526-001-01 432                                                                               1 63042 12          112    28  0  0  02      
79-22-29-278526-001-01 502                                                                               1 50022 22            0     0  0  0  08      
38-71-06-878527-001-01 501    35   28000 41   35   28000 620201 4   1 42                      2          2        2            0     0  0  0  02      
70-41-03-848528-001-01 112                                                                               2        2          240     0  0  0  04      
65-17-43-268528-001-04 501   600  400000 72  600  400000 620201 4   4  2                      1 213     02        2            0     0  0  0  02      
71-43-60-458529-001-01 112                                                                               1 27642 12          204     0  0  0  04      
71-43-60-458529-001-01 222                                                                               2        111  4000   98     0  0  0  02      
71-43-60-458529-001-01 432                                                                               1   942 12           13     0  0  3  02      
94-71-63-728529-001-08 112                                                                               2        2          380    20  0  0  04      
94-71-63-728529-001-08 222                                                                               2        2          600     0  0  0  02      
94-71-63-728529-001-08 312                                                                               2        2           20     0  0  0  04      
94-71-63-728529-001-08 432                                                                               2        2           20     0  0  0  04      
94-71-63-728529-001-08 501   150  120000 61  150  120000 620203 1 2 1 22                      1 232     02        2            0     0  0  0  03      
30-83-69-598530-001-01 111   200  100000 94  200  100000 520211 5   5  2                      2          1 50021112          200     0  0  0  02      
30-83-69-598530-001-01 122                                                                               1100062 12           20     0 60 20  02      
30-83-69-598530-001-01 222                                                                               2        2          200     0  0  0  01      
82-85-96-818531-001-01 111  1800  900000 94 1800  900000 520211 1   1 22                      2          1 60011212          300     0  0  0  02      
82-85-96-818531-001-01 222                                                                               2        2          400     0  0  0  01      
82-85-96-818531-001-01 342                                                                               1  7042 12           45     0  0  5  02      
82-85-96-818531-001-01 432                                                                               111504122131 60000   60    70  0  0  02      
82-85-96-818531-001-01 502                                                                               1 35062 22            0     0  0  0  02      
65-92-56-848600-001-01 112                                                                               1 72042 1121  3780  120    15  0  0  04      
65-92-56-848600-001-01 222                                                                               2        2           44     0  0  0  04      
65-92-56-848600-001-01 432                                                                               1 10042 12            4    10  0  0  02      
81-82-81-408602-001-01 112                                                                               2        2          240     0  0  0  02      
21-64-89-728604-001-01 112                                                                               1  7242 12          230    10  0 12  02      
21-64-89-728604-001-01 132                                                                               2        2           38     2  0  0  02      
21-64-89-728604-001-01 222                                                                               2        2          136     0  0  0  02      
34-56-13-138605-001-01 111   500  300000161  500  300000 520201 117 1172                      2          2        2          400     0  0100  02      
17-58-40-808605-001-04 112                                                                               1 23242 12           90     2  0  0  02      
17-58-40-808605-001-04 501   200  210000 51  200  210000 520212 1   1 22                      1 525 100002        2            0     0  0  0  02      
51-49-02-058605-001-05 111  8400 3150000 92 8400 3150000 620212 1   1 22                      2          1 60042 12          600     0  0  0  02      
51-49-02-058605-001-05 121  2800 1680000 92 2800 1680000 620212 1   1 22                      2          1140042 22          700     0  0  0  02      
51-49-02-058605-001-05 132                                                                               2        2           80     0  0 40  02      
51-49-02-058605-001-05 222                                                                               2        2         1500     0  0  0  02      
51-49-02-058605-001-05 331  1200 1500000 92 1200 1500000 320211 1   1 22                      2          1  6042 12           60     0  0  0  02      
47-61-91-398607-001-02 112                                                                               1 21642 12          252    18  0  0  02      
32-69-81-918829-001-01 121   180   72000161  180   72000 720201 1 2 1 22                      2          2        2          240     0  0 30  02      
32-69-81-918829-001-01 222                                                                               2        2          280     0  0 20  02      
48-50-38-148866-001-01 231   100   50000 91  100   50000 320211 1   1  2                      2          1  3542 12           15     0  0  0  03      
34-20-55-178867-001-02 231   400  160000 91  400  160000 120211 2   2  2                      2          1 10041132          100   100  0  0  03      
00-21-28-798868-001-01 112                                                                               2        2          280     0  0 44  04      
00-21-28-798868-001-01 231  1000  500000 91 1000  500000 320202 1 2 1 22                      2          2        2          100   400  0 50  02      
00-21-28-798868-001-01 861   300  300000 91  300  300000 320201 1 2 1 22                      2          2        2           20     0  0  0  02      
57-34-58-898869-001-01 112                                                                               2        2          160     0  0  0  03      
57-34-58-898869-001-01 231   175 1400000 91  175 1400000 220191 1   1 22                      2          2        2            0     0 75  0  03      
57-34-58-898869-001-01 312                                                                               2        2           11     0  0  3  04      
22-97-00-788871-001-01 112                                                                               2        2           70     5 30 35  02      
22-97-00-788871-001-01 231   400  200000 91  400  200000 320201 1 6 1 62                      2          2        2          100   100 40 60  02      
83-91-97-408872-001-01 111   126   80000161  126   80000 820201 1   1  2                      2          2        2          162     0  0 36  06      
83-91-97-408872-001-01 312                                                                               2        2           20     0  0  0  02      
23-87-83-618873-001-01 112                                                                               2        2           80     2  0  0  02      
23-87-83-618873-001-01 231   200   50000 92  200   50000 720201 1 2 1 22                      2          2        2           20     0  0  0  02      
71-60-85-768888-001-01 112                                                                               1  2042 12          160     0  0  0  03      
81-76-53-588889-001-01 112                                                                               2        2          240     0  0  0  02      
26-06-09-838891-001-01 112                                                                               1  5471212            0     0  0  0  02      
63-82-17-438904-001-01 111   165   60000 93  165   600001220201 1   1  2                      2          2        2           55     0  0  0  02      
73-69-98-248905-001-01 111   800  240000 92  800  240000 220211 1 2 1 22                      2          1  3652 12          194     0  0  0  04      
21-39-92-978906-001-01 111    36   10000 21   36   10000 320212 1   1  2                      1 621     02        2           67     5  0  0  02      
82-07-37-998908-001-01 111    60   21000164   60   21000 220211 1   1  2                      1 421     02        2           20     0  0 40  02      
81-53-07-828910-001-01 111   120   30000 94  120   30000 220211 1   1  2                      2          2        2            0     0  0  0  02      
84-71-12-078910-001-02 112                                                                               1  6012 12           60     0  0  0  03      
00-80-16-378942-001-01 112                                                                               1 18412 12          120    20  0  0  02      
00-80-16-378942-001-01 321    54   30000 41   54   30000 220211 2   2  2                      1 216  20001  1842 12           65     2  0  4  02      
95-62-22-448944-001-01 112                                                                               2        2          360     0  0  0  02      
36-99-86-888945-001-01 111   720  180000 91  720  180000 320211 1   1 22                      1 116  20001 48012 12          240   360  0  0  08      
86-38-44-198968-001-02 112                                                                               2        2          280     0  0  0  02      
75-06-10-659102-001-99 111  2025  800000165 2025  800000 120201 1   1  2                      2          2        2            0    10  0  0  04      
18-40-65-779268-001-99 311   200  700000 94  200  7000001020201 1   1  2                      2          1  6042 12           40     0  0  0  03      
68-52-75-149398-001-99 112                                                                               1 15041112          250     0  0  0  02      
68-52-75-149398-001-99 312                                                                               2        2           15     0  0  0  02      
68-52-75-149398-001-99 432                                                                               2        2           15     0  0  0  02      
71-50-61-729607-001-99 112                                                                               1 50032 22            0     0  0  0  02      
75-21-91-969639-001-99 111    80   40000 21   80   400001020201 1   1  2                      2          2        2           50     0  0 50  02      
23-69-08-569643-001-99 112                                                                               2        2           78     2  0 20  02      
