49-38-79-421025-001-02 711    150   700002  2   92 922     2             300    0   0  150   0
86-53-32-921042-001-01 712                           2     2              75    0   0    0   0
86-53-32-921042-001-01 722                           2     2             100    0   0  100   0
86-53-32-921042-001-01 732                           2     2             150    0   0   50   0
86-53-32-921042-001-01 742                           2     2              75    0   0    0   0
86-53-32-921042-001-01 792                           2     2              50    0   0    0   0
86-53-32-921042-001-01 802                           2     2              75    0   0   25   0
86-53-32-921042-001-012032                           2     2             100    0   0   50   0
51-70-28-891076-001-01 712                           2     2              36    0   0    0   0
51-70-28-891076-001-01 762                           2     2              12    0   0    3   0
51-70-28-891076-001-012002                           2     2               5    0   0    0   0
40-74-76-771082-001-01 712                           2     2             250    0   0    0   0
08-25-45-411134-001-01 711    300   800001 21 2 91 912     2             450    0   0    0   0
31-67-12-821152-001-01 701      6    30001  1   21 212     2               2    0   0    2   0
31-67-12-821152-001-01 711    190   550001  1   31 312     2              30    0   0   10   0
31-67-12-821152-001-01 742                           2     2              25    0   0   20   0
31-67-12-821152-001-01 752                           2     2              15    0   0   25   0
31-48-95-021155-001-01 712                           2     11 1  3000     27    0   0    0   0
02-54-47-041198-001-01 712                           2     2              45    0   0    5   0
02-54-47-041198-001-01 742                           2     2              40    0   0    0   0
12-73-25-801209-001-01 712                           2     2              45    0   0    0   0
12-73-25-801209-001-01 742                           2     15 4 20000     50    0   0    0   0
12-73-25-801209-001-01 762                           2     2              40    0   0   60   0
23-14-85-731217-001-01 712                           2     2              60    0   0    0   0
23-14-85-731217-001-01 742                           2     2              20    0   0   10   0
40-87-17-221230-001-01 382                           2     2              25    0   0    0   0
40-87-17-221230-001-01 711     20      202  2   21 212     2               0    0   0    0   0
40-87-17-221230-001-01 741      4    45002  2   21 0 2     2               2    0   0    0   0
40-87-17-221230-001-01 802                           2     2              20    0   0    0   0
40-87-17-221230-001-01 982                           2     2               8    0   0    0   0
40-87-17-221230-001-012002                           2     2              85    0   0    0   0
40-87-17-221230-001-012052                           2     2              12    0   0    0   0
59-82-97-201233-001-01 742                           2     2              60    0   0    0   0
19-27-15-151252-001-01 712                           2     2             120    0   0    0   0
28-24-87-551305-001-01 691    250  1500001  1   91 912     2              30    0   0   20   0
28-24-87-551305-001-01 711  14000 35000001  1   91 912     2             300    0   0  150 550
28-24-87-551305-001-01 721   1500  3000001  1   91 912     2              50    0   0   20  30
65-62-10-781323-001-01 712                           2     2              80    0   0    0   0
65-62-10-781323-001-012002                           2     2              30    0   0   10   0
00-63-85-411325-001-01 711      6   100002  2   21 212     2               0    0   0    0   0
00-63-85-411325-001-01 742                           2     2              15    0   0    0   0
99-92-94-711329-001-01 711     10    80001 22   21 0 2     2              55    0   0    0   0
99-92-94-711329-001-01 742                           2     2              21    0   0    3   0
96-56-62-651331-001-01 712                           2     2              50    0   0    0   0
02-10-68-031332-001-01 712                           2     2              15    0   0    5   0
02-10-68-031332-001-01 742                           2     2              20    0   0   10   0
14-23-99-911333-001-01 712                           2     2             105    0   0    0   0
14-23-99-911333-001-01 742                           2     2              40    0   0    0   0
73-59-11-961399-001-01 712                           2     2              35    0   0    0   0
73-59-11-961399-001-01 732                           2     1210  2000     70    0   0    0   0
35-22-61-351401-001-01 712                           2     2              60    0   0    0   0
35-22-61-351401-001-01 742                           2     2               7    0   0    0   0
39-91-71-061403-001-01 712                           2     2              45    0   0    0   0
30-62-71-961406-001-01 712                           1 512 2              97    0   0    8   1
66-75-13-741421-001-01 712                           2     2              45    0   0    0   0
65-53-60-991425-001-01 712                           2     2              10    0   0   20   0
65-53-60-991425-001-01 732                           2     2               5    0   0    0   0
65-53-60-991425-001-01 802                           2     14 1  3000      4    0   0    0   0
79-50-93-441462-001-01 712                           2     2              45    0   0    0   0
79-50-93-441462-001-01 802                           2     2               4    0   0    0   0
20-57-87-381499-001-01 712                           2     2               8    0   0    0   0
20-57-87-381499-001-01 742                           2     2              19    0   0    0   0
16-62-97-481517-001-01 712                           2     2              14    0   0    0   0
16-62-97-481517-001-01 742                           2     2              10    0   0    0   0
35-70-97-651519-001-01 712                           2     2              30    0   0    0   0
91-84-66-991534-001-01 712                           2     2              20    0   0    0   0
91-84-66-991534-001-01 732                           2     2              40    0   0   10   0
91-84-66-991534-001-01 762                           2     2             100    0   0   30   0
88-91-41-191541-001-01 732                           2     2              20    0   0    0   0
00-33-05-951551-001-01 712                           2     2              60    0   0    0   0
00-33-05-951551-001-018512                           2     2              35    0   0    0   0
18-78-78-831554-001-01 742                           2     2               4    0   0    0   0
72-28-96-801555-001-01 712                           2     2              20    0   0    0   0
98-95-18-171556-001-01 712                           2     2              40    0   0    0   0
87-14-18-771557-001-01 712                           2     2              10    0   0    0   0
87-14-18-771557-001-01 762                           2     2              20    0   0   10   0
87-14-18-771557-001-01 802                           2     2               7    0   0    0   0
87-14-18-771557-001-012032                           2     2               5    0   0    0   0
87-14-18-771557-001-018512                           2     2               3    0   0    0   0
07-54-14-551559-001-01 712                           2     2              60    0   0    0   0
07-54-14-551559-001-01 742                           2     2              20    0   0    0   0
07-54-14-551559-001-01 802                           2     2              20    0   0    0   0
47-27-91-781572-001-01 712                           2     2              45    0   0    0   0
28-18-07-541573-001-01 711    128  2000001 21 2 21 0 2     2             383    0   0  127   0
72-09-12-511592-001-01 712                           2     2              30    0   0    0   0
72-09-12-511592-001-018522                           2     2               8    0   0    7   0
26-44-95-551594-001-01 692                           2     2              30    0   0    0   0
26-44-95-551594-001-01 712                           2     2              15    0   0    0   0
26-44-95-551594-001-01 742                           2     2              35    0   0   15   0
26-44-95-551594-001-01 982                           2     2               5    0   0    0   0
00-17-71-971596-001-01 692                           2     2              25    0   0  125   0
00-17-71-971596-001-01 712                           2     2            1104    0   0 1380 460
00-17-71-971596-001-01 722                           2     2             140    0   0  280 280
00-17-71-971596-001-01 732                           2     2             100    0   0  420   0
00-17-71-971596-001-01 742                           2     2             110    0   0   40   0
00-17-71-971596-001-01 762                           2     2              40    0   0   90   0
00-17-71-971596-001-01 792                           2     2             120    0   0  320   0
00-17-71-971596-001-01 802                           2     2              90    0   0  460   0
00-17-71-971596-001-01 982                           2     2              20    0   0   60   0
00-17-71-971596-001-012032                           2     2              80    0   0   60   0
00-17-71-971596-001-018522                           2     2              58    0   0   20   0
00-17-71-971596-001-019982                           2     2               0    0   0   20   0
96-96-70-931613-001-01 712                           2     2              14    0   0    0   0
26-30-52-401614-001-01 712                           2     2              30    0   0    0   0
26-30-52-401614-001-01 732                           2     2               0    0   0    0   0
26-30-52-401614-001-012002                           2     2               5    0   0    0   0
73-64-90-481633-001-01 712                           2     2              46    0   0    0   0
73-64-90-481633-001-01 742                           2     2             171    0   0    0   0
92-25-23-251704-001-05 712                           2     2              60    0   0    0   0
22-38-66-351705-001-01 701     10   150001  1   91 0 2     2              10    0   0    0   0
22-38-66-351705-001-01 711     84   420001  1   21 212     2             192    0   0    0   0
22-38-66-351705-001-01 732                           2     2             300    0   0    0   0
22-38-66-351705-001-01 742                           2     2              85    0   0    0   0
22-38-66-351705-001-01 752                           2     2            1500    0   0    0   0
97-86-60-251709-001-01 712                           2     2             180    0   0    0   0
97-86-60-251709-001-01 742                           2     2             100    0   0   50   0
97-86-60-251709-001-01 752                           2     2              40    0   0    0   0
63-97-16-081725-001-01 712                           2     2             140    0   0   10   0
63-97-16-081725-001-01 742                           2     2              30    0   0    0   0
63-97-16-081725-001-01 802                           2     2              10    0   0    0   0
30-07-10-441744-001-02 712                           2     2              60    0   0    0   0
99-84-02-401764-001-01 702                           2     2               3    0   0    0   0
99-84-02-401764-001-01 712                           2     2              20    0   0    0   0
99-84-02-401764-001-01 742                           2     2              25    0   0    0   0
46-39-86-171765-001-01 712                           2     2              40    0   0    0   0
76-34-61-711779-001-01 731    100   400001  1  1631632     2              20    0   0    0   0
76-34-61-711779-001-01 742                           2     14 3  6000     25    0   0   10   0
70-69-92-641783-001-01 712                           2     2             156    0   0    0   0
36-49-19-371786-001-01 732                           2     2              60    0   0    0   0
76-08-90-561802-001-01 741     50    35001 21 2 31 212     2               0   90   0    0   0
03-14-29-971820-001-01 382                           2     2              25    0   0    5   0
03-14-29-971820-001-01 722                           2     2              20    0   0    6   4
03-14-29-971820-001-01 732                           2     2              40    0   0   20  10
03-14-29-971820-001-01 762                           2     2              30    0   0   20   0
03-14-29-971820-001-01 802                           2     2              15    0   0    7   3
03-14-29-971820-001-018521     20   150001  1   41 412     2               7    0   0    8   0
03-14-29-971820-001-019981     30   500001  1   21 212     2               7    0   0    3   0
70-84-46-341838-001-01 732                           2     11 1   500    100    0   0   40   0
65-72-55-001840-001-01 742                           2     2               0    0   0    0   0
65-72-55-001840-001-01 802                           2     2               0    0   0    0   0
49-42-19-851841-001-01 742                           2     2              80    0   0   15   0
49-86-16-681843-001-01 731    200   600001 21 2112 922     14 2 10000    200    0   0  100   0
49-86-16-681843-001-012032                           2     2              60    0   0    0   0
33-06-24-681874-001-01 712                           2     2             280    0   0    0   0
32-28-64-631875-001-01 711     60   200001  1   41 412     2              45    0   0    0   0
32-28-64-631875-001-01 732                           2     11 5 10000    520    0   0    0   0
58-08-38-131875-001-03 732                           2     2              50    0   0    0   0
15-55-16-651876-001-02 722                           2     2              20    0   0    0   0
15-55-16-651876-001-02 732                           2     2              60    0   0    0   0
15-55-16-651876-001-02 742                           2     2              20    0   0    0   0
15-55-16-651876-001-02 762                           2     2              20    0   0    0   0
41-83-97-521877-001-02 712                           2     2             315    0   0  200   0
41-83-97-521877-001-02 732                           2     2              30    0   0   20   0
41-83-97-521877-001-02 742                           2     2              18    0   0    0   0
08-43-62-701893-001-01 712                           2     2              84    0   0    0   0
30-76-58-551898-001-01 722                           2     11 2 20000    140    0   0    0   0
18-03-93-661913-001-01 762                           2     2              80    0   0   40   0
72-94-88-221916-001-01 712                           2     2             160    0   0   20   0
72-94-88-221916-001-01 721    300  1500001 21 21611612     11 1 20000     70    0   0   30   0
72-94-88-221916-001-01 761    200  1000001 21 21611612     2              80    0   0   20   0
41-59-30-521917-001-019982                           2     2              10    0   0    0   0
51-16-84-331932-001-01 732                           2     2             100    0   0   50   0
51-16-84-331932-001-01 762                           2     2              60    0   0    0   0
51-16-84-331932-001-01 792                           2     2              40    0   0    0   0
53-04-56-801932-001-02 712                           2     2              34    0   0    0   0
55-83-06-851932-001-04 732                           2     2              80    0   0    0   0
41-12-45-181933-001-01 732                           2     2             150    0   0    0   0
66-14-94-181935-001-01 732                           2     11 1  5000    150    0   0   50   0
66-14-94-181935-001-01 742                           2     2              60    0   0    0   0
66-14-94-181935-001-01 802                           2     2              30    0   0   10   0
56-51-57-981936-001-01 732                           2     2            1080    0   0    0   0
58-41-33-741936-001-02 732                           2     2              80    0   0   40   0
58-41-33-741936-001-02 802                           2     2              10    0   0   10   0
20-27-84-751936-001-04 382                           2     2              25    0   0    0   0
20-27-84-751936-001-04 732                           2     2             400    0   0   80   0
20-27-84-751936-001-04 742                           2     2              30    0   0    0   0
20-27-84-751936-001-04 762                           2     2              75    0   0    0   0
98-18-22-891937-001-02 712                           2     2              54    0   0    0   0
98-18-22-891937-001-02 732                           2     2             300    0   0   80   0
12-92-55-031938-001-01 702                           2     2               2    0   0    0   0
12-92-55-031938-001-01 712                           2     2             390    0   0    0   0
05-92-83-741938-001-02 692                           2     2               7    0   0    0   0
05-92-83-741938-001-02 712                           2     2             720    0   0    0   0
05-92-83-741938-001-02 721    300   200001 21 2 21 222     2             150    0   0    0   0
05-92-83-741938-001-02 732                           2     2             120    0   0    0   0
05-92-83-741938-001-02 742                           2     2              25    0   0    0   0
05-92-83-741938-001-02 802                           2     2              20    0   0    0   0
80-22-16-231951-001-02 732                           2     2              20    0   0  180   0
81-77-28-591955-001-01 712                           2     2             300    0   0   15   0
81-77-28-591955-001-01 722                           2     2              18    0   0    9   0
81-77-28-591955-001-01 742                           2     2              11    0   0    0   0
58-50-67-671971-001-01 732                           2     2              50    0   0  150   0
58-50-67-671971-001-01 742                           2     2              20    0   0   40   0
64-52-68-601972-001-01 712                           2     2              30    0   0    0   0
64-52-68-601972-001-01 742                           2     2              50    0   0    0   0
25-96-98-141988-001-07 712                           2     2              25    0   0   25   0
25-96-98-141988-001-07 722                           2     2              30    0   0   30   0
25-96-98-141988-001-07 802                           2     2              10    0   0   10   0
25-96-98-141988-001-07 812                           2     2              10    0   0   10   0
08-18-13-461989-001-01 842                           2     2              20    0   0    0   0
28-97-65-631994-001-012041     36   120002  2  1611612     2              25    0   0   11   0
28-97-65-631994-001-018522                           2     2               8    0   0    4   0
86-15-44-911994-001-03 701     60   180001 21 21611612     2              60    0   0   40   0
86-15-44-911994-001-03 722                           2     11 2 10000     25    0   0   15   0
86-15-44-911994-001-03 801     36   100001 21 2161 212     2              54    0   0   10   0
86-15-44-911994-001-032001     25   150001 21 2 21 212     2              21   14   0    0   0
86-15-44-911994-001-032032                           2     2              30    0   0   20   0
23-38-07-812008-001-012042                           2     2              20    0   0    0   0
28-82-13-872014-001-01 842                           2     2              20    0   0    0   0
95-44-14-692014-001-02 842                           2     2              15    0   0    0   0
83-09-48-582029-001-01 731   1500  1000001 21 21631622     11 1 20000    150    0   0  100  50
68-75-40-962033-001-01 742                           2     2              80    0   0    0   0
62-61-78-732046-001-01 722                           2     2             120    0   0    0   0
62-61-78-732046-001-01 842                           2     2              60    0   0    0   0
51-19-63-662048-001-01 712                           2     2             130    0   0    0   0
68-42-20-722049-001-012042                           2     2              20    0   0    0   0
97-07-45-242051-001-012042                           2     2              40    0   0   20   0
71-98-45-442052-001-012042                           2     2              30    0   0    0   0
94-12-64-072064-001-01 712                           2     2             300    0   0  300   0
17-99-58-672065-001-01 702                           2     2              10    0   0    0   0
17-99-58-672065-001-01 711    120   300001 21 2 41 412     2            2760    0   0    0   0
17-99-58-672065-001-01 721    100    80001 21 2 92 922     2             200    0   0    0   0
17-99-58-672065-001-01 732                           2     2             400    0   0    0   0
17-99-58-672065-001-01 742                           2     2             100    0   0    0   0
77-92-16-672066-001-01 712                           2     2           12884    0   0  240   0
77-92-16-672066-001-01 722                           2     11 3 10000     90    0   0    0   0
66-38-93-892067-001-01 712                           2     2             120    0   0    0   0
35-93-00-792068-001-01 712                           2     2             120    0   0    0   0
35-93-00-792068-001-01 722                           2     2              60    0   0    0   0
53-91-30-092069-001-01 712                           2     2            1360    0   0  215   0
98-95-98-622070-001-01 711    300  1500001 21 2 31 312     2             600    0   0    0   0
13-66-67-952072-001-01 711     50   150001  1   91 912     2              50    0   0   50   0
13-66-67-952072-001-01 722                           2     11 2  5000     35    0   0    0   0
13-66-67-952072-001-01 732                           2     11 3  4000     30    0   0    0   0
13-66-67-952072-001-01 752                           2     2              20    0   0    5   0
24-27-78-932083-001-01 712                           2     2             540    0   0    0   0
24-27-78-932083-001-01 721    300   300002  2  1611612     2             100    0   0   20   0
24-27-78-932083-001-01 731    500  1000002  2  1611612     2              70    0   0   30   0
24-27-78-932083-001-01 742                           2     2              48    0   0    0   0
51-49-82-492083-001-03 732                           2     2              30    0   0   30   0
73-25-52-852085-001-01 712                           2     2             470    0   0    0   0
73-25-52-852085-001-01 721     50   150001 21 2 21 212     2              35    0   0    0   0
50-36-50-822086-001-01 721    140   120001  1 21611612     2              40    0   0    0   0
50-36-50-822086-001-01 802                           2     2              40    0   0    0   0
92-24-01-442088-001-01 712                           2     2            1300    0   0    0   0
92-24-01-442088-001-01 721    280   200001  1   91 912     2             140    0   0    0   0
92-24-01-442088-001-01 732                           2     2             130    0   0    0   0
31-32-30-422089-001-01 711    480  1200001  1  1611612     2             500    0   0  220   0
31-32-30-422089-001-01 721    150   500001  1   911612     2              80    0   0   70   0
31-32-30-422089-001-01 732                           2     2              80    0   0   40   0
31-32-30-422089-001-01 802                           2     2              20    0   0    0   0
31-32-30-422089-001-01 812                           2     2               3    0   0    0   0
31-32-30-422089-001-012052                           2     2               5    0   0    0   0
52-18-39-522090-001-01 712                           2     2             300    0   0    0   0
73-31-47-952102-001-01 712                           2     2             250    0   0    0   0
02-38-53-952103-001-01 712                           2     2            1500    0   0    0   0
02-38-53-952103-001-01 732                           2     2             130    0   0    0   0
02-38-53-952103-001-01 742                           2     2              60    0   0    0   0
02-38-53-952103-001-01 762                           2     2              80    0   0    0   0
02-38-53-952103-001-018522                           2     2              60    0   0    0   0
34-93-93-402105-001-01 712                           2     2             155    0   0    0   0
82-80-81-612105-001-02 712                           2     2            1875    0   0    0   0
82-80-81-612105-001-02 742                           2     2              43    0   0    0   0
99-81-48-132106-001-01 712                           2     2             455    0   0    0   0
21-33-89-792107-001-01 691    100  1100001 21 2 41 412     2              25    0   0    0   0
21-33-89-792107-001-01 721    140   120001 21 2 41 412     2             280    0   0    0   0
21-33-89-792107-001-01 732                           2     2             260    0   0    0   0
21-33-89-792107-001-01 752                           2     2             108    0   0    0   0
21-33-89-792107-001-01 791    110   100001 21 2 21 212     2               0    0   0    0   0
21-33-89-792107-001-01 801    720  2100001 21 2 41 412     2               0    0   0    0   0
08-12-12-352108-001-01 712                           2     2             250    0   0   50   0
46-01-30-672109-001-01 712                           2     2             370    0   0   30   0
46-01-30-672109-001-01 802                           2     2              20    0   0    0   0
89-05-97-182110-001-01 712                           2     2             260    0   0    0   0
89-05-97-182110-001-01 742                           2     2              10    0   0    0   0
89-05-97-182110-001-01 752                           2     2               8    0   0    0   0
19-03-71-262121-001-01 711    300   300001  1   91 912     2             700    0   0  200   0
19-03-71-262121-001-01 722                           2     2             120    0   0    0   0
19-03-71-262121-001-01 742                           2     2             180    0   0    0   0
72-87-81-322122-001-01 712                           2     2            2680    0   0  180   0
72-87-81-322122-001-01 722                           2     2             130    0   0   10   0
72-87-81-322122-001-01 732                           2     2             110    0   0    0   0
72-87-81-322122-001-018522                           2     2              20    0   0    0   0
62-47-33-372123-001-01 692                           2     12 3  3000     20    0   0    0   0
62-47-33-372123-001-01 712                           2     2             320    0   0    0   0
62-47-33-372123-001-01 742                           2     12 8 10000     13    0   0   13   0
62-47-33-372123-001-01 752                           2     2               9    0   0    6   0
46-20-06-252123-001-02 712                           2     2              50    0   0    0   0
46-20-06-252123-001-02 722                           2     2               6    0   0    0   0
46-20-06-252123-001-02 742                           2     2               4    0   0    0   0
46-20-06-252123-001-02 752                           2     2              17    0   0    0   0
37-05-92-602124-001-01 712                           2     2             115    0   0    0   0
37-05-92-602124-001-01 722                           2     2              20    0   0    0   0
37-05-92-602124-001-01 732                           2     2              70    0   0    0   0
37-05-92-602124-001-01 752                           2     2              15    0   0    0   0
85-54-66-362125-001-01 711    720  3600001  1  1611612     2             600    0   0    0   0
85-54-66-362125-001-01 732                           2     2              70    0   0   90   0
35-74-58-192126-001-01 712                           2     2             350    0   0    0   0
35-74-58-192126-001-012032                           2     2               5    0   0    0   0
94-09-90-452127-001-01 711   1440  4800001 21 21611612     2            2160    0   0    0   0
41-24-37-002128-001-01 692                           2     2              75    0   0    0   0
41-24-37-002128-001-01 711    160   530002  2   91 912     2            1102    0   0   20   0
96-25-27-682140-001-01 711   1200  3840001 21 21611612     2            2400    0   0    0   0
96-25-27-682140-001-01 721     70   500001 21 21611612     2              40    0   0    0   0
96-25-27-682140-001-01 732                           2     2              60    0   0    0   0
96-25-27-682140-001-01 792                           2     2              25    0   0    0   0
60-98-83-842141-001-01 692                           2     2               3    0   0    0   0
60-98-83-842141-001-01 712                           2     2            1200    0   0    0   0
60-98-83-842141-001-01 722                           2     2              30    0   0    0   0
60-98-83-842141-001-01 792                           2     2              40    0   0    0   0
49-89-60-442142-001-01 712                           2     2             160    0   0    0   0
49-89-60-442142-001-01 721    140    70001  1   92 922     2            2101    0   0    0   0
49-89-60-442142-001-01 732                           2     2             120    0   0  400   0
49-89-60-442142-001-01 762                           2     2              75    0   0  120   0
49-89-60-442142-001-01 791    600   500001  1   93 932     2              40    0   0   20   0
49-89-60-442142-001-01 802                           2     2              11    0   0    0   0
49-89-60-442142-001-018511    120   300001  1   93 932     2              60    0   0    0   0
47-33-48-342143-001-01 712                           2     2            1680    0   0    0   0
47-33-48-342143-001-01 722                           2     2              80    0   0    0   0
47-33-48-342143-001-01 732                           2     2             130    0   0   20   0
41-90-49-082143-001-02 692                           2     2              65    0   0    0   0
41-90-49-082143-001-02 712                           2     2            1050    0   0   30   0
41-90-49-082143-001-02 722                           2     2             100    0   0   20   0
41-90-49-082143-001-02 732                           2     2             230    0   0   30   0
41-90-49-082143-001-02 742                           2     2             180    0   0    0   0
93-04-22-652143-001-04 741     30   600001 21 2 22 222     2               3    0   0    2   0
42-74-37-602144-001-01 692                           2     11 8 50000     16    0   0    0   0
42-74-37-602144-001-01 711     40   150001  1   91 912     2             190    0   0    0   0
42-74-37-602144-001-01 722                           2     2              60    0   0   30   0
42-74-37-602144-001-01 732                           2     2             160    0   0   80   0
42-74-37-602144-001-01 791    120   400001  1  2022022     2             200    0   0   40   0
42-74-37-602144-001-018522                           2     2              30    0   0    0   0
51-55-51-262145-001-01 692                           2     2              28    0   0    0   0
51-55-51-262145-001-01 711    140   850001  1   92 922     2               0    0   0    0   0
51-55-51-262145-001-01 812                           2     2              13    0   0    0   0
51-55-51-262145-001-018512                           2     2               7    0   0    0   0
88-95-93-562146-001-01 692                           2     2             120    0   0    0   0
88-95-93-562146-001-01 711   1800  9000001  1  1611612     2            1200    0   0    0   0
88-95-93-562146-001-01 721    400   800001  1  1611612     2             220    0   0    0   0
88-95-93-562146-001-01 732                           2     2             120    0   0   80   0
88-95-93-562146-001-01 761    200   300001  1  1611612     2              80    0   0   40   0
88-95-93-562146-001-01 791    600   720001  1  1611612     2             100    0   0   60   0
37-02-89-812146-001-03 711    840  4200001  1  1621622     2            1320    0   0    0   0
37-02-89-812146-001-03 721    630   900001  1  1621612     2             100    0   0   10   0
37-02-89-812146-001-03 732                           2     2              70    0   0   20   0
37-02-89-812146-001-03 742                           2     2             120    0   0   60   0
98-78-94-132147-001-01 712                           2     2             416    0   0    0   0
98-78-94-132147-001-01 721    336    80001 21 2 91 912     2             168    0   0    0   0
98-78-94-132147-001-01 732                           2     2             260    0   0    0   0
98-78-94-132147-001-01 742                           2     2              40    0   0    0   0
98-78-94-132147-001-01 791     66    60001 21 2 93 932     2              22    0   0    0   0
98-78-94-132147-001-01 802                           2     2              11    0   0    0   0
98-78-94-132147-001-018512                           2     2              12    0   0    0   0
98-78-94-132147-001-018522                           2     2              26    0   0    0   0
82-49-19-232159-001-01 711    120   420001  1   92 922     2             120    0   0    0   0
82-49-19-232159-001-01 732                           2     11 3  5000     35    0   0    0   0
40-34-16-232159-001-04 711    420  1200001 21 2 92 922     11 1 20000    280    0   0    0   0
40-34-16-232159-001-04 742                           2     2           31620    0   0    0   0
35-01-77-262161-001-01 712                           2     2             720    0   0    0   0
92-29-28-062162-001-01 711    140   400002  2   42 422     2             112    0   0    0   0
45-96-39-562164-001-01 712                           2     2             300    0   0    0   0
45-96-39-562164-001-01 722                           2     2              70    0   0    0   0
43-24-82-622165-001-01 711   1000  2400001  1   91 912     2             600    0   0    0   0
43-24-82-622165-001-01 722                           2     11 2  2000     57    0   0    0   0
43-24-82-622165-001-01 762                           2     2              53    0   0    0   0
79-35-82-232166-001-01 691     30    30001  1   21 212     2               0    0   0    0   0
79-35-82-232166-001-01 711     80    90001  1   21 212     2             200    0   0    0   0
79-35-82-232166-001-01 732                           2     2              80    0   0    0   0
79-35-82-232166-001-018522                           2     2              20    0   0    0   0
27-71-37-112178-001-01 712                           2     2             450    0   0    0   0
08-19-86-572179-001-01 711    140   600001  1   51 512     2             420    0   0    0   0
08-19-86-572179-001-01 722                           2     11 3 10000    110    0   0    0   0
14-48-48-942180-001-01 712                           2     2             140    0   0    0   0
82-21-30-392181-001-01 711   1000  2000001  1   91 912     2            3020    0   0    0   0
97-20-56-672184-001-01 712                           2     2             540    0   0    0   0
01-60-89-942185-001-01 711    200  2000001  1   93 932     2             200    0   0    0   0
01-60-89-942185-001-01 722                           2     2             120    0   0    0   0
01-60-89-942185-001-01 732                           2     2              42    0   0    0   0
01-60-89-942185-001-01 742                           2     2              33    0   0    0   0
77-31-17-492199-001-03 742                           2     2               3    0   0    0   0
97-95-25-482200-001-01 732                           2     2             260    0   0    0   0
97-95-25-482200-001-01 762                           2     11 5 40000    130    0   0    0   0
72-15-83-722203-001-01 712                           2     2              60    0   0    0   0
72-15-83-722203-001-01 732                           2     2              30    0   0    0   0
72-15-83-722203-001-01 742                           2     2              15    0   0    0   0
56-10-08-702204-001-01 712                           2     2              60    0   0    0   0
56-10-08-702204-001-01 722                           2     2              70    0   0    0   0
56-10-08-702204-001-01 732                           2     2               0    0   0    0   0
56-10-08-702204-001-01 742                           2     2               0    0   0    0   0
78-15-43-852216-001-01 712                           2     2             450    0   0    0   0
78-15-43-852216-001-01 722                           2     2              80    0   0    0   0
78-15-43-852216-001-018522                           2     2              18    0   0    0   0
81-50-48-562217-001-02 712                           2     2            2970    0   0  150   0
81-50-48-562217-001-02 722                           2     2              72    0   0    8   0
81-50-48-562217-001-02 792                           2     2              15    0   0    0   0
81-50-48-562217-001-028521     90   120002  1 2 92 922     2               2    0   0    3   0
84-58-41-512218-001-01 692                           2     2             180    0   0    0   0
84-58-41-512218-001-01 712                           2     2             225    0   0    0   0
84-58-41-512218-001-01 732                           2     2              40    0   0    0   0
55-19-95-162219-001-01 712                           2     2             104    0   0    0   0
91-90-18-922220-001-01 712                           2     2             500    0   0    0   0
91-90-18-922220-001-01 722                           2     2              50    0   0    0   0
05-40-62-632221-001-01 691    300   700001 21 2 43 432     2             120    0   0  100   0
05-40-62-632221-001-01 712                           2     2            1760    0   0    0   0
05-40-62-632221-001-01 732                           2     2             120    0   0    0   0
05-40-62-632221-001-01 761    200   160001  1   43 432     2              50    0   0   50   0
24-15-17-332222-001-01 692                           2     2            1425    0   0  150   0
24-15-17-332222-001-01 711   5250  7500001 21 2 93 932     2           46535    0   0  380   0
24-15-17-332222-001-01 722                           2     2             350    0   0   50   0
24-15-17-332222-001-01 732                           2     2             320    0   0   70   0
24-15-17-332222-001-01 742                           2     2             685    0   0    0   0
24-15-17-332222-001-01 792                           2     2             150    0   0    0   0
24-15-17-332222-001-018522                           2     2              35    0   0    0   0
21-66-19-792235-001-01 732                           2     2              15    0   0    0   0
21-66-19-792235-001-018512                           2     2              10    0   0    0   0
04-72-30-292236-001-01 692                           2     2             180    0   0   30   0
04-72-30-292236-001-01 711   1200  3000001  1  161 0 2     2            1500    0   0  200   0
04-72-30-292236-001-01 722                           2     2              80    0   0   40   0
00-11-58-552236-001-02 712                           2     2             500    0   0   40   0
00-11-58-552236-001-02 721    120    50001  1  161 0 2     2              50    0   0   10   0
00-11-58-552236-001-02 732                           2     2              40    0   0    0   0
70-46-23-362237-001-01 712                           2     2             300    0   0   50   0
70-46-23-362237-001-01 722                           2     2              20    0   0    0   0
70-46-23-362237-001-01 742                           2     2              15    0   0    0   0
70-46-23-362237-001-01 752                           2     2              80    0   0    0   0
70-46-23-362237-001-01 802                           2     13 3  1000     30    0   0    0   0
33-40-18-382238-001-01 691    150   200001  1  1621622     2              35    0   0   15   0
33-40-18-382238-001-01 711   2000  7500001  1  1611612     2            1080    0   0    5 500
33-40-18-382238-001-01 722                           2     2              70    0   0   30   0
33-40-18-382238-001-01 732                           2     2              80    0   0   45   0
33-40-18-382238-001-01 752                           2     2              20    0   0    0   0
33-40-18-382238-001-01 802                           2     2              10    0   0    5   0
00-38-57-232239-001-01 712                           2     2             200    0   0    0   0
00-38-57-232239-001-01 752                           2     2              10    0   0    0   0
33-71-74-272241-001-01 712                           2     2             360    0   0   48   0
33-71-74-272241-001-01 722                           2     2              80    0   0   20   0
33-71-74-272241-001-01 732                           2     2             340    0   0  140   0
33-71-74-272241-001-01 742                           2     2             120    0   0   40   0
33-71-74-272241-001-012121      3      601  1  2032032     2               0    0   0    0   0
31-14-86-012242-001-01 712                           2     2             340    0   0    0   0
53-95-94-122254-001-01 711   1950  6000001 21 21641642     2            1900    02800   50   0
74-70-00-932255-001-01 692                           2     2             360    0   0    0   0
74-70-00-932255-001-01 712                           2     2           18000    0   0    0   0
74-70-00-932255-001-01 722                           2     2             100    0   0    0   0
74-70-00-932255-001-01 732                           2     2             200    0   0    0   0
74-70-00-932255-001-01 742                           2     2              60    0   0    0   0
74-70-00-932255-001-01 802                           2     2              40    0   0    0   0
93-31-89-762256-001-01 692                           2     2              10    0   0    0   0
93-31-89-762256-001-01 711    140   340001 21 21611612     2             300    0  90  160 240
93-31-89-762256-001-01 722                           2     2              40    0   0   10   0
93-31-89-762256-001-01 732                           2     11 2  2000      5    0   0    0   0
93-31-89-762256-001-01 742                           2     15 1  1000     10    0   0    0   0
93-31-89-762256-001-01 752                           2     2              30    0   0    0   0
93-31-89-762256-001-01 792                           2     2               4    0   0    0   0
93-31-89-762256-001-01 802                           2     2               2    0   0    0   0
79-86-31-642256-001-03 712                           2     2             120    0   8   80   0
30-93-95-652257-001-01 702                           2     2              20    0   0    0   0
30-93-95-652257-001-01 712                           2     2            3820    0   0    0 550
30-93-95-652257-001-01 722                           2     2              60    0   0    0   0
30-93-95-652257-001-01 732                           2     2             130    0   0    0   0
30-93-95-652257-001-01 752                           2     2             175    0   0   50   0
80-56-51-762259-001-01 712                           2     12 3 50000   6744    0   0    0   0
16-88-52-772260-001-01 712                           2     2             200    0   0   60   0
61-97-17-872277-001-01 671     50   200001  1   41 0 2     2              20    0  20   10   0
61-97-17-872277-001-01 711     50   970001  1   41 0 2     2              10    0   0   30   0
61-97-17-872277-001-01 731     70   500001  1   41 0 2     2              10    0   0   20   0
19-61-62-902277-001-03 712                           2     2             144    0   0   36   0
41-81-85-622280-001-01 712                           2     2             500    0   0  364   0
14-58-18-612292-001-02 711     30   350002  2   91 912     2              40    0   0    0   0
79-64-91-552294-001-01 672                           2     2             810    0   0  990   0
79-64-91-552294-001-01 711    300  3000002  2   94 0 2     2             150    0   0    0   0
83-01-75-412295-001-01 711    240  1440001  1   21 212     2             300    0   0   60   0
80-85-79-462296-001-01 711     60   400001 21 2 91 0 2     2              48    0   0   12   0
96-15-71-562311-001-01 692                           2     2             150    0   0  150   0
96-15-71-562311-001-01 712                           2     2             150    0   0   50   0
96-15-71-562311-001-01 732                           2     2            1000    0 160 1000   0
87-83-98-062349-001-01 712                           2     2              50    0  40   60   0
68-30-71-792350-001-03 711    200  2000006  6   91 0 2     2             130    0   0   20   0
14-98-81-492352-001-02 712                           2     2              36    0   0    0   0
81-32-40-342352-001-07 711     50   650001 21   41 412     2              30    0   0   20   0
87-03-73-532353-001-01 711    120  1000001  1   91 0 2     2             130    0   0    0   0
31-61-58-012353-001-03 712                           2     2              40    0   0   10   0
18-73-48-012353-001-04 711     48   480001  1   12 0 2     2              48    0   0   24   0
46-05-43-172353-001-05 711     60   900001  1   94 942     2              50    0   0   10   0
00-22-08-832354-001-01 712                           2     2             160    0   0   80   0
19-93-05-372354-001-04 712                           2     2              48    0   0    0   0
48-82-44-022355-001-01 711    450  2100001  1   21 912     2             225    0   0   75   0
66-57-22-712356-001-01 712                           2     2             144    0   0    0   0
57-18-13-692360-001-01 712                           2     2              96    0   0   48   0
54-52-86-502371-001-01 712                           2     2             400    0   0  200   0
54-52-86-502371-001-01 732                           2     2              75    0   0   75   0
54-52-86-502371-001-018522                           2     2              50    0   0   50   0
19-42-65-672372-001-01 711    225  2000001 21 2 91 0 2     2              75    0   0   75   0
77-70-58-352389-001-02 741     20   300002  2   21 212     2               2    0   0    3   0
95-47-09-332394-001-01 742                           2     2              40    0   0   20   0
04-08-20-272428-001-01 672                           2     2              70    0   0   80   0
04-08-20-272428-001-01 711    720  4200001 21 2 91 0 2     2             204    0   0  156   0
24-59-87-472430-001-01 711    200  1500001  1   91 0 2     2              70    0   0   30   0
17-25-01-082431-001-01 711     96   640001  1   31 0 2     2              60    0   0   60   0
17-25-01-082431-001-01 722                           2     11 4 20000    160    0   0  100   0
81-05-05-172432-001-01 711    500   600001  1   451052     2             200    0   0   20   0
82-12-05-752435-001-01 712                           2     2              15    0   0    5   0
82-12-05-752435-001-01 751    250  2500001  1   95 0 2     2              10    0   0   40   0
47-13-32-572464-001-03 712                           2     2             525    0   0    0   0
47-13-32-572464-001-03 732                           2     2             320    0   0    0   0
89-90-41-692469-001-01 711     80   300001  2   21 212     2             420    0   0    0   0
47-82-17-412488-001-01 732                           2     2               1    0   0    2   0
89-74-27-612527-001-01 742                           2     2             100    0   0    0   0
89-74-27-612527-001-01 802                           2     2             200    0   0    0   0
89-74-27-612527-001-018512                           2     2              80    0   0    0   0
89-74-27-612527-001-019982                           2     2              50    0   0    0   0
59-63-78-892527-001-07 711    300   600001 21 2 41 412     2             200    0   0    0   0
59-63-78-892527-001-07 721     35   130002  1 2 41 412     2              20    0   0    0   0
46-20-08-822542-001-01 742                           2     2              60    0   0    0   0
08-10-16-122544-001-01 711    240   450001 21 2 51 512     2             240    0   0   80   0
08-10-16-122544-001-01 722                           2     2              40    0   0   10  30
08-10-16-122544-001-01 742                           2     2              15    0   0    5   0
08-10-16-122544-001-01 802                           2     2              20    0   0    5  15
08-10-16-122544-001-012052                           2     2               8    0   0    2   0
80-87-24-092558-001-01 712                           2     2             120    0   0    0   0
80-87-24-092558-001-01 742                           2     2              60    0   0    0   0
80-87-24-092558-001-019982                           2     2              50    0   0    0   0
38-66-19-412560-001-01 711    260  1600002  2   91 912     2            4628    0   0    0   0
38-66-19-412560-001-01 721    140   700002  2   91 912     2             140    0   0    0   0
38-66-19-412560-001-01 731   5200 14000002  2   91 912     2            3640    0   0    0   0
38-66-19-412560-001-01 741    800   480002  2   91 912     2             800    0   0    0   0
38-66-19-412560-001-01 761    390   800002  2   91 912     2             390    0   0    0   0
38-66-19-412560-001-01 791    121 36300002  2   91 912     2              99    0   0    0   0
38-66-19-412560-001-01 801   2200  4000002  2   91 912     2            1430    0   0    0   0
38-66-19-412560-001-01 812                           2     2             528    0   0    0   0
38-66-19-412560-001-012002                           2     2             940    0   0    0   0
38-66-19-412560-001-012032                           2     2              80    0   0    0   0
38-66-19-412560-001-012052                           2     2             480    0   0    0   0
38-66-19-412560-001-018521    390   210002  2   91 912     2             130    0   0    0   0
33-20-45-662566-001-01 731     50   100001 41 41021022     2              60    0   0    0   0
33-20-45-662566-001-01 761    400   600001 41 4 41 412     2             100    0   0    0   0
33-20-45-662566-001-01 792                           2     2               5    0   0    0   0
33-20-45-662566-001-018522                           2     2               7    0   0    0   0
31-12-34-482578-001-01 722                           2     2            5691    0   0    0   0
31-12-34-482578-001-01 732                           2     11 3  4500   6160    0   0 3080   0
50-89-79-362578-001-04 712                           2     2              30    0   0   40   0
50-89-79-362578-001-04 732                           2     11 2  5000     20    0   0   17   0
50-89-79-362578-001-04 742                           2     2               9    0   0    7   0
03-51-31-802580-001-01 711    138   400001 21 2 91 412     2             234    0   0    0   0
03-51-31-802580-001-01 722                           2     2              20    0   0    0   0
03-51-31-802580-001-01 732                           2     2             390    0   0    0   0
19-69-36-162582-001-01 712                           2     2             140    0   0    0   0
19-69-36-162582-001-01 722                           2     2             140    0   0    0   0
19-69-36-162582-001-01 732                           2     2             130    0   0    0   0
52-35-01-102583-001-01 752                           2     2             160    0   0    0   0
04-45-84-212596-001-02 712                           2     2             100    0   0    0   0
03-81-40-042598-001-01 711     30    65001  1   41 412     2             150    0   0    0   0
03-81-40-042598-001-01 752                           2     2              12    0   0    0   0
79-69-38-692598-001-03 732                           2     2             100    0   0  100   0
71-80-87-222599-001-01 712                           2     2              65    0   0    0   0
71-80-87-222599-001-01 721    100   120001  1   21 212     2              30    0   0    0   0
71-80-87-222599-001-01 732                           2     2              50    0   0    0   0
71-80-87-222599-001-01 742                           2     2             100    0   0    0   0
63-68-95-782600-001-01 712                           2     2             140    0   0    0   0
63-68-95-782600-001-01 722                           2     2             100    0   0    0   0
63-68-95-782600-001-01 732                           2     2              70    0   0    0   0
96-72-67-952601-001-01 712                           2     2              39    0   0    0   0
96-72-67-952601-001-01 722                           2     2              64    0   0    0   0
96-72-67-952601-001-01 732                           2     2             130    0   0    0   0
96-72-67-952601-001-01 742                           2     2              25    0   0    0   0
52-12-15-012601-001-03 712                           2     2           12560    0   0    0   0
31-62-76-732601-001-04 712                           2     2              26    0   0    0   0
41-43-64-192603-001-01 712                           2     2             240    0   0    0   0
41-43-64-192603-001-01 722                           2     2              40    0   0   20   0
41-43-64-192603-001-01 732                           2     2              40    0   0    5   0
47-38-94-742616-001-01 722                           2     2               3    0   0    0   0
47-47-77-472618-001-01 732                           2     2              60    0   0    0   0
86-05-32-232620-001-01 712                           2     2              70    0   0    0   0
33-87-64-652621-001-01 711    750  2500001  1   42 422     2             450    0   0  300   0
33-68-64-862622-001-01 712                           2     2             125    0   0    0   0
61-66-70-262634-001-01 712                           2     2             150    0   0    0   0
51-21-65-292635-001-01 711    600  2000001 21   52 922     2             420    0   0  105   0
51-21-65-292635-001-01 721     50   200001 21 2 52 522     2              38    0   0   12   0
51-21-65-292635-001-01 802                           2     2              20    0   0   20  20
50-61-33-622636-001-01 712                           2     2              23    0   0    0   0
50-61-33-622636-001-01 732                           2     2              30    0   0   20   0
87-28-67-892637-001-01 711     48   150001  1   42 422     2              70    0   0   42   0
33-23-50-352638-001-01 712                           2     2             980    0   0   20   0
65-03-17-072639-001-01 712                           2     2             722    0   0    0   0
65-03-17-072639-001-01 812                           2     2              20    0   0    0   0
01-89-35-762640-001-01 711    225  1350001 21 2 52 522     2             300    0   0    0   0
01-89-35-762640-001-01 802                           2     2              20    0   0    0   0
57-20-33-402641-001-01 712                           2     2              40    0   0   20   0
84-99-75-072659-001-01 711    150   450001 21 2 91 912     2             149    0   0   51   0
84-99-75-072659-001-01 721     60    90001 21 2 91 912     2              35    0   0   15   0
84-99-75-072659-001-018522                           2     2               8    0   0    4   0
47-19-86-882672-001-02 711    300   400002  2   41 412     2             180    0   0    0   0
50-32-82-322673-001-01 702                           2     2              30    0   0   10   0
50-32-82-322673-001-01 711   1000  2000001  1   52 522     2             400    0   0  200 200
50-32-82-322673-001-01 721    100   100001  1   51 522     2              50    0   0   30   0
50-32-82-322673-001-01 732                           2     2              40    0   0   10   0
50-32-82-322673-001-012042                           2     2              40    0   0   20   0
13-28-91-732674-001-01 711    600    80001  1   92 922     2               0    0   0    0   0
13-28-91-732674-001-01 721     70   180001  1   92 922     2               0    0   0    0   0
20-33-96-802675-001-01 712                           2     2             300    0   0  150 300
20-33-96-802675-001-01 722                           2     2              80    0   0   50  70
20-33-96-802675-001-018522                           2     2              10    0   0    5   0
84-24-88-242676-001-01 712                           2     2             150    0   0    0   0
84-24-88-242676-001-01 721     80   200001 21 21611612     2              20    0   0    0   0
84-24-88-242676-001-01 802                           2     2              10    0   0    0   0
08-23-56-622677-001-01 711 463200   480001  1   91 912     2          926400    0   0    0   0
08-23-56-622677-001-01 722                           2     2           50625    0   0    0   0
16-50-27-262678-001-01 712                           2     2             500    0   0  100   0
16-50-27-262678-001-01 721     30    60001  1  1611612     2              10    0   0    0   0
07-37-34-262679-001-01 712                           2     2              50    0   0    0   0
07-37-34-262679-001-01 812                           2     2               3    0   0    2   0
35-57-95-512691-001-02 732                           2     2           30100    0   0    0   0
35-57-95-512691-001-028522                           2     2               6    0   0    0   0
47-00-46-322692-001-01 722                           2     2              40    0   0   10   0
47-00-46-322692-001-01 732                           2     2              80    0   0   20   0
47-00-46-322692-001-01 742                           2     2              50    0   0    0   0
91-80-39-562694-001-012032                           2     2              50    0   0    0   0
86-49-59-312695-001-01 702                           2     2              40    0   0   10   0
86-49-59-312695-001-01 712                           2     2            2506    0   0   50   0
86-49-59-312695-001-01 722                           2     2              80    0   0   50  20
86-49-59-312695-001-01 802                           2     2              30    0   0   20  10
50-01-22-992696-001-01 712                           2     2             152    0   0    0   0
50-01-22-992696-001-01 722                           2     2              20    0   0    1   0
50-01-22-992696-001-01 732                           2     2              60    0   0    2   0
50-01-22-992696-001-01 742                           2     2              15    0   0    0   0
50-01-22-992696-001-018522                           2     2              10    0   0    1   0
61-87-14-182697-001-01 712                           2     2              20    0   0   10   0
61-87-14-182697-001-01 742                           2     2               7    0   0    5   0
33-55-50-672714-001-04 732                           2     11 0     0 111601    0   0    0   0
84-67-51-772715-001-01 692                           2     2              50    0   0   50   0
84-67-51-772715-001-01 712                           2     2             200    0   0    0   0
84-67-51-772715-001-01 731    200   200001 21 2 95 952     2             100    0   0    0   0
57-47-30-232716-001-01 731    900   630002  2  1651652     2               0    0   0    0   0
98-76-92-342717-001-01 712                           2     2              30    0   0    0   0
98-76-92-342717-001-01 731     80   400001 21 2 91 912     2              50    0   0   20   0
99-22-06-742748-001-01 712                           2     2              40    0  10   20   0
56-82-25-562750-001-02 712                           2     2              48    0   0    0   0
43-96-69-252750-001-03 712                           2     2             168    0   0  168   0
27-89-89-482751-001-02 712                           2     2             288    0   0  180   0
27-89-89-482751-001-02 731    180   700001 21 2 91 912     2             200    0   0  180   0
27-89-89-482751-001-02 802                           2     2              30    0   0   20   0
31-08-62-952751-001-03 712                           2     2             100    0   0   20   0
66-44-70-132754-001-02 711    135   650002  2   93 932     2              85    0   0   50   0
08-43-88-382754-001-03 711     60   350001  1   12 0 2     2              96    0   0   24   0
19-29-52-872755-001-01 712                           2     2              96    0   0   60   0
88-70-16-472767-001-01 711     70   800001  1   91 912     2              50    0   0   10   0
16-56-36-972769-001-01 802                           2     2              30    0   0   20   0
16-56-36-972769-001-01 982                           2     2              10    0   0   70   0
16-56-36-972769-001-018512                           2     2              50    0   0   25   0
88-64-17-462786-001-01 712                           2     2             150    0   0   42   0
37-86-68-692788-001-01 711    120   800001 21 2 92 922     2             180    0   0   60   0
67-86-73-422789-001-01 712                           2     2              36    0   0    0   0
54-74-73-732790-001-01 711    160  1500001  1   92 922     2             100    0   0   40   0
80-39-16-432790-001-04 711     50   400001  1   91 0 2     2              40    0   0   10   0
85-92-14-252791-001-01 711    100   500001  1   94 0 2     2              20    0   0    0   0
90-59-38-222792-001-01 711    750  6000001  1   94 112     2             375    0   0  375   0
90-59-38-222792-001-01 732                           2     2              50    0   0  100   0
44-64-21-262793-001-01 711    120   700001 21 2 92 0 2     2             240    0   0   60   0
37-60-26-942805-001-01 711     80   560001  1   94 0 2     2              20    0   0    0   0
37-60-26-942805-001-01 762                           2     2              10    0   0   15   0
34-43-26-392806-001-01 712                           2     2             200    0   0  100   0
95-20-72-752807-001-01 711    100   800001  1   92 0 2     2             170    0   0   30   0
57-77-58-512808-001-01 711    360  2100001 21 2 91 0 2     2             120    0   0    0   0
77-46-65-692808-001-04 711     60   350001  1   91 0 2     2              48    0   0   72   0
37-58-50-612810-001-01 711   1068   890001  1   94 0 2     2             120    0   0 5880   0
42-67-05-592811-001-01 711     50   600001  1   44 0 2     2              20    0   0   20   0
59-21-01-602811-001-03 711   4000 15000001  1  103 0 2     2             120    0   0  200   0
57-13-03-722829-001-01 712                           2     2             100    0   0   80   0
54-69-14-262834-001-01 711    200  1500001  1   21 212     2              50    0   0   50   0
75-91-49-952843-001-01 712                           2     2             130    0   0   35   0
45-58-23-032848-001-01 731    300  1800001  1   911112     2              50    0   0    0   0
28-25-83-472850-001-01 732                           2     2              90    0   0   10   0
28-25-83-472850-001-018511     60   500001 21 2 91 0 2     11 1  5000      8    0   0    2   0
48-32-03-052866-001-02 712                           2     2              60    0   0    0   0
49-04-68-352867-001-01 732                           2     2             130    0   0   70   0
32-58-54-822885-001-01 742                           2     2               5    0   0    0   0
22-11-88-242886-001-01 711  39600   150001 21 2 91 0 2     2          277200    0   0    0   0
22-11-88-242886-001-01 732                           2     2           72400    0   0    0   0
22-11-88-242886-001-01 742                           2     2            5244    0   0    0   0
05-21-43-642892-001-01 732                           2     14 7250000    500    0   0  280   0
30-79-15-052892-001-03 712                           2     2               4    0   0    0   0
30-79-15-052892-001-03 732                           2     2             173    0   0    0   0
30-79-15-052892-001-03 752                           2     2               1    0   0    0   0
30-79-15-052892-001-03 762                           2     2              12    0   0    0   0
30-79-15-052892-001-03 802                           2     2               4    0   0    0   0
30-79-15-052892-001-032002                           2     2              28    0   0    0   0
11-84-43-782901-001-01 712                           2     2               3    0   0    0   0
17-19-40-212907-001-01 712                           2     2              28    0   0   17   0
17-19-40-212907-001-01 732                           2     2             256    0   0   44   0
42-59-87-532919-001-01 712                           2     2               6    0   0    0   0
42-59-87-532919-001-01 752                           2     2              10    0   0    0   0
51-20-76-342920-001-01 711     70   280001 21 2 21 212     2              30    0   0    0   0
51-20-76-342920-001-01 732                           2     2              40    0   0   60   0
51-20-76-342920-001-012002                           2     2              30    0   0   10   0
51-20-76-342920-001-018522                           2     2               7    0   0   13   0
82-14-02-372921-001-01 712                           2     2              75    0   0   10   0
82-14-02-372921-001-01 732                           2     2             230    0   0   55   0
82-14-02-372921-001-012002                           2     2              45    0   0    0   0
03-83-60-832921-001-02 711    150   800001  1   21 212     2              60    0   0   15   0
03-83-60-832921-001-02 731    300  1200001  1   11 112     2              30    0   0   20   0
35-45-76-622922-001-01 732                           2     2              40    0   0    0   0
39-25-98-642923-001-01 732                           2     2              70    0   0   30   0
39-25-98-642923-001-01 742                           2     2              20    0   0   20   0
03-82-32-102925-001-02 712                           2     2              13    0   0    0   0
03-82-32-102925-001-02 742                           2     2              12    0   0    0   0
47-73-88-652926-001-01 732                           2     2             400    0   0  400   0
13-60-86-392943-001-03 712                           2     2             400    0   0  200   0
13-60-86-392943-001-03 742                           2     2             500    0   0  200   0
35-91-66-392943-001-04 712                           2     2              75    0   0    0   0
64-72-48-232945-001-01 712                           2     2              40    0   0    0   0
91-79-41-802957-001-01 711     45   150001 21 2 93 932     2             255    0   0    0   0
91-79-41-802957-001-01 802                           2     2             100    0   0   50   0
91-79-41-802957-001-01 811     20   150001 21 2 93 932     2               5    0   0    5   0
91-79-41-802957-001-01 831    140   400001 21 2 93 932     2              30    0   0   40   0
50-10-51-602958-001-01 702                           2     2              40    0   0   10   0
50-10-51-602958-001-01 711     75   300001 21 2 91 912     2             210    0   0    0   0
50-10-51-602958-001-01 802                           2     2              40    0   0   10   0
50-10-51-602958-001-01 842                           2     2              80    0   0   40   0
90-65-51-492959-001-01 712                           2     2              90    0   0    0   0
90-65-51-492959-001-01 722                           2     2              80    0   0   40   0
34-70-67-062960-001-01 711     90   300001 21 2 42 422     2             150    0   0    0   0
34-70-67-062960-001-018522                           2     2               7    0   0    3   0
67-75-87-742962-001-01 711     50   500001  1   51 512     2               0    0   0    0   0
08-98-55-432963-001-01 721     50    50001 21 2 52 522     2              50    0   0    0   0
08-98-55-432963-001-01 761     13    30001 21 2 921622     2              12    0   0    0   0
89-30-02-672964-001-01 712                           2     2             120    0   0    0   0
15-25-36-672983-001-01 711     45   120001 21 2 21 212     2             120    0   0   45   0
15-25-36-672983-001-01 802                           2     2              30    0   0   10   0
35-05-63-483037-001-01 732                           2     2             100    0   0    0   0
35-05-63-483037-001-01 762                           2     14 1 20000     60    0   0    0   0
39-50-51-323038-001-01 712                           2     2             300    0   0    0   0
39-50-51-323038-001-01 732                           2     2             500    0   0  100   0
39-50-51-323038-001-01 742                           2     2             120    0   0    0   0
39-50-51-323038-001-01 761  10000  5000001  1  1641642     2             800    0   0  200   0
39-50-51-323038-001-01 802                           2     2             150    0   0   30   0
39-50-51-323038-001-018521    100   250001  1  1641642     2              80    0   0   20   0
39-36-43-123040-001-01 732                           2     2            2850    0   0  350   0
39-36-43-123040-001-01 762                           2     2            1120    0   0   50   0
89-42-62-023075-001-02 732                           2     2            3021    0   0  100   0
18-27-56-503076-001-01 732                           2     2              50    0   0   10   0
12-15-07-663091-001-01 712                           2     2             150    0   0    0   0
81-32-17-943092-001-01 712                           2     2              30    0   0    0   0
66-31-98-443095-001-01 712                           2     2             360    0   0    0   0
66-31-98-443095-001-01 722                           2     2             120    0   0    0   0
93-36-30-053109-001-01 732                           2     2              40    0   0   20   0
93-36-30-053109-001-01 762                           2     2              20    0   0   10   0
93-36-30-053109-001-018522                           2     2              10    0   0    0   0
65-60-93-933114-001-01 762                           2     2               5    0   0    0   0
18-57-18-843115-001-01 742                           2     2              50    0   0    0   0
18-57-18-843115-001-018522                           2     2              30    0   0    0   0
69-54-28-673117-001-01 762                           2     2              50    0   0   10   0
69-54-28-673117-001-018522                           2     2              15    0   0    5   0
06-70-18-543128-001-01 712                           2     2              23    0   0    0   0
90-08-06-643129-001-01 712                           2     2              60    0   0    0   0
90-08-06-643129-001-01 732                           2     2             200    0   0    0   0
90-08-06-643129-001-018522                           2     2              20    0   0    0   0
39-92-70-013134-001-01 732                           2     11 4  6000     67    0   0    0   0
96-64-64-183147-001-01 712                           2     2               7    0   0    0   0
96-64-64-183147-001-01 722                           2     2              30    0   0    0   0
96-64-64-183147-001-01 742                           2     2              50    0   0    0   0
96-64-64-183147-001-01 762                           2     2             200    0   0    0   0
96-64-64-183147-001-01 802                           2     2             180    0   0    0   0
96-64-64-183147-001-018522                           2     2              50    0   0    0   0
17-86-57-813148-001-018512                           2     1410  5000    743    0   0    0   0
62-65-17-393150-001-01 721    400   800005 62   21 212     2             300    0   0  100   0
62-65-17-393150-001-01 762                           2     2              20    0   0   10   0
26-43-46-663154-001-01 722                           2     2              60    0   0    0   0
81-00-58-343166-001-01 711    100   400001  1   92 922     2             300    0   0   80   0
81-00-58-343166-001-01 762                           2     2              10    0   0   10   0
81-00-58-343166-001-01 792                           2     2              15    0   0    0   0
29-45-42-373167-001-01 712                           2     2             300    0   0    0   0
42-00-78-103168-001-01 711    330  1260001  1   92 922     2             360    0   0    0   0
42-00-78-103168-001-01 732                           2     2             180    0   0    0   0
44-11-82-583168-001-03 712                           2     2              30    0   0    0   0
60-37-36-573171-001-01 712                           2     2             315    0   0    0   0
84-02-93-513172-001-01 712                           2     1510 10000     10   20   0    0   0
23-81-85-473173-001-01 711    140   350001  1   52 522     2             240    0   0   20   0
02-50-88-113185-001-01 711   2000  4000001 21 2 91 912     2            1000    0   0  450   0
02-50-88-113185-001-01 721    300  2000001 21 2 91 912     11 1 20000      0    0   0   50 150
02-50-88-113185-001-01 732                           2     2             150    0   0   50   0
02-50-88-113185-001-01 751   4000 10000001 21 2 91 912     11 1100000    150    0   0   50   0
76-50-08-943186-001-01 711    225   450001 21 21631632     2             120    0   0   30   0
76-50-08-943186-001-01 721    180   200001 21 21611612     2             125    0   0   55   0
76-50-08-943186-001-01 742                           2     2              26    0   0    4   0
76-50-08-943186-001-01 792                           2     2              18    0   0    0   0
78-32-84-413187-001-01 712                           12012 2             148    0   0    0   0
78-32-84-413187-001-01 751    120   450001 21 2 91 912     2              30    0   0    0   0
76-44-53-443188-001-01 711   1200  1500001  1   31 112     2            1140    0   0   60   0
51-12-48-043189-001-01 711    300   150001  1   91 912     2              70    0   0  100   0
51-12-48-043189-001-01 722                           2     2             110    0   0   30   0
51-12-48-043189-001-01 732                           2     2             130    0   0    0   0
88-75-03-883189-001-02 712                           2     2             240    0   0  120   0
51-34-40-933190-001-01 711  19000  4500001 21 2 91 912     2            1900    0   0  100   0
51-34-40-933190-001-01 761    180  1500001 21 2 42 422     2              15    0   0    5   0
51-34-40-933190-001-01 791    250  2000001 21 2 42 422     2              30    0   0   20   0
48-43-31-893191-001-01 711    168   455001 21 21611612     2             540    0   0    0   0
48-43-31-893191-001-01 732                           2     2              35    0   0    0   0
48-43-31-893191-001-01 752                           2     2              30    0   0    0   0
71-65-11-523192-001-01 711    756    40001  1 21611612     2              84    0   0    0   0
71-65-11-523192-001-01 732                           2     2             200    0   0    0   0
71-65-11-523192-001-01 751   1050  3500001 21 21611612     2             150    0   0    0   0
69-32-86-523204-001-01 712                           2     2             300    0   0    0   0
69-32-86-523204-001-01 722                           2     2             150    0   0    0   0
69-32-86-523204-001-01 732                           2     2             300    0   0    0   0
69-32-86-523204-001-018522                           2     2              50    0   0    0   0
96-05-32-133205-001-01 732                           2     2             120    0   0   30   0
22-66-04-873205-001-10 712                           2     2              23    0   0    7   0
22-66-04-873205-001-10 722                           2     2              30    0   0   15   0
26-70-89-553207-001-01 712                           2     2              50    0   013500   0
26-70-89-553207-001-01 722                           2     2              20    0   0  280   0
26-70-89-553207-001-01 732                           2     2              20    0   0  180   0
26-70-89-553207-001-01 762                           2     2              30    0   0  120   0
26-70-89-553207-001-01 792                           2     2              10    0   0   70   0
26-70-89-553207-001-01 802                           2     2               0    0   0  120   0
09-76-80-663208-001-01 732                           2     2             250    0   0    0   0
00-02-43-543211-001-02 721     60   150001  1   91 912     2              20    0   0   20   0
44-17-25-083223-001-01 732                           2     2              40    0   0   20   0
44-17-25-083223-001-01 742                           2     2              46    0   0   20   0
44-17-25-083223-001-018522                           2     2              10    0   0   26   0
13-80-08-373225-001-01 712                           2     2             480    0   0    0   0
07-11-53-333229-001-01 712                           2     2              24    0   0    0   0
41-59-20-523230-001-01 712                           2     2              28    0   0    0   0
41-59-20-523230-001-01 721     36   360001  1   21 212     2              20    0   0    0   0
28-52-66-873242-001-02 712                           2     2             100    0   0    0   0
28-52-66-873242-001-02 732                           2     2             100    0   0    0 100
05-64-48-413243-001-01 712                           2     2             100    0   0    0   0
24-27-63-883245-001-01 722                           2     2             100    0   0    0   0
07-56-54-183262-001-01 712                           2     2             175    0   0    0   0
71-53-32-343263-001-01 712                           2     2              45    0   0    0   0
71-53-32-343263-001-01 742                           2     2              10    0   0    0   0
11-13-37-023265-001-01 711    500   600001  1 21631632     2             100    0   0    0   0
11-13-37-023265-001-01 732                           2     2             200    0   0  900   0
97-89-67-153268-001-01 712                           2     2             200    0   0    0   0
97-89-67-153268-001-01 732                           2     2             150    0   0  150   0
60-62-46-173305-001-01 712                           2     2              90    0   0   60   0
60-62-46-173305-001-01 732                           2     2              80    0   0   45   0
86-36-32-763305-001-04 712                           2     2             180    0   0   60   0
90-79-01-953360-001-01 712                           2     2              84    0   0    0   0
90-79-01-953360-001-018512                           2     2               5    0   0    0   0
17-79-46-663362-001-01 712                           2     2             180    0   0    0   0
62-47-91-693377-001-03 712                           2     2              13    0   0    3   0
93-04-12-363378-001-01 392                           2     2              30    0   0   20   0
93-04-12-363378-001-01 732                           2     2              20    0   0   10   0
93-04-12-363378-001-012052                           2     2               5    0   0    0   0
79-29-36-723387-001-01 712                           2     14 7100000     25    0   0    0   0
79-29-36-723387-001-01 742                           2     14 8 30000      5    0   0    0   0
84-92-14-033387-001-03 711     75   500001  1   21 212     2              45    0   0   30   0
22-32-62-133437-001-01 712                           2     2              84    0   0    0   0
89-97-86-403452-001-01 712                           2     2              70    0   0   10   0
66-71-90-733470-001-03 712                           2     2              10    0   0    0   0
97-85-50-183471-001-01 712                           2     2              45    0   0   15   0
04-68-39-663477-001-01 732                           2     2              50    0   0    0   0
25-21-14-193477-001-03 702                           2     2              20    0   0    5   0
25-21-14-193477-001-03 712                           2     2             138    0   0   22   0
25-21-14-193477-001-03 802                           2     2              30    0   0   20   0
31-48-87-393489-001-03 712                           2     2             100    0   0   80   0
31-48-87-393489-001-03 742                           2     2              15    0   0   10   0
70-78-01-003490-001-01 712                           2     2             200    0   0    0   0
57-73-74-663496-001-01 712                           2     2              12    0   0   12   0
56-39-47-013511-001-02 712                           2     2               5    0   0    0   0
96-22-91-013546-001-01 712                           2     2              70    0   0   10   0
19-39-89-593549-001-01 712                           2     2              40    0   0   20   0
74-75-91-793553-001-03 762                           2     2             120    0   0  200   0
32-17-78-073586-001-01 732                           2     2              50    0   0   20   0
81-86-14-733603-001-01 732                           2     11 3200000    200    0   0   60   0
81-86-14-733603-001-01 741    100  2000001 21 2 92 922     11 3200000     50    1   0    5   0
09-31-93-253605-001-01 741    100   360001  1  1611612     2              40    0   0   10   0
11-40-56-853607-001-01 711    169   450001 21 2 91 912     2             364    0   0    0   0
11-40-56-853607-001-01 732                           2     2              12    0   0    0   0
11-40-56-853607-001-01 741    120   350001 21 2 91 912     2              85    0   0   30   0
11-40-56-853607-001-018522                           2     2               1    0   0    0   0
46-48-20-193608-001-01 712                           2     2             150    0   0   50   0
46-48-20-193608-001-01 732                           2     2             100    0   0  100   0
35-55-95-513609-001-02 732                           2     12 2 10000     20    0   0    3   0
65-52-91-163610-001-01 731     12   100001 21 2 92 0 2     2               8    0   0    6   0
65-52-91-163610-001-01 742                           2     2              40    0   0   12   0
65-52-91-163610-001-01 762                           2     2              12    0   0    6   0
65-52-91-163610-001-019982                           2     2              16    0   0    8   0
21-35-87-243627-001-01 732                           2     11 2 20000    500    0   0  400   0
21-35-87-243627-001-01 802                           2     11 2  3000     70    0   0   40   0
88-20-31-173641-001-01 711    630  1400001 21 2 91 912     2             738    0   0    0   0
58-58-82-683643-001-01 732                           2     2              50    0   0    0   0
58-58-82-683643-001-01 742                           2     2             100    0   0    0   0
08-34-40-963644-001-01 711   1200  1200001 21 21611612     11 3 40000    600    0   0  200  98
08-34-40-963644-001-01 812                           2     2              50    0   0    0   0
08-34-40-963644-001-012002                           2     2              70    0   0    0   0
08-34-40-963644-001-012042                           2     2              60    0   0    0   0
48-70-78-563645-001-01 672                           2     2             150    0   0    0   0
48-70-78-563645-001-01 692                           2     2              60    0   0    0   0
48-70-78-563645-001-01 711   1073  1680001 41 4 92 0 2     2             460    0   0    0   0
48-70-78-563645-001-01 722                           2     2              15    0   0    0   0
69-15-49-573646-001-01 711    300   800001  1   41 412     15 1  4000     60    0   0    0   0
28-62-38-353647-001-01 711   1500  3000001  1   91 912     2               0    0   0    0   0
34-78-01-693648-001-01 711    630  2100001  1   91 912     2             540    0   0    0   0
37-00-59-023662-001-01 712                           2     2              32    0   0    0   0
37-00-59-023662-001-01 732                           2     2             100    0   0  200   0
57-29-56-033663-001-01 732                           2     2              18    0   0    0   0
73-54-93-253666-001-01 732                           2     2             120    0   0    0   0
73-54-93-253666-001-01 802                           2     2              40    0   0   10   0
73-54-93-253666-001-018522                           2     2              20    0   0    5   0
33-22-49-703667-001-01 712                           2     2               9    0   0    6   0
33-22-49-703667-001-01 732                           2     2               1    0   0    0   0
97-63-96-063667-001-03 702                           2     2               2    0   0    0   0
97-63-96-063667-001-03 712                           2     2              10    0   0    0   0
34-30-09-003686-001-02 712                           2     2              10    0   0    0   0
34-30-09-003686-001-02 732                           2     2               6    0   0    0   0
97-67-30-883687-001-01 712                           2     2              60    0   0   30   0
97-67-30-883687-001-01 732                           2     14 2  5000     10    0   0    5   0
98-73-63-703700-001-048522                           2     2              10    0   0   10   0
99-07-17-063702-001-01 712                           2     2              45    0   0    0   0
06-37-92-793717-001-01 712                           2     2             350    0   0    0   0
06-37-92-793717-001-01 722                           2     11 5  8750     10    0   0   15   0
06-37-92-793717-001-01 742                           2     2              10    0   0    0   0
29-48-35-093718-001-01 712                           2     2              90    0   0    0   0
29-48-35-093718-001-01 732                           2     2              50    0   0    0   0
24-81-45-053719-001-01 712                           2     2             140    0   0    0   0
24-81-45-053719-001-01 732                           2     2              50    0   0    0   0
84-70-04-133720-001-01 692                           2     2             150    0   0    0   0
84-70-04-133720-001-01 712                           2     2             710    0   0    0   0
84-70-04-133720-001-01 732                           2     2             430    0   0    0   0
67-16-45-783721-001-01 712                           2     2              60    0   0    0   0
67-16-45-783721-001-01 722                           2     2              60    0   0    0   0
46-79-04-893722-001-01 712                           2     2             100    0   0    0   0
94-01-95-713723-001-01 711    840  2100001 21   92 922     11 1 36000    240    0   0   24   0
94-01-95-713723-001-01 731     20    20001 21   42 422     11 4 16000    120    0   0  100   0
94-01-95-713723-001-01 742                           2     2              10    0   0    0   0
94-01-95-713723-001-01 752                           2     14 5110000     50    0   0   60   0
26-38-86-973723-001-03 712                           2     2              10    0   0    0   0
44-69-31-703724-001-01 711     25   150001 21 2 22 232     2              45    0   0    0   0
44-69-31-703724-001-01 732                           2     2             300    0   0    0   0
44-69-31-703724-001-019982                           2     2              60    0   0    0   0
86-99-26-343737-001-02 802                           2     2               4    0   0    1   0
55-51-32-873738-001-01 732                           2     2              10    0   0   40   0
69-36-36-133739-001-01 711    221   510001 41 4 21 212     2              39    0   0    0   0
98-58-55-763740-001-01 732                           2     11 2 200001112520    0   0 4380   0
45-98-24-043741-001-04 711     90   600001 21 2 91 912     2              27    0   0   18   0
19-82-60-373742-001-01 711    100   500002  2   92 922     11 1 10000     70    0   0    0   0
19-82-60-373742-001-01 732                           2     11 2  5000    100    0   0  100   0
19-82-60-373742-001-01 802                           2     11 1  2000     20    0   0   10   0
78-14-25-283743-001-01 732                           2     2             165    0   0  120   0
78-14-25-283743-001-018511      6   120001  1   21 0 2     2               4    0   0    0   0
17-54-53-533758-001-01 732                           2     14 2 10000    200    0   0  100   0
51-47-84-023759-001-02 732                           2     2             260    0   0  168   0
68-35-57-413776-001-01 732                           2     12 3100000     85    0  10   15   0
39-38-87-533777-001-01 742                           2     2              42    0   0    0   0
39-38-87-533777-001-01 752                           2     2               1    0   0    0   0
80-65-61-383780-001-01 732                           2     2             400    0   0  100   0
45-90-10-233781-001-02 732                           2     2             175    0   0    0   0
85-38-17-703793-001-01 732                           2     2              30    0   0    0   0
85-38-17-703793-001-01 742                           2     2               5    0   0    0   0
81-77-97-813794-001-01 731     80   250001 21 2 21 212     2              30    0   0   20   0
81-77-97-813794-001-012002                           2     2              20    0   0   10   0
33-23-93-773795-001-01 732                           2     2             180    0   0    0   0
73-13-17-313796-001-01 732                           2     2              43    0   0    0   0
76-50-20-663797-001-01 712                           2     2              60    0   0    0   0
76-50-20-663797-001-01 732                           2     11 8 42000    100    0   0   50   0
56-68-24-883799-001-01 712                           2     2               8    0   0    0   0
56-68-24-883799-001-01 732                           2     2              70    0   0    0   0
87-57-04-483812-001-01 732                           2     2               6    0   0    4   0
13-50-39-653814-001-01 392                           2     2               7    0   0    4   0
13-50-39-653814-001-01 732                           2     2               4    0   0    2   0
13-50-39-653814-001-01 802                           2     2               3    0   0    2   0
68-31-54-093819-001-01 712                           2     11 1 10000    100    0   0   90   0
68-31-54-093819-001-01 741     30   200001  1   91 912     11 1  5000     50    0   0   20   0
77-32-67-803833-001-01 732                           2     2             250    0   0   50   0
15-35-28-353833-001-05 732                           2     2             250    0   0   50   0
37-71-99-363834-001-01 711     40   500001  1  1611612     2              20    0   0    0   0
37-71-99-363834-001-01 762                           2     2             200    0   0  100   0
37-71-99-363834-001-01 802                           2     2              60    0   0    0   0
37-71-99-363834-001-012002                           2     2              30    0   0   30   0
17-92-85-183836-001-01 712                           2     11 2  5000      2    0   0    1   0
17-92-85-183836-001-01 761     60    25001 21 2 21 0 2     11 2   500     10    0   0    0   0
09-79-49-523838-001-01 732                           2     11 4 50000    100    0   0   20   0
83-95-24-143852-001-01 742                           2     2              26    0   0    0   0
83-95-24-143852-001-01 761     60   300001 21 2 91 0 2     2              30    0   0   10   0
22-52-97-753854-001-01 732                           2     2             100    0   0   17   0
22-52-97-753854-001-01 761    100   300001 21 2 41 412     2              50    0  10    0   0
77-48-36-643870-001-01 731    180   800001 21 2 92 922     2             135    0  80  125   0
77-48-36-643870-001-01 802                           2     2              25    0   0   23   0
77-48-36-643870-001-012002                           2     2              50    0   0   25   0
88-98-35-963872-001-01 732                           2     2              60    0   0    0   0
04-39-66-833874-001-01 732                           2     2             200    0   0  100   0
04-39-66-833874-001-01 792                           2     2              30    0   0   20   0
04-39-66-833874-001-012002                           2     2              50    0   0   50   0
01-05-27-433875-001-01 732                           2     2             200    0   0    0   0
95-35-64-973889-001-01 711     16    40001 21 2 21 212     2              32    0   0    0   0
95-35-64-973889-001-01 761     75    37501 21 2 91 912     2              29    0   0    0   0
95-35-64-973889-001-018522                           2     2              10    0   0    2   0
18-23-18-313889-001-02 732                           2     2             230    0   0    0   0
18-23-18-313889-001-02 742                           2     2              18    0   0    0   0
18-23-18-313889-001-02 762                           2     2              23    0   0    0   0
66-99-22-633890-001-01 732                           2     2             100    0   0  100   0
66-99-22-633890-001-01 762                           2     2             300    0   0  200   0
23-60-48-433892-001-01 712                           2     2              87    0   0    8   0
23-60-48-433892-001-01 732                           2     2              53    0   0    7   0
23-60-48-433892-001-01 762                           2     2              30    0   0    6   0
69-11-38-353893-001-01 732                           2     2             150    0   0   50   0
88-69-14-993894-001-01 732                           2     2              40    0   0   60   0
54-17-82-963895-001-01 712                           2     2              20    0   0    0   0
54-17-82-963895-001-01 732                           2     2              10    0   0    0   0
54-17-82-963895-001-01 762                           2     2              16    0   0   20   0
65-31-91-123909-001-01 712                           2     2              91    0   0    0   0
65-31-91-123909-001-01 762                           2     2              15    0   0    8   0
66-41-39-813914-001-01 711    300  3000001  1   91 912     2              75    0   0   75   0
66-41-39-813914-001-012002                           2     2              10    0   0    6   0
20-41-14-613931-001-01 712                           2     2             230    0   0    0   0
20-41-14-613931-001-01 722                           2     2              80    0   0  120   0
72-80-89-543945-001-01 732                           2     2              50    0   0    0   0
72-80-89-543945-001-01 762                           2     2              50    0   0    0   0
43-94-10-023946-001-01 712                           2     2              75    0   0    0   0
43-94-10-023946-001-01 732                           2     2             260    0   0  130   0
04-01-34-613948-001-01 732                           2     2              98    0   0   28   0
04-01-34-613948-001-01 762                           2     2              79    0   0   30   0
04-01-34-613948-001-01 792                           2     2              27    0   0    0   0
10-36-95-743951-001-01 712                           2     2              45    0   0    0   0
10-36-95-743951-001-01 721  18970   150001  1   41 412     2              20    0   0    0   0
10-36-95-743951-001-01 732                           2     2             910    0   0   20   0
10-36-95-743951-001-01 761   2340  1440001  1   91 912     2              15    0   0    0   0
10-36-95-743951-001-01 802                           2     2             110    0   0    0   0
10-36-95-743951-001-018522                           2     2              40    0   0    0   0
26-84-75-253951-001-11 712                           2     2              45    0   0    0   0
26-84-75-253951-001-11 761    260   160001  1   91 912     2               0    0   0    0   0
57-63-62-903970-001-02 732                           2     2              20    0   0   25   0
99-03-56-383970-001-03 732                           2     2             170    0   0    0   0
14-51-55-673972-001-01 732                           2     11 2 30000    500    0   0    0   0
62-60-65-503983-001-01 732                           2     2             300    0   0    0   0
07-12-29-184002-001-06 742                           2     2              80    0   0    0   0
15-44-50-114003-001-019981    240   120001 21 2 51 512     2             160    0   0    0   0
40-85-46-994025-001-01 732                           2     2              50    0   0  100   0
91-25-48-934032-001-01 712                           2     2              66    0   0    0   0
55-39-56-434032-001-07 742                           2     2              20    0   0    0   0
29-58-09-234040-001-01 732                           2     2              25    0   0    0   0
87-00-93-354040-001-06 732                           2     2             150    0   0   50   0
87-00-93-354040-001-06 742                           2     2              50    0   0   22   0
12-61-17-854041-001-01 712                           2     11 2  8000   3500    0   0    0   0
12-61-17-854041-001-01 732                           2     2           12000    0   0    0   0
12-61-17-854041-001-018522                           2     2            1250    0   0    0   0
84-50-65-924043-001-01 712                           2     2             165    0   0    0   0
84-50-65-924043-001-01 742                           2     2              45    0   0    0   0
84-50-65-924043-001-01 782                           2     2               5    0   0    0   0
84-50-65-924043-001-01 792                           2     2              20    0   0    0   0
84-50-65-924043-001-018522                           2     2               6    0   0    0   0
08-74-51-594044-001-01 712                           2     2             120    0   0   40   0
08-74-51-594044-001-01 732                           2     2              60    0   0   30   0
08-74-51-594044-001-01 762                           2     2              30    0   0   50   0
42-06-56-074044-001-02 712                           2     2              60    0   0    0   0
42-06-56-074044-001-02 732                           2     2              20    0   0   10   0
86-84-40-044045-001-02 712                           2     2              10    0   0    0   0
86-84-40-044045-001-02 732                           2     2               4    0   0    0   0
83-55-87-544047-001-01 711     56    70001  1   21 112     2              24    0   0    0   0
93-25-73-374079-001-01 732                           2     2              70    0   0    0   0
20-21-91-334080-001-01 712                           2     2             100    0   0   60   0
96-18-51-614081-001-01 741    100   500001  1   31 312     2              50    0   0    0   0
19-03-44-864085-001-02 742                           2     2              18    0   0    0   0
04-41-69-294097-001-01 722                           2     2              60    0   0   40   0
04-41-69-294097-001-01 802                           2     2              20    0   0   20   0
25-99-47-094100-001-02 712                           2     2              50    0   0    0   0
25-99-47-094100-001-02 721    500  2500002  2   94 942     2              40    0   0   60   0
13-66-77-224104-001-02 721   1500  6000002 32 31231232     2              50    0   0   50   0
11-60-09-724116-001-01 712                           2     2              60    0   0    0   0
11-60-09-724116-001-01 721    200   600001  1  201 0 2     2             150    0   0   50   0
11-60-09-724116-001-018522                           2     2              50    0   0  100   0
17-66-26-344118-001-01 722                           2     2              60    0   0    0   0
69-13-58-824120-001-01 722                           2     2              40    0   0   10   0
69-13-58-824120-001-01 732                           2     2              20    0   0   80   0
69-13-58-824120-001-01 761     50   150002  2   91 912     2              20    0   0   10   0
69-13-58-824120-001-018521     50   500002  2   91 912     2               5    0   0    5   0
85-78-30-984120-001-03 712                           2     2              25    0   0    0   0
85-78-30-984120-001-03 742                           2     2               3    0   0    0   0
85-78-30-984120-001-03 802                           2     2              10    0   0    0   0
99-38-87-714121-001-02 711     30   100002  2   41 412     2              25    0   0   10   0
99-38-87-714121-001-02 721     12    40002  2   21 212     2              18    0   0   40   0
99-38-87-714121-001-02 732                           2     2              30    0   0    0   0
99-38-87-714121-001-02 741    150   500002  2   21 212     2              90    0   0   60   0
99-38-87-714121-001-02 762                           2     2              70    0   0   48   0
99-38-87-714121-001-02 801      5    15002  2   21 212     2             250    0   0   55   0
99-38-87-714121-001-022001     60   180002  2   31 312     2              50    0   0   70   0
99-38-87-714121-001-028521     80   200002  2   93 932     2              15    0   0   25   0
22-45-82-054122-001-01 712                           2     2              80    0   0    0   0
22-45-82-054122-001-018521     55    80001  1  1621622     2               5    0   0    0   0
19-64-20-934137-001-01 712                           2     2              70    0   0    0   0
19-64-20-934137-001-01 732                           2     2             150    0   0    0   0
53-43-54-844137-001-06 732                           2     2              40    0   0   20   0
83-49-56-574139-001-01 711   3000  8000001  1   91 912     2             100    0   0  500   0
83-49-56-574139-001-01 721    180   900001  1   31 112     2              80    0   0   20   0
83-49-56-574139-001-01 732                           2     2             150    0   0  200   0
83-49-56-574139-001-01 761    150   400001  1   31 212     2              60    0   0   40   0
83-49-56-574139-001-01 802                           2     2              40    0   0   60   0
45-74-24-364141-001-01 712                           2     11 2  2000      8    0   0    0   0
45-74-24-364141-001-01 731    978    40002  1 2 21 212     11 5 30000   1975    0   0    0   0
45-74-24-364141-001-01 762                           2     11 4  2000    798    0   0    0   0
11-85-36-844142-001-01 712                           2     2             250    0   0    0   0
17-60-45-744154-001-01 691   1056 21120001 21 2 11 112     2              48    0   0   16   0
17-60-45-744154-001-01 711     32    40001 21 2 11 112     2              34    0   0    0   0
17-60-45-744154-001-01 742                           2     2              93    0   0    0   0
17-60-45-744154-001-01 751  28433 56866001 21 2 92 912     2              46    0   0   81   0
17-60-45-744154-001-01 762                           2     2              67    0   0    0   0
43-86-88-414155-001-01 742                           2     2              10    0   0    0   0
43-86-88-414155-001-01 751    900  1000001  1   95 952     2             100    0   0    0   0
62-89-78-464158-001-01 731    200  2000001  1   95 952     2              57    0   0    0   0
62-89-78-464158-001-01 751    390  7000001  1   95 952     2              50    0   0    0   0
06-97-45-524159-001-01 692                           2     2               6    0   0    3   0
06-97-45-524159-001-01 711    600  1800001 21 2 21 212     2              80    0   0   20   0
06-97-45-524159-001-01 731    200  1200001 21 2 21 212     2              40    0   0   60   0
82-98-10-514159-001-06 712                           2     2               5    0   0   12   0
82-98-10-514159-001-06 732                           2     2              50    0   0   20   0
82-98-10-514159-001-06 742                           2     2               1    0   0    0   0
75-63-76-424161-001-01 712                           2     2             250    0   0   75   0
75-63-76-424161-001-01 752                           2     2              20    0   0    0   0
75-63-76-424161-001-01 762                           2     2              20    0   0    0   0
17-41-82-374175-001-01 712                           2     2              88    0   0    0   0
17-41-82-374175-001-01 742                           2     2              18    0   0    0   0
17-41-82-374175-001-01 762                           2     2              20    0   0    0   0
30-35-93-514192-001-01 692                           2     11 4 60000     50    0   0   30   0
30-35-93-514192-001-01 702                           2     11 4 30000     15    0   0    5   0
30-35-93-514192-001-01 712                           2     2              50    0   0   30   0
30-35-93-514192-001-01 742                           2     14 3 15000     70    0   0   30   0
98-25-88-294193-001-01 701    200   600001  1   95 952     2               0    0   0    0   0
98-25-88-294193-001-01 711   1400  4000001  1   95 952     2            1400    0   0    0   0
98-25-88-294193-001-01 742                           2     2             150    0   0    0   0
98-25-88-294193-001-01 752                           2     2              85    0   0    0   0
98-25-88-294193-001-01 762                           2     2             100    0   0    0   0
98-25-88-294193-001-01 792                           2     2              75    0   0    0   0
01-53-37-234195-001-01 711     15    80002  2   91 412     2              28    0   0   10   0
01-53-37-234195-001-01 742                           2     2              23    0   0   25   0
01-53-37-234195-001-01 752                           2     2              25    0   0   13   0
01-53-37-234195-001-01 802                           2     2               4    0   0    0   0
48-88-88-904196-001-01 731    300   600001 71 7165 0 2     2             170    0   0   30   0
48-88-88-904196-001-018512                           2     2              10    0   0    2   0
04-91-14-704196-001-02 712                           2     2              15    0   0    0   0
04-91-14-704196-001-02 741      9    60001  1   21 112     2               3    0   0    0   0
04-91-14-704196-001-02 802                           2     2               2    0   0    0   0
25-39-51-764197-001-01 712                           2     11 1  1000     13    0   0    0   0
25-39-51-764197-001-01 732                           2     14 4  6000     45    0   0    0   0
25-39-51-764197-001-018512                           2     2               2    0   0    0   0
17-78-73-004198-001-01 692                           2     2              30    0   0    0   0
17-78-73-004198-001-01 711    240   900001  1   93 932     2             240    0   0    0   0
17-78-73-004198-001-01 742                           2     2             120    0   0    0   0
91-79-97-084199-001-01 711    120   160002  2   41 412     2              30    0   0    0   0
91-79-97-084199-001-01 732                           2     2              40    0   0   10   0
91-79-97-084199-001-01 741     50   200002  2   91 912     2              10    0   0   20   0
91-79-97-084199-001-01 762                           2     2              20    0   0    0   0
87-54-04-174200-001-01 712                           2     2              30    0   0    0   0
87-54-04-174200-001-01 732                           2     2              15    0   0    5   0
87-54-04-174200-001-01 742                           2     2              30    0   0   10   0
87-54-04-174200-001-019982                           2     2              12    0   0    3   0
62-29-18-134211-001-01 691    300   500001  1   93 932     2              15    0   0   15   0
62-29-18-134211-001-01 731    680  4800001  1   93 932     2              60    0   0  120   0
62-29-18-134211-001-01 751    710  4600001  1   93 932     2              20    0   0   40   0
24-61-09-854211-001-02 691    200   350001 31 3 21 212     2              50    0   0    0   0
24-61-09-854211-001-02 712                           2     2              60    0   0    5   0
24-61-09-854211-001-02 732                           2     2              70    0   0   45   0
24-61-09-854211-001-02 752                           2     2              60    0   0   20   0
24-61-09-854211-001-02 762                           2     2              50    0   0   26   0
74-48-80-244211-001-03 711     10    30001  1   41 412     2              10    0   0    0   0
74-48-80-244211-001-03 742                           2     2              10    0   0    0   0
74-48-80-244211-001-03 752                           2     2              30    0   0    0   0
15-03-38-514213-001-01 692                           2     2             100    0   0  200   0
15-03-38-514213-001-01 712                           2     2             110    0   0   50   0
15-03-38-514213-001-01 732                           2     2             150    0   0  150   0
15-03-38-514213-001-01 742                           2     2              30    0   0   20   0
15-03-38-514213-001-01 752                           2     2             100    0   0   60   0
15-03-38-514213-001-01 762                           2     2             200    0   0  100   0
15-03-38-514213-001-018512                           2     2              40    0   0   60   0
18-95-24-274214-001-02 711      8    85002  2   91 912     2               0    0   0    0   0
18-95-24-274214-001-02 741      3     3002  2   91 912     2               0    0   0    0   0
18-95-24-274214-001-02 752                           2     2              40    0   0    0   0
18-95-24-274214-001-028522                           2     2               2    0   0    0   0
87-15-08-264215-001-01 691   1000  5000001  1   911112     2            1000    0   0    0   0
87-15-08-264215-001-01 712                           2     2              80    0   0    0   0
87-15-08-264215-001-01 732                           2     2             100    0   0   25   0
84-29-09-244216-001-01 712                           2     2              40    0   0    0   0
84-29-09-244216-001-01 742                           2     2              30    0   0    0   0
10-54-43-564217-001-01 712                           2     2             176    0   0    0   0
10-54-43-564217-001-01 741     94   188001  1   21 212     2              50    0   0    0   0
10-54-43-564217-001-01 761     73   110601  1   21 212     2              11    0   0    0   0
10-54-43-564217-001-01 802                           2     2              31    0   0    0   0
83-33-51-914232-001-01 732                           2     11 1  1500     70    0   0    8   0
40-02-49-454234-001-01 712                           2     2              36    0   0    0   0
40-02-49-454234-001-01 742                           2     2              50    0   0    0   0
40-02-49-454234-001-01 982                           2     2              10    0   0   20   0
15-90-91-834238-001-01 712                           2     2              45    0   0    0   0
37-53-47-864251-001-01 712                           2     2              45    0   0    0   0
57-75-82-484255-001-01 732                           2     2              74    0   0   45   0
43-23-22-294271-001-02 732                           2     2              50    0 200  250   0
67-84-80-744272-001-01 712                           2     2              40    0   0    0   0
67-84-80-744272-001-01 732                           2     2              50    0   0   20   0
67-84-80-744272-001-012002                           2     2              60    0   0   20   0
67-84-80-744272-001-012012                           2     2              20    0   0   10   0
10-28-66-794273-001-01 711    300  1600001 21 2 92 932     2             105    0   0   45   0
10-28-66-794273-001-01 731    250   450001 21 2 921632     2             200    0   0  100   0
10-28-66-794273-001-01 742                           2     2              48    0   0   27   0
31-50-94-424275-001-01 712                           2     2               8    0   0    0   0
31-50-94-424275-001-01 731    400  1000001  1   94 0 2     2             250    0   0    0   0
58-09-19-584289-001-01 762                           2     2             100    0   0  100   0
58-09-19-584289-001-018522                           2     2              35    0   0    0  15
48-26-35-364308-001-01 712                           2     2           22176    0   0    0   0
31-91-85-564309-001-01 712                           2     2              18    0   0    0   0
31-91-85-564309-001-01 732                           2     11 4150000    800    0   0  900   0
75-82-37-584310-001-02 732                           2     2              50    0   0    0   0
28-05-92-534310-001-04 732                           2     2              50    0   0    0   0
09-67-89-134311-001-01 762                           2     2             121    0   0    0   0
66-68-73-914313-001-01 732                           2     2              60    0   0   20   0
66-68-73-914313-001-01 762                           2     2             100    0   0  100   0
29-42-96-404328-001-01 711    250   750001 91 9 91 912     2             100    0   0   10   0
29-42-96-404328-001-01 732                           2     2              50    0   0   50   0
86-93-88-714329-001-01 712                           2     2             100    0   0  100   0
86-93-88-714329-001-01 732                           2     2              50    0   0  450   0
15-10-45-124331-001-01 712                           2     2             100    0   0    0   0
15-10-45-124331-001-01 732                           2     2              80    0   0  120   0
15-10-45-124331-001-01 742                           2     2              10    0   0    5   0
11-69-06-894345-001-02 712                           2     2             100    0   0   20   0
11-69-06-894345-001-02 742                           2     2               2    0   0    0   0
47-02-15-084364-001-01 712                           2     2              30    0   0   10   0
47-02-15-084364-001-01 732                           2     11 3 10000    100    0   0   75   0
94-35-43-704366-001-02 731    333  1200002  2   93 932     2              53    0   0    0   0
63-15-23-804387-001-01 732                           2     2              20    0   0    0   0
57-36-35-194402-001-01 732                           2     14 1 10000     40    0   0    0   0
31-82-16-054407-001-01 732                           2     2              50    0   0    0   0
82-26-21-394445-001-03 712                           2     2              50    0   0    0   0
82-26-21-394445-001-03 732                           2     2             250    0   0  250   0
86-27-46-334463-001-03 711     50   160001  1  1611612     2              50    0   0    0   0
86-27-46-334463-001-03 731   1000  3000001 21 21611612     2             200    0   0    0   0
86-27-46-334463-001-03 761    260   850001 21 21611612     2             100    0   0    0   0
86-27-46-334463-001-03 792                           2     2             120    0   0    0   0
86-27-46-334463-001-03 802                           2     2              15    0   0    0   0
59-91-45-634463-001-06 732                           2     2              75    0   0   25   0
11-54-93-994464-001-04 712                           2     2             120    0   0    0   0
11-54-93-994464-001-04 732                           2     2              50    0   0   20   0
11-54-93-994464-001-04 742                           2     2              30    0   0   10   0
66-52-25-504464-001-05 732                           2     2             120    0   0   40   0
36-39-21-634478-001-01 732                           2     2             150    0   0  500   0
36-39-21-634478-001-01 742                           2     2              20    0   0   20   0
25-88-33-814481-001-01 712                           2     2              80    0   0    0   0
25-88-33-814481-001-01 732                           2     1110 20000     80    0   0    0   0
99-28-29-124482-001-03 712                           2     2             120    0   0    0   0
99-28-29-124482-001-03 742                           2     2              18    0   0    0   0
41-58-31-404483-001-01 732                           2     2             400    0   0    0   0
14-35-00-154484-001-01 732                           2     2             300    0   0  300   0
98-57-46-794497-001-01 732                           2     2             150    0   0  150   0
98-57-46-794497-001-01 792                           2     2             200    0   0  200   0
34-85-87-844498-001-03 732                           2     2           12640    0   0    0   0
05-19-84-164499-001-03 732                           2     2           17250    0   034500   0
10-94-44-734501-001-03 732                           2     2             100    0   0   50   0
56-35-31-494501-001-04 732                           2     2             600    0   0    0   0
41-39-89-994501-001-07 732                           2     2             300    0   0    0   0
46-06-74-344502-001-01 732                           2     2              95    0   0   55   0
72-51-93-504503-001-01 732                           2     2             450    0   0   50   0
97-88-90-364516-001-01 732                           2     2              80    0   0    0   0
97-88-90-364516-001-01 742                           2     2              75    0   0    0   0
14-12-24-894574-001-14 802                           2     2              10    0   0    0   0
18-48-24-684594-001-01 802                           2     2             200    0   0    0   0
29-51-90-804616-001-01 802                           2     2              40    0   0    0   0
35-41-66-584649-001-04 732                           2     2             100    0   0  180   0
00-91-88-384652-001-01 732                           2     2             200    0   0    0   0
72-25-71-424705-001-01 742                           2     2              16    0   0    0   0
86-76-02-114706-001-01 712                           2     2             600    0   0    0   0
34-31-41-494710-001-01 712                           2     2              60    0   0    0   0
46-46-75-674725-001-01 712                           2     2              45    0   0    0   0
97-39-50-714727-001-01 732                           2     2             500    0   0    0   0
14-54-41-374728-001-01 712                           2     2              40    0   0    0   0
14-54-41-374728-001-01 742                           2     2               8    0   0    0   0
37-63-74-984731-001-01 742                           2     2              19    0   0    4   0
72-19-32-094744-001-01 731    700  2100001 61   91 912     2              40    0   0    0   0
72-19-32-094744-001-01 742                           2     2              14    0   0    0   0
72-19-32-094744-001-018512                           2     2              10    0   0    0   0
15-21-88-534745-001-01 731    280   550001 21 2 31 312     2              40    0   0    0   0
15-21-88-534745-001-012002                           2     2              40    0   0    0   0
32-60-45-234746-001-01 712                           2     2              40    0   0    0   0
32-60-45-234746-001-01 731    150   360001 21 2 92 922     2             150    0   0    0   0
68-11-89-034747-001-01 732                           2     2             100    0   0   40   0
68-11-89-034747-001-01 802                           2     2               5    0   0    0   0
82-63-17-224748-001-01 732                           2     2             200    0   0   50   0
54-20-65-814749-001-01 742                           2     2              45    0   0    0   0
86-91-07-434750-001-01 732                           2     11 1   500    120    0   0    0   0
50-66-78-064762-001-01 712                           2     2              80    0   0   16   0
50-66-78-064762-001-01 742                           2     2              18    0   0    0   0
95-95-14-854765-001-01 732                           2     2              45    0   0    0   0
95-95-14-854765-001-01 742                           2     2              60    0   0    0   0
89-76-80-984765-001-02 712                           2     2              85    0   0    0   0
89-76-80-984765-001-02 732                           2     2             120    0   0   40   0
13-09-88-204766-001-10 742                           2     2              20    0   0    0   0
33-30-46-034769-001-01 742                           2     2              55    0   0    0   0
10-29-22-884781-001-01 742                           2     2              20    0   0    0   0
79-66-60-704783-001-06 742                           2     2              70    0   0   15   0
79-66-60-704783-001-06 801    300  1500002  2  1611612     11 1 15000     60    0   0   15  25
21-21-00-334785-001-01 742                           2     2              20    0   0    0   0
29-77-71-614800-001-01 732                           2     2             130    0   0   60   0
29-77-71-614800-001-012032                           2     2             210    0   0   70   0
87-21-08-094801-001-01 732                           2     11 8 10000     20    0   0    0   0
84-03-14-864802-001-01 732                           2     2              60    0   0   40   0
84-03-14-864802-001-018512                           2     2               1    0   0    0   0
73-49-56-134804-001-01 712                           2     2              60    0   0    0   0
73-49-56-134804-001-01 732                           2     2             420    0   0    0   0
24-67-34-654805-001-01 732                           2     2             120    0   0    0   0
24-67-34-654805-001-01 742                           2     2              80    0   0    0   0
78-46-80-074806-001-01 732                           2     2             110    0   0   20   0
78-46-80-074806-001-018522                           2     2              15    0   0    0   0
60-52-94-104807-001-01 732                           2     2             120    0   0    0   0
84-78-41-064820-001-01 732                           2     11 5200000   1300    0   0    0   0
29-50-42-334822-001-01 731  10400  2400001 21 2 91 912     2               0    0   0    0   0
39-17-25-574823-001-01 732                           2     2              60    0   0    0   0
51-20-55-514826-001-11 712                           2     2             150    0   0    0   0
51-20-55-514826-001-11 732                           2     2             100    0   0    0   0
98-17-39-894829-001-01 731    720   320001  1   93 932     11 4  6000    180    0   0    0   0
98-17-39-894829-001-01 742                           2     11 1  1500     25    0   0    0   0
17-85-72-984838-001-01 712                           2     2              70    0   0    0   0
17-85-72-984838-001-01 732                           2     2             140    0   0   20   0
33-87-11-244839-001-01 732                           2     11 4150000    120    0   0  740   0
76-69-80-584842-001-01 732                           2     2             420    0   0    0 300
15-67-33-214843-001-01 712                           2     2              40    0   0    0   0
15-67-33-214843-001-01 732                           2     2              30    0   0    0   0
35-77-92-814844-001-02 712                           2     2              30    0   0    0   0
35-77-92-814844-001-02 742                           2     2              35    0   0    0   0
35-77-92-814844-001-028522                           2     2              20    0   0    5   0
93-91-00-814859-001-01 732                           2     2              80    0   0   40   0
11-13-37-424860-001-01 732                           2     11 1 10000    450    0   0    0   0
11-13-37-424860-001-018512                           2     2               6    0   0    0   0
84-10-16-274861-001-01 731     50   150001  1  1611612     2              25    0   0    0   0
84-10-16-274861-001-018521     30   120001  1   41 412     2               5    0   0    5   0
92-40-07-944862-001-01 732                           2     2              80    0   0   50   0
80-07-40-894864-001-04 732                           2     2              50    0   0  100   0
63-09-12-734864-001-05 732                           2     2              40    0   0   44   0
02-39-87-314878-001-01 712                           2     2              26    0   0    0   0
78-15-30-224880-001-01 731    480  1200001  1   91 912     11 2 20000    120    0   0  360   0
47-30-58-254895-001-01 711    300   600001 21 2 94 942     2             630    0   0    0   0
47-30-58-254895-001-01 722                           2     2              12    0   0    0   0
83-48-46-444895-001-03 712                           2     2             225    0   0    0   0
06-47-27-704896-001-01 711    544  1440001 21 2 52 522     2             950    0   0    0   0
55-37-33-834897-001-01 711    160   200002  2   91 912     2              80    0   0   20   0
55-37-33-834897-001-01 722                           2     1110 15000  15000    0   0 2500   0
87-09-78-694898-001-01 712                           2     2             350    0   0   60   0
87-09-78-694898-001-01 722                           2     2              50    0   0    0   0
83-14-14-024898-001-04 712                           2     2             160    0   0    0   0
11-30-27-894899-001-01 711    400  1400001  1  1031032     2            1422    0   0  100   0
42-87-18-364900-001-01 712                           2     2              40    0   0   10   0
42-87-18-364900-001-01 722                           2     2              60    0   0   40   0
66-05-57-514902-001-01 712                           2     2           23000    0   0    0   0
82-92-95-334914-001-01 712                           2     2              76    0   0    0   0
37-86-09-804915-001-01 712                           2     2              75    0   0    0   0
37-86-09-804915-001-01 721     15    50001  1  1611612     2              20    0   0    5   0
84-99-81-334916-001-01 711     20   100001 21 2 31 212     2             340    0   0    0   0
84-99-81-334916-001-01 722                           2     2              12    0   0    0   0
84-99-81-334916-001-01 732                           2     2              60    0   0    0   0
84-99-81-334916-001-01 752                           2     2              10    0   0    0   0
12-86-91-664918-001-01 712                           2     2              20    0   0   10   0
12-86-91-664918-001-01 722                           2     2              30    0   0   30   0
63-07-18-144919-001-01 711    240   600001  1   911112     2              80    0   0   30   0
50-74-04-804919-001-02 711     40   280001  1   21 212     2             120    0   0   40   0
31-32-27-894934-001-02 692                           2     2             120    0   0   30   0
18-03-94-104935-001-01 711     75   500001  1   91 912     2              30    0   0    0   0
18-03-94-104935-001-01 732                           2     2              30    0   0   20   0
18-03-94-104935-001-01 741     50   500001  1   21 212     2              25    0   0    0   0
18-03-94-104935-001-018511     35   240001  1   91 912     2               3    0   0    2   0
18-03-94-104935-001-018521     55   600001  1   91 912     2               2    0   0    3   0
20-59-92-394938-001-01 732                           2     2              70    0   0   30   0
49-79-07-864938-001-02 712                           2     2              10    0   0    0   0
63-25-21-504939-001-01 712                           2     2              60    0   0    0   0
63-25-21-504939-001-01 742                           2     2              50    0   0    0   0
39-26-01-864972-001-01 691     50   200001 21 2 91 912     2              15    0   0   10   0
39-26-01-864972-001-01 711     30    75001 21 2 21 212     2              50    0   0   20   0
39-26-01-864972-001-01 731    200   300001 21 2 91 912     2             200    0   0  200   0
39-26-01-864972-001-01 742                           2     2              50    0   0    0   0
39-26-01-864972-001-01 802                           2     2              50    0   0   50   0
39-26-01-864972-001-018511    100   200001 21 2 91 912     2              20    0   0    2   0
39-26-01-864972-001-018521     90   200001 21 2 91 912     2               8    0   0    2   0
30-25-28-774973-001-02 712                           2     2             100    0   0    0   0
30-25-28-774973-001-02 732                           2     2              45    0   0    0   0
97-70-48-754974-001-01 742                           2     12 3  3000     40    0   0    0   0
13-71-79-354975-001-01 392                           2     2             150    0   0    0   0
13-71-79-354975-001-01 732                           2     2              50    0   0  100   0
13-71-79-354975-001-01 742                           2     2              20    0   0    0   0
13-71-79-354975-001-01 762                           2     2             100    0   0  200   0
13-71-79-354975-001-018511    450   450001  1   91 912     2               0    0   0    0   0
15-97-26-644976-001-01 712                           2     2              60    0   0    0   0
15-97-26-644976-001-01 731    200   600001 21 2 21 212     2              50    0   0    0   0
69-14-01-644978-001-01 692                           2     2             100    0   0   50   0
69-14-01-644978-001-01 731    200   500001 21 2201 922     2             250    0   0  150   0
56-79-04-464991-001-01 712                           2     2             890    0   0   22   0
56-79-04-464991-001-01 732                           2     2           21700    0   0    0   0
56-79-04-464991-001-01 762                           2     2           30450    0   0    0   0
85-74-34-934992-001-01 712                           2     2              20    0   0    0   0
85-74-34-934992-001-01 742                           2     2             100    0   0    0   0
29-14-89-654994-001-01 692                           2     2              27    0   0    0   0
29-14-89-654994-001-01 712                           2     2              60    0   0    0   0
29-14-89-654994-001-01 732                           2     2              56    0   0    0   0
29-14-89-654994-001-01 742                           2     2               6    0   0    0   0
29-14-89-654994-001-01 752                           2     2               3    0   0    0   0
29-14-89-654994-001-01 762                           2     2              10    0   0    0   0
29-14-89-654994-001-012002                           2     2              12    0   0    0   0
22-03-21-614995-001-01 712                           2     2              16    0   0    0   0
82-93-80-804996-001-01 692                           2     2              60    0   0   30   0
82-93-80-804996-001-01 711    150   500004 74 7 91 912     2             105    0   0   45   0
82-93-80-804996-001-01 742                           2     2              40    0   0   20   0
50-23-60-365030-001-01 711    360  2400001  1   21 112     2             360    0   0    0   0
50-23-60-365030-001-01 741    700  1750001  1   91 912     2             150    0   0   50   0
89-97-94-105032-001-01 711    375  1250001  1   95 952     2             375    0   0    0   0
89-97-94-105032-001-01 722                           2     2              45    0   0    5   0
89-97-94-105032-001-01 762                           2     2              45    0   0    0   0
89-97-94-105032-001-018512                           2     2              10    0   0    0   0
25-26-48-115034-001-01 711    400    70001 21 2 91 912     2             120    0   0   80   0
25-26-48-115034-001-01 742                           2     2               5    0   0    0   0
25-26-48-115034-001-01 792                           2     2              20    0   0    0   0
25-26-48-115034-001-01 802                           2     2              15    0   0    0   0
25-26-48-115034-001-018522                           2     2              10    0   0    0   0
03-45-70-945108-001-01 742                           2     2              17    0   0    3   0
91-68-31-455184-001-01 732                           2     12 1 20000    100    0   0  100   0
91-68-31-455184-001-01 762                           2     2              50    0   0   50   0
84-26-77-425202-001-01 712                           2     2              96    0   0    0   0
84-26-77-425202-001-01 742                           2     2              45    0   0    0   0
84-21-69-365260-001-01 712                           2     2              20    0   0    0   0
84-21-69-365260-001-01 742                           2     2              30    0   0    0   0
86-02-89-525278-001-01 742                           2     2              15    0   0    0   0
03-34-75-965318-001-01 712                           2     2               6    0   0    0   0
03-34-75-965318-001-018512                           2     2               1    0   0    0   0
86-62-84-505319-001-01 712                           2     2              73    0   0   29   0
86-62-84-505319-001-01 742                           2     2              20    0   0   10   0
21-75-27-695333-001-02 712                           2     2              20    0   0    5   0
21-75-27-695333-001-02 742                           2     2               3    0   0    0   0
89-81-22-005340-001-01 712                           2     2              60    0   0   15   0
89-81-22-005340-001-01 732                           2     2              15    0   0    5   0
89-81-22-005340-001-01 762                           2     2              13    0   0    2   0
22-84-85-635375-001-01 712                           2     2              30    0   0   15   0
22-84-85-635375-001-01 742                           2     2              60    0   0   20   0
71-29-17-945397-001-01 711     70   120002  2   21 212     2             180    0   0    0   0
71-29-17-945397-001-01 741     80   665002  2   93 932     2              30    0   0   30  10
71-29-17-945397-001-01 751     20   100002  2   93 932     2              30    0   0    0   0
71-29-17-945397-001-01 762                           2     2              70    0   0   10   0
71-29-17-945397-001-012002                           2     2              10    0   0    0   0
38-02-99-865447-001-01 712                           2     2              45    0   0   31   0
38-02-99-865447-001-01 732                           2     2              65    0   0   65   0
38-02-99-865447-001-01 762                           2     2              45    0   0   40   0
47-48-66-405476-001-01 712                           2     2              70    0   0   90   0
47-48-66-405476-001-01 732                           2     2              25    0   0   30   0
47-48-66-405476-001-01 762                           2     2              20    0   0   20   0
47-48-66-405476-001-018522                           2     2               5    0   0   15   0
66-94-54-605487-001-01 712                           2     2              60    0   0   20   0
66-94-54-605487-001-01 742                           2     2              30    0   0    0   0
66-94-54-605487-001-018522                           2     2              80    0   0   40   0
12-32-78-575490-001-01 712                           2     2             120    0   0    0   0
12-32-78-575490-001-01 732                           2     2             300    0   0    0   0
12-32-78-575490-001-01 742                           2     2             100    0   0    0   0
12-32-78-575490-001-01 762                           2     2             160    0   0    0   0
73-86-17-645514-001-01 711     96  1200001  1   21 0 2     2              64    0   0    0   0
73-86-17-645514-001-01 742                           2     2              75    0   0    0   0
22-58-79-145529-001-01 712                           2     2              34    0   0    0   0
65-69-75-995529-001-03 712                           2     2              40    0   0    0   0
65-69-75-995529-001-03 742                           2     2              60    0   0   10   0
84-98-35-825544-001-02 692                           2     12 2  3000     80    0   0    0   0
84-98-35-825544-001-02 712                           2     2              16    0   0    0   0
84-98-35-825544-001-02 732                           2     2              21    0   0    9   0
84-98-35-825544-001-02 752                           2     2              30    0   0   20   0
84-98-35-825544-001-02 762                           2     11 1  1800     70    0   0   11   0
84-98-35-825544-001-02 772                           2     2              16    0   0   14   0
84-98-35-825544-001-02 792                           2     2              30    0   0   20   0
84-98-35-825544-001-02 802                           2     2              20    0   0    0   0
84-98-35-825544-001-022002                           2     2              40    0   0    0   0
81-69-84-395547-001-01 712                           2     2              60    0   0    0   0
29-20-77-815564-001-01 732                           2     2              40    0   0    0   0
29-20-77-815564-001-01 801     10    60001  1  101 412     2              20    0   0    0   0
29-20-77-815564-001-018512                           2     2               8    0   0    0   0
86-58-89-005581-001-02 712                           2     2               4    0   0    0   0
86-58-89-005581-001-02 732                           2     2             125    0   0   95   0
86-58-89-005581-001-02 742                           2     2              48    0   0    0   0
40-01-55-035584-001-01 711    240  1680001 51   21 212     2             240    0   0    0   0
52-25-64-035661-001-01 712                           2     2              40    0   0    0   0
52-25-64-035661-001-01 742                           2     2              20    0   0    0   0
99-90-90-775664-001-04 711    150  2000001 21 2 91 912     2             150    0   0    0   0
99-90-90-775664-001-04 732                           2     2             100    0   0    0   0
99-90-90-775664-001-04 742                           2     2              75    0   0    0   0
99-90-90-775664-001-04 761    100   700001 21 2 91 912     2              50    0   0    0   0
99-90-90-775664-001-048521    100   500001 21 2 91 912     2              50    0   0    0   0
94-78-24-505695-001-01 712                           2     2             140    0   0    0   0
94-78-24-505695-001-01 732                           2     2              30    0   0    0   0
94-78-24-505695-001-01 762                           2     2              40    0   0   10   0
94-78-24-505695-001-018512                           2     2              22    0   0    3   0
37-78-83-385697-001-01 732                           2     2              20    0   0    0   0
37-78-83-385697-001-01 802                           2     2              25    0   0    6   0
37-78-83-385697-001-018512                           2     2              20    0   0    5   0
17-53-58-105699-001-02 712                           2     2              32    0   0    0   0
17-53-58-105699-001-02 761    100   100002  2   92 212     2              50    0   0    0   0
17-53-58-105699-001-02 802                           2     2              25    0   0    0   0
17-53-58-105699-001-028511     45   130002  2  111 212     2               5    0   0    0   0
67-56-06-175719-001-01 732                           2     2              53    0   0  100   0
96-24-36-025739-001-01 711    390  3380001  1   51 512     2             105    0   0   45   0
96-24-36-025739-001-01 732                           2     2             130    0   0  210   0
18-79-73-945775-001-019981    180   120002  2   93 932     2               0    0   0    0   0
61-37-81-585809-001-01 711    120   600001  1   21 212     2             240    0   0    0   0
61-37-81-585809-001-01 722                           2     2              20    0   0    0   0
61-37-81-585809-001-01 731    200   800001  1  1631632     2              25    0   0   25   0
61-37-81-585809-001-018522                           2     2              10    0   0    0   0
11-39-67-375846-001-01 712                           2     2             450    0   0    0   0
11-39-67-375846-001-01 732                           2     2              80    0   0    0   0
11-39-67-375846-001-01 742                           2     2              60    0   0    0   0
11-39-67-375846-001-01 762                           2     2              60    0   0    0   0
11-39-67-375846-001-01 792                           2     2              60    0   0    0   0
42-22-06-975847-001-01 732                           2     2              90    0   0   30   0
42-22-06-975847-001-01 742                           2     2              40    0   0   35   0
42-22-06-975847-001-01 762                           2     2              15    0   0   35   0
42-22-06-975847-001-01 792                           2     2              10    0   0   26   0
42-22-06-975847-001-01 802                           2     2              25    0   0    0   0
59-35-72-905849-001-01 712                           2     2              78    0   0    0   0
59-35-72-905849-001-01 721    160   300001 21 2 91 912     2             300    0   0  120   0
59-35-72-905849-001-01 732                           2     11 1  1000     60    0   0    0   0
59-35-72-905849-001-01 742                           2     2               4    0   0    0   0
38-54-59-265850-001-01 712                           2     2              40    0   0    0   0
38-54-59-265850-001-01 722                           2     2              15    0   0    0   0
44-93-96-145851-001-01 712                           2     2             400    0   0  100   0
70-86-81-135851-001-03 702                           2     2              65    0   0    0   0
70-86-81-135851-001-03 711    104   250001 21 2 21 212     2             598    0   0    0   0
91-80-40-095851-001-04 712                           2     2             140    0   0    0   0
91-80-40-095851-001-04 742                           2     2              75    0   0    0   0
52-17-86-975851-001-09 712                           2     2              96    0   0    0   0
96-92-93-895851-001-10 712                           2     2              26    0   0    0   0
96-92-93-895851-001-10 732                           2     2             100    0   0    0   0
62-87-05-555864-001-01 712                           2     2              10    0   0    0   0
62-87-05-555864-001-01 742                           2     2               6    0   0    0   0
08-02-76-675866-001-01 711    210   750001  1   41 412     2             126    0   0    0   0
28-63-80-025870-001-01 732                           2     2            1120    0   0    0   0
28-63-80-025870-001-018521     40   400001 21 2 41 412     2               0    0   0    0   0
20-23-28-815871-001-02 732                           2     2              80    0   0   40   0
44-04-54-775872-001-01 712                           2     2              70    0   0    0   0
20-76-31-705883-001-01 731     80  1000001  1   21 212     2               0    0   0    0   0
20-76-31-705883-001-01 742                           2     2              60    0   0    0   0
20-76-31-705883-001-01 791     50   650001  1   21 212     2              30    0   0    0   0
64-76-70-495883-001-02 732                           2     2            1560    0   0    0   0
64-76-70-495883-001-02 791    420  1050001 21 2 41 412     2             180    0   0    0   0
78-86-78-615886-001-01 762                           2     2              60    0   0    0   0
40-38-66-585892-001-01 802                           2     1110  5000     15    0   0   10   0
22-22-59-955902-001-01 711     22   100001 21 2 41 412     2              44    0   0    0   0
22-22-59-955902-001-01 731    120   250001 21 2 41 912     2              30    0   0    0   0
03-84-91-665903-001-01 732                           2     2              50    0   0    0   0
67-59-94-205906-001-01 711    140   420001  1   91 912     2              50    0   0    0   0
67-59-94-205906-001-01 722                           2     2              60    0   0    0   0
67-59-94-205906-001-01 732                           2     2             200    0   0   70   0
67-59-94-205906-001-01 762                           2     2              60    0   0   30   0
25-11-43-665908-001-01 792                           2     2              30    0   0   10   0
25-11-43-665908-001-018521     36    75002  2  1621622     2              20    0   0   16   0
66-21-25-855911-001-018522                           2     2              50    0   0   25   0
57-81-79-875929-001-02 742                           2     2              80    0   0    0   0
63-22-91-285940-001-01 732                           2     2              40    0   0    0   0
63-22-91-285940-001-01 762                           2     2              15    0   0    0   0
99-00-64-745941-001-01 732                           2     11 3 10000     50    0   0    0   0
99-00-64-745941-001-01 742                           2     2              30    0   0    0   0
44-44-29-875943-001-01 732                           2     2             140    0   0    0   0
22-41-43-445945-001-01 732                           2     2             170    0   0    0   0
79-34-82-765946-001-01 732                           2     2             150    0   0  150   0
90-97-94-285960-001-022042                           2     2              12    0   0    0   0
75-97-06-905961-001-02 802                           2     2              30    0   0    0   0
75-97-06-905961-001-028522                           2     2              10    0   0    0   0
46-18-20-365962-001-012042                           2     2              10    0   0    0   0
56-30-03-125963-001-02 721    160  1400002  2  1621622     2              16    0   0   13   0
60-11-48-655965-001-01 712                           2     2              15    0   0    0   0
60-11-48-655965-001-012042                           2     2              20    0   0    0   0
77-40-44-475966-001-01 702                           2     2              10    0   0   10   0
77-40-44-475966-001-01 712                           2     2              50    0   0   20   0
77-40-44-475966-001-01 802                           2     2              10    0   0   20   0
77-40-44-475966-001-012002                           2     2              10    0   0   10   0
77-40-44-475966-001-012042                           2     2              15    0   0   10   0
05-95-47-035978-001-02 712                           2     2              30    0   0   20   0
05-95-47-035978-001-02 722                           2     2              60    0   0  180   0
05-95-47-035978-001-022042                           2     2              40    0   0  140   0
52-56-40-355980-001-01 722                           2     2              20    0   0    0   0
52-56-40-355980-001-01 832                           2     2              10    0   0    0   0
60-33-80-915984-001-01 721     80 10200001  1 21221222     2              10    0   0    6   0
59-55-57-895998-001-01 711     50   200001  1   21 212     2              40    0   0   30   0
93-05-23-975999-001-01 712                           2     2              60    0   0    0   0
93-05-23-975999-001-01 722                           2     2              50    0   0    0   0
02-23-99-716000-001-01 712                           2     2              30    0   0    0   0
64-89-37-396001-001-01 712                           2     2              50    0   0   10   0
64-89-37-396001-001-01 802                           2     2              10    0   0   10   0
13-03-41-286002-001-01 802                           2     2               3    0   0   17   0
81-54-24-306003-001-01 712                           2     2             120    0   0    0   0
81-54-24-306003-001-01 802                           2     2              20    0   0   44   0
07-48-74-586035-001-01 712                           2     2              35    0   0    0   0
07-48-74-586035-001-01 802                           2     2              10    0   0  110   0
69-16-29-086042-001-01 712                           2     2              70    0   0    0   0
69-16-29-086042-001-01 732                           2     2              60    0   0    0   0
88-88-77-016074-001-01 702                           2     2               5    0   0    0   0
88-88-77-016074-001-01 712                           2     2            3500    0   0    0   0
88-88-77-016074-001-01 732                           2     2             115    0   0    0   0
88-88-77-016074-001-01 752                           2     2              45    0   0    0   0
47-51-56-856075-001-01 711   1053  2300001 21 2 21 212     2             702    0   0    0   0
47-51-56-856075-001-01 722                           2     2              30    0   0    5   0
47-51-56-856075-001-01 742                           2     2              70    0   0    0   0
47-51-56-856075-001-01 752                           2     2              80    0   0    5   0
03-51-56-446076-001-01 712                           2     2            1296    0   0   45   0
03-51-56-446076-001-01 742                           2     2             100    0   0    0   0
03-51-56-446076-001-01 752                           2     2              15    0   0    0   0
04-11-05-776077-001-01 712                           2     2            5930    0   0  550   0
90-51-97-206078-001-01 692                           2     2              70    0   0    0   0
90-51-97-206078-001-01 712                           2     2            5520    0   0    0   0
90-51-97-206078-001-01 732                           2     2             600    0   0    0   0
90-51-97-206078-001-01 742                           2     2             125    0   0    0   0
90-51-97-206078-001-01 752                           2     2             200    0   0    0   0
90-51-97-206078-001-01 762                           2     2             480    0   0    0   0
90-51-97-206078-001-01 802                           2     2              40    0   0    0   0
90-51-97-206078-001-012002                           2     2              15    0   0    0   0
90-51-97-206078-001-018522                           2     2              50    0   0    0   0
97-93-22-896080-001-01 692                           2     2             150    0   0   50   0
97-93-22-896080-001-01 712                           2     2            2070    0   0    0   0
97-93-22-896080-001-01 732                           2     2             150    0   0    0   0
97-93-22-896080-001-01 742                           2     2              90    0   0   30   0
97-93-22-896080-001-01 762                           2     2              40    0   0   10   0
69-83-52-176081-001-01 712                           2     2             120    0   0    0   0
69-83-52-176081-001-01 732                           2     2             120    0   0   80   0
98-41-89-296092-001-01 712                           2     2            1170    0   0    0   0
98-41-89-296092-001-01 722                           2     2              35    0   0    0   0
98-41-89-296092-001-018522                           2     2              20    0   0    0   0
67-53-69-106093-001-01 712                           2     2             150    0   0    0   0
67-53-69-106093-001-01 812                           2     2               1    0   0    0   0
58-61-73-626094-001-01 711    384   720001  1   91 912     2             576    0   0    0   0
58-61-73-626094-001-01 721    400   320001  1   91 912     2             100    0   0    0   0
54-05-19-516094-001-02 711    300   850001  1   93 932     2             140    0   0    0   0
23-11-44-096095-001-01 712                           2     2             700    0   0   72   0
23-11-44-096095-001-01 721    770   880001  1  1641642     2              50    0   0   20   0
23-11-44-096095-001-01 732                           2     2             140    0   0   60   0
23-11-44-096095-001-012121      2   160001  1  1641642     2               0    0   0    0   0
67-38-97-816096-001-01 692                           2     2              12    0   0    0   0
67-38-97-816096-001-01 712                           2     2             180    0   0    0   0
67-38-97-816096-001-01 722                           2     2             200    0   0    0   0
54-69-37-596097-001-01 712                           2     2              45    0   0    0   0
54-69-37-596097-001-01 732                           2     2              20    0   0    0   0
82-38-88-876099-001-01 712                           2     2            2000    0   0  160   0
82-38-88-876099-001-01 722                           2     2           19200    0   0   90   0
82-38-88-876099-001-01 732                           2     2           31660    0   0   20   0
11-28-10-276111-001-02 712                           2     11 1  3000   1235    0   0    0   0
11-28-10-276111-001-02 721    280   200002  2   92 922     14 1  1000    270    0   0    0   0
11-28-10-276111-001-02 742                           2     2              16    0   0    0   0
32-80-84-066112-001-01 692                           2     2             255    0   0    0   0
32-80-84-066112-001-01 712                           2     2            1200    0   0    0   0
32-80-84-066112-001-01 722                           2     2             140    0   0    0   0
37-68-62-196113-001-01 711    450   900002  2   92 922     2             300    0   0    0   0
54-19-44-176114-001-01 712                           2     2            1920    0   0    0   0
11-95-77-216115-001-01 711    280   600001 21 2 41 412     2            1736    0   0    0   0
59-91-92-126116-001-01 712                           2     2             280    0   0    0   0
93-28-31-466117-001-01 711    750  1000001 21 2 91 912     2            2250    0   0    0   0
57-19-84-556118-001-01 711   1500  2500001  1   92 922     2             450    0   0    0   0
57-19-84-556118-001-01 722                           2     2              40    0   0    0   0
62-45-14-046130-001-01 712                           2     2             600    0   0    0   0
62-45-14-046130-001-01 752                           2     2            3200    0   0    0   0
65-97-14-246149-001-03 711    260   160004  4   22 222     2             480    0   0    0   0
65-97-14-246149-001-03 721    480   350004 54 5 21 212     2               0    0   0    0   0
88-99-03-546151-001-01 711    900  1800001  1   92 922     2             900    0   0    0   0
88-99-03-546151-001-01 721     50   300001  1   91 912     2              50    0   0   50   0
70-44-66-336152-001-01 711   4950 14850001 21 2 92 922     2            1440    0   0    0   0
52-66-48-206153-001-01 711    560  2240001 21 2 91 912     2             475    0   0    0   0
00-62-14-066154-001-01 711    275  1900001  1   93 932     2             100    0   0    0   0
21-27-12-896155-001-01 711     90   900001  1   41 412     2            4500    0   0    0   0
21-27-12-896155-001-01 721    300   300001  1   41 412     2             120    0   0    0   0
76-95-55-866156-001-01 712                           2     2            3101    0   0    0   0
12-92-21-926171-001-01 712                           2     2             128    0   0    0   0
47-39-58-576175-001-01 712                           2     2             165    0   0    0   0
47-39-58-576175-001-01 721    150   700002  2   92 922     2              75    0   0    0   0
31-00-34-196187-001-01 712                           2     2             225    0   0    0   0
31-00-34-196187-001-01 732                           2     2              80    0   0   20   0
31-00-34-196187-001-01 742                           2     2              50    0   0    0  50
01-26-99-776188-001-01 712                           2     2             750    0   0    0   0
01-26-99-776188-001-01 722                           2     2              67    0   0    0   0
51-98-37-196188-001-05 712                           2     2              40    0   0   50   0
51-88-82-056189-001-02 711     24    60002 32 3 91 912     2              84    0   0    0   0
61-54-05-566193-001-01 712                           2     2              75    0   0    0   0
61-54-05-566193-001-01 732                           2     2             100    0   0   40   0
79-89-89-376194-001-01 712                           2     2              20    0   0    0   0
79-89-89-376194-001-01 732                           2     2              80    0   0    0   0
37-52-14-906195-001-01 711    600  1000001 21 2 42 422     2             552    0   0    0   0
06-31-96-516206-001-01 711    900  1500001 21 2 91 912     2            2700    0   0    0   0
82-69-24-926207-001-01 712                           2     2             450    0   0    0   0
82-69-24-926207-001-01 721    200   200001  1   51 512     2              50    0   0    0   0
54-09-11-756208-001-01 711   3000  7500001  1   41 412     2            1000    0   0    0   0
99-49-58-426210-001-01 712                           2     2             360    0   0    0   0
99-49-58-426210-001-01 722                           2     2             120    0   0    0   0
99-49-58-426210-001-01 742                           2     2             120    0   0    0   0
26-39-50-186210-001-04 712                           2     2             425    0   0    0   0
12-12-01-706211-001-01 712                           2     2             225    0   0    0   0
12-12-01-706211-001-01 722                           2     2              27    0   0    0   0
34-04-89-696212-001-02 711    225   300002  2   91 912     2             150    0   0    0   0
34-04-89-696212-001-02 721    120   600002  2   92 922     2              55    0   0    0   0
34-04-89-696212-001-02 732                           2     2              43    0   0   20   0
34-04-89-696212-001-02 742                           2     2              23    0   0    0   0
33-59-62-206213-001-01 732                           2     2             160    0   0    0   0
83-63-10-666225-001-01 711     60   280002  2   31 312     2              90    0   0    0   0
95-07-03-496227-001-01 712                           2     2            2725    0 500  600   0
95-07-03-496227-001-01 732                           2     2              50    0   0    0   0
95-07-03-496227-001-01 802                           2     2              30    0   0    0   0
56-36-73-366228-001-01 711    180   600001 21 2 93 932     2             900    0   0    0   0
56-36-73-366228-001-01 722                           2     2              40    0   0   20   0
56-36-73-366228-001-01 732                           2     2              50    0   0   10   0
95-58-90-606229-001-01 711   1200  6000001  1   41 412     2             120    0   0   40   0
95-58-90-606229-001-01 721    150   700001  1   41 412     2              30    0   0   20   0
31-43-47-486232-001-02 712                           2     11 3  5000    200    0   0   24   0
42-99-08-386244-001-01 712                           2     2            1800    0   0    0   0
42-99-08-386244-001-01 722                           2     2             300    0   0    0   0
42-99-08-386244-001-01 732                           2     2             300    0   0  100   0
42-99-08-386244-001-01 742                           2     2              60    0   0    0   0
05-51-75-156245-001-01 711   6300 10500001 21 2 51 512     2            3600    0   0    0   0
05-51-75-156245-001-01 722                           2     2              40    0   0    0   0
05-51-75-156245-001-01 732                           2     2             360    0   0    0   0
05-51-75-156245-001-01 752                           2     2              30    0   0    0   0
09-68-04-756246-001-01 712                           2     2           41000    0   0  508   0
66-91-47-616247-001-01 711     40   180001 21 21611612     2            1440    0   0    8   0
66-91-47-616247-001-01 742                           2     2              30    0   0    0   0
61-92-53-506248-001-01 702                           2     2              20    0   0    0   0
61-92-53-506248-001-01 712                           2     2            3000    0   0    0   0
61-92-53-506248-001-01 722                           2     2             105    0   0    0   0
61-92-53-506248-001-01 732                           2     2              50    0   0    0   0
61-92-53-506248-001-01 742                           2     2              10    0   0    0   0
61-92-53-506248-001-01 752                           2     2               4    0   0    0   0
61-92-53-506248-001-01 802                           2     2              17    0   0    0   0
54-85-24-906249-001-01 712                           2     2           71052    0   0  300   0
54-85-24-906249-001-01 722                           2     2             200    0   0   80   0
54-85-24-906249-001-01 732                           2     2             300    0  30   60   0
54-85-24-906249-001-01 742                           2     2             500    0   0    0   0
79-54-29-986250-001-01 712                           2     2            1700    0   0 1000   0
79-54-29-986250-001-01 722                           2     2             140    0   0  100   0
79-54-29-986250-001-01 732                           2     2              60    0   0   30   0
79-54-29-986250-001-018512                           2     2              40    0   0   20   0
29-42-49-586251-001-01 711    450   900001  1   93 932     2             450    0   0  150   0
29-42-49-586251-001-01 722                           2     2             100    0   0  100   0
29-42-49-586251-001-01 732                           2     14 5 45000    100    0   0    0   0
29-42-49-586251-001-01 792                           2     2              40    0   0   20   0
42-21-30-216263-001-01 711   2160  3600001 21   91 912     2               0    0  30    0   0
42-21-30-216263-001-01 721    150   450001 21 2 91 912     2               0    0   0    0   0
42-21-30-216263-001-01 732                           2     2              75    0   0    0   0
42-21-30-216263-001-01 742                           2     2              85    0   0    0   0
42-21-30-216263-001-01 752                           2     14 2 10000     35    0   0    0   0
77-10-93-706264-001-01 712                           2     2            3600    0   0    0   0
77-10-93-706264-001-01 721    700   400001  1   21 212     2             140    0   0    0   0
77-10-93-706264-001-01 731     75   250001  1   21 212     2            2500    0   0   25   0
77-10-93-706264-001-01 752                           2     2              30    0   0    0   0
77-10-93-706264-001-01 802                           2     2            1000    0   0  560   0
77-10-93-706264-001-018522                           2     2              38    0   0    0   0
69-12-72-796264-001-03 712                           2     2           45329    0   0    0   0
58-29-18-126265-001-01 712                           2     2            2400    0   0    0   0
58-29-18-126265-001-01 732                           2     2             300    0   0    0   0
58-29-18-126265-001-01 742                           2     2              30    0   0    0   0
58-29-18-126265-001-01 802                           2     2             300    0   0    0   0
56-37-50-426266-001-01 712                           2     2             400    0   0    0   0
56-37-50-426266-001-01 722                           2     2             150    0   0   60   0
56-37-50-426266-001-01 732                           2     2              30    0   0   20   0
56-37-50-426266-001-01 742                           2     2              50    0   0   30   0
25-91-76-286267-001-01 712                           2     2            2160    0   0    0   0
82-70-52-526268-001-01 711     25    45001 21 2 41 412     2            2160    0   0    0   0
82-70-52-526268-001-01 742                           2     2               8    0   0    0   0
82-70-52-526268-001-01 752                           2     2              12    0   0    0   0
82-70-52-526268-001-018512                           2     2               1    0   0    0   0
11-88-00-956269-001-01 711   9000135000001 21 2 91 912     2           48000    0   0    0   0
11-88-00-956269-001-01 722                           2     2             600    0   0    0   0
11-88-00-956269-001-01 732                           2     2            1440    0   0    0   0
11-88-00-956269-001-01 752                           2     2               6    0   0    0   0
11-88-00-956269-001-01 802                           2     2             240    0   0    0   0
11-72-84-766270-001-01 692                           2     2              75    0   0    0   0
11-72-84-766270-001-01 711   1200  4800001  1 2 93 932     2             800    0   0  500   0
11-72-84-766270-001-01 721    200   160001  1   93 922     2             150    0   0  100   0
11-72-84-766270-001-01 732                           2     2              80    0   0   40   0
11-72-84-766270-001-01 742                           2     2              80    0   0    0   0
11-72-84-766270-001-01 752                           2     2              60    0   0    0   0
97-50-28-136301-001-02 711    360  1800003  3   22 0 2     2             260    0   0  100   0
48-73-01-386302-001-19 712                           2     2             120    0   0    0   0
48-73-01-386302-001-19 742                           2     2              70    0   0    0   0
47-56-84-866303-001-01 711    150  1200001 21 2 95 0 2     2              20    0   0   20   0
05-90-43-766304-001-01 672                           2     2             100    0   0   50   0
05-90-43-766304-001-01 712                           2     2             280    0   0   70   0
27-39-94-016307-001-01 712                           2     2             700    0   0    0   0
53-68-21-896322-001-01 712                           2     2             150    0   0    0   0
07-03-57-976325-001-01 711     20   400001 21 2 92 0 2     2              10    0   0   10   0
20-56-10-126326-001-01 712                           2     2             216    0   0    0   0
50-28-73-176358-001-01 711    120   600001 21 2 21 0 2     2             240    0   0  120   0
50-28-73-176358-001-01 732                           2     2             150    0   0  200   0
20-21-28-556364-001-01 692                           2     2              27    0   0   63   0
20-21-28-556364-001-01 711     90   600001  1   42 0 2     2              60    0   0   45   0
48-55-18-526365-001-01 711    200  2250001  1   34 0 2     2              40    0   0   10   0
18-68-55-106398-001-01 712                           2     2              80    0   0    0   0
78-20-52-646399-001-01 712                           2     2              48    0   0   12   0
43-43-72-076402-001-01 712                           2     2              20    0   0  100   0
98-79-08-966403-001-03 712                           2     2              70    0   0   50   0
98-79-08-966403-001-03 982                           2     2              10    0   0   20   0
08-84-14-216416-001-01 711    350  3500001  1   93 932     2             123    0   0   35   0
08-84-14-216416-001-01 732                           2     2             526    0   0  125   0
10-43-69-506422-001-01 732                           2     14 5100000     50    0   0    0   0
52-82-89-256454-001-04 712                           2     2             126    0   0    0   0
52-82-89-256454-001-04 742                           2     2             150    0   0    0   0
27-55-74-036455-001-01 732                           2     2             150    0   0    0   0
27-55-74-036455-001-01 762                           2     2              60    0   0    0   0
46-23-09-376456-001-01 732                           2     2              40    0   0   10   0
68-19-41-436457-001-01 712                           2     2             160    0   0    0   0
57-79-50-336459-001-01 712                           2     2             180    0   0    0   0
57-79-50-336459-001-01 732                           2     2             100    0   0    0   0
44-63-23-236461-001-01 712                           2     2             156    0   0    0   0
44-63-23-236461-001-01 732                           2     2             120    0   0    0   0
44-63-23-236461-001-01 802                           2     2              60    0   0    0   0
94-69-24-296473-001-01 732                           2     2             200    0   0    0   0
94-69-24-296473-001-012002                           2     2              50    0   0    0   0
96-57-53-186476-001-01 742                           2     2              16    0   0    0   0
75-95-85-696479-001-01 742                           2     2              43    0   0    0   0
63-18-65-676492-001-01 712                           2     2             143    0   0    0   0
63-18-65-676492-001-01 722                           2     2              40    0   0    0   0
63-18-65-676492-001-01 742                           2     2              25    0   0    0   0
63-18-65-676492-001-01 802                           2     2              35    0   0    0   0
63-18-65-676492-001-018521     37   150001  1   92 922     2              15    0   0    0   0
36-33-33-866493-001-01 712                           2     2             908    0   0   14   0
95-01-55-686496-001-01 712                           2     2              75    0   0    0   0
27-59-11-206497-001-01 711     45    60001  1 2 21 212     2              90    0   0    0   0
05-50-28-026498-001-01 712                           2     2             100    0   0    0   0
05-50-28-026498-001-01 742                           2     2              80    0   0    0   0
71-41-76-146510-001-01 712                           2     2             412    0   0    0   0
71-41-76-146510-001-01 722                           2     2              80    0   0    0   0
47-74-89-626513-001-01 712                           2     2              84    0   0    0   0
65-10-31-756519-001-01 762                           2     2              19    0   0   24   0
92-89-34-776570-001-01 712                           2     2             165    0   0    0   0
32-45-09-376586-001-01 711    468  1800002  2   41 412     2             142    0   0    0   0
70-73-71-136589-001-01 711     60   150001  1   11 412     2              30    0   0    0   0
86-71-65-266591-001-01 711   2016  5760001 21 2 41 412     2             336    0   0    0   0
92-71-85-296592-001-01 711    750  3000001  1   91 912     2            2050    0   0  200   0
62-76-44-946593-001-01 712                           2     2             425    0   0    0   0
88-82-06-536594-001-01 711     84   300001  1   21 412     2              16    0   0    0   0
96-58-46-806594-001-03 711     25   250001  1   41 412     2              75    0   0    0   0
78-28-57-686605-001-01 712                           2     2             112    0   0    0   0
78-28-57-686605-001-01 732                           2     2             120    0   0    0   0
72-27-12-346606-001-01 712                           2     2             150    0   0    0   0
08-61-87-736607-001-01 711    100   400001  1   41 412     2              60    0   0    0   0
62-43-05-956607-001-02 711     42    60001  1   41 412     2              42    0   0    0   0
49-08-77-446608-001-01 711    320   480001  1   21 212     2             160    0   0    0   0
49-08-77-446608-001-01 722                           2     2              80    0   0   40   0
78-81-71-506608-001-08 712                           2     2              42    0   0   20   0
78-81-71-506608-001-08 721     40   300001  1   92 922     2              25    0   0    0   0
78-81-71-506608-001-08 732                           2     2              40    0   0   35   0
78-81-71-506608-001-08 741     20    50001  1   41 412     2              17    0   0    0   0
71-87-57-156609-001-01 711     80   320001  1   41 412     2              40    0   0    0   0
29-94-20-906610-001-01 712                           2     2             115    0   0    0   0
44-75-42-746611-001-01 712                           2     2             225    0   0    0   0
19-89-88-006612-001-01 711     28   100001  1   91 912     2              56    0   0   28   0
19-89-88-006612-001-01 732                           2     2              29    0   0   14   0
80-62-36-736624-001-01 712                           2     2              65    0   0    0   0
80-62-36-736624-001-01 722                           2     2              43    0   0    0   0
92-45-77-356629-001-01 712                           2     2              75    0   0    0   0
70-18-79-876631-001-01 722                           2     2              20    0   0    0   0
70-18-79-876631-001-01 732                           2     2             240    0   0    0   0
02-91-95-356643-001-02 711    480  5520002  2   51 512     2          240000    0   0    0   0
16-03-32-726644-001-01 711    380  1100001  1   42 0 2     2             342    0   0   38   0
16-03-32-726644-001-01 721    150   300001  1   91 0 2     2              51    0   0   34  51
16-03-32-726644-001-01 732                           2     2             100    0   0   50   0
16-03-32-726644-001-01 802                           2     2              50    0   0   30   0
16-03-32-726644-001-012002                           2     2              20    0   0    0   0
16-03-32-726644-001-018522                           2     2              30    0   0    0   0
10-96-80-356645-001-01 711    750  2500001 21 2 91 912     2             400    0   0  350   0
10-96-80-356645-001-01 721    150   400001 21 2 91 912     2              20    0   0   30   0
75-68-77-896646-001-01 692                           2     2              30    0   0    0   0
75-68-77-896646-001-01 711    160   500001  1   91 912     2             350    0   0   90   0
75-68-77-896646-001-01 721    110   400001  1   91 912     2              30    0   0   10   0
31-39-32-156647-001-01 711    160   240001  1   21 212     2              40    0   0    0   0
31-39-32-156647-001-01 721    400   160001  1   21 212     2             100    0   0    0   0
31-39-32-156647-001-01 742                           2     2              20    0   0    0   0
69-54-89-686648-001-03 711    600  1600003  3   41 412     2             120    0   0    0   0
69-54-89-686648-001-03 721     75    90003  3   41 412     2              25    0   0    0   0
26-99-67-446649-001-01 711    150   700001  1   52 522     2             375    0   0    0   0
26-99-67-446649-001-01 721     80   200001  1   52 522     2              20    0   0    0   0
14-03-63-516650-001-01 712                           2     2             360    0   0    0   0
14-03-63-516650-001-01 721     50   300001 21 2 96 962     2              10    0   0    0   0
51-83-22-176684-001-01 731    300   600001 21 2 91 0 2     2              50    0   0   50   0
18-01-61-836700-001-01 711    480  4800001  1   52 522     2             120    0   0    0   0
18-01-61-836700-001-01 721    250  1500001  1   52 522     2              10    0   0    0   0
18-01-61-836700-001-01 732                           2     2              40    0   0    0   0
18-01-61-836700-001-01 742                           2     2              50    0   0    0   0
18-01-61-836700-001-018522                           2     2              20    0   0    0   0
23-72-91-946701-001-01 711    300  1000001 21 2 91 912     2             150    0   0  210   0
23-72-91-946701-001-01 721    900  2250001 21 2 91 912     2              50    0   0   50   0
34-13-53-966703-001-01 711     60   600001  1   41 412     2              1512000   0    0   0
26-96-01-746706-001-01 711   1300  2100001  1   91 912     2             140    0   0  160   0
26-96-01-746706-001-01 721     40   200001  1   91 912     2              20    0   0    0   0
26-96-01-746706-001-01 732                           2     2               8    0   0    2   0
26-96-01-746706-001-01 802                           2     2              10    0   0   10   0
24-14-39-626707-001-01 711   1330  2800001  1   41 0 2     2             570    0   0  380   0
24-14-39-626707-001-01 721    600  1200001  1   91 0 2     2              50    0   0   50   0
84-59-97-106720-001-01 712                           2     2             500    0   0  500   0
35-74-20-296722-001-01 711    300   600001  1   91 912     2              75    0   0  150   0
35-74-20-296722-001-01 721     60   150001  1   91 912     2              10    0   0   30   0
14-77-09-086723-001-01 711    120   360001  1  1621632     2             240    0   0    0   0
14-77-09-086723-001-01 721     30    75001  1  1631622     2              10    0   0    0   0
14-77-09-086723-001-01 742                           2     2              96    0   0    0   0
92-19-80-246724-001-02 711    300   800002  2   91 912     2             300    0   0  200   0
85-32-43-016725-001-01 711    600  2000001 21 2 21 0 2     11 9  7500    300    0   0   75   0
85-32-43-016725-001-01 722                           2     1110 15000     20    0   0   10  15
17-39-73-616726-001-01 712                           2     2             750    0   0    0   0
17-39-73-616726-001-01 722                           2     2              50    0   0    0   0
17-39-73-616726-001-01 802                           2     2              20    0   0    0   0
43-31-36-036738-001-01 711    480  1920001  1   41 412     2             480    0   0    0   0
72-04-45-836738-001-02 711    180  1440001 21 2 21 212     2             120    0   0    0   0
51-44-38-206740-001-01 711   1000  2500001  1   91 912     2             120    0   0   80   0
51-44-38-206740-001-01 721    160   400001  1   21 212     2              20    0   0   20   0
49-49-65-836741-001-01 711   1000  1000001  1   91 912     2             760    0   0  240   0
49-49-65-836741-001-01 722                           2     2             180    0   0    0   0
49-49-65-836741-001-01 732                           2     2              20    0   0    0   0
49-49-65-836741-001-01 742                           2     2              30    0   0    0   0
49-49-65-836741-001-01 802                           2     2               5    0   0    0   0
49-49-65-836741-001-012032                           2     2               5    0   0    0   0
52-82-50-466742-001-01 711    400  2000001 21 2 53 532     2             400    0   0  200   0
73-80-63-696744-001-01 711    600  1200002  2   91 0 2     2             200    0   0    0   0
70-73-79-516745-001-01 712                           2     2             500    0   0  100   0
70-73-79-516745-001-01 722                           2     15 3 20000     50    0   0   50   0
70-73-79-516745-001-01 732                           2     15 3 20000     30    0   0   20   0
70-73-79-516745-001-018522                           2     2              10    0   0    0   0
90-88-19-106778-001-01 742                           2     2               8    0   0    0   0
90-88-19-106778-001-019982                           2     2               2    0   0    0   0
01-42-95-746795-001-01 712                           2     2             500    0   0  100   0
66-84-66-136798-001-01 721    200   240001  1  1611652     2               0    0   0    0   0
66-84-66-136798-001-01 762                           2     14 0   100      0    0   0    0   0
66-84-66-136798-001-01 792                           2     14 6 12000      0    0   0    0   0
58-57-11-796799-001-01 711  10250  6500001 21 2 911112     2             200    0   0   50   0
58-57-11-796799-001-01 721   1100  4200001 21 2 91 912     2              50    0   0  100   0
58-57-11-796799-001-01 731   1720  3000001 21 2 91 912     2              30    0   0   80   0
58-57-11-796799-001-01 741     26   200001 21 2 91 912     2              10    0   0   14   0
58-57-11-796799-001-01 751     30   200001 21 2 91 912     2              10    0   0   10   0
58-57-11-796799-001-01 761    250  1500001 21 2 91 912     2              50    0   0   50   0
58-57-11-796799-001-01 791    450  2000001 21 2 91 812     2              20    0   0   20   0
58-57-11-796799-001-01 801     10   100001 21 2 91 912     2               4    0   0    0   0
58-57-11-796799-001-012032                           2     2              20    0   0    0   0
58-57-11-796799-001-018521     45  1000001 21 2 91 912     2               5    0   0    0   0
47-31-17-646800-001-01 711   1000  1000001  1   21 212     2            1000    0   0    0   0
47-31-17-646800-001-01 721     50   150001  1   21 212     2              25    0   0    0   0
47-31-17-646800-001-01 732                           2     2              35    0   0   35   0
47-31-17-646800-001-018511      6    60001  1   21 212     2               6    0   0    0   0
44-13-78-446801-001-01 711     16   130003  3   21 212     2              80    0   0    0   0
44-13-78-446801-001-01 721   2640  1250003  3   21 212     2             240    0   0    0   0
31-28-73-836802-001-01 711    200   800001  1   51 512     2             100    0   0  280   0
85-23-86-976802-001-02 712                           2     2              50    0   0    0   0
88-98-92-706819-001-01 712                           2     2             120    0   0   10   0
40-63-13-426821-001-01 712                           2     2              70    0   0    0   0
17-74-85-106835-001-01 712                           2     2              56    0   0    0   0
82-57-40-446836-001-01 712                           2     2             240    0   0  120   0
41-17-69-736838-001-01 712                           2     2             200    0   0    0   0
41-17-69-736838-001-01 732                           2     2              80    0   0   20   0
27-51-88-026840-001-01 711    180   525001 21 2 92 0 2     2             240    0   0   60   0
27-51-88-026840-001-01 732                           2     2              70    0   0   30   0
88-19-35-896841-001-02 712                           2     2             100    0   0   20   0
58-38-79-076854-001-01 712                           2     2             720    0   0    0   0
58-38-79-076854-001-01 761    200   400002  2   91 0 2     2              40    0   0    0   0
53-89-26-216856-001-01 712                           2     2              50    0   0   20   0
02-87-91-276858-001-01 711    400  3800001 21 2 92 322     2             220    0   0  100   0
02-87-91-276858-001-01 732                           2     2             150    0   0  100   0
92-39-56-706859-001-01 712                           2     2             200    0   0    0   0
56-38-85-256875-001-01 712                           2     2             180    0   0    0   0
79-80-09-616876-001-01 712                           2     2             700    0   0  700   0
67-50-49-396878-001-02 711    480  4800005  5   94 0 2     2             120    0   0    0   0
65-82-46-026890-001-01 711     10   140002  2   42 0 2     2              40    0   0    0   0
57-65-96-666892-001-01 712                           2     2              50    0   0    0   0
71-69-22-916893-001-01 712                           2     2             140    0   0    0   0
71-69-22-916893-001-01 732                           2     2             120    0   0    0   0
73-84-95-916895-001-04 711     96   800001  1   92 322     2              84    0   0   60   0
33-02-17-446899-001-01 712                           2     2              45    0   0   25   0
33-02-17-446899-001-018512                           2     2              30    0   0   20   0
25-16-88-576909-001-018512                           2     2              75    0   0   25   0
69-09-51-686910-001-01 732                           2     12 2 35000    100    0   0   80   0
38-40-83-556911-001-01 742                           2     2              28    0   0    2   0
33-10-71-266915-001-01 712                           2     2              18    0   0    0   0
33-10-71-266915-001-01 742                           2     2              35    0   0    0   0
33-10-71-266915-001-01 752                           2     2              21    0   0    0   0
56-21-00-906916-001-01 732                           2     2              18    0   0   14   0
68-33-35-376919-001-01 711     42  1000001 21 2 41 412     11 3 50000    525    0   0   40   0
68-33-35-376919-001-01 801     15   200001 21 2 41 412     11 2  5000      8    0   0    2   0
68-33-35-376919-001-018511     30   300001 21 2 41 412     2              70    0   0    5   0
01-47-28-756928-001-01 732                           2     2              50    0   0    0   0
06-76-01-176931-001-01 712                           2     2              30    0   0    0   0
06-76-01-176931-001-01 732                           2     2             150    0   0   90   0
25-70-77-906935-001-02 712                           2     2             200    0   0   50   0
63-09-67-796947-001-01 711     49   180001 21 2 92 0 2     2              95    0   0   20   0
84-45-49-736948-001-01 711    180   560001 21 22032032     2              20    0   0    0   0
84-45-49-736948-001-01 762                           2     2            1460    0   0  731   0
70-60-21-696950-001-01 712                           2     2              15    0   0    0   0
70-60-21-696950-001-01 732                           2     2               5    0   0    0   0
70-60-21-696950-001-01 742                           2     2              20    0   0   10   0
88-90-24-326951-001-01 732                           2     2             180    0   0   60   0
02-72-68-136954-001-02 761     60   200002 32 3 41 412     2              10    0   0    2   0
66-44-70-236966-001-01 732                           2     2             200    0   0  200   0
66-44-70-236966-001-01 762                           2     2              50    0   0   50   0
62-22-46-876967-001-01 712                           2     2              35    0   0    0   0
62-22-46-876967-001-01 732                           2     2              60    0   0    0   0
50-56-53-186968-001-01 712                           2     2              80    0   0    0   0
50-56-53-186968-001-01 732                           2     2             480    0   0  600   0
43-58-35-806969-001-01 692                           2     2              50    0   0    0   0
43-58-35-806969-001-01 712                           2     2              30    0   0    0   0
43-58-35-806969-001-01 732                           2     2            1500    0   0  500   0
43-58-35-806969-001-01 761     60   300001  1  1611612     2             100    0   0    0   0
43-58-35-806969-001-01 801     40   150001  1  1611612     2             100    0   0   10   0
43-58-35-806969-001-012002                           2     2              50    0   0    0   0
15-13-25-316970-001-012002                           2     2              60    0   0    0   0
60-66-83-586971-001-01 711      6    32001 21 2 21 0 2     2              18    0   0    0   0
60-66-83-586971-001-01 732                           2     2             250    0   0  400   0
60-66-83-586971-001-01 741      6    30001 21 2 21 0 2     2              24    0   0    0   0
53-85-21-066973-001-01 712                           2     2              12    0   0    4   0
99-49-91-346988-001-01 712                           1 812 11 2  5000    250    0   0   50   0
99-49-91-346988-001-01 732                           2     11 3 20000   3000    0 100  500   0
99-49-91-346988-001-01 742                           2     2              10    0   0    0   0
87-64-23-476989-001-03 711     40   200003  3 4 21 0 2     2              11    0   0    0   0
87-64-23-476989-001-03 732                           2     2             195    0   0  130   0
40-09-63-236991-001-01 731    500  1000001  1   94 942     2             200    0   0  300   0
40-09-63-236991-001-01 742                           2     2              30    0   0   10   0
94-11-91-897023-001-01 712                           2     2             156    0   0    0   0
94-11-91-897023-001-018522                           2     2              15    0   0    0   0
18-92-38-967025-001-01 711     40   200001  1   21 212     2              40    0   0    0   0
18-92-38-967025-001-01 721    260   200001  1   21 1115052 2               0    0   0    0   0
18-92-38-967025-001-01 732                           2     12 5  6000    450    0   0    0   0
53-69-30-267027-001-01 712                           2     2             120    0   0   60   0
53-69-30-267027-001-01 741     45   150001 21 2 21 212     2              80    0   0   25   0
19-85-87-437028-001-01 712                           2     2              20    0   0    0   0
45-81-24-077030-001-01 742                           2     2              20    0   0   10   0
45-81-24-077030-001-01 762                           2     2             150    0   0   70   0
45-81-24-077030-001-018522                           2     2              45    0   0   15   0
41-71-43-397043-001-01 712                           2     2             120    0   0    8   0
09-53-61-527045-001-01 711   5000 14000002  2   91 212     2            1250    0   0    03750
09-53-61-527045-001-01 732                           2     2             300    0   0  180   0
09-53-61-527045-001-01 792                           2     2              50    0   0    0   0
09-53-61-527045-001-01 802                           2     2             800    0   0  200   0
09-53-61-527045-001-018522                           2     2              50    0   0    0   0
21-93-66-057045-001-03 711    120   420002  1 2 21 0 2     2              80    0   0    0   0
21-89-88-287085-001-01 702                           2     2              30    0   0  150   0
21-89-88-287085-001-01 712                           2     2              36    0   0  144   0
73-92-63-517102-001-01 712                           2     2              60    0   0    0   0
73-92-63-517102-001-01 732                           2     2              60    0   0    0   0
73-92-63-517102-001-01 762                           2     2              80    0   0    0   0
73-92-63-517102-001-01 802                           2     2              90    0   0    0   0
73-92-63-517102-001-012032                           2     2             120    0   0    0   0
73-92-63-517102-001-018522                           2     2              30    0   0    0   0
28-64-39-027103-001-01 732                           2     2              50    0   0   50   0
28-64-39-027103-001-01 762                           2     2              50    0   0   50   0
28-64-39-027103-001-01 792                           2     2              50    0   0   50   0
28-64-39-027103-001-01 802                           2     2              25    0   0   25   0
16-14-07-747105-001-02 742                           2     2             100    0   0    0   0
06-49-50-717106-001-01 742                           2     2               8    0   0    0   0
13-96-85-807106-001-03 712                           2     2             377    0   0    0   0
29-40-20-767110-001-01 712                           2     2             100    0   0   35   0
29-40-20-767110-001-01 762                           2     2              39    0   0    0   0
29-40-20-767110-001-01 792                           2     2              43    0   0    0   0
10-98-13-237119-001-04 731    390   300001 21 2 21 212     2            5330    0   0  130   0
10-98-13-237119-001-04 742                           2     2              36    0   0    0   0
10-98-13-237119-001-04 762                           2     2              20    0   0    0   0
83-54-03-757178-001-01 802                           2     2               6    0   0    9   0
80-08-62-557179-001-01 712                           2     2              15    0   0    0   0
77-00-39-767195-001-01 712                           2     2             150    0   0    0   0
77-00-39-767195-001-01 732                           2     2             100    0   0  100   0
63-50-84-217196-001-01 712                           2     2              60    0   0    0   0
00-59-89-487198-001-01 732                           2     2              80    0   0   20   0
74-28-51-417201-001-01 721     50   300001  1   21 212     2              29    0   0    0   0
82-43-40-067214-001-01 712                           2     2             350    0   0    0   0
34-57-40-287215-001-01 711   4000  4800001  1   91 9312062 2             780    0   0    0   0
34-57-40-287215-001-01 721    100   150001 31 3 93 922     2              20    0   0    0   0
94-63-12-267217-001-01 711    315   350001  1   94 942     2             165    0   0   35   0
33-93-15-017218-001-01 711    200   300001  1 2 51 512     2               0    0   0    0   0
33-93-15-017218-001-01 812                           2     2              50    0   0    0   0
55-07-80-347219-001-01 711    650  1500001  1   91 912     2             100    0   0    0   0
55-07-80-347219-001-01 721    400  2000001  1   91 912     2             100    0   0    0   0
55-07-80-347219-001-01 732                           2     2             150    0   0  150   0
92-02-31-707220-001-01 712                           2     11 2     0    500    0   0   45   0
92-02-31-707220-001-01 722                           2     2               0    0   0    0   0
92-02-31-707220-001-01 732                           2     2             200    0   0   50   0
68-11-80-277232-001-01 811     40   480001 21 2 31 212     2              35    0   0    0   0
03-88-81-187233-001-02 712                           2     2              80    0   0   40   0
03-88-81-187233-001-02 722                           2     2              60    0   0   60   0
03-88-81-187233-001-02 802                           2     2              10    0   0    0   0
03-88-81-187233-001-02 812                           2     2              80    0   0    0   0
03-88-81-187233-001-028522                           2     2              20    0   0  130   0
50-03-21-927234-001-01 722                           2     2             100    0   0   58   0
18-17-32-427235-001-01 712                           2     2             140    0   0   15   0
12-90-93-317237-001-01 712                           2     2              60    0   0    0   0
12-90-93-317237-001-01 802                           2     2              30    0   0    0   0
12-90-93-317237-001-01 812                           2     2              30    0   0    0   0
41-63-57-787238-001-01 712                           11062 2             250    0   0  100   0
41-63-57-787238-001-01 722                           2     2              30    0   0   10   0
66-77-07-597252-001-01 711    600   60000121121 11 112     2             800    0   0  100   0
66-77-07-597252-001-01 721     84    20001  1   11 112     2              40    0   0   16   0
35-55-15-717252-001-09 712                           2     2              20    0   0   10   0
00-28-92-717252-001-13 732                           2     2              40    0   0  110   0
23-03-77-967253-001-01 711    315  1050001 21 21631632     2             180    0   0   90   0
23-03-77-967253-001-01 721    274   390001 21 21631632     2              84    0   0   42   0
23-03-77-967253-001-01 802                           2     2              80    0   0   20   0
89-93-63-097254-001-02 712                           2     2             350    0   0   50   0
89-93-63-097254-001-02 721    240   700002  2   93 932     2              80    0   0    0   0
89-93-63-097254-001-02 732                           2     2             300    0   0    0   0
52-66-54-877255-001-02 722                           2     2              40    0   0    0   0
52-66-54-877255-001-02 732                           2     2              60    0   0   40   0
27-28-31-487256-001-01 711    150   300001 21 2 91 912     2             150    0   0    0   0
27-28-31-487256-001-01 721     20    25002  2   91 912     2              20    0   0    0   0
27-28-31-487256-001-01 732                           2     2             200    0   0  200   0
27-28-31-487256-001-01 802                           2     2              10    0   0    0   0
15-61-79-537257-001-01 711    200   800002 52   91 912     2             100    0   0   40   0
15-61-79-537257-001-01 721    500  1200001 21 2 91 912     2              80    0   0   20   0
15-61-79-537257-001-01 732                           2     2              80    0   0   20   0
15-61-79-537257-001-01 802                           2     2              35    0   0    5   0
15-61-79-537257-001-018521     80   120001 21 2 91 912     2              15    0   0    5   0
44-61-66-317257-001-03 722                           2     2              10    0   0   30   0
49-28-25-587258-001-01 702                           2     2             100    0   0   20   0
49-28-25-587258-001-01 721    230   170001  1   93 942     2             190    0   0   30   0
49-28-25-587258-001-01 732                           2     2             520    0   0  120   0
83-24-43-627273-001-01 732                           2     2              25    0   0   25   0
83-24-43-627273-001-01 742                           2     2              90    0   0   10   0
83-24-43-627273-001-012001     20    50005 65 6 21 212     2              20    0   0   10   0
70-90-36-857277-001-01 742                           2     2             120    0   0    0   0
17-11-43-977313-001-01 712                           2     2             200    0   0   50   0
42-92-22-907327-001-01 712                           2     2             420    0   0   60   0
42-92-22-907327-001-01 762                           2     2              50    0   0   30   0
42-14-14-817333-001-01 712                           2     2              96    0   0    0   0
42-14-14-817333-001-01 742                           2     2              25    0   0   10   0
91-08-30-357338-001-01 712                           2     2              96    0   0   24   0
30-25-85-657346-001-01 712                           2     2             120    0   0    0   0
30-25-85-657346-001-01 742                           2     2              20    0   0   10   0
34-59-88-067357-001-01 711     84   980001  1   21 212     2             156    0   0   24   0
34-59-88-067357-001-01 721     30   500001  1   24 242     2               0    0   0    0   0
34-59-88-067357-001-01 732                           2     2              25    0   0   35   0
34-59-88-067357-001-01 742                           2     2               3    0   0    0   0
34-59-88-067357-001-01 762                           2     2              45    0   0   15   0
34-59-88-067357-001-018512                           2     2               3    0   0    2   0
11-89-03-917366-001-01 711    225   450001  1   91 0 2     2              75    0   0    0   0
11-89-03-917366-001-01 991    300  3000001  1   91 0 2     2               0    0   0    0   0
20-57-15-037367-001-01 741     10   100002  2   94 942     2               0    0   0    0   0
35-07-68-117368-001-01 712                           2     2             180    0   0   60   0
35-07-68-117368-001-01 992                           2     2              20    0   0   15   0
10-69-14-067370-001-01 711     80   900001  1   45 0 2     2              20    0   0    0   0
10-69-14-067370-001-01 761    180  1200001  1   45 0 2     2              10    0   0   10   0
20-59-60-327371-001-01 711    750  1500001  1   93 0 2     2             100    0   0   50   0
20-59-60-327371-001-01 991   1000  8000001  1   92 0 2     2               0    0   0    0   0
45-12-70-007463-001-07 732                           2     2              50    0   0  150   0
45-12-70-007463-001-078511    200  1600001  1   43 432     2              25    0   0   25   0
93-40-14-107465-001-01 712                           2     2              84    0   0    0   0
87-10-26-467559-001-01 712                           2     2              30    0   0    0   0
98-74-97-827616-001-01 711     50   500001  1   31 0 2     2              60   40   0    0   0
72-11-98-017650-001-01 712                           2     2              90    0   0   38   0
72-11-98-017650-001-01 732                           2     2              70    0   0   14   0
05-80-88-367652-001-01 711    300   520001  1   33 0 2     2               0    0   0    0   0
62-17-78-367653-001-01 712                           2     2              20    0   0    5   0
62-17-78-367653-001-01 732                           2     2              40    0   0   10   0
62-17-78-367653-001-01 772                           2     2              10    0   0   10   0
62-17-78-367653-001-01 802                           2     2               8    0   0    0   0
38-38-42-787655-001-01 692                           2     2              70    0   0   50   0
38-38-42-787655-001-01 711    150   750001 21 2 31 212     2             120    0   0   50   0
38-38-42-787655-001-01 722                           2     2              17    0   0    3   0
38-38-42-787655-001-01 732                           2     2              80    0   0   90   0
38-38-42-787655-001-012032                           2     2              10    0   0   10   0
38-38-42-787655-001-018522                           2     2              20    0   0   10   0
68-19-91-607656-001-01 712                           2     2              60    0   0    0   0
64-69-57-407657-001-01 711    270  1350001  1   91 912     2              54    0   0    0   0
64-69-57-407657-001-01 731    400  1500001  1   91 912     2             200    0   0    0   0
64-69-57-407657-001-01 762                           2     2             600    0   0  300   0
64-69-57-407657-001-018522                           2     2             100    0   0    0   0
17-20-31-197657-001-03 711      7    60001  1   21 0 2     2              14    0   0    0   0
17-20-31-197657-001-03 742                           2     2               2    0   0    1   0
48-48-39-867674-001-01 712                           2     2              60    0   0    0   0
48-48-39-867674-001-01 722                           2     2              50    0   0   50   0
48-48-39-867674-001-01 732                           2     2              50    0   0  150   0
48-25-81-237688-001-01 712                           2     2              15    0   0    0   0
48-25-81-237688-001-01 732                           2     2             200    0   0    0   0
48-25-81-237688-001-01 802                           2     2              30    0   0    0   0
73-28-16-657692-001-01 711   1200  6000001  1   92 922     2             300    0   0    0   0
73-28-16-657692-001-01 732                           2     2             400    0   0  600   0
73-28-16-657692-001-01 742                           2     2             100    0   0   50   0
73-28-16-657692-001-012002                           2     2              40    0   0   10   0
59-61-20-397693-001-01 712                           2     2              25    0   0    0   0
59-61-20-397693-001-01 732                           2     2              75    0   0   25   0
59-61-20-397693-001-01 742                           2     2              20    0   0    0   0
48-86-67-227695-001-01 712                           2     2              80    0   0    0   0
48-86-67-227695-001-01 732                           2     2             350    0   0    0   0
43-93-30-837709-001-01 702                           2     2             100    0   0  100   0
43-93-30-837709-001-01 711    100  1000001  1   31 312     2             250    0   0   50   0
43-93-30-837709-001-01 722                           2     2             100    0   0  150   0
43-93-30-837709-001-01 732                           2     2             150    0   0  150   0
43-93-30-837709-001-01 741    200  1200001  1   31 312     2             100    0   0  100   0
43-93-30-837709-001-01 761    150   700001  1   31 312     2             150    0   0  100   0
43-93-30-837709-001-01 792                           2     2             150    0   0  100   0
43-93-30-837709-001-01 802                           2     2              50    0   0  100   0
43-93-30-837709-001-018521    150  1100001  1   91 312     2              60    0   0   40   0
43-93-30-837709-001-019982                           2     2              60    0   0   40   0
08-11-59-497711-001-01 712                           2     2             150    0   0   50   0
67-88-22-187712-001-01 692                           2     2             200    0   0   50   0
67-88-22-187712-001-01 732                           2     2              15    0   0    0   0
67-88-22-187712-001-018522                           2     2              35    0   0    0   0
15-42-73-607728-001-01 712                           2     2              14    0   0    0   0
94-29-07-237733-001-01 802                           2     2              15    0   0    5   0
81-04-14-297751-001-01 702                           2     2              23    0   0   13   0
11-76-93-907771-001-01 732                           2     2             120    0   0   60   0
64-51-13-877784-001-01 692                           2     2             100    0   0  100   0
64-51-13-877784-001-01 732                           2     2             150    0   0    0   0
64-51-13-877784-001-01 761 150000   300001 21 21611612     2             150    0   0    0   0
37-79-76-007789-001-022002                           2     2              50    0   0    0   0
16-12-93-027790-001-02 732                           2     2             130    0   0   20   0
16-12-93-027790-001-02 762                           2     2              45    0   0    0   0
40-64-10-347802-001-01 712                           2     2             125    0   0   35   0
40-64-10-347802-001-01 742                           2     2              50    0   0   15   0
40-64-10-347802-001-01 762                           2     2             125    0  55    0   0
40-64-10-347802-001-01 772                           2     2              80    0   0  120   0
40-64-10-347802-001-01 791    300  1500001 21 2 91 912     2             200    0   0   60   0
17-90-17-267804-001-01 762                           2     2              20    0   0    0   0
60-23-57-077805-001-01 712                           2     2             180    0   0   20   0
95-48-94-617808-001-01 712                           2     2               5    0   0    0   0
95-48-94-617808-001-01 742                           2     2              80    0   0   20   0
95-48-94-617808-001-01 752                           2     2              20    0   0    5   0
16-78-00-157809-001-01 702                           2     2              18    0   0   11   0
16-78-00-157809-001-01 712                           2     2             220    0   0   21   0
16-78-00-157809-001-01 732                           2     2              33    0   0   16   0
16-78-00-157809-001-01 742                           2     2              52    0   0   12   0
16-78-00-157809-001-01 752                           2     2              21    0   0    0   0
16-78-00-157809-001-01 762                           2     2             124    0   0   23   0
16-78-00-157809-001-018522                           2     2               2    0   0    2   0
16-78-00-157809-001-019982                           2     2              10    0   0    2   0
33-34-92-887811-001-01 742                           2     2              40    1   0   20   0
74-19-50-757821-001-01 761    135   360001  1   92 0 2     2              40    0   0   28   0
16-78-25-517822-001-01 391     17   400001  1   92 0 2     2               3    0   0    1   0
16-78-25-517822-001-01 712                           2     2             195    0   0   43   0
16-78-25-517822-001-01 732                           2     2              35    0   0   17   0
16-78-25-517822-001-01 762                           2     2               8    0   0    3   0
16-78-25-517822-001-019982                           2     2              10    0   0    2   0
32-99-12-857823-001-01 732                           2     1110 10000     90    0   0    0   0
95-78-69-017823-001-02 712                           2     11 2 20000     80    0   0   30   0
63-30-99-247824-001-01 732                           2     11 2 10000    110    0   0   30   0
63-30-99-247824-001-01 762                           2     11 3  5000     50    0   0   30   0
26-83-07-887825-001-01 702                           2     2              10    0   0    0   0
26-83-07-887825-001-01 711     40   250001 21 2 91 912     2              20    0   0    0   0
19-13-36-447826-001-02 392                           2     2              90    0   0    0   0
19-13-36-447826-001-02 712                           2     2              33    0   0    0   0
19-13-36-447826-001-02 732                           2     2             150    0   0    0   0
11-01-62-717826-001-04 692                           2     2              60    0   0   40   0
11-01-62-717826-001-04 712                           2     2              60    0   0   20   0
11-01-62-717826-001-04 732                           2     2              40    0   0   10   0
11-01-62-717826-001-04 742                           2     2              40    0   0   15   0
11-01-62-717826-001-04 761    400  1200001 21 2 91 912     2              40    0   0   30   0
19-76-47-957827-001-01 392                           2     11 3 10000    120    0   0   20   0
18-60-12-927827-001-02 762                           2     2             200    0   0    0   0
17-99-40-217840-001-01 762                           2     2              10    0   0    0   0
49-58-44-747841-001-01 702                           2     2               8    0   0    2   0
49-58-44-747841-001-01 732                           2     11 2  2000    500    0   0  200   0
49-58-44-747841-001-01 762                           2     11 3 10000    400    0   0  100   0
29-74-60-147842-001-01 712                           2     2              30    0   0    0   0
29-74-60-147842-001-01 732                           2     2             120    0   0   86   0
29-74-60-147842-001-01 762                           2     2               5    0   0    0   0
63-73-59-667842-001-03 712                           2     2              20    0   0    0   0
63-73-59-667842-001-03 742                           2     2              20    0   0   10   0
56-26-44-997845-001-01 712                           2     2              20    0   0    0   0
56-26-44-997845-001-01 752                           2     2               1    0   0    0   0
21-16-08-167846-001-01 712                           2     2              40    0   0    0   0
21-16-08-167846-001-01 732                           2     2             180    0   0   20   0
21-16-08-167846-001-01 742                           2     2              12    0   0    3   0
13-86-84-697859-001-01 732                           2     2              30    0   0    0   0
70-91-07-557860-001-01 712                           2     2              21    0   0    0   0
70-91-07-557860-001-01 762                           2     2             270    0   0  120   0
70-91-07-557860-001-018512                           2     2               9    0   0    8   0
70-91-07-557860-001-018522                           2     2               4    0   0    4   0
07-61-69-657862-001-01 712                           2     2             100    0   0   50   0
07-61-69-657862-001-01 762                           2     12 2 20000    100    0   0   80   0
07-61-69-657862-001-01 792                           2     2              60    0   0   40   0
08-24-51-297863-001-01 712                           2     2              22    0   0    0   0
08-24-51-297863-001-01 732                           2     2              20    0   0    0   0
08-24-51-297863-001-01 742                           2     2              20    0   0    0   0
08-24-51-297863-001-01 752                           2     2               3    0   0    0   0
03-51-23-507865-001-01 712                           2     2             120    0   0    0   0
88-88-83-397866-001-04 742                           2     2               8    0   0    2   0
84-90-25-347897-001-01 712                           2     11 2  2000     15    0   0    5   0
84-90-25-347897-001-01 732                           2     11 1  5000    120    0   0   60   0
84-90-25-347897-001-012002                           2     11 3  2000     80    0   0   20   0
34-13-06-647899-001-01 712                           2     2              50    0   0    0   0
34-13-06-647899-001-01 732                           2     2             200    0   0    0   0
52-33-12-157900-001-01 712                           2     2              10    0   0    0   0
52-33-12-157900-001-01 732                           2     2             200    0   0  100   0
52-33-12-157900-001-012002                           2     2              40    0   0    1   0
62-09-95-837902-001-02 712                           2     2              52    0   0   10   0
62-09-95-837902-001-02 732                           2     2              24    0   0    6   0
62-09-95-837902-001-02 762                           2     2              20    0   0    3   0
23-91-99-717903-001-01 732                           2     12 1  5000     35    0   0   13   0
23-91-99-717903-001-01 802                           2     12 1  2500     29    0   0    0   0
87-80-72-977904-001-01 712                           2     14 1  2000     20    0   0    5   0
87-80-72-977904-001-01 732                           2     11 3  5000   2200    0   0  500   0
87-80-72-977904-001-01 802                           2     14 2  2000    500    0   0   80   0
87-80-72-977904-001-012002                           2     2             200    0   0   40   0
90-68-95-747916-001-01 711     20    70001  1   91 212     2              20    0   0    0   0
90-68-95-747916-001-01 732                           2     2              80    0   0    0   0
90-68-95-747916-001-01 752                           2     2              60    0   0   20   0
95-68-45-617917-001-01 712                           2     2              80    0   0   40   0
95-68-45-617917-001-01 722                           2     2              60    0   0   20   0
95-68-45-617917-001-01 742                           2     2              40    0   0   20   0
95-68-45-617917-001-01 762                           2     2             160    0   0   40   0
95-68-45-617917-001-018522                           2     2              40    0   0   20   0
80-27-00-227918-001-01 712                           2     2              66    0   0    0   0
80-27-00-227918-001-01 722                           2     2              60    0   0    0   0
80-27-00-227918-001-01 732                           2     2             676    0   0    0   0
80-27-00-227918-001-01 762                           2     2              52    0   0    0   0
80-27-00-227918-001-018522                           2     2              52    0   0    0   0
19-89-44-487919-001-01 722                           2     2              70    0   0    5   0
19-89-44-487919-001-01 742                           2     11 2  3000     50    0   0    0   0
71-33-08-657919-001-11 742                           2     2              70    0   0   10   0
71-33-08-657919-001-118522                           2     2             100    0   0    0   0
52-72-30-637920-001-01 722                           2     2              30    0   0    0   0
52-72-30-637920-001-01 732                           2     2             160    0   0   20   0
52-72-30-637920-001-01 761    260    90001 41 41611612     2              40    0   0   10   0
52-72-30-637920-001-01 791     50    30001 41 41611622     2              30    0   0    0   0
53-96-23-777921-001-01 712                           2     2              82    0   0    0   0
53-96-23-777921-001-01 722                           2     2              30    0   0    0   0
53-96-23-777921-001-01 761   3300  4500001  1  1631632     2             120    0   0   80   0
53-96-23-777921-001-018522                           2     2              30    0   0   10   0
32-16-83-617921-001-04 712                           2     2             160    0   0    0   0
45-53-14-167922-001-01 732                           2     11 5  5000     15    0   0    5   0
45-53-14-167922-001-01 762                           2     11 8 10000      7    0   0    2   0
45-53-14-167922-001-012032                           2     2               1    0   0    2   0
45-53-14-167922-001-018522                           2     2               2    0   0    0   0
43-53-42-887923-001-01 711    100   700001  1   41 412     2              60    0   0    0   0
43-53-42-887923-001-01 722                           2     2              40    0   0    0   0
43-53-42-887923-001-01 732                           2     2              30    0   0    0   0
43-53-42-887923-001-01 742                           2     2              20    0   0    0   0
43-53-42-887923-001-01 761    400   800001  1  1621622     2             100    0   0   30   0
43-53-42-887923-001-01 791     80   200001  1  1621622     2              20    0   0    0   0
43-53-42-887923-001-01 802                           2     2              15    0   0    0   0
43-53-42-887923-001-018522                           2     2              40    0   0    0   0
17-46-58-997935-001-01 732                           2     2              50    0   0    0   0
74-23-11-257935-001-07 742                           2     2              15    0   0    0   0
74-23-11-257935-001-072032                           2     2              25    0   0   60   0
11-86-72-637937-001-06 742                           2     2             240    0   0    0   0
47-29-29-057938-001-01 732                           2     2             200    0   0  120   0
82-22-68-187939-001-03 732                           2     2              15    0   0    0   0
60-83-88-297942-001-01 732                           2     2             420    0   0    0   0
60-83-88-297942-001-019982                           2     14 4 30000     40    0   0    0   0
85-82-39-187942-001-099982                           2     2              20    0   0    0   0
11-11-82-257958-001-01 732                           2     2             100    0   0   30   0
11-11-82-257958-001-01 762                           2     2              50    0   0   20   0
66-05-47-957977-001-012002                           2     2              12    0   0    0   0
61-85-33-747978-001-01 741     30   300001 21 2 21 212     2              20    0   0    0   0
33-39-81-337980-001-01 732                           2     2              23    0   0    0   0
33-39-81-337980-001-01 742                           2     2               9    0   0    0   0
39-16-24-827995-001-01 732                           2     2             200    0   0  250   0
39-16-24-827995-001-01 742                           2     2              40    0   0   40   0
39-16-24-827995-001-01 762                           2     2              80    0   0   60   0
39-16-24-827995-001-012002                           2     2              15    0   0   20   0
39-16-24-827995-001-019982                           2     2              20    0   0   30   0
31-14-12-167998-001-01 702                           2     2              18    0   0    0   0
31-14-12-167998-001-01 762                           2     2              40    0   0    0   0
31-14-12-167998-001-01 802                           2     2              35    0   0    0   0
31-14-12-167998-001-018522                           2     2             100    0   0   10   0
38-93-28-418011-001-01 712                           2     2              45    0   0    0   0
38-93-28-418011-001-01 742                           2     2            7200    0   0    0   0
59-42-79-328068-001-02 711     44    60002  2   21 212     2              66    0   0    0   0
59-42-79-328068-001-02 732                           2     2             560    0   0    0   0
08-10-16-648068-001-04 732                           2     11 2  5000    110    0   0   10   0
08-10-16-648068-001-04 742                           2     11 2  5000     90    0   0   10   0
62-39-49-908070-001-01 742                           2     2              50    0   0    0   0
99-94-65-538071-001-01 732                           2     2             500    0   0    0   0
99-94-65-538071-001-019982                           2     2              60    0   0    0   0
39-63-64-448073-001-01 732                           2     2             200    0   0   50   0
86-24-47-948074-001-01 732                           2     2             300    0   0    0   0
86-24-47-948074-001-019982                           2     2              60    0   0    0   0
29-04-37-378076-001-02 732                           2     2             150    0   0   50   0
78-51-37-438087-001-01 712                           2     2               5    0   0    0   0
78-51-37-438087-001-01 732                           2     2              50    0   0    0   0
96-28-87-018089-001-01 712                           2     2              12    0   0    0   0
41-20-70-698090-001-01 732                           2     2             561    0   0    0   0
82-22-36-588091-001-01 732                           2     2             300    0   0  100   0
08-11-10-008092-001-01 732                           2     2             218    0   0   22   0
30-34-74-238093-001-01 732                           2     2              20    0   0    0   0
21-68-14-268106-001-02 712                           2     2              60    0   0    0   0
21-68-14-268106-001-02 802                           2     2              50    0   0  100   0
58-04-46-168107-001-01 722                           2     2              50    0   0   10   0
04-52-77-928109-001-02 712                           2     2              65    0   0    0   0
04-52-77-928109-001-02 762                           2     2              15    0   0    5   0
08-91-66-168110-001-01 802                           2     2              57    0   0   23   0
08-91-66-168110-001-012002                           2     2              50    0   0   15   0
91-73-79-238112-001-01 712                           2     2              40    0   0   10   0
91-73-79-238112-001-019982                           2     2               5    0   0    5   0
80-61-59-888113-001-01 712                           2     2             180    0   0    0   0
65-27-64-638130-001-01 712                           2     2              45    0   0    0   0
68-70-95-158164-001-01 712                           2     2              40    0   0    0   0
68-70-95-158164-001-01 732                           2     2             180    0   0   60   0
06-57-77-898167-001-01 692                           2     2              35    0   0   10   0
06-57-77-898167-001-01 742                           2     2              40    0   0   10   0
16-85-18-498169-001-01 712                           2     2             300    0   0    0   0
16-85-18-498169-001-01 732                           2     2             150    0   0    0   0
16-85-18-498169-001-01 742                           2     2               0    0   0    0   0
19-34-58-488170-001-01 692                           2     2              35    0   0   15   0
19-34-58-488170-001-01 712                           2     2              30    0   0    0   0
19-34-58-488170-001-01 732                           2     2             200    0   0  280   0
19-34-58-488170-001-012002                           2     2              60    0   0   30   0
23-92-25-818170-001-02 692                           2     2               8    0   0    4   0
23-92-25-818170-001-02 792                           2     2              13    0   0    5   0
23-92-25-818170-001-02 802                           2     2              30    0   0   20   0
23-92-25-818170-001-022002                           2     2              18    0   0    7   0
73-73-81-468173-001-01 732                           2     2             150    0   0   50   0
81-59-25-118182-001-01 732                           2     2              20    0   0   10   0
81-59-25-118182-001-01 742                           2     2              60    0   0    0   0
85-45-40-368182-001-02 711     40    80001  1   91 912     2              30    0   0   10   0
85-45-40-368182-001-02 731    200   300001  1   91 912     2              50    0   0   70   0
85-45-40-368182-001-02 741     30    30001  1   91 912     2              15    0   0   15   0
11-04-95-978183-001-01 732                           2     11 2  4000     40    0   0    0   0
55-00-80-558184-001-01 692                           2     11 3 35000     40    0   0   15   0
55-00-80-558184-001-01 712                           2     2              20    0   0    0   0
55-00-80-558184-001-01 732                           2     2              15    0   0   10   0
55-00-80-558184-001-01 802                           2     2               4    0   0    1   0
55-00-80-558184-001-012032                           2     2               7    0   0    3   0
55-00-80-558184-001-018512                           2     2               2    0   0    2   0
55-00-80-558184-001-018522                           2     2               2    0   0    1   0
08-21-18-738185-001-01 711     15    25002  2   21 212     2              35    0   0    5   0
08-21-18-738185-001-01 731     60   200002  2   21 212     2              30    0   0   10   0
08-21-18-738185-001-01 761     20    50002  2   22 232     2              20    0   0    0   0
08-21-18-738185-001-01 792                           2     2              20    0   0    0   0
08-21-18-738185-001-018512                           2     2               1    0   0    0   0
64-14-59-038186-001-01 692                           2     2             100    0   0  112   0
64-14-59-038186-001-01 712                           2     2             130    0   0    0   0
83-98-37-268187-001-01 711    195   750001  1   93 932     2               0    0   0    0   0
37-12-34-368188-001-01 712                           2     2             200    0   0   40   0
37-12-34-368188-001-01 731    100   100001 21 2 41 0 2     2             210    0   0   90   0
37-12-34-368188-001-01 751    200   200001 21 2 41 0 2     2             100    0   0    0   0
68-96-28-518189-001-01 712                           2     2              60    0   0    0   0
68-96-28-518189-001-01 742                           2     2              10    0   0   20   0
68-96-28-518189-001-018511     15    60001 21   31 0 2     2               2    0   0    3   0
63-99-79-448204-001-01 712                           2     2              40    0   0    0   0
63-99-79-448204-001-01 982                           2     2              30    0   0   20   0
69-37-83-888205-001-01 762                           2     2             320    0   0  240   0
75-64-92-778206-001-01 712                           2     2             174    0   0    0   0
75-64-92-778206-001-01 742                           2     2              60    0   0    0   0
75-64-92-778206-001-01 762                           2     2             165    0   0    0   0
37-84-33-458213-001-01 712                           2     2              30    0   0    0   0
37-84-33-458213-001-01 732                           2     2              10    0   0    5   0
07-12-36-518221-001-01 712                           2     2              75    0   0    0   0
07-12-36-518221-001-01 842                           2     2              20    0   0    0   0
19-84-40-428227-001-01 712                           2     2             300    0   0   60   0
19-84-40-428227-001-01 742                           2     2             126    0   0    0   0
04-37-85-438240-001-01 732                           2     2             100    0   0  100   0
45-06-93-918242-001-01 712                           2     2              50    0   0    0   0
45-06-93-918242-001-01 731     30    90001  1   41 412     2              30    0   0   15   0
69-24-30-068246-001-01 712                           2     2            1256    0   0    0   0
69-24-30-068246-001-01 732                           2     2             869    0   0  156   0
69-24-30-068246-001-01 742                           2     2             326    0   0    0   0
69-24-30-068246-001-01 802                           2     2             156    0   0    0   0
69-24-30-068246-001-018522                           2     2             176    0   0  256   0
33-13-26-348258-001-01 732                           2     2              19    0   0    6   0
33-13-26-348258-001-01 761    222   360001 21 2 91 0 2     2             111    0   0   37   0
52-96-30-548259-001-01 712                           2     2              20    0   0    8   0
52-96-30-548259-001-01 732                           2     2              12    0   0    3   0
52-96-30-548259-001-01 742                           2     2              80    0   0    5   0
40-28-81-738261-001-01 762                           2     2             100    0   0    0   0
27-65-92-718262-001-01 732                           2     11 1 30000    200    0   0   50   0
49-43-73-788267-001-01 761     20    80001  1  1611612     2              50    0   0   30   0
45-39-10-248277-001-01 732                           2     2             100    0   0  140   0
24-46-42-268281-001-01 712                           2     2              45    0   0    0   0
24-46-42-268281-001-01 732                           2     12 1  1000    104    0   0    0   0
76-84-55-628282-001-01 712                           2     2             150    0   0    0   0
97-06-33-258282-001-03 732                           2     2              60    0   0   40   0
36-66-06-018283-001-02 731    800  3200003  3   95 952     14 1 40000    100    0   0    0   0
25-22-50-958284-001-01 712                           2     2              25    0   0    5   0
25-22-50-958284-001-01 731    200   600001  1   91 912     11 4  5000    200    0   0   40   0
95-10-97-388285-001-01 732                           2     2              60    0   0   40   0
30-91-33-948299-001-01 712                           2     2              60    0   0    0   0
30-91-33-948299-001-01 722                           2     2             120    0   0   80   0
94-59-16-398315-001-01 702                           2     2              20    0   0   11   0
94-59-16-398315-001-01 732                           2     2              99    0   0   20   0
94-59-16-398315-001-01 742                           2     2              26    0   0   12   0
29-73-67-928317-001-01 711     20   150001  1   43 0 2     2              10    0   0    0   0
29-73-67-928317-001-01 721    100  1600001  1   43 0 2     2               0    0   0    0   0
29-73-67-928317-001-018521     10   100001  1   43 0 2     2               0    0   0    0   0
19-74-83-658320-001-01 732                           2     11 3  6000    192    0   0    0   0
57-94-17-988321-001-03 722                           2     2              70    0   0   30   0
57-94-17-988321-001-03 732                           2     2              50    0   0   30   0
99-80-42-778334-001-01 802                           2     2              25    0   0   10   0
06-62-00-958337-001-01 732                           2     14 2 10000     95    0   0    0   0
11-35-47-338339-001-01 712                           2     2              70    0   0    0   0
11-35-47-338339-001-01 732                           2     2              20    0   0    0   0
49-43-24-278340-001-01 712                           2     2             166    0   0    0   0
49-43-24-278340-001-01 732                           2     2              30    0   0   10   0
07-03-03-328341-001-01 732                           2     11 4 10000   1660    0   0  150   0
02-43-32-068376-001-01 712                           2     2              50    0   0    0   0
02-43-32-068376-001-01 732                           2     2             360    0   0    0   0
37-71-21-508377-001-01 762                           2     11 1  4000    140    0   0    0   0
37-71-21-508377-001-01 792                           2     2             140    0   0    0   0
90-31-32-298377-001-03 732                           2     12 3 30000    300    0   0    0   0
42-29-84-548378-001-01 732                           2     2             100    0   0   30   0
42-29-84-548378-001-01 742                           2     2              85    0   0    0   0
86-36-77-818379-001-01 732                           2     2             120    0   0   80   0
30-99-27-278393-001-01 732                           2     2             108    0   0    0   0
30-99-27-278393-001-01 742                           2     2             100    0   0  100   0
02-89-25-528395-001-01 732                           2     2             170    0   0   40   0
02-89-25-528395-001-01 742                           2     2              24    0   0    8   0
42-07-57-408414-001-03 732                           2     2             200    0   0  100   0
42-07-57-408414-001-03 742                           2     2              40    0   0    0   0
68-36-25-838429-001-01 732                           2     2             520    0   0    0   0
88-30-56-528430-001-02 732                           2     2            1400    0   0    0   0
88-30-56-528430-001-02 742                           2     2             100    0   0    0   0
88-30-56-528430-001-029982                           2     2              60    0   0    0   0
54-84-39-338434-001-01 712                           2     2              75    0   0    0   0
54-84-39-338434-001-01 732                           2     2             200    0   0   80   0
09-35-15-018435-001-01 712                           2     2              70    0   0   50   0
09-35-15-018435-001-01 732                           2     2              10    0   0    0   0
85-90-69-268448-001-05 732                           2     2             175    0   0    0   0
59-10-88-398450-001-01 742                           2     2              50    0   0    0   0
17-48-94-578451-001-02 732                           2     11 1 30000    600    0   0  300   0
17-48-94-578451-001-02 762                           2     2             350    0   0  150   0
17-48-94-578451-001-02 792                           2     2             150    0   0  200   0
17-48-94-578451-001-028521    450   500002  2  1631632     2             100    0   0  150   0
94-38-37-268454-001-01 732                           2     2             280    0   0  100   0
22-92-19-148454-001-03 762                           2     2              90    0   0   30   0
86-55-14-578454-001-07 732                           2     2             160    0   0  200   0
86-55-14-578454-001-078522                           2     2              15    0   0   10   0
63-41-60-758468-001-01 712                           2     2              36    0   0    0   0
63-41-60-758468-001-01 742                           2     2              20    0   0    5   0
82-41-10-878470-001-01 712                           2     2              80    0   0    0   0
82-41-10-878470-001-01 742                           2     2              25    0   0    6   0
82-41-10-878470-001-01 762                           2     2              35    0   0   10   0
01-65-53-728471-001-01 732                           2     2             200    0   0   50   0
01-65-53-728471-001-01 742                           2     2             160    0   0    0   0
01-65-53-728471-001-01 762                           2     2              20    0   0    5   0
01-65-53-728471-001-018522                           2     2              15    0   0    0   0
26-59-11-808472-001-01 802                           2     2              40    0   0    0   0
27-44-06-258474-001-01 712                           2     2              85    0   0    0   0
27-44-06-258474-001-01 732                           2     2             105    0   0   75   0
27-44-06-258474-001-01 762                           2     2              50    0   0   20   0
27-44-06-258474-001-01 802                           2     2              25    0   0   10   0
27-44-06-258474-001-018522                           2     2              15    0   0   10   0
33-54-58-878476-001-02 802                           2     2              30    0   0    0   0
33-54-58-878476-001-022002                           2     2              40    0   0    0   0
33-54-58-878476-001-028522                           2     2              20    0   0    0   0
30-40-59-808508-001-01 742                           2     2              50    0   0    0   0
30-40-59-808508-001-01 802                           2     2              20    0   0    0   0
55-35-60-258508-001-032002                           2     2              20    0   0    0   0
63-86-47-138509-001-019982                           2     2              30    0   0    0   0
57-16-67-668511-001-04 742                           2     2              95    0   0    5   0
70-41-03-848528-001-01 712                           2     2              18    0   0    0   0
70-41-03-848528-001-01 742                           2     2              45    0   0    0   0
94-71-63-728529-001-08 742                           2     2              50    0   0    0   0
94-71-63-728529-001-08 802                           2     14 2  2000     60    0   0   20   0
30-83-69-598530-001-01 742                           2     2              40    0   0    0   0
82-85-96-818531-001-01 742                           2     2              45    0   0    5   0
13-83-16-718581-001-01 731    140   300001 21 2 21 212     2             420    0   0    0   0
13-83-16-718581-001-01 802                           2     2             120    0   0    0   0
21-64-89-728604-001-01 732                           2     2               9    0   0    5   0
17-58-40-808605-001-04 742                           2     2              72    0   0   14   0
05-98-11-048607-001-03 732                           2     2             150    0   0    0   0
29-77-83-858622-001-01 712                           2     2             100    0   0    0   0
29-77-83-858622-001-01 732                           2     2              40    0   0    0   0
89-32-99-268639-001-02 712                           2     2              58    0   0   18   0
83-24-75-158640-001-01 712                           2     2             135    0   0    0   0
83-24-75-158640-001-01 802                           2     11 1 10000    180    0   0  120   0
03-57-87-438642-001-01 702                           2     2              10    0   0    0   0
03-57-87-438642-001-01 712                           2     2             400    0   0    0   0
03-57-87-438642-001-01 732                           2     11 1  5000     35    0   0    5   0
03-57-87-438642-001-01 761    550   300001 21 21611612     2             300    0   0  150   0
03-57-87-438642-001-01 802                           2     2               3    0   0    0   0
96-74-35-598643-001-01 712                           2     2             250    0   0    0   0
47-32-36-268645-001-01 732                           2     2             120    0   0   80   0
47-32-36-268645-001-01 742                           2     2              30    0   0   10   0
47-32-36-268645-001-01 802                           2     2              40    0   0    0   0
47-32-36-268645-001-018521     30   300001 21 2 91 912     2              10    0   0    0   0
25-11-93-888658-001-01 722                           2     2              25    0   0    0   0
00-64-44-958659-001-01 742                           2     2              20    0   0    0   0
53-95-88-368661-001-01 712                           2     2             120    0   0    0   0
53-95-88-368661-001-01 732                           2     2               7    0   0    0   0
84-53-24-868676-001-01 732                           2     2              60    0   0    0   0
59-41-71-268677-001-01 732                           2     2             250    0   0  150   0
47-60-56-328678-001-01 712                           2     2              30    0   0    0   0
47-60-56-328678-001-01 742                           2     2               5    0   5    0   0
52-85-20-838681-001-01 732                           2     2             120    0   0   60   0
13-10-08-068682-001-01 731    500  2000001 21 2 93 932     2             150    0   0  250   0
13-10-08-068682-001-01 742                           2     2              50    0   0  100   0
19-46-83-648683-001-01 712                           2     2             300    0   0  100   0
19-46-83-648683-001-01 731    240   300001 21 21621622     11 1  9000     90    0   0   30   0
19-46-83-648683-001-01 742                           2     2              28    0   0    0   0
19-46-83-648683-001-018522                           2     2             180    0   0   70   0
30-37-49-818695-001-01 732                           2     2             140    0   0    0   0
75-20-85-858695-001-03 712                           2     2              22    0   0    0   0
75-20-85-858695-001-03 742                           2     2             100    0   0    0   0
52-97-80-708702-001-01 732                           2     2             120    0   0    0   0
52-97-80-708702-001-019982                           2     2              30    0   0    0   0
20-21-94-268714-001-01 712                           2     2             230    0   0    0   0
20-21-94-268714-001-01 732                           2     2             800    0   0  400   0
20-21-94-268714-001-01 742                           2     2              30    0   0    0   0
38-17-06-968715-001-01 712                           2     2              60    0   0    0   0
38-17-06-968715-001-01 731    600   600001 51   92 922     2             160    0   0    0   0
38-17-06-968715-001-01 802                           2     2              60    0   0   20   0
49-40-84-588722-001-01 712                           2     2             384    0   0    0   0
49-40-84-588722-001-01 732                           2     2              40    0   0    0   0
88-49-28-098757-001-04 731    100   400001 21 21631632     11 1  5000    100    0   0   50   0
88-49-28-098757-001-04 742                           2     2              40    0   0   10   0
12-87-63-118758-001-01 732                           2     2             300    0   0    0   0
30-31-20-048758-001-10 711     20    60001 21 2 21 212     2              10    0   0    0   0
30-31-20-048758-001-10 732                           2     2              40    0   0   10   0
30-31-20-048758-001-108521     90   300001 21 2 91 912     2              10    0   0    0   0
74-88-09-728762-001-04 742                           2     2              80    0   0    0   0
44-98-29-558771-001-01 732                           2     11 7 16000    210    0   0  205   0
75-70-23-898771-001-02 732                           2     11 3  4000     56    0   0   20   0
59-98-51-008772-001-01 711     40    80002  2   21 212     2              80    0   0    0   0
59-98-51-008772-001-01 732                           2     2              60    0   0   40   0
59-98-51-008772-001-01 742                           2     2              60    0   0    0   0
56-09-93-538773-001-01 712                           2     2              70    0   0    0   0
56-09-93-538773-001-012032                           2     2              75    0   0    0   0
51-95-59-068774-001-01 712                           2     2             120    0   0    0   0
85-86-06-248777-001-01 712                           2     2              72    0   0   18   0
85-86-06-248777-001-01 731     90   150001  1 2 91 912     2              40    0   0    0   0
85-86-06-248777-001-01 802                           2     2              15    0   0   25   0
80-76-40-878778-001-01 711     15   210001  1   11 112     2              40    0   0   30   0
80-76-40-878778-001-01 731    450   800001  1   95 952     2              50    0   0    0   0
58-34-75-838778-001-02 731    400   360001 31 3 95 952     2              40    0   0    0   0
49-05-57-608791-001-03 712                           2     2             195    0   0    0   0
49-05-57-608791-001-03 732                           2     2             430    0   0   60   0
49-05-57-608791-001-03 742                           2     2              12    0   0    0   0
49-05-57-608791-001-038522                           2     2              60    0   0    0   0
64-70-27-388794-001-01 732                           2     2             480    0   0  120   0
64-70-27-388794-001-01 802                           2     2               5    0   0    0   0
59-90-81-838813-001-01 732                           2     2             360    0   0  120   0
05-25-40-188815-001-01 732                           2     2              70    0   0    0   0
05-25-40-188815-001-018522                           2     2              20    0   0    0   0
76-22-51-568828-001-01 712                           2     2             440    0   0    0   0
76-22-51-568828-001-01 732                           2     2            3360    0   0    0   0
76-22-51-568828-001-01 742                           2     2             280    0   0    0   0
76-22-51-568828-001-01 792                           2     2             140    0   0    0   0
76-22-51-568828-001-01 802                           2     2              20    0   0    0   0
60-54-49-648828-001-03 732                           2     11 4 15000    320    0   0   25   0
32-69-81-918829-001-01 711    100   120001 21 2 41 412     2             100    0   0    0   0
85-05-30-548833-001-01 732                           2     2             600    0   0    0   0
68-10-99-048834-001-01 732                           2     2              80    0   0    0   0
56-71-35-698835-001-04 732                           2     2              30    0   0   60   0
62-04-63-288848-001-01 712                           2     2              69    0   0    0   0
62-04-63-288848-001-01 732                           2     2             100    0   0    0   0
74-14-90-848849-001-02 712                           2     2              40    0   0    0   0
74-14-90-848849-001-02 742                           2     2             120    0   0    0   0
26-48-07-998853-001-02 712                           2     2             220    0   0    0   0
26-48-07-998853-001-02 732                           2     2             300    0   0    0   0
61-87-79-078854-001-03 732                           2     2             300    0   0  100   0
61-87-79-078854-001-03 762                           2     2              22    0   0   10   0
61-87-79-078854-001-03 802                           2     2              25    0   0    5   0
61-87-79-078854-001-038522                           2     2              20    0   0    0   0
34-20-55-178867-001-029981    200   400002  2   91 912     2               0    0   0    0   0
00-21-28-798868-001-01 712                           2     2              60    0   0    0   0
00-21-28-798868-001-01 832                           2     2              50    0   0   30   0
00-21-28-798868-001-01 842                           2     2              40    0   0   20   0
57-34-58-898869-001-01 811    640  1280001 21 2 91 0 2     2              30    0   0   40   0
73-42-86-918870-001-01 811   1400   210001  1  1611612     2               0    0   0    0   0
22-97-00-788871-001-01 811    585   250001 61 6 91 912     2              10    0   0    0   0
22-97-00-788871-001-01 831    404   180001 61 6 91 912     2              20    0   0    0   0
83-91-97-408872-001-01 811    180   405001 21 21611612     2              20    0   0    0   0
83-91-97-408872-001-01 842                           2     2              40    0   0    0   0
23-87-83-618873-001-01 712                           2     2              40    0   0    0   0
23-87-83-618873-001-01 841     50   250001 21 2 92 922     2              10    0   0    0   0
89-55-89-928886-001-01 712                           2     2              80    0   0   24   0
81-76-53-588889-001-01 692                           2     2               5    0   0    0   0
81-76-53-588889-001-01 732                           2     2             250    0   0  100   0
81-76-53-588889-001-012032                           2     2             150    0   0  100   0
26-06-09-838891-001-01 712                           2     2             120    0   0    0   0
26-06-09-838891-001-01 742                           2     2              30    0   0    0   0
26-06-09-838891-001-01 761    210   300001 21 2 91 912     2              90    0   0    0   0
26-06-09-838891-001-01 802                           2     2              45    0   0    0   0
26-06-09-838891-001-018521     90   100001 21 2 91 912     2              55    0   0    0   0
20-33-59-338892-001-03 712                           2     2              20    0   0    0   0
20-33-59-338892-001-03 732                           2     2             100    0   0    0   0
20-33-59-338892-001-03 742                           2     2              20    0   0    0   0
63-82-17-438904-001-01 712                           2     2             240    0   0    0   0
63-82-17-438904-001-01 721     30   100001 21 2 92 922     2              15    0   0    0   0
63-82-17-438904-001-01 732                           2     2               5    0   0    0   0
21-39-92-978906-001-01 711     24    90001  1   31 312     2              16    0   0    0   0
21-39-92-978906-001-01 742                           2     2               5    0   0    0   0
82-07-37-998908-001-01 711     40   120001  1  1631622     2             100    0   0    0   0
82-07-37-998908-001-01 752                           2     2               5    0   0    0   0
08-47-41-248909-001-02 711    190   500002  2   42 422     2              95    0   0    0   0
84-71-12-078910-001-02 712                           2     2             118    0   0    0   0
92-26-76-358911-001-01 692                           2     2             200    0   0   50   0
92-26-76-358911-001-01 712                           2     2             400    0   0   70   0
33-18-58-718923-001-01 732                           2     2              75    0   0   25   0
33-18-58-718923-001-01 762                           2     2             860    0   0  100   0
33-18-58-718923-001-012032                           2     2              40    0   0    0   0
53-04-11-068924-001-01 712                           2     2              30    0   0    0   0
53-04-11-068924-001-01 732                           2     2              80    0   0   20   0
53-04-11-068924-001-01 761   1000  3500001  1   91 912     2             200    0   0    0   0
53-04-11-068924-001-018522                           2     2              35    0   0    0   0
75-55-83-598925-001-01 692                           2     2              30    0   0    0   0
75-55-83-598925-001-01 731     50   100001 21 2 41 412     2              50    0   0    0   0
75-55-83-598925-001-01 742                           2     2              20    0   0    0   0
00-80-16-378942-001-01 762                           2     2             100    0   0   20   0
00-80-16-378942-001-018521    220   300001 21 2 41 412     2              20    0   0    0   0
95-62-22-448944-001-01 712                           2     2             135    0   0    0   0
55-12-99-149003-001-99 802                           2     2              30    0   0   10   0
82-65-86-319015-001-99 742                           2     2              10    0   0    0   0
82-65-86-319015-001-998521     30   300001 21 2 21 212     2               5    0   0    0   0
43-54-40-929041-001-99 732                           2     2             270    0   0   50   0
43-54-40-929041-001-99 742                           2     2              40    0   0   20   0
12-70-33-599053-001-99 802                           2     2              20    0   0    0   0
12-70-33-599053-001-998522                           2     2               5    0   0    5   0
01-45-88-749075-001-99 731    300   500001  1  1611612     2             150    0   0   50   0
01-45-88-749075-001-99 802                           2     2              25    0   0   15   0
01-45-88-749075-001-992032                           2     2              40    0   0   20   0
98-87-47-849121-001-99 711     75   400001 21 21631622     2             375    0   0    0   0
98-87-47-849121-001-992052                           2     2              15    0   0    0   0
86-76-49-709169-001-99 712                           2     2              90    0   0    0   0
98-54-49-969173-001-99 711    120   600001  1   21 212     2             120    0   0    0   0
77-18-35-979181-001-99 712                           2     2              45    0   0    0   0
77-18-35-979181-001-99 762                           2     11 1  2000     15    0   0    0   0
77-18-35-979181-001-998521      5    50001  1  1611612     2               5    0   0    0   0
03-32-08-679182-001-99 712                           2     2              16    0   0    0   0
65-75-10-459193-001-99 712                           2     2             150    0   0   20   0
65-75-10-459193-001-99 732                           2     2             150    0   0   50   0
65-75-10-459193-001-99 762                           2     2              60    0   0   40   0
65-75-10-459193-001-998521    250   250001 21 2 93 932     2              50    0   0    0   0
20-74-88-039254-001-99 712                           2     2              21    0   0    0   0
20-74-88-039254-001-99 802                           2     2              34    0   0   16   0
98-18-70-319258-001-99 712                           2     2              15    0   0    0   0
51-77-23-089283-001-99 712                           2     2             240    0   0  120   0
51-77-23-089283-001-99 722                           2     2             360    0   0  360   0
09-03-54-399289-001-99 712                           2     2              40    0   0    5   0
09-03-54-399289-001-99 722                           2     11 5  5000     40    0   0    5   0
47-15-06-109326-001-99 722                           2     2              50    0   0   30   0
47-15-06-109326-001-99 732                           2     2              60    0   0    0   0
22-19-71-699328-001-99 712                           2     2              24    0   0    0   0
41-74-29-199365-001-99 762                           2     2              10    0   0    0   0
03-72-31-229374-001-99 712                           2     2              20    0   0    0   0
03-72-31-229374-001-99 731    100   200001  1   41 412     2             100    0   0    0   0
60-94-15-529379-001-99 732                           2     2              70    0   0   60   0
94-80-63-679386-001-99 711     80   580001  1  1611612     2              50    0   0   20   0
94-80-63-679386-001-99 721     30   180001  1   41 412     2              30    0   0   15   0
94-80-63-679386-001-99 731    120   650001  1   41 412     2              40    0   0   10   0
94-80-63-679386-001-99 742                           2     2              60    0   0    0   0
94-80-63-679386-001-99 762                           2     2              35    0   0    0   0
94-80-63-679386-001-99 801    150   700001  1  1611612     2              80    0   0   20   0
94-80-63-679386-001-998522                           2     2               0    0   0    0   0
68-52-75-149398-001-99 712                           2     2             100    0   0   50   0
68-52-75-149398-001-99 722                           2     2               0    0   0    0   0
68-52-75-149398-001-99 732                           2     2              60    0   0   20   0
68-52-75-149398-001-99 742                           2     2             100    0   0    0   0
68-52-75-149398-001-99 762                           2     2              50    0   0    0   0
68-52-75-149398-001-99 802                           2     2              40    0   0    0   0
68-52-75-149398-001-998512                           2     2              20    0   0    0   0
68-52-75-149398-001-998521     20   200001  1   21 212     2              20    0   0    0   0
28-58-96-949420-001-99 712                           2     2             100    0   0   60   0
61-83-07-209422-001-99 762                           2     2              30    0   0    0   0
10-60-80-589427-001-99 702                           2     2              20    0   0   40   0
10-60-80-589427-001-99 712                           2     2              20    0   0    0   0
10-60-80-589427-001-992002                           2     2              20    0   0   20   0
78-67-27-419434-001-99 732                           2     2              60    0   0    0   0
78-67-27-419434-001-99 742                           2     2              35    0   0    0   0
78-67-27-419434-001-99 802                           2     2              20    0   0    0   0
90-59-95-739436-001-99 672                           2     2             120    0   0    0   0
90-59-95-739436-001-99 712                           2     2              60    0   0    0   0
90-59-95-739436-001-992002                           2     2              10    0   0    0   0
90-59-95-739436-001-992052                           2     2              15    0   0    0   0
55-37-21-879438-001-99 742                           2     2              30    0   0    0   0
77-17-99-909445-001-99 802                           2     2              20    0   0    0   0
77-17-99-909445-001-992052                           2     2              20    0   0    0   0
00-84-61-919456-001-99 802                           2     2             240    0   0  480   0
00-84-61-919456-001-992032                           2     2             240    0   0  480   0
10-34-44-399468-001-99 732                           2     2              70    0   0   50   0
10-34-44-399468-001-992032                           2     2              50    0   0   50   0
06-20-45-719483-001-99 712                           2     2             200    0   0    0   0
40-87-26-729505-001-99 712                           2     2              48    0   0    0   0
50-59-06-599509-001-99 732                           2     2              35    0   0   15   0
09-91-08-559519-001-99 712                           2     2            2090    0   0    0   0
09-91-08-559519-001-99 732                           2     2              20    0   0    0   0
09-91-08-559519-001-99 802                           2     2              20    0   0    0   0
54-59-35-509578-001-99 712                           2     2             120  120   0    0   0
72-11-59-809583-001-99 711    560  2700001  1   21 0 2     2              40    0   0    0   0
72-11-59-809583-001-99 732                           2     2              50    0   0  150   0
72-11-59-809583-001-99 802                           2     2              10    0   0   20   0
73-45-68-579589-001-99 712                           2     2              30    0   0    0   0
40-73-99-359594-001-99 711     15    70001  1   91 912     2              75    0   0   60   0
00-59-62-059626-001-99 712                           2     2              15    0   0    0   0
15-65-02-509627-001-99 712                           2     2              80    0   0   20   0
15-65-02-509627-001-99 802                           2     2              40    0   0   20   0
15-65-02-509627-001-998512                           2     2              40    0   0   20   0
15-65-02-509627-001-998522                           2     2              30    0   0   20   0
45-36-59-569632-001-99 732                           2     2              10    0   0    0   0
45-22-42-309636-001-99 731     95    50001  1   91 912     2               5    0   0    0   0
45-22-42-309636-001-99 762                           2     2              60    0   0  100   0
75-21-91-969639-001-99 691    400   800001  1  1631632     2             100    0   0    0   0
75-21-91-969639-001-99 702                           2     2               2    0   0    0   0
75-21-91-969639-001-99 711     25   250001  1   21 212     2              25    0   0    0   0
75-21-91-969639-001-99 741     20    40001  1  1631632     2              30    0   0    0   0
75-21-91-969639-001-998511     25   150001  1  1631632     2               2    0   0    0   0
54-58-52-299640-001-99 7312250000  9000001  1  1631632     2          150000    0   0    0   0
62-67-93-339641-001-99 712                           2     2              40    0   0   20   0
62-67-93-339641-001-99 802                           2     2              50    0   0   50   0
36-25-85-209642-001-99 702                           2     2              30    0   0   10   0
36-25-85-209642-001-99 712                           2     2              42    0   0   28   0
36-25-85-209642-001-99 731    600   600001  1   91 912     2             400    0   0  400   0
36-25-85-209642-001-99 742                           2     2              10    0   0    5   0
36-25-85-209642-001-99 752                           2     2              10    0   0   10   0
36-25-85-209642-001-99 761    150   120001  1   91 912     2              50    0   0   50   0
36-25-85-209642-001-99 802                           2     2              15    0   0    5   0
36-25-85-209642-001-99 982                           2     2              15    0   0    5   0
36-25-85-209642-001-998522                           2     2              10    0   0   10   0
23-69-08-569643-001-99 712                           2     2              60    0   0    0   0
23-69-08-569643-001-99 731    200  1200001  1  201 942     2              10    0   0   40   0
23-69-08-569643-001-99 742                           2     2              10    0   0    8   0
23-69-08-569643-001-99 761    300   400001  1  204 0 2     2             100    0   0  200   0
23-69-08-569643-001-99 792                           2     2              20    0   0   50   0
23-69-08-569643-001-99 802                           2     2              50    0   0  100   0
23-69-08-569643-001-992032                           2     2               0    0   0   20   0
23-69-08-569643-001-998511    150   700001  1   93 0 2     2              20    0   0   80   0
23-69-08-569643-001-998521     50   200001  1   93 0 2     2              20    0   0   30   0
36-49-52-599648-001-99 711     44   200001  1   91 0 2     2              26    0   0    0   0
36-49-52-599648-001-99 742                           2     2              19    0   0    0   0
02-90-12-339649-001-99 701     15    30001  1   31 312     2               3    0   0    0   0
02-90-12-339649-001-99 711    164  1230001  1   93 932     2              36    0   0    0   0
02-90-12-339649-001-99 741     63    42001  1   21 212     2              47    0   0   15   0
51-75-71-539650-001-99 712                           2     2              80    0   0    0   0
51-75-71-539650-001-99 732                           2     2              80    0   0   20   0
51-75-71-539650-001-99 742                           2     2              90    0   0   10   0
62-59-65-849651-001-99 692                           2     2              20    0   0    0   0
62-59-65-849651-001-99 742                           2     2              20    0   0    0   0
62-59-65-849651-001-99 761     90   200001  1   43 0 2     2              10    0   0    0   0
69-29-27-579653-001-99 712                           2     2              70    0   0    0   0
56-71-73-069662-001-99 842                           2     2              13    0   0    5   0
76-52-70-119690-001-99 712                           2     2              55    0   0    0   0
76-52-70-119690-001-99 722                           2     2             100    0   0  100   0
30-84-43-029712-001-99 712                           2     2            1200    0   0  300   0
30-84-43-029712-001-99 722                           2     2             300    0   0  200   0
30-84-43-029712-001-99 782                           2     2             100    0   0  100   0
82-81-94-299737-001-99 712                           2     2              50    0   0    0   0
82-81-94-299737-001-99 722                           2     2              50    0   0   50   0
36-84-33-479739-001-99 721     30   100001 21 2 21 112     2               5    0   0    0   0
00-39-27-139809-001-99 742                           2     2              30    0   0    0   0
00-39-27-139809-001-99 802                           2     2              40    0   0    0   0
00-39-27-139809-001-992032                           2     2              40    0   0    0   0
00-39-27-139809-001-998522                           2     2              25    0   0    0   0
