87-35-70-531002-001-01 2304    51990    02 2                         
51-70-28-891076-001-01 1304   182015    7122                         
45-88-08-271077-001-01 1304   122010    02 2                         
15-64-51-681081-001-01 1304   102007    02 2                         
08-25-45-411134-001-01 1 21   662020    0122                         
31-67-12-821152-001-01 1 21  6002020    02 12021 82021 9 1     12302 
31-67-12-821152-001-01 1 45    82019    02 2                         
31-67-12-821152-001-01 1 46   112019    02 2                         
31-67-12-821152-001-01 1 53    92019    02 2                         
31-48-95-021155-001-01 1 60   102016    02 12020 1202012 2       152 
39-24-29-811159-001-01 1 21   202019   101212020 62020 8 1       102 
63-91-22-931191-001-01 1 60    12009    0122                         
09-26-67-921193-001-01 1 21   352020   35122                         
09-26-67-921193-001-01 1 34   652020   65122                         
02-54-47-041198-001-01 1 21  5002020  5002 2                         
02-54-47-041198-001-01 1 46    31900    02 2                         
02-54-47-041198-001-01 1 60   382019    02 12020102021 1 1 2     602 
23-14-85-731217-001-01 1 60  2152019   301212020 3202012 1 2    2502 
40-87-17-221230-001-01 1 45    31996    01212020122021 1 2      1502 
85-07-13-311232-001-01 1 44    22010    02 12020 32020 3 1 2      511
59-82-97-201233-001-01 1 45    11990    01212020 82021 3 2      2002 
61-64-62-241235-001-02 1 34    32019    01212020 9202011 2        42 
61-64-62-241235-001-02 1 60   452019   261212020 42020 8 2       252 
97-64-08-951250-001-01 1 60   132020    32 2                         
28-24-87-551305-001-01 1 54   151900    02 2                         
28-24-87-551305-001-01 1 61   202019   152 12021 62021 8 1        12 
28-24-87-551305-001-01 1304   601900    02 2                         
65-62-10-781323-001-01 1 45    12006    02 2                         
65-62-10-781323-001-01 1 60    72018    22 12020 12021 2 1       202 
00-63-85-411325-001-01 1 60    42020    41212020 42020 4 2       302 
14-23-99-911333-001-01 1 21  1502020  1502 2                         
14-23-99-911333-001-01 1 60   222016    02 12019102021 2 1 2     302 
35-22-61-351401-001-01 3 34    52019    02 1202110202111 1 2      52 
39-91-71-061403-001-01 2 60   602017    01212020 92021 8 1       602 
59-62-66-411420-001-01 1 21    62020    6122                         
59-62-66-411420-001-01 1 60    62019    02 12020122021 1 2       152 
66-75-13-741421-001-01 1 44    12005    01212020102021 1 1       252 
70-27-56-401439-001-01 1 45   601900    02 2                         
70-27-56-401439-001-01 1304  1002020  1002 2                         
79-50-93-441462-001-01 1 21   252019   131212020 52020 8 2       482 
79-50-93-441462-001-01 1 45    32005    01212020 7202011 2       402 
79-50-93-441462-001-01 1 60  1052015   111212020 82021 1 2       702 
16-62-97-481517-001-01 1 60   202020    5122                         
35-70-97-651519-001-01 1 45    21900    02 12020 12021 2 2 6    5202 
30-18-08-811536-001-01 1 45    11997    02 2                         
00-33-05-951551-001-01 1 45    12015    0122                         
00-33-05-951551-001-01 1 60   802020    0122                         
35-10-30-261552-001-01 1 45    22012    01212020 8202011 1 3     602 
35-10-30-261552-001-01 1 46    12018    0122                         
35-10-30-261552-001-01 1 60   202017    01212020 8202012 1 3    1002 
87-34-09-051553-001-03 1 45    12007    02 12020 9202012 4 5     202 
87-34-09-051553-001-03 1 60  1002007    02 12020 4202011 4 5    1602 
18-78-78-831554-001-01 1 46    11900    02 12020 9202012 1        515
72-28-96-801555-001-01 1 45    12017    0122                         
72-28-96-801555-001-01 1 60    12020    1121202012202012 1 2     502 
98-95-18-171556-001-01 1 45    11900    01212020 32020 9 2       802 
98-95-18-171556-001-01 1 60   682015    01212020 2202011 2       652 
87-14-18-771557-001-01 1 21   122020   12122                         
87-14-18-771557-001-01 1 34    92019    02 12020 92020 9 1 2     202 
87-14-18-771557-001-01 1 44    12001    02 1202010202012 6 8     4013
87-14-18-771557-001-01 1 45    32009    02 1202010202010 1 2     202 
87-14-18-771557-001-01 1 46    12015    02 12020 82020 8 1 2      615
87-14-18-771557-001-01 1 60    42019    02 12020 9202012 1 2      52 
87-14-18-771557-001-01 1304    12018    02 2                         
28-18-07-541573-001-01 1 45    32001    0121202011202111 1 2    1062 
26-44-95-551594-001-01 1 45    22013    02 2                         
26-44-95-551594-001-01 1 60   632018    02 12020 92021 1 2       402 
00-17-71-971596-001-01 1 21  1002020   501212020 92021 8 1 2    9002 
00-17-71-971596-001-01 1 44   151998    01212020 92021 8 1 2    1502 
00-17-71-971596-001-01 1 54  1801996    01212021 62021 8 1 2     802 
00-17-71-971596-001-01 1 60 20002017    01212020 92021 8 1 2   225015
00-17-71-971596-001-01 1302 20001998    01212020 92021 8 1 2   10002 
00-17-71-971596-001-01 1303   601998    01212020 92021 8 1 2   10002 
00-17-71-971596-001-01 1304 20002004    0121202010202010 1 2 2000002 
00-17-71-971596-001-01 1305 10001998    01212020 92021 8 1 2     502 
00-17-71-971596-001-01 2304 20002016    02 2                         
26-30-52-401614-001-01 1 45    22000    02 12020 62020 9 2      1002 
73-64-90-481633-001-01 1 60    82021    8122                         
22-38-66-351705-001-01 1 21  1002020  1001212021 12021 4 1      35013
22-38-66-351705-001-01 1 44    11900    02 2                         
22-38-66-351705-001-01 1 45    21900    01212020 22021 1 1     80002 
22-38-66-351705-001-01 1 46    42017    2122                         
22-38-66-351705-001-01 1 60   502017    01212020 72021 2 1      1402 
59-65-56-211707-001-01 1 60   182020    32 2                         
97-86-60-251709-001-01 1 60   152020    22 2                         
63-97-16-081725-001-01 1 34   122020   12122                         
63-97-16-081725-001-01 1 57   202018    02 12020 1202012 1       502 
63-97-16-081725-001-01 1 60    42019    02 12020 42020 6 1        52 
63-97-16-081725-001-01 1305    12020    1122                         
15-97-35-811745-001-01 1 21  2051876   601212020 62020 7 1      7802 
15-97-35-811745-001-01 1 34   651956    01212020 62020 8 1       362 
60-65-34-171746-001-01 1 34    22020    22 12020 92020 9 2        32 
60-65-34-171746-001-01 1 57   122011    02 2                         
60-65-34-171746-001-01 1 60    12020    12 12020 8202012 2        72 
99-84-02-401764-001-01 1 60   152020    32 12021 12021 1 2       302 
99-84-02-401764-001-01 1305    12013    02 2                         
88-80-90-941766-001-01 1 57    72020    72 12020 12021 1 1 5     302 
17-64-18-791768-001-01 2 21  1002020  1202 12020 82021 2 1       702 
17-64-18-791768-001-01 3 60    52020    22 12020112021 1 1       152 
11-59-35-061785-001-03 1 21   802021  1002 12021 6202110 1 2     102 
11-59-35-061785-001-03 2304    11900    02 2                         
61-05-13-101798-001-01 1303  1502015    02 2                         
61-05-13-101798-001-01 3303    41900    02 2                         
03-94-16-921799-001-01 1 34   202019    02 12020 62020 7 1 2     802 
03-94-16-921799-001-01 5 46   302018    02 2                         
96-34-88-551800-001-01 3 21  4002019    02 1201912202011 3 5      52 
96-34-88-551800-001-01 4 46   402017    02 2                         
03-14-29-971820-001-01 1 45    12005    02 12020122021 6 1       252 
49-86-16-681843-001-01 1301    11900    02 12020 6202010 1 2     452 
32-28-64-631875-001-01 1304   302017    02 2                         
32-28-64-631875-001-01 3304   152020   15122                         
15-55-16-651876-001-02 1 21  2002019    01212020 92020 9 2       6014
08-43-62-701893-001-01 3 21 70002019  3501212020 8202010 1 2    19514
79-60-26-091896-001-01 1304 20002015  4002 2                         
79-60-26-091896-001-01 3304 10002015    02 2                         
72-94-88-221916-001-01 1304    72014    02 2                         
72-94-88-221916-001-01 4304    32019    02 2                         
51-16-84-331932-001-01 1304    52005    0122                         
55-83-06-851932-001-04 1 21    02019  4202 12020 9202010 1 2    7002 
55-83-06-851932-001-04 3 21    02019  2502 12020 9202010 1 2    4002 
41-12-45-181933-001-01 3 21  5002020    02 2                         
66-14-94-181935-001-01 1 21  5002020    01212021 9202110 1       402 
66-14-94-181935-001-01 1304   172014    7122                         
66-14-94-181935-001-01 2304    11900    02 2                         
56-51-57-981936-001-01 1 21 15002020 1500122                         
58-41-33-741936-001-02 1 21  2002020    0122                         
98-18-22-891937-001-02 1 21 18602020    01212021 72021 9 2      8502 
98-18-22-891937-001-02 2 21 26002020    0122                         
12-92-55-031938-001-01 1304   302016    0122                         
05-92-83-741938-001-02 1 21  5002019   50121202012202111 1 2    1502 
05-92-83-741938-001-02 1 44    22000    0122                         
05-92-83-741938-001-02 1 54   102019    2121202110202110 1 2     242 
05-92-83-741938-001-02 1 60   202011    0121202012202111 1 2     502 
05-92-83-741938-001-02 1304    31900    0122                         
05-92-83-741938-001-02 1998 20002020 1000121202012202111 1 2    3002 
81-77-28-591955-001-01 3304  3502013    02 2                         
16-23-33-321957-001-01 1 21  1502019    01212020 9202010 1      1202 
78-73-09-301976-001-01 1 34   302021   202 12021 72021 8 7       3513
32-78-55-351988-001-06 2304  3002015    02 2                         
25-96-98-141988-001-07 1304    52012    0122                         
25-96-98-141988-001-07 4304  1502014    0122                         
42-19-40-011991-001-04 2304  5002020  5002 2                         
21-07-86-971992-001-01 4304    52016    5122                         
86-15-44-911994-001-03 2 60   752015    02 12020 52020 7 1 2    1122 
86-15-44-911994-001-03 2304    22012    02 2                         
86-15-44-911994-001-03 3302 10001965    02 12020 22021 1 1 2   15202 
23-38-07-812008-001-01 3304  6002013  2002 2                         
31-46-39-262009-001-01 2304  7502014    02 2                         
82-54-02-142009-001-04 1304  5002014    02 2                         
82-54-02-142009-001-04 2304  6002014    02 2                         
27-69-09-192010-001-01 2998   552015   332 12020 1202012 1 2    7202 
27-69-09-192010-001-01 4304  5002014    02 2                         
27-69-09-192010-001-01 5304 15002013    02 2                         
27-69-09-192010-001-01 6304 13002012  5002 12020 82020 9 1  40000002 
67-18-23-872011-001-01 1304  2762014    02 2                         
67-18-23-872011-001-01 2304  1662012    02 12020 82020 8 1 2  162002 
67-18-23-872011-001-01 3304  1702013    02 12020 92020 9 1    102002 
67-18-23-872011-001-01 4304  5802015    02 2                         
67-18-23-872011-001-01 5304  3082014    02 12020 72020 7 1 2  184802 
67-18-23-872011-001-01 6304   802014    02 12020 82020 8 1 2   36002 
67-18-23-872011-001-01 7304  1252017   342 2                         
23-38-22-852012-001-01 1304  4402019    0122                         
68-75-40-962033-001-01 5304   102015    0122                         
62-61-78-732046-001-01 1 21   102019   20121202010202010 1 2     502 
62-61-78-732046-001-01 1302   401990    02 12020 12020 5 1 2   12602 
51-19-63-662048-001-01 1 53   211975    02 2                         
71-98-45-442052-001-01 1302  7701989    0122                         
94-12-64-072064-001-01 1 54  5002010   201212020 62020 6 1      1202 
17-99-58-672065-001-01 1 21 10002019   501212020 1202012 1 2    2402 
17-99-58-672065-001-01 1 54   501900   201212020 62020 7 1 2    1802 
77-92-16-672066-001-01 1 54  1202017   40122                         
77-92-16-672066-001-01 1304  8001994    0122                         
77-92-16-672066-001-01 2 54 10002002    01212020 72020 7 1      6302 
77-92-16-672066-001-01 2304   501994    0122                         
66-38-93-892067-001-01 1 54   162006    0122                         
66-38-93-892067-001-01 2 54   202006    0122                         
35-93-00-792068-001-01 1 54    31900    01212020 62020 8 1        22 
35-93-00-792068-001-01 2 54    61900    01212020 62020 8 1        32 
35-93-00-792068-001-01 3 54   361900    01212020 62020 8 1       402 
35-93-00-792068-001-01 4 21   802017    0122                         
35-93-00-792068-001-01 4 54   351900    0122                         
98-95-98-622070-001-01 2 54   301999    01212020 62020 7 1 2    1802 
98-95-98-622070-001-01 3 21  1002019    01212020 62020 7 1 2    2402 
24-27-78-932083-001-01 1 54    41900    02 12021 52021 7 2       1015
24-27-78-932083-001-01 1304    22000    02 2                         
24-27-78-932083-001-01 2 54   132000    02 12021 52021 7 2       5015
51-49-82-492083-001-03 1304   202010    02 2                         
50-36-50-822086-001-01 2 21 10002019    02 12021 8202110 1 2     502 
50-36-50-822086-001-01 3 21  5002021  500122                         
29-87-29-692087-001-01 1 54   252020   25112                         
29-87-29-692087-001-01 2 54  2332019  200112                         
92-24-01-442088-001-01 1 21   602019    01212021 7202110 1      30015
31-32-30-422089-001-01 1 21   302020   301212021 7202110 1       802 
31-32-30-422089-001-01 1 54   121974    01212020 9202110 1       152 
31-32-30-422089-001-01 1304    11999    0122                         
73-31-47-952102-001-01 1 54   602008    01212020 72020 8 1      1102 
02-38-53-952103-001-01 1 54   802005    01212020 72020 8 1 2    3852 
34-93-93-402105-001-01 1 54   331998   122 12020 72020 7 1      2222 
34-93-93-402105-001-01 1 60   152017    02 12020 8202011 1       252 
82-80-81-612105-001-02 1 54   701998   222 12020 62020 8 6      1802 
21-33-89-792107-001-01 1 54   532001    01212020 72020 8 1 2     602 
21-33-89-792107-001-01 2 54  2001994    01212020 82020 9 1 2    3002 
21-33-89-792107-001-01 3 21   502019    01212020 92020 9 1 2     602 
21-33-89-792107-001-01 4 21  1002018    01212020 82020 8 1 2     602 
21-33-89-792107-001-01 4304   602017    0121202012202012 1 2     502 
21-33-89-792107-001-01 5304   502000    0122                         
08-12-12-352108-001-01 1 54 30002001    01212020 72020 8 1     10002 
46-01-30-672109-001-01 2 54   602006   501212020 72020 8 1       652 
46-01-30-672109-001-01 2304    32010    0122                         
89-05-97-182110-001-01 1 21   502020    01212021 8202110 1      2002 
89-05-97-182110-001-01 1 54 12002013    01212020 72020 9 1      1202 
89-05-97-182110-001-01 1 60    72015    01212020102021 9 1        72 
89-05-97-182110-001-01 1998   502014    01212020 7202012 1      1002 
19-03-71-262121-001-01 1 54  1501900    01212020102021 9 1      1502 
19-03-71-262121-001-01 1 60    42019    0122                         
19-03-71-262121-001-01 1998    32016    0122                         
72-87-81-322122-001-01 1 21   502020   201212020102021 9 1 2    4802 
72-87-81-322122-001-01 1 54   752021    01212020102021 9 1 2     552 
72-87-81-322122-001-01 1304    12008    0122                         
62-47-33-372123-001-01 1 21   302020   101212020102021 9 1       482 
62-47-33-372123-001-01 1 54   112001    01212021 52021 7 1       602 
62-47-33-372123-001-01 1 60   402000    01212020102021 9 1      1082 
62-47-33-372123-001-01 1304    32015    01212021 62021 6 1      4002 
62-47-33-372123-001-01 3 21   802020   501212020102021 9 6 7     4813
37-05-92-602124-001-01 1 21   402019   101212020102021 9 1 2    2002 
37-05-92-602124-001-01 1 54   102013    0122                         
37-05-92-602124-001-01 1 60    32019    01212020102021 9 1 2     102 
37-05-92-602124-001-01 1304    52015    01212020102021 9 1 2    1002 
37-05-92-602124-001-01 1998   502018   101212020102021 9 1 2    1002 
37-05-92-602124-001-01 2 21   102018    01212020102021 9 1 2     502 
37-05-92-602124-001-01 2 54  4002014    01212020102021 9 1 2    3002 
37-05-92-602124-001-01 2304   102018    0122                         
37-05-92-602124-001-01 3 21   102018    51212020102021 9 1 2     302 
37-05-92-602124-001-01 3 54   202013    01212020102021 9 1 2     502 
37-05-92-602124-001-01 4 54  4002005    01212020102021 9 1      4002 
37-05-92-602124-001-01 5304  2002019    02 12020102021 9 1      5002 
85-54-66-362125-001-01 1 54    62013    02 12020 62020 7 1       102 
85-54-66-362125-001-01 3 54   502010    02 12020 62020 7 1      1002 
85-54-66-362125-001-01 3304    42015    0122                         
85-54-66-362125-001-01 4 21   102021   102 2                         
35-74-58-192126-001-01 1 21   302020   501212021 82021 9 1       502 
35-74-58-192126-001-01 1 54    52000    0122                         
35-74-58-192126-001-01 1 60    12020    11212021 82021 9 1 2      52 
35-74-58-192126-001-01 1304    12016    0122                         
94-09-90-452127-001-01 1 21   502020   501212020 82021 9 1 2     802 
94-09-90-452127-001-01 1 54    61999    01212020 82021 9 1 2     602 
94-09-90-452127-001-01 3998   152015    02 2                         
41-24-37-002128-001-01 1 21   302019   121212021 92021 9 2       352 
41-24-37-002128-001-01 1 45    12013    02 2                         
41-24-37-002128-001-01 1 54   102017    02 2                         
41-24-37-002128-001-01 1 60    72017    02 12021 62021 8 2       532 
96-25-27-682140-001-01 1 21  1002020  1001212021 62021 8 1 2    1202 
96-25-27-682140-001-01 1 44    21995    01212020 82021 9 1 2     402 
96-25-27-682140-001-01 1 54  1001995    01212020 82021 9 1 2    1502 
96-25-27-682140-001-01 1304   102001    01212020 82021 9 1 2    3002 
96-25-27-682140-001-01 2 44    12000    01212020 82021 9 1 2     102 
96-25-27-682140-001-01 2 54   101998    01212020 82021 9 1 2     602 
96-25-27-682140-001-01 2304    82001    01212020 82021 9 1 2    1502 
60-98-83-842141-001-01 1 21   302021   30122                         
60-98-83-842141-001-01 1 44    22000    01212020 22021 4 1 2      42 
60-98-83-842141-001-01 1 54  1002010    0122                         
60-98-83-842141-001-01 1304    22015    0122                         
60-98-83-842141-001-01 2 21   602019   501212021 3202110 1 2    1502 
49-89-60-442142-001-01 1 21  2002019    01212020102021 9 1       722 
49-89-60-442142-001-01 1 44    22003    01212020 52021 1 1      3002 
49-89-60-442142-001-01 1 54  2001990    01212020 52021 8 1       302 
49-89-60-442142-001-01 1303  1001950    01212020102021 9 1      1802 
49-89-60-442142-001-01 1304   202017    0122                         
47-33-48-342143-001-01 1 21  2002021  200122                         
47-33-48-342143-001-01 1 44    12021    02 2                         
47-33-48-342143-001-01 1 54   152021    01212021 62021 7 1 6     182 
41-90-49-082143-001-02 1 21   352020   101212020102021 9 1 2    2402 
41-90-49-082143-001-02 1 54   302003    0122                         
42-74-37-602144-001-01 1 21  2302021  230122                         
42-74-37-602144-001-01 1 44    52001    01212020102021 9 1       602 
42-74-37-602144-001-01 1 54  1502001    01212020102021 9 1      1802 
42-74-37-602144-001-01 1304   752014    0121202010202110 1      6002 
51-55-51-262145-001-01 1 21  2002019   501212020 82021 2 1      1002 
51-55-51-262145-001-01 1 54  1502000    01212021 42021 7 1       802 
51-55-51-262145-001-01 1 60   202019    01212021 52021 7 1      2002 
51-55-51-262145-001-01 1304   352012    71212021 7202111 1     10002 
51-55-51-262145-001-01 2 54   101992    01212021 42021 7 1       302 
88-95-93-562146-001-01 1 21  7002021  700122                         
88-95-93-562146-001-01 1 54  4502011    01212021 32021 6 1      6002 
88-95-93-562146-001-01 1304  1001993    0122                         
88-95-93-562146-001-01 2 21  1002021   801212020102021 9 1       602 
88-95-93-562146-001-01 2 54  1501900    01212021 52021 6 1      2002 
88-95-93-562146-001-01 2304   202015    0122                         
88-95-93-562146-001-01 3 44    12018    0122                         
88-95-93-562146-001-01 3 54  3002016    01212021 32021 6 1      1502 
88-95-93-562146-001-01 3302  3002014    0122                         
88-95-93-562146-001-01 3304  1002011    0122                         
37-02-89-812146-001-03 1 21  2002020   301212021 52021 9 1       202 
37-02-89-812146-001-03 1 44    11900    0122                         
37-02-89-812146-001-03 1 54   151900    01212021 62021 8 1       242 
37-02-89-812146-001-03 2 21  1002021  100122                         
37-02-89-812146-001-03 2 54    31900    01212021 62021 8 1        62 
98-78-94-132147-001-01 1 54   402015    01212020 42020 6 1 2     2016
98-78-94-132147-001-01 1304   102010    0122                         
98-78-94-132147-001-01 2 21   502021   50122                         
98-78-94-132147-001-01 2 54   302016    0122                         
98-78-94-132147-001-01 2304   202010    0122                         
82-49-19-232159-001-01 1 54  1401998   231212020 62020 7 1      4202 
40-34-16-232159-001-04 1 54    52010    01212020 62020 7 1 2    12013
92-29-28-062162-001-01 1 54    52010    01212020 72020 9 2      1202 
45-96-39-562164-001-01 1 54    81900    01212020 72020 8 1        32 
45-96-39-562164-001-01 2 21  3002019    0121202010202010 1      6002 
45-96-39-562164-001-01 2306   122018    0122                         
43-24-82-622165-001-01 1 54   202010    0122                         
43-24-82-622165-001-01 2 54   602014    0122                         
79-35-82-232166-001-01 1 21   502020   50122                         
08-19-86-572179-001-01 1 54   201999    02 12020 62020 8 1      1402 
08-19-86-572179-001-01 1304   502015    02 2                         
14-48-48-942180-001-01 1 54   102012    01212020 62020 6 1 2     3013
14-48-48-942180-001-01 2998 20002010  1502 2                         
82-21-30-392181-001-01 1 21   502019   201212020 1202012 1       602 
82-21-30-392181-001-01 1 54   501990    01212020 52020 5 1      1572 
97-20-56-672184-001-01 1 21   302019   201212020 42020 6 1       602 
01-60-89-942185-001-01 1 54  3501980    02 12020 52020 6 1      1672 
50-12-34-352197-001-01 3 21  2502019   502 12020 9202012 1      2402 
56-62-89-782199-001-01 1 21  3002019  2702 12020 72020 8 2      8402 
97-95-25-482200-001-01 1 21  5002019    02 12020 62020 8 1 2    9002 
99-10-27-022200-001-03 1 21 12002018  1001212020 8202011 1 2    35014
89-10-69-312202-001-01 1 21150002019 60001212020 82020 9 1 2    64014
72-15-83-722203-001-01 1 21  3402019   551212019 9202011 1      1202 
56-10-08-702204-001-01 1 21  7002019  7001212020 9202011 1      2002 
78-15-43-852216-001-01 1 54   171985    01212020 52020 6 1       302 
81-50-48-562217-001-02 1 54   851987    01212021 62021 8 1 2     552 
84-58-41-512218-001-01 1 54   302010    01212020 62021 7 1 2    1002 
84-58-41-512218-001-01 1304    42016    0122                         
84-58-41-512218-001-01 1998   502020   50121202011202110 1 2     602 
84-58-41-512218-001-01 2 54  1002010    02 12020 62021 7 1 2    1502 
84-58-41-512218-001-01 3 54   202010    01212020 62021 7 1 2     702 
84-58-41-512218-001-01 3304    42012    0122                         
84-58-41-512218-001-01 6 54  6002016    01212020 62021 7 1 2    2002 
84-58-41-512218-001-01 6304    82015    2122                         
91-90-18-922220-001-01 3303    62014    0122                         
91-90-18-922220-001-01 3304   202014    0122                         
91-90-18-922220-001-01 5 21   202020    0122                         
05-40-62-632221-001-01 1 54   202014    01212020 9202110 1 2     202 
24-15-17-332222-001-01 1 54  1051994   501112021 7202110 1 2    3352 
24-15-17-332222-001-01 1304   101983    02 2                         
24-15-17-332222-001-01 2 54   502020    0122                         
24-15-17-332222-001-01 3 54  1502020    0122                         
24-15-17-332222-001-01 3 60   252021   25122                         
21-66-19-792235-001-01 1 54   401968    01212020 62020 8 2       242 
21-66-19-792235-001-01 3 54   602000    01212020 62020 8 2       242 
04-72-30-292236-001-01 1 54  1502013    02 12020 52020 6 1       402 
04-72-30-292236-001-01 1304    41900    02 2                         
04-72-30-292236-001-01 1998   302019   252 2                         
04-72-30-292236-001-01 2 60   102018    32 1201912202011 1 9    1202 
04-72-30-292236-001-01 2304    21900    02 2                         
00-11-58-552236-001-02 1 21   402020   40132                         
00-11-58-552236-001-02 1 54    41980    01312020 52020 7 1        52 
00-11-58-552236-001-02 1 60    62020    2132                         
00-11-58-552236-001-02 1304    62010    0132                         
00-11-58-552236-001-02 1998  2002020  200132                         
70-46-23-362237-001-01 1 21   502020   502 1202010202012 1       6012
70-46-23-362237-001-01 1 44    22013    02 2                         
70-46-23-362237-001-01 1 54   502014    02 12019 62020 6 1       2016
70-46-23-362237-001-01 1304   302011    02 12020 82020 8 1        22 
33-40-18-382238-001-01 1 21   122020   12122                         
33-40-18-382238-001-01 1 54   101995    0121201912202011 1      1752 
33-40-18-382238-001-01 2 54    41995    0121201912202011 1       852 
00-38-57-232239-001-01 1 21   502019    0122                         
00-38-57-232239-001-01 1 54  1501986    01212020 62020 9 1      1002 
00-38-57-232239-001-01 1303    62017    0122                         
00-38-57-232239-001-01 1998   402018    0121202010202012 1 2     302 
31-14-86-012242-001-01 1 54   502015    0112                         
53-95-94-122254-001-01 1 21   302020   252 1201912202011 1       252 
53-95-94-122254-001-01 2 54  1502007    01212020 62020 8 1      4502 
53-95-94-122254-001-01 2304    42017    02 2                         
74-70-00-932255-001-01 1 21   302019   602 12020 8202010 1      1502 
74-70-00-932255-001-01 1 54   402017    02 12020 72020 7 1       602 
74-70-00-932255-001-01 1 60   102019   152 12020 1202012 1       702 
74-70-00-932255-001-01 2 21   602019   602 2                         
74-70-00-932255-001-01 2 54   802008    02 12020 62020 8 1      2002 
74-70-00-932255-001-01 3 54   302014    02 12020 72020 8 1       402 
74-70-00-932255-001-01 3 60  1002020    92 12020 1202012 1       302 
93-31-89-762256-001-01 1 54    62005    01212020 72020 7 1 2     5015
93-31-89-762256-001-01 2 54  1001997    01212020 72020 7 1 2    5502 
93-31-89-762256-001-01 2304    22010   15121202010202010 1 2    1202 
79-86-31-642256-001-03 2 21  1702017    6121201912202011 1 2    1502 
30-93-95-652257-001-01 1 21   202019   201212020 82020 9 1 2    1252 
30-93-95-652257-001-01 1 54    32019    3122                         
30-93-95-652257-001-01 1998   132018    0122                         
30-93-95-652257-001-01 3 54  3601998   10121201912202011 1 2    5602 
30-93-95-652257-001-01 3998    92000    0122                         
80-56-51-762259-001-01 1 54   232016    0122                         
80-56-51-762259-001-01 3 21   182020    7122                         
80-56-51-762259-001-01 4 54   122016    02 2                         
61-97-17-872277-001-01 1 21  5002019  5001212020 32020 5 1     10002 
19-61-62-902277-001-03 1 21   702019    02 12020 82020 9 3       802 
19-61-62-902277-001-03 2 21   902019   492 12020 8202011 1       802 
41-81-85-622280-001-01 1 21  1502020  1502 12020 92021 1 1      2002 
14-58-18-612292-001-02 5 21  2002020  1502 1202012202012 2       502 
29-32-41-812293-001-01 2 21  2502020  2502 12020 92021 1 1 8    1602 
22-44-20-212293-001-02 1 46    51900    02 2                         
79-64-91-552294-001-01 1 45   201990    02 12020 62020 8 2       452 
79-64-91-552294-001-01 1 64    32004    02 1202012202012 2        42 
79-64-91-552294-001-01 2 66   401990    72 2                         
79-64-91-552294-001-01 3 21  5002020  5002 12020 8202010 2     11202 
83-01-75-412295-001-01 1 21  2002020  2002 12020 62020 7 1       502 
80-85-79-462296-001-01 2 21  2502020  2502 12020 62020 9 1 2    1602 
78-59-25-362297-001-01 3 21   802020  1002 2                         
90-57-92-072298-001-01 1 21  2002020  3002 12020 6202012 1 2   15002 
90-57-92-072298-001-01 1 66   102015    7122                         
96-15-71-562311-001-01 1 21  2002020  2002 2                         
96-15-71-562311-001-01 1 45   561964    02 1202012202012 1      49015
89-81-17-292311-001-04 1 21  2002020  2002 12020 42020 7 1      2402 
89-81-17-292311-001-04 2 21  2502020  2502 12020 7202012 1      1602 
61-02-06-092312-001-01 1 21  2502020  2502 2                         
61-02-06-092312-001-01 2 21  5002020  5002 2                         
75-37-54-952313-001-01 1 21  1002020  1002 12020 42020 8 1      2402 
75-37-54-952313-001-01 3 21  1502020  1502 12020 9202011 1      2402 
85-96-93-022316-001-01 1 21  3002020  3002 12020 52020 9 1 2    50015
85-96-93-022316-001-01 2 21  2002020  2002 12020 12020 6 1 2    3502 
85-96-93-022316-001-01 3 21  1002020  1002 12020112021 1 1 2     502 
45-27-67-932318-001-01 1 21  2002020  2002 12020 8202011 1 2    2402 
93-78-78-682330-001-03 1 21  1002020  1002 2                         
93-78-78-682330-001-03 1 45   151990   102 2                         
93-78-78-682330-001-03 2 66   152012    02 2                         
87-83-98-062349-001-01 1 21  3002019  3001212019 32020 3 1 2    2002 
43-46-75-792349-001-03 1 21  9002020  9002 12020 22020 5 1 2    10012
68-30-71-792350-001-03 5 45   152016    42 2                         
68-30-71-792350-001-03 5 66   262010   152 2                         
68-30-71-792350-001-03 7 21  2002020  2002 12020122021 1 6      5002 
68-30-71-792350-001-0310 21  3002020  3002 2                         
14-98-81-492352-001-02 2 21  2002020  2502 12020 72020 7 2       602 
12-97-36-292352-001-04 1 21  2502020  2502 12020 32020 6 6      1602 
81-32-40-342352-001-07 1 21  3002019  3001212020 32020 9 1 2    10016
87-03-73-532353-001-01 2 21  4002020  4002 2                         
87-03-73-532353-001-01 3 21  6002020  6002 12020122021 1 1      55016
87-03-73-532353-001-01 5 21  4002020  4002 2                         
31-61-58-012353-001-03 1 21  5002020  5002 2                         
18-73-48-012353-001-04 1 21  2002020  2002 12020 7202010 1      8002 
46-05-43-172353-001-05 1 21  2002020  2002 2                         
46-05-43-172353-001-05 1 45   302019   102 2                         
46-05-43-172353-001-05 2 21  2502020  2502 2                         
00-22-08-832354-001-01 1 21  2002020  2002 12020 62020 9 1 2    1602 
19-93-05-372354-001-04 1 21  2702020  2702 12020 62020 9 1 2    1202 
48-82-44-022355-001-01 1 21  1002020  1002 12020 5202012 1      8002 
48-82-44-022355-001-01 3 21  1502019   502 12020 8202012 1      4002 
48-82-44-022355-001-01 4 21   402019   152 12020 1202012 1       452 
66-57-22-712356-001-01 1 21  1502019  1502 12020 1202011 1      40015
66-57-22-712356-001-01 2 21   502020   502 2                         
66-57-22-712356-001-01 2 45   702017   202 12020 5202010 1      20015
54-52-86-502371-001-01 1 21  3002020  3001212020 1202110 1      20015
54-52-86-502371-001-01 2 45    82020    32 12020 12021 9 1      75015
54-52-86-502371-001-01 3 34   302019   102 12021 62021 6 2       122 
19-42-65-672372-001-01 1 21  3002020   702 12021 42021 8 1 2    2102 
81-79-41-972373-001-03 1 21  4002020  4002 2                         
77-70-58-352389-001-02 4 21  2002020  2002 12021 52021 7 2       3712
95-47-09-332394-001-01 1 21  4002020  4002 12020102021 9 2      3502 
95-47-09-332394-001-01 2 34  1002020  1002 12021 42021 5 2       802 
24-59-87-472430-001-01 1 21 20002020 20002 2                         
17-25-01-082431-001-01 1 21  4002020  4002 12020 52020 7 1 2    3202 
81-05-05-172432-001-01 2 21  5002020  6002 12020 12021 2 1      1002 
81-05-05-172432-001-01 3 21  5002020  6002 12020 12021 2 1      1002 
82-12-05-752435-001-01 1 21  2002020  2001212020 22020 7 1      15015
47-13-32-572464-001-03 1 44   352002    01212020 920211013     20002 
89-90-41-692469-001-01 1 56  1002017    02 12021 5202112 1 2    4002 
89-90-41-692469-001-01 1 60    52019    02 12021 1202112 1 2     202 
84-22-10-902483-001-01 2 21  2502019   202 12020 8202011 1      2502 
60-01-61-292520-001-01 2 21 70002017 13001212020 9202011 1 2    30013
88-73-79-172521-001-01 2 21  3002020    0122                         
88-73-79-172521-001-01 3 21  2502019   502 2                         
05-19-50-612522-001-01 1 21  3002018   222 12020 9202010 1       532 
05-19-50-612522-001-01 3 44   431989   162 12020 9202010 1      1442 
27-48-96-982523-001-02 1 21  6002019    02 12021 12021 9 2 6     402 
22-75-70-322524-001-01 1 21 10002020  200122                         
22-75-70-322524-001-01 2 21 20002020  100122                         
07-14-14-702526-001-01 1 21100002018 12001212020 42021 2 1      72013
89-74-27-612527-001-01 2 21 30002020 30002 2                         
59-63-78-892527-001-07 1 21  3002021  200122                         
59-63-78-892527-001-07 1 54  1652004    0122                         
59-63-78-892527-001-07 2 21  1002019    02 2                         
08-10-16-122544-001-01 1 54   452020   45122                         
08-10-16-122544-001-01 1303    51900    0121202011202110 1 2   10002 
08-10-16-122544-001-01 1304    41982    0122                         
80-87-24-092558-001-01 3 21  4002019    02 2                         
80-87-24-092558-001-01 4 21  2502019  1002 12020 62020 9 1 2    3002 
78-10-96-072559-001-01 1 21 16502020 16502 2                         
78-10-96-072559-001-01 2 21 13002020 13002 2                         
38-66-19-412560-001-01 1 21 30002020 20001212021 4202111 2      4802 
38-66-19-412560-001-01 1 34   502019   501212021 62021 8 2      6002 
38-66-19-412560-001-01 1 44   351993   111212020 72021 2 2      2252 
38-66-19-412560-001-01 1 60   302015    0121202011202110 2      1502 
38-66-19-412560-001-01 1 63    41993    01212020 52020 8 2      6002 
38-66-19-412560-001-01 1301   101993    2122                         
38-66-19-412560-001-01 1305   601993    4121202011202110 2       802 
38-66-19-412560-001-01 2 21 60002019 30001212020 6202111 2     10802 
38-66-19-412560-001-01 2 34 10002019   501212021 52021 6 2       602 
38-66-19-412560-001-01 2 44   601993    6121202011202110 2     45002 
38-66-19-412560-001-01 2 53   501993    0122                         
38-66-19-412560-001-01 2 59   301993    0122                         
38-66-19-412560-001-01 2 60  3001994    5121202011202110 2      60015
38-66-19-412560-001-01 2 63   101993    01212020 62020 7 2      2202 
38-66-19-412560-001-01 2301    42017    0122                         
38-66-19-412560-001-01 2302  4001993   15121202011202110 2      1202 
38-66-19-412560-001-01 2304 40001993 1000122                         
38-66-19-412560-001-01 2305   501993    4121202011202110 2       602 
38-66-19-412560-001-01 3 21  8002020  300121202011202110 2      4202 
38-66-19-412560-001-01 3 34   702019    01212021 62021 8 2      8602 
33-20-45-662566-001-01 1 44   162012    0122                         
87-80-88-842577-001-01 3 21  6002020  6002 12020 72020 7 1 2    6002 
31-12-34-482578-001-01 2 21 37502018  5702 12019112020 1 1 2     422 
57-34-90-342579-001-01 3 21 15002019    02 12020 92020 9 1 2    6002 
03-51-31-802580-001-01 2 21  1202019    01212020 72021 1 1 2    1802 
19-69-36-162582-001-01 2 21  7002018    02 12020 6202012 1       602 
81-90-64-932582-001-02 1 21 10002018 10001212020 72020 8 1     15002 
52-35-01-102583-001-01 1306   202010    02 2                         
52-35-01-102583-001-01 2 21   602019    01212020 82020 8 1      9602 
70-04-49-902597-001-01 1304    32006    0122                         
03-81-40-042598-001-01 1 53  1002012    0121202010202111 1       252 
03-81-40-042598-001-01 1304   102019    0122                         
03-81-40-042598-001-01 2 44    22012    0122                         
71-80-87-222599-001-01 2 21  2502020  2501212021 82021 9 1      2302 
96-72-67-952601-001-01 2 21  1002019    01212021 82021 8 2      1442 
96-72-67-952601-001-01 4 21   302020   30122                         
96-72-67-952601-001-01 4305    52004    01212018 72018 7 2     45002 
41-43-64-192603-001-01 2 21   302021   302 2                         
41-43-64-192603-001-01 3304    11900    0122                         
47-47-77-472618-001-01 2 21   502020   202 2                         
47-47-77-472618-001-01 2 57    72011    52 12020 7202010 1       602 
47-47-77-472618-001-01 2303    51900    02 12020 9202011 1      1002 
47-47-77-472618-001-01 2304   402020   402 2                         
33-87-64-652621-001-01 1304   542002    0122                         
61-66-70-262634-001-01 2304   151900    02 2                         
61-66-70-262634-001-01 2998 50002020 50002 12020 62020 6 1     85002 
61-66-70-262634-001-01 3304   101900    01212020 1202012 1     10002 
61-66-70-262634-001-01 3998 50002020 50001212020 62020 6 1    100202 
61-66-70-262634-001-01 4998 45002020 4500122                         
87-28-67-892637-001-01 3 21  4502019    0122                         
01-89-35-762640-001-01 2 60   102019   102 12020 12020 1 1 2      22 
01-89-35-762640-001-01 2998  2002020  2002 12020 72020 7 1 2    1802 
47-19-86-882672-001-02 2 54  1001970    02 12020122021 1 2       182 
50-32-82-322673-001-01 1 54   802002    02 2                         
50-32-82-322673-001-01 1304   501995    02 12020 12021 1 1     20002 
20-33-96-802675-001-01 1 54   501900    02 2                         
20-33-96-802675-001-01 1303   101900    02 2                         
20-33-96-802675-001-01 2304   151900    02 2                         
84-24-88-242676-001-01 1 54   502015    02 2                         
84-24-88-242676-001-01 1304    42018    02 2                         
47-00-46-322692-001-01 1 45    12001    01212020 22021 1 1 2     102 
47-00-46-322692-001-01 1304   142008    0122                         
39-54-66-842693-001-01 1304    82012    02 2                         
86-49-59-312695-001-01 1 21   302019    52 12020102021 1 1 2     702 
86-49-59-312695-001-01 1304   202007    02 2                         
99-22-06-742748-001-01 1 21   502020   502 2                         
99-22-06-742748-001-01 1 66   102000    02 2                         
22-68-13-622749-001-03 1 21   752020   752 12020 5202010 3      3752 
56-82-25-562750-001-02 4 66   201980    02 2                         
43-96-69-252750-001-03 2 66   251980    02 12020 72020 8 1      1202 
43-96-69-252750-001-03 3 21  1002020    02 12020 5202012 1      5602 
43-96-69-252750-001-03 3 66   601980    02 12020 82020 9 1      2402 
27-89-89-482751-001-02 3 45    22003    02 12020 72020 9 1 2    1602 
66-44-70-132754-001-02 1 21  1002020  1002 12020 5202010 2      1252 
19-29-52-872755-001-01 1 21  3002020  3002 12020 42020 7 1 4    1402 
19-29-52-872755-001-01 3 66   401990    02 12020 72020 9 1 4    2402 
88-70-16-472767-001-01 1 45    72018    42 2                         
88-70-16-472767-001-01 1 66    62020    62 2                         
88-64-17-462786-001-01 2 21   402021   502 12020 62020 7 1 2    15015
64-39-68-452787-001-01 1 21  1002020  1502 12020 8202112 1      2002 
37-86-68-692788-001-01 1 21  2002020  2002 12020 62020 9 1 2    2402 
67-86-73-422789-001-01 1 21  2502019    02 12020 32020 6 1      4002 
54-74-73-732790-001-01 1 21  1002020  1002 2                         
54-74-73-732790-001-01 2 21  1502020  1502 12020122021 2 1      50015
80-39-16-432790-001-04 1 21  2002020  2002 12020 62020 8 1      25012
85-92-14-252791-001-01 2 21  9002020  9002 12020 32020 9 1      13012
90-59-38-222792-001-01 1 21  1502019    02 12020 22020 4 1     16002 
90-59-38-222792-001-01 2 45    52017    32 12020 32020 3 1       202 
90-59-38-222792-001-01 3 21 20002019   202 12020 32020 8 1     24002 
44-64-21-262793-001-01 1 21  3002020  3002 12020 52020 9 1 2    3202 
37-60-26-942805-001-01 2 21  3002020  3001212020 5202011 1      20012
34-43-26-392806-001-01 1 21  1002020  1002 2                         
95-20-72-752807-001-01 2 21  3002020  3202 2                         
57-77-58-512808-001-01 3 21  3002020  3002 2                         
37-58-50-612810-001-01 2 45   401980    02 12020 32020 8 1      4502 
42-67-05-592811-001-01 3 21  2502020  2501212020 5202011 1      20015
59-21-01-602811-001-03 1 45    52016    02 2                         
57-13-03-722829-001-01 1 21  1502020  2002 12020 82020 8 1      1502 
13-39-33-842833-001-01 1 21  200 200  2002 12020 52020 6 1      20015
45-58-23-032848-001-01 3 46    42006    02 2                         
28-25-83-472850-001-01 1 21  3002020    01212020 52021 1 1 2    1502 
28-25-83-472850-001-01 1 34  3002020    01212021 82021 8 1 2    1702 
28-25-83-472850-001-01 1 46   502001    01212021 8202110 1 2    15015
48-32-03-052866-001-02 1 45    12010    02 12020 6202111 1       432 
49-04-68-352867-001-01 1 21  2002020  200122                         
49-04-68-352867-001-01 1 46    41900    02 1202010202012 1 2     252 
19-24-76-442868-001-02 1 46   151900    02 12020 92020 9 1      23515
70-30-87-902881-001-01 1 46   702019   242 1202010202012 1      1502 
32-58-54-822885-001-01 3 46   352019   202 2                         
22-11-88-242886-001-01 1304    52016    0122                         
22-11-88-242886-001-01 2 21   102020   10122                         
22-11-88-242886-001-01 2 45   602014    01212020 1202012 1 2  4080015
22-11-88-242886-001-01 2 46   252015    01212020 8202012 1 2    24015
22-11-88-242886-001-01 2 60  1002020  100122                         
07-54-31-912887-001-01 1 46   102020   10122                         
63-23-37-672888-001-04 1 46   642015    0122                         
05-21-43-642892-001-01 3 46   501900    02 12020 9202012 1      2902 
30-79-15-052892-001-03 1 21    52020    51212020 42020 5 1 2      22 
30-79-15-052892-001-03 1 45   141991    0121202010202012 1 2     162 
30-79-15-052892-001-03 1 46    41992    01212020 9202010 1 2     102 
30-79-15-052892-001-03 2 46    22018    01212020 9202011 1 2      22 
26-02-57-302900-001-01 3 46   502020   502 2                         
11-84-43-782901-001-01 1 34  1002020    01212021 92021 9 1 2     352 
11-84-43-782901-001-01 2 21  2002020  200122                         
11-84-43-782901-001-01 2 34   602020   601212021 92021 9 1 2     202 
11-84-43-782901-001-01 2 46  1002004   25121202010202010 1 2    1002 
84-67-69-892902-001-01 2 46    21900    02 2                         
84-67-69-892902-001-01 3 46   452000    02 12020112021 1 1 2     452 
84-67-69-892902-001-01 3304    51900    02 2                         
42-64-34-582903-001-01 1 46  1872004    02 1202010202012 1 2    5372 
66-74-34-222904-001-01 1 34  1402019   371212021 62021 8 1       902 
66-74-34-222904-001-01 1 46   752018    0122                         
45-99-60-942905-001-01 1 34  1202020    01212021 62021 8 1       852 
17-19-40-212907-001-01 2 46   202019    02 2                         
17-19-40-212907-001-01 3 46  3001986    02 2                         
42-59-87-532919-001-01 1 46   301900    02 1202010202012 1 2     102 
42-59-87-532919-001-01 4 45    92019    0122                         
51-20-76-342920-001-01 1 46   802010    02 1202010202012 1 2    1002 
51-20-76-342920-001-01 3 46   212010    02 1202010202012 1 2     302 
82-14-02-372921-001-01 1 21   402020    01112021 32021 41213     2012
82-14-02-372921-001-01 1 46  2601999    0111202010202012 1     486013
82-14-02-372921-001-01 2 21 16802020    01212021 32021 4 113    11512
82-14-02-372921-001-01 2 34  1802019   201212021 62021 7 113     6512
82-14-02-372921-001-01 2 46  6001999   60121202010202012 1     728013
03-83-60-832921-001-02 2 46   502020   552 2                         
35-45-76-622922-001-01 1 46  2752004    0122                         
35-45-76-622922-001-01 2 46  1452015   25122                         
39-25-98-642923-001-01 2 46  2002004    02 1202010202112 1      7002 
39-25-98-642923-001-01 3 46   622008    02 1202010202012 1      5002 
77-63-97-982924-001-02 3 21   352020   352 12021 7202110 3 5     202 
77-63-97-982924-001-02 3 46  8002013  3002 1202010202012 3 4   50002 
75-26-16-452925-001-01 2 46  1002008    02 1202010202012 1      6002 
03-82-32-102925-001-02 1 21   242020   102 12021 62021 9 2 3     972 
03-82-32-102925-001-02 1 60    82021    0122                         
03-82-32-102925-001-02 2 46    72014    02 1202010202012 1 2   10202 
03-82-32-102925-001-02 2304    31999    02 2                         
03-82-32-102925-001-02 3 46  1252014    02 1202110202110 2 3     172 
03-82-32-102925-001-02 3304    22000    02 2                         
03-82-32-102925-001-02 4 46   502019    02 2                         
47-73-88-652926-001-01 1 46  2001998    02 1202010202011 1     100016
47-73-88-652926-001-01 3 46   602010    02 1202010202011 1      24016
47-73-88-652926-001-01 4 46   302010    02 1202010202011 1      20016
47-73-88-652926-001-01 5 46  1002010    02 1202010202111 1      60016
47-73-88-652926-001-01 6 46   501995    02 2                         
47-73-88-652926-001-01 7 46   151998    02 2                         
91-79-41-802957-001-01 1304   302006    02 2                         
91-79-41-802957-001-01 5304   662007    02 2                         
91-79-41-802957-001-01 6304  1502009    02 2                         
91-79-41-802957-001-01 7304  1502006    02 2                         
50-10-51-602958-001-01 1304   152010    02 2                         
50-10-51-602958-001-01 2304    82012    02 2                         
34-70-67-062960-001-01 1 60   502011    02 12021 72021 9 1 2     502 
34-70-67-062960-001-01 1304   202013    02 2                         
08-98-55-432963-001-01 1304   102012    02 2                         
08-98-55-432963-001-01 2303  1002018    02 1202011202110 1      5002 
08-98-55-432963-001-01 2304   122014    02 2                         
89-30-02-672964-001-01 1304   352012   35122                         
39-50-51-323038-001-01 1 21 72002020 7200122                         
39-50-51-323038-001-01 1304   802010    0122                         
39-50-51-323038-001-01 2304    11900    02 2                         
68-23-21-383056-001-04 1 21  2002021  2751212021 6202111 1 2     702 
68-23-21-383056-001-04 1304    11900    0122                         
78-10-18-943056-001-05 1 21   502021  8002 12021 22021 6 1 2    1502 
04-23-29-783058-001-01 5 21  6002019  1002 12021 22021 3 1      7002 
96-10-29-263074-001-01 1 21  6502019  6502 12020 52020 8 1 2    3002 
01-31-69-053093-001-01 1 21  1562021  156122                         
01-31-69-053093-001-01 1304   152016    01212021 52021 5 1      3002 
66-31-98-443095-001-01 1 21 30002019    01212020 72020 8 1      2602 
66-31-98-443095-001-01 1304   102005    02 2                         
93-36-30-053109-001-01 1304    42017    0122                         
13-23-04-153112-001-01 1 21  2002019    01212020122021 3 1      3002 
18-57-18-843115-001-01 1304   232017   10122                         
40-18-89-323116-001-01 2 21  3502020  350112                         
69-54-28-673117-001-01 1304    11900    02 2                         
69-54-28-673117-001-01 4304   201900    02 2                         
06-70-18-543128-001-01 2 21  1252020    0122                         
26-43-46-663154-001-01 1302  5001996    02 2                         
81-00-58-343166-001-01 1 56   102014    01212020 9202010 1       102 
29-45-42-373167-001-01 1 56   501990    01212020 42020 5 1      2002 
42-00-78-103168-001-01 3 56   401923    02 12019112020 8 1       4515
44-11-82-583168-001-03 1 56  1201990    01212020 42020 6 1 2     2014
60-37-36-573171-001-01 1 56   822009    0122                         
84-02-93-513172-001-01 1 56   382002    01212020 62020 7 1        52 
02-50-88-113185-001-01 1 54 15002017  3001212020 42020 5 1 2    6602 
02-50-88-113185-001-01 2 61 13002018  2001212020 42020 5 1 2    8402 
76-50-08-943186-001-01 1 54  1852019   60122                         
76-50-08-943186-001-01 1 60  4502020  4501212020 62020 7 1      1502 
78-32-84-413187-001-01 4 54   502016   251212020 62020 8 1 2     252 
76-44-53-443188-001-01 2 54   502019    02 12020 62020 7 1       552 
51-34-40-933190-001-01 1 54  3002017   501212020 62020 8 1 2    1502 
51-34-40-933190-001-01 1 61  2002018   701212020 52020 6 1 2     202 
51-34-40-933190-001-01 1304  4002000  1002 12020 8202010 1    300002 
51-34-40-933190-001-01 2 54  5002015   801212020 52020 8 1 2    2202 
51-34-40-933190-001-01 2 61  2502017    01212020 52020 6 1 2     202 
51-34-40-933190-001-01 2304  3002015  100122                         
71-65-11-523192-001-01 1 54  5002019    01312020 52020 9 1       502 
71-65-11-523192-001-01 1 61   802019   20132                         
71-65-11-523192-001-01 1302  3001900    0122                         
71-65-11-523192-001-01 3 54    72014    01312020 52020 9 1 2      22 
71-65-11-523192-001-01 3 60   962017    01312020 32020 3 1 2     1315
71-65-11-523192-001-01 3 61   202020   20132                         
71-65-11-523192-001-01 3302   601900    01312020 1202010 1 2     302 
71-65-11-523192-001-01 3304    22016    0122                         
69-32-86-523204-001-01 1 54  5002009    01212021 62021 7 1 2     202 
96-05-32-133205-001-01 1 54  3501990   202 1202011202110 1       802 
22-66-04-873205-001-10 1 54  1302019    02 2                         
22-66-04-873205-001-10 2 54  7002020  7002 2                         
11-13-37-023265-001-01 1 21 20002020 2000122                         
16-27-36-483341-001-05 1 45    32017    02 12020 8202011 5 6     122 
86-53-85-033356-001-01 1 21   502020   502 12020 7202012 1      25015
90-79-01-953360-001-01 1 21   202020   202 12020 62020 6 1 2     202 
62-47-91-693377-001-03 1 45    12000    02 12020 92020 9 1       502 
19-86-31-293385-001-01 1 21  6002020  6002 12020 82020 9 1      2502 
22-32-62-133437-001-01 1 45    12008    02 12020 2202011 1 2     152 
66-71-90-733470-001-03 1 21   502020   60122                         
30-91-34-183471-001-04 1 21  1002020  1002 2                         
25-21-14-193477-001-03 1 45    22017    02 2                         
59-20-56-743478-001-01 1 45    12020    02 12020 22020 3 1       702 
40-03-22-643489-001-04 1 21  2002020  2002 12020 1202012 1      25012
70-78-01-003490-001-01 1 45    72017    12 2                         
57-73-74-663496-001-01 1 45    42018    02 12020 7202011 1       142 
56-39-47-013511-001-02 1 21   282020   101112021 42021 7 1 2     752 
01-55-74-143547-001-08 1303    21900    02 2                         
01-55-74-143547-001-08 2303    61900    02 2                         
19-39-89-593549-001-01 1 21   502019   501212020 22020 8 1       4012
74-75-91-793553-001-03 1 45    22000    02 12020 52020 8 1      2102 
32-17-78-073586-001-01 2 21  2502020    02 12020 72020 8 1 2    3002 
32-17-78-073586-001-01 2 46   162000    02 12020 9202011 1 2    2002 
32-17-78-073586-001-01 5 46   502000    02 12020 9202011 1 2    3002 
20-25-86-313586-001-02 1 21  1002020    01212021 82021 8 1 2    1002 
20-25-86-313586-001-02 1 34  2002020    01212021 62021 6 1 2     302 
81-86-14-733603-001-01 1304    52019    5122                         
09-31-93-253605-001-01 1 21   802020   801212020 7202010 1      2502 
09-31-93-253605-001-01 1304   301900    0122                         
11-40-56-853607-001-01 1 60   172019    01212020 22021 1 1 2     452 
11-40-56-853607-001-01 1304    32015    0122                         
21-35-87-243627-001-01 3 21   802020   801212020 8202010 1 2    2002 
21-35-87-243627-001-01 3 46    31900    01212020112021 1 1 2     4015
88-20-31-173641-001-01 1 64  1002019    02 2                         
88-20-31-173641-001-01 2 64   502019    02 2                         
58-58-82-683643-001-01 1 21   502020  3002 12020 82021 2 1       502 
58-58-82-683643-001-01 1 64  1002011    02 12020 92021 1 1      1502 
08-34-40-963644-001-01 1 64  1002019    01212020 22021 1 1 2     802 
08-34-40-963644-001-01 1304   451900    01212020 62020 6 1      3002 
08-34-40-963644-001-01 4 21  4002020  4001212020 22020 4 1 2    7002 
08-34-40-963644-001-01 4 64  2002016    0122                         
48-70-78-563645-001-01 2 21  8002020  800122                         
48-70-78-563645-001-01 3 61  2002008    01212020 12020 5 1 4      72 
48-70-78-563645-001-01 4 21 15002004    01212020 6202010 1 4    2402 
48-70-78-563645-001-01 4 61   502016    01212020 12020 6 1 4      42 
48-70-78-563645-001-01 4 64  1002005    01212020 62020 6 1 4     302 
48-70-78-563645-001-01 4 66   102008    0122                         
37-00-59-023662-001-01 3 21  1262021  1352 2                         
37-00-59-023662-001-01 3 34   402020    02 12021 72021 9 1 2     602 
37-00-59-023662-001-01 3 44    72006    02 2                         
37-00-59-023662-001-01 3 45    12020    02 2                         
57-29-56-033663-001-01 4 57   152019    0121202011202110 2       372 
33-22-49-703667-001-01 1 44    42003    0122                         
33-22-49-703667-001-01 1 46   142004    41212020 9202011 1        515
97-63-96-063667-001-03 1 21  1002021    0122                         
97-63-96-063667-001-03 1 46    72018    01212020 9202010 1 2      42 
99-07-17-063702-001-01 2 60    32020    02 1202012202111 1       202 
06-37-92-793717-001-01 1 21   302020   30122                         
24-81-45-053719-001-01 2 21   702019   501212020 52021 1 1 2     802 
24-81-45-053719-001-01 2 34  1102020  110122                         
84-70-04-133720-001-01 1 45    51994    01212020 62021 1 1     27002 
84-70-04-133720-001-01 3 21  2002020    6122                         
84-70-04-133720-001-01 3 60  1402018    01212020 6202010 1      1652 
67-16-45-783721-001-01 2 21  1502020  1502 2                         
67-16-45-783721-001-01 4 21   202020   202 12020112021 1 1 2     2515
46-79-04-893722-001-01 1 21   502019   201212020 3202012 1       4013
94-01-95-713723-001-01 1 21  1002020  1002 2                         
94-01-95-713723-001-01 1 45    22015    02 2                         
94-01-95-713723-001-01 1304   502007    02 12020 82021 1 1 2   10002 
26-38-86-973723-001-03 1 21   302020   11122                         
44-69-31-703724-001-01 2 60   152020   152 12020 62021 4 1 2     202 
26-58-05-333737-001-01 1 46   202005    02 12020 9202012 1      1002 
86-99-26-343737-001-02 1 46    31900    0122                         
55-51-32-873738-001-01 2 46   101900    8122                         
98-39-03-023738-001-02 1 46   202019    8122                         
69-36-36-133739-001-01 1 46   311966    02 2                         
69-36-36-133739-001-01 3 21  3002019  2002 1201912202011 1 4     802 
98-58-55-763740-001-01 2 21   351986   351212020 72020 7 1 2 4750002 
98-58-55-763740-001-01 5 46  1001921    02 12020 9202011 1 2    1002 
11-59-39-513741-001-01 2 46   222013    02 1202010202011 1       802 
45-98-24-043741-001-04 2 46    22018    02 2                         
19-82-60-373742-001-01 1 46   182015    01212020 82020 9 2       902 
19-82-60-373742-001-01 2 46   501900    01212020 7202010 2      2502 
78-14-25-283743-001-01 3 46    92010    02 1202010202011 1       102 
78-14-25-283743-001-01 5 46    32008    02 2                         
07-04-66-243755-001-01 1 45   102000    01212020 1202012 1       5015
07-04-66-243755-001-01 1 46    62000    21212020 92020 9 1       702 
17-54-53-533758-001-01 1 45   261900    01212020 32021 2 1      3002 
17-54-53-533758-001-01 1 46    21900    0121202010202011 1 2     102 
17-54-53-533758-001-01 2 45    61900    02 2                         
17-54-53-533758-001-01 2 46   251900    02 1202010202011 1 2     942 
51-47-84-023759-001-02 2 45   501975    0122                         
51-47-84-023759-001-02 2 46   401975    0122                         
51-47-84-023759-001-02 3 45    22010    0122                         
51-47-84-023759-001-02 3 46    51990    0122                         
51-47-84-023759-001-02 4 21 20002020 20001212020 82020 9 2 6    3752 
51-47-84-023759-001-02 4 46   152015    0122                         
05-15-50-513761-001-01 1 46    22008    02 2                         
13-45-35-463762-001-01 2 46   201900    02 2                         
37-54-54-333774-001-01 1 46    12005    01212019 8201912 1 2     1015
37-54-54-333774-001-01 2 46  1001961    01212020 8202012 1 2    3002 
37-54-54-333774-001-01 3 46   291998    01212020 8202012 1 2    1102 
53-91-81-333775-001-01 2 46   351986   35122                         
53-91-81-333775-001-01 3 46   451976    02 1202010202011 1      3002 
68-35-57-413776-001-01 1 46  1002019   20121202011202011 1       852 
68-35-57-413776-001-01 2 46   361900    02 1201912201912 1 2     1013
39-38-87-533777-001-01 1 21  1002019    01212020 6202010 2       502 
39-38-87-533777-001-01 1 45    72016    0122                         
39-38-87-533777-001-01 2 46  1052007    02 1202011202012 1      1002 
39-38-87-533777-001-01 3 46   502003    02 1202011202012 1      2192 
83-42-86-523778-001-01 1 46  1001978    02 12019 9201911 1      2702 
83-42-86-523778-001-01 2 46   201978    02 2                         
59-87-34-753778-001-02 2 46  1001975    02 12019112020 1 1      2002 
29-01-39-993779-001-02 1 46   991922    02 2                         
29-01-39-993779-001-02 2 46  2002021    02 12019 9201911 2      6002 
80-65-61-383780-001-01 2 46   501998    02 12019102020 1 1      20014
85-97-80-163781-001-01 3 46   452015    02 1201910201912 1 2    2202 
85-38-17-703793-001-01 1 21  4002020    01212020 9202010 1 4    6002 
85-38-17-703793-001-01 1 46   122011    0121202011202012 1 4     1015
81-77-97-813794-001-01 4 46   302000    02 1202010202012 1 2    1202 
33-23-93-773795-001-01 1 46   122012    02 1202011202012 1      10014
73-13-17-313796-001-01 1 21   982019    0121202110202111 1      1472 
73-13-17-313796-001-01 1 46    22011    02 2                         
76-50-20-663797-001-01 2 46  4902018  180122                         
76-50-20-663797-001-01 4 46    42016    0121202011202111 1 2     402 
43-76-27-973797-001-04 1 46   151991   202 1202011202012 1 2     902 
21-49-44-333797-001-06 1 46   132016    02 2                         
21-49-44-333797-001-06 2 46    12016    02 2                         
53-62-39-023798-001-01 1 34  2202020    01212021 72021 8 1       652 
56-68-24-883799-001-01 2 21  2002020    01212021 82021 8 1      10015
56-68-24-883799-001-01 2 34  1002020    01212020 92020 9 1       602 
56-68-24-883799-001-01 2 46   682012    01212020 9202012 1      21415
70-70-60-493800-001-01 2 46   131998    02 1202011202012 1      15014
70-70-60-493800-001-01 3 46    22018    02 2                         
87-57-04-483812-001-01 3 21  1052018   201212020 42020 5 1 2    3002 
87-57-04-483812-001-01 3 46   802000    0121202010202011 1 2    1002 
13-50-39-653814-001-01 2 21   502020   30122                         
13-50-39-653814-001-01 2 46    32005    01212020 9202011 1 2     802 
70-77-45-253815-001-01 1 45   872009   302 1202011202012 1      4302 
70-77-45-253815-001-01 2 46   471997    8121202010202012 1      4382 
72-20-59-333817-001-02 1 46   609999    0121202010202011 1      31515
65-91-88-243818-001-01 2 21  2002020  2002 12020 42020 6 1 2    1202 
71-79-67-823831-001-01 2 46   802019   301212020 9202010 1       452 
71-79-67-823831-001-01 4 46   602019   201212020 9202010 1      4002 
71-79-67-823831-001-01 5 21  3002020  2001212020 42020 5 1      2002 
71-79-67-823831-001-01 5 46    12010    01212020 9202010 1        52 
71-74-59-743831-001-02 1 46    11980    01212020 9202012 1      1002 
71-74-59-743831-001-02 2 46   301990    02 12020 9202012 1      13015
71-74-59-743831-001-02 3 21  2502019   501212020 62020 7 1       4015
71-74-59-743831-001-02 3 46   251995    61212020 9202012 1      19415
25-94-82-153832-001-01 1 46    32002    0122                         
25-94-82-153832-001-01 2 46   152004    0121202010202012 1      3002 
77-32-67-803833-001-01 2 46   452017   102 12020 9202012 1      2002 
77-32-67-803833-001-01 4 46    51998    02 12020 9202012 1       502 
77-32-67-803833-001-01 5 46   251998    02 12020 9202012 1      4002 
77-32-67-803833-001-01 6 46    52019    02 2                         
15-35-28-353833-001-05 1 46    11996    02 12020 9202012 1       202 
15-35-28-353833-001-05 2 21   202020    02 12020 82021 2 1 2    3002 
15-35-28-353833-001-05 2 46    51999    02 12020 9202012 1       502 
15-35-28-353833-001-05 3 46    82008    02 12020 9202012 1      1002 
15-35-28-353833-001-05 4 46    42004    02 12020 9202012 1       252 
15-35-28-353833-001-05 5 46   302004    62 12020 9202012 1      3002 
37-71-99-363834-001-01 1 45    11900    0122                         
37-71-99-363834-001-01 1304   112016    6122                         
37-71-99-363834-001-01 2 46   982007    0121202010202011 1      15015
54-43-79-143834-001-02 2 21  2002021  2001212020 92020 9 1       502 
54-43-79-143834-001-02 2 46   161900    0122                         
54-43-79-143834-001-02 3 46   401900    0122                         
48-62-80-163835-001-01 1 46    71990    02 12020 9202010 1       202 
48-62-80-163835-001-01 3 46   531994   202 12020 9202010 1       1515
17-92-85-183836-001-01 2 46   382017    0121202010202012 1 2    60014
17-92-85-183836-001-01 3 46   302012    02 2                         
09-79-49-523838-001-01 1 46  1051900    02 1202010202012 1 2    8002 
09-79-49-523838-001-01 2 46   561900    02 2                         
09-77-56-913850-001-01 1 46   252018    02 12019102020 1 1 2    6802 
18-86-63-893851-001-02 1 46   162020    92 1202010202012 2       252 
18-86-63-893851-001-02 2 46   101900    02 1202010202012 2       252 
18-86-63-893851-001-02 4 21  2302020  2301212020 62020 6 2      1802 
18-86-63-893851-001-02 4 46   201900    0121202010202012 2       602 
83-95-24-143852-001-01 1 45    51983    11212020 1202010 1 2     102 
83-95-24-143852-001-01 2 46   302000    72 1202010202012 1 2    20015
83-95-24-143852-001-01 3 46   501988    02 1202010202012 1 2     3015
83-95-24-143852-001-01 4 46   221988    02 1202010202012 1 2     3015
83-95-24-143852-001-01 6 46   302006    02 1202010202012 1 2     4015
22-52-97-753854-001-01 1 45    52000    01212020112021 1 1 2    12015
22-52-97-753854-001-01 2 46  1202010    71212020 9202012 1 2    20015
22-52-97-753854-001-01 3 46   609999   301212020 9202012 1 2    12015
83-08-74-843855-001-02 1 46   352016    72 1202010202012 1       402 
83-08-74-843855-001-02 2 46   501900    02 1202010202012 1       202 
83-08-74-843855-001-02 3 46   301900    02 1202010202012 1       502 
95-93-01-713856-001-01 1 21   282020   26122                         
95-93-01-713856-001-01 3 46   202003    5121202012202012 1       752 
72-66-88-883859-001-01 1 45    21990    02 12021 12021 1 4        52 
72-66-88-883859-001-01 2 46   262018    02 1202010202012 4      1002 
72-66-88-883859-001-01 3 21  4002020    02 12020 72020 8 4      2002 
72-66-88-883859-001-01 3 46   202018    02 12020 9202012 4      1002 
84-24-16-373869-001-01 2 21   602020   601212020 82020 9 1      2002 
77-48-36-643870-001-01 1 46    41900    02 1202010202012 1 2    2802 
77-48-36-643870-001-01 2 46    31993    02 1202010202012 1 2     4015
38-68-55-543871-001-01 1 21  5002019  1101212020 62020 9 1 2     602 
38-68-55-543871-001-01 1 46   501995   121212020 9202011 1 2      52 
88-98-35-963872-001-01 1 46   429999    02 1202010202011 1       802 
88-98-35-963872-001-01 2 21   192020   18122                         
64-66-80-403872-001-03 2 46  1011900   112 12020 9202011 1      2802 
04-39-66-833874-001-01 3 46  1152018  1001212020 9202011 1      1502 
01-05-27-433875-001-01 1 46    32005    02 12020 9202012 1       202 
01-05-27-433875-001-01 3 46   212014    02 12020 9202012 1      3002 
36-72-56-753876-001-02 4 46   139999   101212020 9202010 1 2     1515
95-35-64-973889-001-01 1 45    82001    0121202010202010 1 2     1615
95-35-64-973889-001-01 1 46    32001    01212020 9202012 1 2     3714
95-35-64-973889-001-01 2 46   121991    0121202010202012 1 2     2014
95-35-64-973889-001-01 3 21  1002019    01212020102021 8 1 2    1502 
95-35-64-973889-001-01 3 46   171991    0121202010202012 1 2     2314
18-23-18-313889-001-02 1 21   242021   241212021 82021 9 2 5     372 
18-23-18-313889-001-02 1 45    22004    02 12021 82021 8 2       262 
18-23-18-313889-001-02 1 46    12007    02 12020 9202011 2 3     252 
18-23-18-313889-001-02 2 46   562005    02 1202010202011 2 5     642 
18-23-18-313889-001-02 3 46   102007    02 1202010202012 2 3    1272 
18-23-18-313889-001-02 4 21  1202020    02 12020 8202010 2 6    1732 
18-23-18-313889-001-02 4 34  1802020    02 12020 62020 7 2 5    1482 
18-23-18-313889-001-02 4 46    42009    02 12020 9202012 2 5     312 
18-23-18-313889-001-02 5 46   192013    02 12020 9202012 2 3     672 
18-23-18-313889-001-02 6 21  2002020  2002 12021 82021 9 2 6    1242 
66-99-22-633890-001-01 1 46    41994    02 1202010202012 1       102 
66-99-22-633890-001-01 2 46  1002010    02 1202010202012 1 2    2172 
66-99-22-633890-001-01 3 46  2002008    02 1202010202012 1 2    3152 
66-99-22-633890-001-01 4 46  1151997    02 1202010202012 1 2    2752 
47-80-77-243891-001-01 1 46    62013    02 1202010202012 1 2    1082 
47-80-77-243891-001-01 1304    62016    02 2                         
47-80-77-243891-001-01 2 46   252005    02 12020 9202011 1 2     512 
47-80-77-243891-001-01 3 46   122014    02 12020 9202011 3       572 
47-80-77-243891-001-01 4 21   702020    02 12020 42020 5 1 2    1342 
47-80-77-243891-001-01 4 46   342017    02 1202010202012 1 3    1142 
47-80-77-243891-001-01 5 21  2402020    02 1202110202110 1 2     942 
23-60-48-433892-001-01 1 21   702020    01212021 42021 8 1       402 
23-60-48-433892-001-01 1 34   602020    01212021 52021 6 1       242 
23-60-48-433892-001-01 5 21  1852020   301212021 52021 9 1      3302 
23-60-48-433892-001-01 5 34   952020    01212021 52021 7 1       372 
97-44-20-973892-001-02 1 46    61900    0122                         
69-11-38-353893-001-01 1 34  2002020  2001212021 62021 6 1 2    1002 
69-11-38-353893-001-01 1 46   292006    01212020 9202011 1 2    2162 
69-11-38-353893-001-01 1304   112015    0122                         
69-11-38-353893-001-01 2 21  2002020    0121202010202010 1 2    3002 
69-11-38-353893-001-01 2 46    42019    02 2                         
69-11-38-353893-001-01 3 46   102008    02 2                         
69-11-38-353893-001-01 5 46   421969    02 12020 9202012 1 2    5402 
69-11-38-353893-001-01 6 46    91900    02 1202010202011 1 2     182 
88-69-14-993894-001-01 1 45    12017    02 2                         
88-69-14-993894-001-01 1 46    31900    02 12020102021 1 1 2      42 
88-69-14-993894-001-01 2 21  1102020  1202 2                         
88-69-14-993894-001-01 2 46   102008    02 12020112021 1 1 2     202 
88-69-14-993894-001-01 3 46   261900    02 2                         
54-17-82-963895-001-01 1 45    71990    02 12021 32021 9 1 2     202 
54-17-82-963895-001-01 1 46   102000    02 1202010202012 1 2     602 
54-17-82-963895-001-01 3 46   451996    02 2                         
54-17-82-963895-001-01 4 21  2002020  2002 2                         
54-17-82-963895-001-01 4 46  1751991    02 1202010202012 1 2    2002 
77-50-25-333907-001-01 2 46    12005    02 12020 9202010 1       1014
65-31-91-123909-001-01 3 21 40002020 3000122                         
65-31-91-123909-001-01 3 46   972004    02 12020 9202011 1 2   10002 
55-64-94-923910-001-01 1 46   601900    02 1202010202012 1 2    2202 
25-53-39-243930-001-01 1 60   212020    6122                         
72-80-89-543945-001-01 1 21 10002020  5001212021 9202110 1       802 
43-94-10-023946-001-01 2 21  5602021  5602 2                         
89-86-06-243946-001-02 1 21 20002020 20002 12021 62021 8 1 2     502 
04-01-34-613948-001-01 1304   162000    72 2                         
10-36-95-743951-001-01 1 21  6002019    01212020 8202010 1 2     902 
26-84-75-253951-001-11 1 21160002020  250122                         
57-63-62-903970-001-02 1304    51900    02 2                         
99-03-56-383970-001-03 1304    11900    02 2                         
14-51-55-673972-001-01 2 21  4002020  400122                         
62-60-65-503983-001-01 3304    11993    02 2                         
31-70-53-033990-001-01 1 53   152019   15122                         
89-64-05-584002-001-01 1 21 35002020  4002 2                         
15-44-50-114003-001-01 3304   102020    9112                         
21-77-05-564004-001-01 4 21  3002019    02 2                         
71-92-23-114006-001-01 2 21 50002020 50002 2                         
41-08-71-954008-001-01 3 21 90002017 30001212020 9202012 1 2    35013
27-44-99-194012-001-01 3 21 10002021 10002 12020 82020 9 1 2    2002 
63-66-25-234027-001-01 1303    82013    02 2                         
18-01-59-534032-001-06 1 21    82021    8122                         
29-58-09-234040-001-01 1 44    12016    0122                         
87-00-93-354040-001-06 1 60   102020   10122                         
87-00-93-354040-001-06 1304   252017    0122                         
12-61-17-854041-001-01 1304   532013    0112                         
12-61-17-854041-001-01 5 21  4502020  450112                         
12-61-17-854041-001-01 5304  2002020  100112                         
23-18-10-954042-001-01 1 44    12004    01212020 82020 8 4        62 
23-18-10-954042-001-01 1304   152014    0122                         
23-18-10-954042-001-01 2304  1002014    0122                         
84-50-65-924043-001-01 1304    82005    0122                         
84-50-65-924043-001-01 3304   202005    0122                         
08-74-51-594044-001-01 1 21  2002020  200132                         
08-74-51-594044-001-01 1304   252010    0132                         
08-74-51-594044-001-01 2304  6002016  2002 2                         
42-06-56-074044-001-02 1 44    62010    0131201912202011 1 2     122 
42-06-56-074044-001-02 1304   202015    0132                         
42-06-56-074044-001-02 3 60  6002019    02 1201812202011 1     150015
42-06-56-074044-001-02 4304    52015    02 2                         
42-06-56-074044-001-02 5304    32015    02 2                         
32-39-94-054046-001-01 1304   622002    0121201912202011 1      1622 
83-55-87-544047-001-01 1 21   502019   50122                         
93-25-73-374079-001-01 2 21  8502020  850121202012202012 1      5002 
20-21-91-334080-001-01 1 21 15002020 15002 2                         
96-18-51-614081-001-01 1305    42012    0122                         
42-26-57-764085-001-01 1 21  1002019    01212020 62020 7 1 3    3002 
04-41-69-294097-001-01 2 21 30002020 30002 2                         
11-60-09-724116-001-01 1304    32019    0122                         
60-41-68-414119-001-03 1303 20001900    0112                         
69-13-58-824120-001-01 1304    52015    02 2                         
85-78-30-984120-001-03 1304    12015    0122                         
22-45-82-054122-001-01 1302  2501980    0122                         
22-45-82-054122-001-01 1303    41990    0112                         
82-88-76-784136-001-01 1 21 10002018  1002 2                         
19-64-20-934137-001-01 1 21  5002020  500122                         
19-64-20-934137-001-01 1 60   102020    1122                         
19-64-20-934137-001-01 1303  1001900    0122                         
19-64-20-934137-001-01 2 21  2002021  2002 2                         
19-64-20-934137-001-01 2303  4001900    0122                         
19-64-20-934137-001-01 3303  7001900    02 2                         
19-64-20-934137-001-01 4 21 12002019  4001212020122021 1 1      5202 
19-64-20-934137-001-01 4303   101900    0112                         
53-43-54-844137-001-06 2 21 65002019    02 2                         
53-43-54-844137-001-06 3 21 60002018    02 12020 1202012 1     24002 
17-12-17-704138-001-01 1 21 80002018 10002 12020 1202012 1 7   64002 
83-49-56-574139-001-01 2 21 50002019 20001212020 1202012 1     400016
83-49-56-574139-001-01 3 21 40002018 15001212020 1202012 1     300016
66-95-65-174140-001-01 2 21    12018 40002 12019 6202012 1 2    2502 
61-45-39-144140-001-03 2 21 12002019  600122                         
45-74-24-364141-001-01 2 21 30002019 15002 1202012202112 1 2     602 
11-85-36-844142-001-01 2 21 36002019 45001212020122021 1 1 2    3202 
17-60-45-744154-001-01 1 46    32010    02 12020102021 9 1 2     522 
17-60-45-744154-001-01 4 21  3002020    02 1202010202110 1 2    2662 
17-60-45-744154-001-01 5 45    12016    02 2                         
17-60-45-744154-001-01 5 60    42019    02 12020102021 9 1 2     532 
62-89-78-464158-001-01 1 21110002018 50002 12020 42020 4 1     15002 
06-97-45-524159-001-01 2 45    21900    02 12020112021 8 1 2     502 
06-97-45-524159-001-01 2 46    71900    02 12020122021 1 1 2      22 
06-97-45-524159-001-01 3 45    11987    02 2                         
82-98-10-514159-001-06 2 45   121900    01212021 92021 9 1 2     8015
42-45-79-764160-001-01 4 45    12011    02 12020102021 8 1       252 
75-63-76-424161-001-01 2 21  2002021  2002 2                         
75-63-76-424161-001-01 2 45    12020    12 2                         
75-63-76-424161-001-01 4 45    12012    02 12021 72021 7 7 8      32 
17-41-82-374175-001-01 1 45    41993    0121202011202110 1      1212 
30-35-93-514192-001-01 0 21  2502019    02 12020102021 1 1      3302 
30-35-93-514192-001-01 0 44    31997    02 1202012202012 1       212 
30-35-93-514192-001-01 0 46    82000    02 12020 82020 9 1       252 
30-35-93-514192-001-01 1 21   502019    02 1202011202012 1       402 
30-35-93-514192-001-01 1 45    31900    02 2                         
30-35-93-514192-001-01 3 21   222020   222 2                         
30-35-93-514192-001-01 3 46    41900    02 1202012202012 1        42 
98-25-88-294193-001-01 1 45   152020   12122                         
98-25-88-294193-001-01 1 46    82018    0122                         
01-53-37-234195-001-01 0 21  2402020  2401212021 22021 2 2        82 
01-53-37-234195-001-01 0 34   602020   60122                         
01-53-37-234195-001-01 0 45    62015    0122                         
48-88-88-904196-001-01 0 44    22000    0122                         
48-88-88-904196-001-01 0 45   152003    01212020 92020 9 1 7     402 
48-88-88-904196-001-01 0 46   252003    01212020 9202012 1 7     552 
48-88-88-904196-001-01 1 21  5002020  5001212020 72020 7 1 7   10202 
04-91-14-704196-001-02 1 21   202020    0121202012202012 1       802 
04-91-14-704196-001-02 1 45    32018    01212021 12021 1 1       302 
25-39-51-764197-001-01 1 21   502020   50122                         
25-39-51-764197-001-01 1 45    22016    02 2                         
17-78-73-004198-001-01 0 45    52021    42 12020 8202010 1       252 
17-78-73-004198-001-01 1 46   122001    02 2                         
91-79-97-084199-001-01 0 45    42010    01212020 8202010 2       602 
87-54-04-174200-001-01 0 21   102020   80122                         
87-54-04-174200-001-01 0 46    51990    02 2                         
62-29-18-134211-001-01 1 21  1202020   151212021 7202110 1      2602 
62-29-18-134211-001-01 1 44    41983    31212021 8202110 1       802 
62-29-18-134211-001-01 1 45   601983    01212021 5202110 1     25802 
24-61-09-854211-001-02 1 21  3502020    01212021 8202110 1 3    4202 
24-61-09-854211-001-02 1 44    51986    01212020 9202012 1       902 
24-61-09-854211-001-02 1 45   251980    01212021 1202110 1 3   29002 
24-61-09-854211-001-02 2 21  4002020    01212021 8202110 1      5402 
24-61-09-854211-001-02 2 45   382019    0122                         
74-48-80-244211-001-03 1 44 20142014    01212022 12022 1 1       402 
74-48-80-244211-001-03 1 46    12014    01212021 9202111 1       102 
74-48-80-244211-001-03 1 60   112020    01212022 12022 1 1       102 
74-48-80-244211-001-03 2 21  1002021  1001212021 9202112 1       802 
45-29-72-644212-001-02 5 21  2002020   702 12021 5202110 2      1832 
15-03-38-514213-001-01 1 44    72017    02 2                         
15-03-38-514213-001-01 1 45    42004    02 12020122021 9 1 2    1202 
15-03-38-514213-001-01 1 46    61900    02 12020 9202011 1 2    1002 
15-03-38-514213-001-01 2 44   111900    02 2                         
15-03-38-514213-001-01 2 45   232018    02 2                         
15-03-38-514213-001-01 2 46  1002002    02 1202010202112 1 2    65015
15-03-38-514213-001-01 3 21  7002020    02 12021 7202110 1 2    50012
15-03-38-514213-001-01 3 44    11998    02 2                         
15-03-38-514213-001-01 3 46   121998    02 2                         
18-95-24-274214-001-02 1 21   402020    01212021 8202111 2       802 
18-95-24-274214-001-02 1 45    32019    0122                         
18-95-24-274214-001-02 2 45    31900    01212021 92021 9 1 2      415
18-95-24-274214-001-02 2 46  1001900    01212020 9202012 1 2    62515
87-15-08-264215-001-01 2 46  2502006    02 1202010202012 1     30002 
84-29-09-244216-001-01 1 45    12018    02 2                         
10-54-43-564217-001-01 1 44    12019    02 2                         
10-54-43-564217-001-01 1 45    72019    92 1202011202110 1 2    6482 
10-54-43-564217-001-01 3 21  3002020    0121202011202110 1 2    3502 
10-54-43-564217-001-01 3 46   372019    02 1202011202110 1 2    8212 
83-33-51-914232-001-01 1 53   152017    02 2                         
15-90-91-834238-001-01 1 60  1002017    01212020 8202010 1      15015
80-41-93-594271-001-01 3 21 40002020 40002 12020 72020 7 1 2    7202 
43-23-22-294271-001-02 3 2110000202010000122                         
87-52-88-384288-001-01 1304   502019    02 2                         
87-52-88-384288-001-01 2304  2002020   802 1202011202110 1     350015
27-81-46-114307-001-01 1 46   151990    0122                         
27-81-46-114307-001-01 3 46   222020   22122                         
48-26-35-364308-001-01 3 21   352020   35122                         
48-26-35-364308-001-01 3 46    32010    0122                         
48-26-35-364308-001-01 4 46   222019    8122                         
48-26-35-364308-001-01 5 46   252017   20122                         
31-91-85-564309-001-01 2 46  1051900    02 1202010202012 1 2    2002 
31-91-85-564309-001-01 3 46  4201900    02 1202010202012 1 2    8002 
29-82-56-654310-001-01 1 46    11995    02 12020 9202012 1 2     402 
29-82-56-654310-001-01 2 21   502020  4002 12020 52021 2 1 2    4002 
29-82-56-654310-001-01 2 46   201999    02 12020 9202012 1 2    2502 
75-82-37-584310-001-02 1 46   402008    02 1202010202012 2      2002 
28-05-92-534310-001-04 1 46   101995    02 2                         
28-05-92-534310-001-04 2 46   401995    02 2                         
09-67-89-134311-001-01 1 46   792017    0122                         
78-86-12-724311-001-04 1 46   502018   26122                         
66-68-73-914313-001-01 1 46  1101993    0121202010202011 1 2   36002 
66-68-73-914313-001-01 3 46   102018    02 2                         
66-68-73-914313-001-01 5 45    41996    01212020 1202012 1 2     302 
56-83-61-514326-001-01 2 21  1002020    01212021 82021 9 1       8016
29-42-96-404328-001-01 2 54  5002016  1001212021 42021 7 1 9    1502 
85-15-73-244330-001-02 1304    61900    02 2                         
11-69-06-894345-001-02 1303  1401900    0112                         
95-89-60-914363-001-01 1 59    22012    0122                         
95-89-60-914363-001-01 2 21  3002018   502 12020 8202011 1 2    30014
95-89-60-914363-001-01 3 46    32012    0122                         
95-89-60-914363-001-01 3 59    42003    0122                         
95-89-60-914363-001-01 3304   222015    7122                         
95-89-60-914363-001-01 4 21  1502019   502 12020 8202011 1 2    3602 
47-02-15-084364-001-01 2 21   502019   502 2                         
15-35-50-034365-001-01 5 21  3002018  2802 12019 82020 6 1      42514
50-28-33-064365-001-03 2 21  1602021  1202 1201912202011 1      35014
50-28-33-064365-001-03 3 21  1502020   802 1201912202012 1      25014
29-58-66-324365-001-05 1304    22015    02 2                         
94-35-43-704366-001-02 1 21  1752019  1752 2                         
77-14-05-264367-001-01 2 21  2302019  2302 12020 52020 6 1      7002 
77-14-05-264367-001-01 3 21  3602019  3602 12020 52020 9 1      3002 
14-89-23-384367-001-02 1 21 40002019 40002 1202010202010 1 2   120012
14-89-23-384367-001-02 2 21 35002019 35002 12020 9202011 1 2    40012
14-89-23-384367-001-02 3 21  1202020  1202 12020 92020 9 1 2    2002 
38-11-78-454369-001-01 3 21  6002019    02 2                         
59-35-71-824442-001-01 1303   301900    0122                         
81-84-58-854445-001-04 1 21100002019  5402 1202011202012 1 2    1802 
25-88-33-814481-001-01 1 21 40002020 40002 1202011202011 1 2    1502 
41-58-31-404483-001-01 1303 25001900    01212020 3202010 9      60015
05-19-84-164499-001-03 2 21 10002019 10001212020 9202012 3 5  153002 
05-19-84-164499-001-03 3 21 20002019 20001212020 9202012 3 5  153002 
10-94-44-734501-001-03 1 60   482018    02 12020 62020 7 1 2     302 
56-35-31-494501-001-04 1303    81900    0122                         
56-35-31-494501-001-04 3303    51900    02 2                         
41-39-89-994501-001-07 1303  128 190    0122                         
41-39-89-994501-001-07 2303  2501900    02 2                         
46-06-74-344502-001-01 1304   962018    02 2                         
72-51-93-504503-001-01 2303   501992    02 12020 62020 8 1 8   40002 
72-51-93-504503-001-01 2306   501992    02 12020 72020 8 1 8   10002 
72-51-93-504503-001-01 5303   122000    02 2                         
92-98-94-244535-001-01 1 21 12002019    02 2                         
99-29-28-044543-001-01 1 21  3502019    01112020 72020 8 1 3   18002 
86-76-02-114706-001-01 1304    41900    02 2                         
86-76-02-114706-001-01 2304   101900    02 2                         
34-31-41-494710-001-01 1304   201900    0122                         
13-80-32-634724-001-01 1303 22001900    02 12019102020 3 1      7002 
15-21-88-534745-001-01 1 21  1002020    0122                         
62-43-51-594745-001-04 1304    42020    4122                         
33-63-56-624763-001-03 1 34    62017    01212020 72021 9 2       402 
33-63-56-624763-001-03 1 63    11900    0122                         
33-63-56-624763-001-03 1304    11900    0122                         
89-76-80-984765-001-02 1 21  8002020    02 12020102021 2 2     150014
00-38-32-834766-001-01 1301    31900    02 12021 4202110 1      2002 
00-38-32-834766-001-01 2301    21900    02 12021 42021 4 1      2502 
38-76-84-394768-001-01 1 63   111900    02 2                         
38-76-84-394768-001-01 1301    41900    02 2                         
79-66-60-704783-001-06 3 63    11900    02 2                         
79-66-60-704783-001-06 3301    11900    02 2                         
74-79-96-154789-001-01 1304    21900    02 2                         
87-21-08-094801-001-01 1 21    42019    0121202012202012 1       202 
87-21-08-094801-001-01 1998    22014    0122                         
84-03-14-864802-001-01 1 21  5002020  500122                         
78-46-80-074806-001-01 1 21  3002020  3001212021 12021 1 1 2     502 
78-46-80-074806-001-01 2 21  9002020  9002 2                         
33-87-11-244839-001-01 1 21  3402020  310121202010202011 1      36012
15-67-33-214843-001-01 4 44    21901    01212020 1202112 1 2     522 
35-77-92-814844-001-02 1 44    32014    01212020 52021 2 2      2502 
35-77-92-814844-001-02 3 21 10002020 10002 2                         
92-40-07-944862-001-01 1 21   112020    0122                         
02-39-87-314878-001-01 3 21   302020    0122                         
80-02-63-904879-001-01 2 21 80002020 20001212020 72020 8 1 2   30002 
78-15-30-224880-001-01 2 21 30002020 3000122                         
47-30-58-254895-001-01 1 55 60001960    02 2                         
47-30-58-254895-001-01 1304    31952    02 2                         
47-30-58-254895-001-01 2 54  2001962    02 2                         
47-30-58-254895-001-01 2304    62013    02 2                         
47-30-58-254895-001-01 4 54   602000    02 2                         
47-30-58-254895-001-01 4304    62013    02 2                         
47-30-58-254895-001-01 5 21  1002020  1002 12020 2202012 2 4     302 
47-30-58-254895-001-01 5 54    92000    02 12020 32020 4 1 2      114
47-30-58-254895-001-01 5 60   182019    52 12020 1202012 1 2     102 
83-48-46-444895-001-03 1 21   202020   202 12020 1202012 1 2     202 
83-48-46-444895-001-03 1 60   102005    02 12020 1202012 1 2     302 
83-48-46-444895-001-03 1304    82004    02 2                         
83-48-46-444895-001-03 5 21   122017    02 2                         
83-48-46-444895-001-03 5304    12017    02 2                         
87-09-78-694898-001-01 1 54   301998    02 12020 6202010 1 2     102 
87-09-78-694898-001-01 1304    62010    02 2                         
87-09-78-694898-001-01 4 54   152006    02 2                         
87-09-78-694898-001-01 5 60   152020   152 2                         
87-09-78-694898-001-01 8304 50002010    02 2                         
87-09-78-694898-001-01 9 60   202017    02 12020 8202010 1 2     202 
87-09-78-694898-001-0113 60   102016    02 12020 7202010 1 2     302 
83-14-14-024898-001-04 1 21   202021   20122                         
83-14-14-024898-001-04 1 45    22021    2122                         
83-14-14-024898-001-04 1 60    32021    3122                         
42-87-18-364900-001-01 1304    72003    02 2                         
42-87-18-364900-001-01 3304    22019    02 2                         
42-87-18-364900-001-01 4304    31900    02 2                         
44-11-06-044901-001-01 1304   102007    02 2                         
44-11-06-044901-001-01 3304    32012    02 2                         
37-86-09-804915-001-01 2 21   502020   50122                         
37-86-09-804915-001-01 2 60   301900    01212020 9202012 1       152 
37-86-09-804915-001-01 3 21   102018    01212020 7202012 1       202 
37-86-09-804915-001-01 4 21   452018   101212020 9202012 1       272 
37-86-09-804915-001-01 4 60   302010    01212020 1202012 1       182 
84-99-81-334916-001-01 1 60   502017    02 12020 1202012 1 2     302 
84-99-81-334916-001-01 1304    3 201    02 2                         
84-99-81-334916-001-01 2304   202019    02 2                         
84-99-81-334916-001-01 4304    52014    02 2                         
70-83-81-894917-001-01 2 60   201900    01212020 82020 8 1 2    1002 
70-83-81-894917-001-01 3 60  1001900    01212020 8202010 1 2    3002 
12-86-91-664918-001-01 1304    62013    02 2                         
63-07-18-144919-001-01 1 21  1002020  1002 2                         
50-74-04-804919-001-02 1 21  1002017    02 12020 22020 5 1      3002 
19-81-67-344920-001-01 1304   302016    02 2                         
19-81-67-344920-001-01 2304  1002016    02 2                         
62-49-93-004921-001-01 2 21  1202019  120121202010202110 1       762 
31-32-27-894934-001-02 3 21  1002019 20201212020102021 1 2       302 
31-32-27-894934-001-02 3304    82020 2020122                         
18-03-94-104935-001-01 3 21   202019    02 12020 6202012 1       202 
18-03-94-104935-001-01 3303    22016    02 2                         
20-59-92-394938-001-01 2 21   702020   402 12020 1202012 1 4     202 
63-25-21-504939-001-01 3 21  1002018   501212020 32020 4 1      1002 
27-50-87-344971-001-01 2 45    41900    02 12020102021 9 1       502 
39-26-01-864972-001-01 1 45   201997   101212020102021 9 1      20015
39-26-01-864972-001-01 2 45   101995    02 2                         
30-25-28-774973-001-02 1 45   201900    01212020 82021 9 910    80015
30-25-28-774973-001-02 2 45    31900    01212020 82021 9 910     302 
30-25-28-774973-001-02 3 45    71900    01212020 82021 9 910    10015
97-70-48-754974-001-01 1 45    31985    0122                         
69-14-01-644978-001-01 1 45    12019    02 2                         
69-14-01-644978-001-01 1 46    52000    32 2                         
69-14-01-644978-001-01 1 60   302021   302 2                         
69-14-01-644978-001-01 2 45    31980    02 2                         
84-34-29-434990-001-02 2 21  2002019    02 12020 7202012 2      2002 
85-74-34-934992-001-01 5304    21900    02 2                         
29-14-89-654994-001-01 1303    32010    0122                         
29-14-89-654994-001-01 2 57    22006    02 12020 1202012 1        62 
22-03-21-614995-001-01 1304   301900    02 2                         
89-97-94-105032-001-01 1304    92010    02 12020 52021 4 1      2002 
25-26-48-115034-001-01 1304    22015    0122                         
25-26-48-115034-001-01 1306  3001990    02 2                         
98-44-73-355086-001-01 1303    32011    02 2                         
98-44-73-355086-001-01 1304    42011    02 2                         
83-51-28-255092-001-01 1303   132007    02 2                         
91-68-31-455184-001-01 1 45  2002010    01212021 82021 8 1      30015
84-26-77-425202-001-01 1 45  1002014   50132                         
84-26-77-425202-001-01 1304  1202020  100132                         
93-09-91-355224-001-02 1 21   102020   50122                         
93-09-91-355224-001-02 1 60   152020    3122                         
94-55-33-915228-001-02 1 21   702020    01212020 62020 8 1 2     7515
94-55-33-915228-001-02 1 34   502020    01212021 72021 9 1 2     2015
31-85-61-415244-001-01 1 21  1002021  1002 2                         
31-85-61-415244-001-01 1 46    31900    02 12021 32021 4 1       5015
31-85-61-415244-001-01 1 60   202019    02 12020 72021 4 1      1002 
02-32-95-595245-001-01 2 46   152014    02 2                         
62-56-55-855277-001-01 1 45    11900    02 12021 22021 5 1 2     202 
86-02-89-525278-001-01 1 21 10002020 1000122                         
86-02-89-525278-001-01 1 45   161900    01212021 72021 7 1       252 
43-47-25-485313-001-01 1 21    02021    01212020 62020 6 1 2     502 
86-62-84-505319-001-01 1 21   602021   602 2                         
21-75-27-695333-001-02 1 46    12019    0122                         
21-75-27-695333-001-02 1 60    22019    01212021 72021 7 2        52 
19-74-16-955354-001-01 1 46    11900    02 2                         
71-29-17-945397-001-01 1 21   202021   202 2                         
05-64-34-945433-001-01 1 21 21002019  4401212020 62020 8 1     36002 
38-02-99-865447-001-01 2 44    21992    0122                         
38-02-99-865447-001-01 2 45    21900    01212020 92021 8 1 7     722 
38-02-99-865447-001-01 2304    12018    0122                         
47-48-66-405476-001-01 1 21  3202020    01212021 72021 8 1      4802 
47-48-66-405476-001-01 1 45   721986    01212020112021 8 1     46002 
66-94-54-605487-001-01 1 57    32020    22 1202011202011 2        513
12-32-78-575490-001-01 2 45    82001    02 12020 62021 6 1      4002 
92-35-01-025513-001-03 1 54 18002008    02 12020 52020 7 4     14822 
73-86-17-645514-001-01 1 60  2002021    01212020122021 5 1      3002 
22-58-79-145529-001-01 2 21 24602020 16001212021 1202112 1 2    6002 
65-69-75-995529-001-03 1 21    72020    72 2                         
65-69-75-995529-001-03 1 44    12016    02 2                         
65-69-75-995529-001-03 1 45    22017    02 2                         
65-69-75-995529-001-03 1 60   802017    02 12020 72021 3 3 4     902 
19-23-47-965541-001-01 1 45   302014    02 2                         
19-23-47-965541-001-01 1 46   402017    0122                         
84-98-35-825544-001-02 1 21   502020   101212020102021 4 7 8     802 
84-98-35-825544-001-02 1 44    62015    02 2                         
84-98-35-825544-001-02 1 45    51996    02 12020 12021 4 7 8     702 
84-98-35-825544-001-02 1 46    41998    02 2                         
84-98-35-825544-001-02 1 60    12017    02 12020 62020 7 7 8      52 
84-98-35-825544-001-02 1 63    22009    02 2                         
84-98-35-825544-001-02 1304   102008    02 2                         
29-20-77-815564-001-01 1 21  3002020  300122                         
29-20-77-815564-001-01 1 45   301980    01212021 42021 4 1 4     6015
29-20-77-815564-001-01 1 46   401980    0121202010202010 1 4     152 
29-20-77-815564-001-01 2 21  6002020  6002 12021 32021 5 1 4     502 
95-18-99-895581-001-01 1 46    62014    0112                         
86-58-89-005581-001-02 1 21   502019   252 12020102021 9 1 2    1302 
86-58-89-005581-001-02 3 46    51900    02 12020102021 1 1 2      615
91-10-13-905608-001-01 1 45   801990    02 2                         
91-10-13-905608-001-01 1 46   501995    02 2                         
22-79-71-245621-001-01 1 21  1202020  1202 2                         
46-47-87-295623-001-01 1 21   602020   602 2                         
52-25-64-035661-001-01 1 44    12010    02 2                         
52-25-64-035661-001-01 1 46    12008    02 12020 92020 9 1 2      32 
82-25-26-415693-001-01 1 34    72019    02 12020 52021 2 1 2     302 
82-25-26-415693-001-01 1 46    32007    32 12020122021 2 3        52 
82-25-26-415693-001-01 1 60   202018    02 12020 82021 3 1 2     152 
82-25-26-415693-001-01 4 46    12000    02 2                         
94-78-24-505695-001-01 1 46    42001    02 12020112021 1 1 2     1014
53-17-72-605696-001-01 1 45    31900    01212020102021 1 1       602 
37-78-83-385697-001-01 2 21  3002020  200122                         
37-78-83-385697-001-01 2 46    12006    02 2                         
37-78-83-385697-001-01 3 21  2002020  2001212021 12021 4 1       502 
37-78-83-385697-001-01 3 46    52006    01212021 32021 3 1        515
17-53-58-105699-001-02 1 46    12013    02 12021 12021 2 2        52 
17-95-04-885700-001-02 1 21   502020   501212020122021 3 2      3502 
17-95-04-885700-001-02 1 45    81986    02 12020 62021 2 2       352 
17-95-04-885700-001-02 1 46   111986    02 12021 12021 2 2        22 
17-95-04-885700-001-02 1 57    32020    31212021 12021 2 2        42 
67-56-06-175719-001-01 1 46   531969    02 12020 9202011 1      3502 
96-24-36-025739-001-01 1 21  4402020   601212021 52021 6 1     17502 
96-24-36-025739-001-01 1 45  2202018   60122                         
28-56-69-975788-001-01 3 63    11900    01212020 8202010 1 2    1752 
61-37-81-585809-001-01 1 21   202020    02 12020 92021 8 1       202 
61-37-81-585809-001-01 1 45    21900    02 12020 92021 8 1       202 
11-39-67-375846-001-01 1304    32011    0122                         
42-22-06-975847-001-01 2 44    62011    02 12020 82020 9 1       902 
19-13-10-225848-001-04 1 21 70002016    02 12019 9202011 7 8    42014
19-13-10-225848-001-04 3 21 80002020 80002 2                         
59-35-72-905849-001-01 1304    42014    0122                         
59-35-72-905849-001-01 2 21  5402019    0122                         
59-35-72-905849-001-01 2304    11999    0122                         
38-54-59-265850-001-01 1998    62015    0122                         
70-86-81-135851-001-03 1 21  3002020  1101212021 62021 8 1 2    1302 
52-17-86-975851-001-09 3998    72017    0122                         
96-92-93-895851-001-10 1 21  6002019  2002 2                         
62-87-05-555864-001-01 1 60    22019    01212021 62021 6 2        12 
62-87-05-555864-001-01 1304    92015    0122                         
28-63-80-025870-001-01 1 21 40002019    0122                         
28-63-80-025870-001-01 3 21 20002019    02 12021 32021 3 1 2    14014
20-23-28-815871-001-02 1 21 24002021 16002 2                         
20-23-28-815871-001-02 1 44    12001    0122                         
44-04-54-775872-001-01 2 21  3702020  3702 2                         
23-97-33-545886-001-02 1 21 13262020   372 12020 72020 8 1       802 
15-35-33-895909-001-01 1 21 12002020 12002 12021 72021 7 1 8    2002 
47-03-39-285930-001-01 1 21   102021   10122                         
47-03-39-285930-001-01 1998    22017    0112                         
63-22-91-285940-001-01 2 60 60002016  1501112020112021 2 1 2   900015
20-34-67-305942-001-02 2 21  6002020  100122                         
44-44-29-875943-001-01 1304    62015    0122                         
22-41-43-445945-001-01 1998   302005    0112                         
99-99-38-585947-001-01 2 21 20202020  920122                         
71-84-74-895949-001-01 3 21108802020 40002 12020 8202012 1      35014
46-18-20-365962-001-01 1302   301991    01212020122021 5 1       302 
60-11-48-655965-001-01 2 34    62000    02 12020 9202010 1       102 
05-95-47-035978-001-02 2304 18002012    0122                         
36-27-61-515979-001-01 2304  1501900    02 2                         
36-27-61-515979-001-01 3304  2001900    02 2                         
36-27-61-515979-001-01 4304   602013    02 2                         
52-56-40-355980-001-01 1 60    42017    0122                         
24-59-59-235983-001-01 1304   202014    02 2                         
60-33-80-915984-001-01 1304   122015    0122                         
60-33-80-915984-001-01 2 55 31502013    02 12020 92021 6 1 2   30002 
60-33-80-915984-001-01 3 55 20001998    02 12020 82021 7 1 2   25002 
60-33-80-915984-001-01 4304  4752019    02 2                         
60-33-80-915984-001-01 5 55 30002005    02 12020 82021 6 1 2   29802 
60-33-80-915984-001-01 6304 99752013    01212020 9202010 1 2  385002 
60-33-80-915984-001-01 7304 19702014    02 2                         
46-74-15-535985-001-01 4304   152017    02 2                         
59-55-57-895998-001-01 1302  3501900    02 12021 12021 4 1     30002 
59-55-57-895998-001-01 1304   892005    02 12020 82020 8 1      6002 
69-16-29-086042-001-01 1302 20001999    41212020 32021 2 1 2  158002 
42-91-10-706042-001-03 1302   552010    0122                         
42-91-10-706042-001-03 2302   482010    0122                         
88-88-77-016074-001-01 1 54   302000    01212020 62020 8 1 2    1202 
88-88-77-016074-001-01 1 60   202011    01212020 1202012 1       352 
47-51-56-856075-001-01 1 54  2052021  205122                         
47-51-56-856075-001-01 1 60   502021   351212021 32021 4 1 2     752 
03-51-56-446076-001-01 1 21   302019    01212020 72020 8 1 2    1002 
03-51-56-446076-001-01 1 54   302019   50122                         
03-51-56-446076-001-01 1 60   202020   101212020 62021 5 1 2     602 
03-51-56-446076-001-01 1998  1002019    01212020102021 1 1 2    2002 
04-11-05-776077-001-01 1 54   302019    0122                         
90-51-97-206078-001-01 1 21   502000    01212020 62021 5 1 2    5222 
90-51-97-206078-001-01 1 54   502000   501212020 72020 7 1 2    14016
90-51-97-206078-001-01 1 60   202012    01212020 52021 4 1 2    1502 
90-51-97-206078-001-01 1304    12000    0122                         
90-51-97-206078-001-01 1305    62020    6122                         
97-93-22-896080-001-01 1 54    61900    0122                         
97-93-22-896080-001-01 1 60   402020    01212020 52021 5 1       302 
97-93-22-896080-001-01 1304    11999    0122                         
97-93-22-896080-001-01 2 60   302020    02 12020 52021 4 1       402 
98-41-89-296092-001-01 1 21  1002020  1001212020122021 2 1      1502 
98-41-89-296092-001-01 1304    12017 2013122                         
67-53-69-106093-001-01 1 54    11975    01212020 32021 2 1        42 
58-61-73-626094-001-01 1 21   302020   30122                         
58-61-73-626094-001-01 3304  2001900    6122                         
23-11-44-096095-001-01 2 54   201900    01212020 62020 7 1       302 
23-11-44-096095-001-01 2304    12016    0122                         
23-11-44-096095-001-01 3 21   502020   50122                         
23-11-44-096095-001-01 3 44    32017    0122                         
23-11-44-096095-001-01 3 60   302018   121212020 32021 2 1       502 
23-11-44-096095-001-01 3304    62016    0122                         
23-11-44-096095-001-01 4 54   301900    01212020 62020 7 1       142 
23-11-44-096095-001-01 4304    31900    0122                         
23-11-44-096095-001-01 5304   502012    02 2                         
23-11-44-096095-001-01 6304    51900    02 2                         
67-38-97-816096-001-01 1 21  2002020  2002 12020122021 5 5       6015
67-38-97-816096-001-01 1 54   302010    01212020 12020 2 5       1014
54-69-37-596097-001-01 1 21   302021   30122                         
54-69-37-596097-001-01 1 54   101995    0122                         
17-87-45-376098-001-01 1 54    41980    02 12020 52020 7 1       202 
17-87-45-376098-001-01 1304   102014    02 2                         
17-87-45-376098-001-01 2 54   571980    02 12020 52020 7 1       602 
17-87-45-376098-001-01 2304   252001    5112                         
82-38-88-876099-001-01 1 18    32019    01212020 32021 2 1 2     202 
82-38-88-876099-001-01 1 21   302019   301112020 32021 2 1      12013
82-38-88-876099-001-01 1 54    82016    01112020 32021 2 1 2     402 
11-28-10-276111-001-02 1 21   362017    01212020 82021 7 2       602 
11-28-10-276111-001-02 1 44    52003    01212021 52021 5 2       402 
11-28-10-276111-001-02 1 54   361976    01212021 52021 7 2      2802 
11-28-10-276111-001-02 1306   232003    0112                         
32-80-84-066112-001-01 1 54  1101994    01212020 52020 8 1     13002 
32-80-84-066112-001-01 2 54  1002008    01212020 52020 8 1     10002 
11-95-77-216115-001-01 1 54  1301999    01212020 62021 7 1      20713
59-91-92-126116-001-01 2 21  2002019    01212020102021 2 1      1402 
59-91-92-126116-001-01 2 54   122007    0122                         
93-28-31-466117-001-01 1 54  1001900    01212020 62020 6 1 2     502 
57-19-84-556118-001-01 1 54   521981    01212020 62020 7 1      1202 
62-45-14-046130-001-01 2 21  2002021    0122                         
65-97-14-246149-001-03 3 21   502020   50122                         
65-97-14-246149-001-03 3 54   501981   301212021 42021 4 4       502 
86-36-46-366150-001-02 2 54  1502000    02 2                         
70-44-66-336152-001-01 1 54   401969    01212021 52021 7 1 2     6013
70-44-66-336152-001-01 2 54   801969    01212021 52021 7 1 2     6013
70-44-66-336152-001-01 3 54   701969    01212021 52021 7 1 2    15013
70-44-66-336152-001-01 4 54   702012    01212021 52021 7 1 2    20013
70-44-66-336152-001-01 5304   501978 19782 2                         
52-66-48-206153-001-01 1 54   182009    01212021 62021 6 1 2     552 
52-66-48-206153-001-01 2 54    72002    01212021 62021 6 1 2     352 
52-66-48-206153-001-01 3 54   202013    01212021 62021 6 1 2     602 
52-66-48-206153-001-01 4 54   202010    01212021 72021 7 1 2     852 
21-27-12-896155-001-01 1 21   602018    01212020 72021 6 1      1202 
21-27-12-896155-001-01 1 54  5002020  500122                         
21-27-12-896155-001-01 2 21 20002018    01212020 72021 6 1      1802 
21-27-12-896155-001-01 3304  6001983    02 2                         
76-95-55-866156-001-01 1 54   101900    0122                         
76-95-55-866156-001-01 2 21    42017    01212021 62021 6 1      1602 
76-95-55-866156-001-01 2 54    31900    0122                         
12-92-21-926171-001-01 1 54    42014    01212021 62021 6 1       182 
99-88-87-926174-001-01 4 21  3002020  300122                         
99-88-87-926174-001-01 5 21 10002020 1000122                         
47-39-58-576175-001-01 1304    72018    4132                         
54-09-11-756208-001-01 1304  3002014    02 12021 72021 7 1      5002 
99-49-58-426210-001-01 1304    42017    1122                         
95-07-03-496227-001-01 2 54  2302007   801212020 32021 2 1 2    2502 
56-36-73-366228-001-01 1 21   802019    01212020 32021 2 1 2    1202 
56-36-73-366228-001-01 1304    12014    0122                         
95-58-90-606229-001-01 1 54   801900    01212020 62020 7 1      1502 
95-58-90-606229-001-01 1304   101900    0122                         
95-58-90-606229-001-01 2 54  1002020  1002 2                         
31-43-47-486232-001-02 2 21   172019    51112019 32021 2 2 4  241232 
42-99-08-386244-001-01 1 21   502020   501212020 32021 4 1 2    3002 
42-99-08-386244-001-01 1 54  3002020  300122                         
42-99-08-386244-001-01 1 60   202020   20122                         
42-99-08-386244-001-01 1998    62016    6122                         
05-51-75-156245-001-01 1 21   302019    01212020 62020 6 1 2     802 
05-51-75-156245-001-01 1 54  1002007    01212020 62020 8 1 2    5302 
05-51-75-156245-001-01 1 60   802018    31212021 32021 4 1 2    1402 
05-51-75-156245-001-01 1304    62015    0122                         
05-51-75-156245-001-01 2 21    92019    01212020 62020 6 1 2     802 
05-51-75-156245-001-01 2 54   501998    01212020 62020 7 1 2    2002 
05-51-75-156245-001-01 2 60  1402018    31212020 52020 5 1 2     202 
05-51-75-156245-001-01 2304    92019    01212020 62020 6 1 2   10002 
09-68-04-756246-001-01 1 21  1002020    01212020102021 4 1      1802 
66-91-47-616247-001-01 1 54   502010    01212020 72020 8 1 2    1802 
66-91-47-616247-001-01 1998   402020   30122                         
61-92-53-506248-001-01 1 54  2001999    01212020 62020 8 1 2    3502 
61-92-53-506248-001-01 1 60   102020   101212021 12021 4 1 2     162 
54-85-24-906249-001-01 1 21   402021   40122                         
54-85-24-906249-001-01 1 54   152000    01212020 62020 8 1      1202 
79-54-29-986250-001-01 1 54   261900    01212020 62020 8 1      1202 
79-54-29-986250-001-01 1304    21900    0122                         
29-42-49-586251-001-01 1 21   152020    0122                         
29-42-49-586251-001-01 1304    52015    0122                         
29-42-49-586251-001-01 2 21   302019    01212020 52021 4 1      1502 
29-42-49-586251-001-01 2304   102015    0122                         
42-21-30-216263-001-01 1 54  1801998    01212020 62020 8 1 2   12002 
42-21-30-216263-001-01 1304    72013    0122                         
77-10-93-706264-001-01 1 18    62000    01212020 52021 4 1       502 
77-10-93-706264-001-01 1 21   302020   151212020122021 4 1      3002 
77-10-93-706264-001-01 1 54 20001998   20122                         
77-10-93-706264-001-01 1 55   202020    51212020 52021 4 1      1002 
77-10-93-706264-001-01 1 60   102021    61212020 52021 4 1      7202 
77-10-93-706264-001-01 2 21   302021   30122                         
77-10-93-706264-001-01 2304 60002006   501212020 62021 2 1       302 
69-12-72-796264-001-03 1 21  1502016    01212020 52021 4 1 2     602 
69-12-72-796264-001-03 1 54  3002008    01212020 52021 4 1 2     502 
58-29-18-126265-001-01 1 54  1002011   50122                         
58-29-18-126265-001-01 1998  2002018  1001212020 52021 4 1 2    3002 
56-37-50-426266-001-01 1 54    82006    02 12020 62020 8 2       242 
25-91-76-286267-001-01 1 54    21990    01212020 32021 4 1 2     302 
82-70-52-526268-001-01 1 54   702014    01212020 72020 7 1 2    1402 
82-70-52-526268-001-01 1 60  1002018    01212020 52021 4 1 2    21013
11-88-00-956269-001-01 1 21   152015    0122                         
11-88-00-956269-001-01 1 54   402000    01212020 52020 8 1 2    3502 
11-88-00-956269-001-01 1 60  2002015    01212020 52021 5 1 2    7202 
11-88-00-956269-001-01 1304   102014    0122                         
11-88-00-956269-001-01 2 21   502017    02 12019 62019 7 1 2    2902 
11-88-00-956269-001-01 2 54   452010    01212020 62020 9 1 2    1402 
11-88-00-956269-001-01 2 60  1402010    01212020 52021 5 1 2    3602 
11-72-84-766270-001-01 1 21   302019   151212020 52021 4 1      1802 
11-72-84-766270-001-01 1 54   252005    01212020 52021 4 1       272 
11-72-84-766270-001-01 1 60   102020    71212020 52021 4 1       752 
11-72-84-766270-001-01 1304    42014    0122                         
11-72-84-766270-001-01 2 21   252019  120122                         
11-72-84-766270-001-01 2 54   501976    01212020 52021 4 1      2162 
47-56-84-866303-001-01 2 21  3002021  3002 12020112021 5 1 2    25015
22-39-67-026305-001-01 2 21  4002020  4002 12021 22021 3 1      2402 
70-65-42-626306-001-01 1 21  2002021  2202 12020 62021 7 1       802 
70-65-42-626306-001-01 2 21  1502021  1502 12020 62021 7 1       502 
70-65-42-626306-001-01 4 21   502021   601212020 62021 7 1       302 
27-39-94-016307-001-01 1 21  3002020  3001212021 12021 4 1      8002 
59-09-89-426308-001-01 1 21 20002019 20002 12020 82021 4 1     20002 
59-09-89-426308-001-01 2 21 10002019 10002 1202010202012 1      8002 
74-65-42-856320-001-01 1 21  2002020  2002 12020 72021 6 1 2    3202 
53-68-21-896322-001-01 2 21 20002020 20001212021 32021 6 1      5602 
07-03-57-976325-001-01 1 21  9002020  9002 12020102021 5 1 2    50015
20-56-10-126326-001-01 2 21  1002019    02 12020112021 1 1      4802 
85-15-11-196341-001-01 1 45   151990    02 12020 4202011 1      2502 
69-68-49-176343-001-01 1 21  5002019  3002 12020 62021 2 1 2    6402 
69-68-49-176343-001-01 2 21  3002019  1002 12020 82020 8 2       802 
67-02-63-506344-001-01 1 21  1502020  1502 12020 92021 3 1      13015
67-02-63-506344-001-01 2 21   602020   602 12020 52021 4 1       4015
85-35-63-166346-001-01 1 21 20002020 15002 12021 52021 7 1      15015
50-28-73-176358-001-01 2 21  3502020  3502 12020 52021 4 1 2    2802 
04-64-50-056361-001-01 1 21 10002020 10002 12020112021 5 1      50012
20-21-28-556364-001-01 1 21 10002020  6002 12020 62021 4 1      7202 
20-21-28-556364-001-01 2 45    11968    02 2                         
48-55-18-526365-001-01 1 21   702020  1002 12020 1202012 1      10013
08-47-64-556366-001-01 2 21  2502020  2502 12020 9202010 1      15015
08-47-64-556366-001-01 3 21  1502020  1502 12020 9202010 1      20015
16-07-21-726368-001-01 2 21 40002020 40002 12021 12021 5 2      6402 
98-46-77-536377-001-01 1 21  2002020  2002 2                         
49-71-93-576378-001-01 2 21  1202020  1202 12021 72021 8 1       502 
96-48-89-166379-001-02 1 21 20002019    02 12020 92021 5 2     16002 
27-72-20-136380-001-01 2 21  2502020  2502 12021 42021 8 1 2    3502 
27-72-20-136380-001-01 2 34   502020   402 12021 22021 5 1 2     502 
12-25-31-276381-001-01 3 21   502021   502 2                         
28-78-60-056382-001-02 1 21  1502021  1502 12021 22021 6 2      10015
74-48-64-426383-001-01 1 21  2002021  2502 12020 82021 7 1 2    10013
40-38-88-716384-001-01 1 21  3002020  3002 12021 32021 8 1 2    4202 
46-97-87-156396-001-01 2 21  1202021  1502 12020 82021 7 1      1602 
43-43-72-076402-001-01 1 21   502020  1501212020102021 1 1      1002 
08-84-14-216416-001-01 3 21  1502019  1001212020122021 6 1      2372 
10-43-69-506422-001-01 1 21  2002020  200122                         
57-79-50-336459-001-01 1304    52012    0122                         
44-63-23-236461-001-01 1 21    02020  150122                         
44-63-23-236461-001-01 1 60  8002010    02 12020 32021 2 1 2   150015
44-63-23-236461-001-01 1303    99999    0122                         
64-41-75-296483-001-01 3 60 20002021 20002 12020 6202012 1    150002 
11-29-55-866491-001-01 2 21 49002019 49002 12020 62020 7 1 2   456013
63-18-65-676492-001-01 1304    22001    02 2                         
63-18-65-676492-001-01 2 21  4372019   422 12020 62020 6 1      9002 
75-84-54-756492-001-04 1 21   772018    92 12020 62020 6 1      2482 
36-33-33-866493-001-01 1 21 32002019  2001212020 62020 8 1     20002 
95-01-55-686496-001-01 2 21  6002021  6002 2                         
71-41-76-146510-001-01 4 21  3002020  3002 2                         
51-46-98-396510-001-03 1 21  1262021  126122                         
96-44-09-556517-001-01 2 21 60002018    01212020 32020 3 1     56002 
56-34-20-756530-001-02 1 21 16002018  1301212020 52020 9 2 3    60014
44-89-17-706531-001-01 1 21 30002019    02 12021 12021 3 1 2    3002 
22-36-08-676540-001-01 1 21  2002020  2002 2                         
03-97-26-406540-001-07 1 21  1502019    02 12020 52020 6 1      1202 
07-21-55-346550-001-01 2 21   502019    01212020 22020 2 1 2     262 
07-21-55-346550-001-01 2 44   302004    02 12020 32020 3 1 2     502 
09-65-95-536551-001-01 2 44   571977    02 12020 42020 8 1      2482 
32-45-09-376586-001-01 3 21  3602018    02 1202010202010 2 4    4802 
86-71-65-266591-001-01 1 54  1501984    01212020 62021 5 1 2    23513
92-71-85-296592-001-01 4 21 15002020    02 2                         
62-76-44-946593-001-01 1 54   102009    0122                         
62-76-44-946593-001-01 1 60   202019    51312021 52021 7 1       232 
08-61-87-736607-001-01 3 21  1002019    02 2                         
62-43-05-956607-001-02 1 21   182020   18132                         
78-81-71-506608-001-08 1304   202014    0132                         
29-94-20-906610-001-01 1 21  1502021  1502 2                         
14-86-77-336628-001-01 1 21    42020    4122                         
92-45-77-356629-001-01 2 21  3002021  300122                         
02-91-95-356643-001-02 1998   502009   232 12020 82021 7 2       502 
16-03-32-726644-001-01 1304    82005    02 2                         
10-96-80-356645-001-01 1 45    12015    02 2                         
10-96-80-356645-001-01 1304   201900    02 2                         
10-96-80-356645-001-01 1998   102017    02 12020 82021 7 1 2     202 
75-68-77-896646-001-01 1 54   302018    0122                         
75-68-77-896646-001-01 1304   201900    0122                         
26-99-67-446649-001-01 1 54   501900   102 12020 82021 7 1       3014
26-99-67-446649-001-01 1303  1002000    02 12020 82021 7 1       502 
26-99-67-446649-001-01 1304   152000    02 2                         
14-03-63-516650-001-01 1 54   602000    02 2                         
14-03-63-516650-001-01 1304    82015    02 12020 82021 7 1 2    1002 
59-89-96-376681-001-01 1 53  1002016    0122                         
59-89-96-376681-001-01 2998    51971    0122                         
51-83-22-176684-001-01 3 45   101985    02 1202010202012 1 2  307002 
18-01-61-836700-001-01 1 54 10001900    02 2                         
23-72-91-946701-001-01 1 54  2402009    02 12020 82021 7 1 2    1102 
23-72-91-946701-001-01 1304   201990    02 2                         
23-72-91-946701-001-01 1998  1002017    02 12020 82021 7 1 2    3302 
34-13-53-966703-001-01 1998  2002005    01212020 82021 7 1       902 
26-96-01-746706-001-01 1 54  1001900   101212020 62021 7 1       202 
26-96-01-746706-001-01 1304    51900    02 2                         
24-14-39-626707-001-01 1 54  1001952    02 2                         
35-74-20-296722-001-01 1 54   502000    01212020 8202012 1        62 
35-74-20-296722-001-01 1 60    82017    21212020 5202010 1       202 
35-74-20-296722-001-01 1304    62000    0122                         
14-77-09-086723-001-01 1 60    72020    72 2                         
14-77-09-086723-001-01 1303   102020   102 2                         
14-77-09-086723-001-01 1304    52015    02 2                         
92-19-80-246724-001-02 1 54 20002019    01212020 12021 2 2      2002 
92-19-80-246724-001-02 1 60   502019   101212020 12021 2 2        32 
85-32-43-016725-001-01 1 54  3001945   502 12020 7202010 1 2     5013
17-39-73-616726-001-01 1304    32006    02 2                         
51-44-38-206740-001-01 1 60    22017    02 12020 52021 4 1       122 
51-44-38-206740-001-01 1304    52010    02 2                         
49-49-65-836741-001-01 1 21   202020   20122                         
49-49-65-836741-001-01 1 34    32021    3122                         
49-49-65-836741-001-01 1 54  1001985    01212020 5202012 1       122 
49-49-65-836741-001-01 1 57    32009    0122                         
49-49-65-836741-001-01 1 60   562010    01212020 32021 4 1       302 
49-49-65-836741-001-01 1304   202008    0122                         
49-49-65-836741-001-01 1306   702000    02 2                         
90-88-19-106778-001-01 2 45    22019    02 2                         
01-42-95-746795-001-01 2 21  1002021  100122                         
01-42-95-746795-001-01 2 54   602009   151212020 72021 6 1 2     802 
01-42-95-746795-001-01 2304   702009   20122                         
66-84-66-136798-001-01 1 21   202020   15122                         
58-57-11-796799-001-01 1 21  2002020  200122                         
58-57-11-796799-001-01 1 54 15001996   501212020 52021 6 1 2   10002 
58-57-11-796799-001-01 1 60   502019   201212020 62021 6 1 2    1802 
58-57-11-796799-001-01 1304 30002016    0122                         
58-57-11-796799-001-01 2 54  7001992   201212020 52021 6 1 2    8002 
58-57-11-796799-001-01 2304   502000    0122                         
47-31-17-646800-001-01 1 21   502019    02 12020 72021 6 1      12013
47-31-17-646800-001-01 1 54  2802010  1002 12021 72021 7 1        814
47-31-17-646800-001-01 1 60   102018    02 12020 82021 6 1      1002 
47-31-17-646800-001-01 1303  7002008    02 12020 72021 6 1     30002 
47-31-17-646800-001-01 1304  2502012   122 2                         
47-31-17-646800-001-01 1305    32010    02 2                         
31-28-73-836802-001-01 2 54   501900    02 2                         
31-28-73-836802-001-01 2304   501900    02 2                         
85-23-86-976802-001-02 2304    52019    02 2                         
88-98-92-706819-001-01 1 21  6002020  4002 12021 42021 6 1      10015
40-63-13-426821-001-01 1 21 20002020 20001212021 32021 9 1      3202 
95-13-92-536834-001-01 1 21  2002020  2002 12020112021 4 1      18012
82-57-40-446836-001-01 2 21 20002021 20002 12020 12021 3 1      4002 
87-61-58-556837-001-01 2 21  3002020  3002 12020102021 3 8      25015
41-17-69-736838-001-01 1 21   702020   702 12021 42021 6 1      1402 
41-17-69-736838-001-01 1 45    12016    02 2                         
27-51-88-026840-001-01 1 21  1502020  1502 12020 62021 5 1 2    1602 
88-19-35-896841-001-02 2 21  5002020  2502 12020 52021 5 3 4    2002 
58-38-79-076854-001-01 1 21  1002019    02 12020 12021 4 2      4502 
58-38-79-076854-001-01 2 21   302019    02 12020 52020 9 2       452 
42-81-48-106855-001-01 3 21  5002020  5002 12020102021 3 2      4502 
53-89-26-216856-001-01 1 21  2002020    02 2                         
53-89-26-216856-001-01 2 21  1002021  1002 12021 52021 6 1       7015
02-87-91-276858-001-01 1 21  2502020  2502 12020 72021 5 1 2    2802 
02-87-91-276858-001-01 1 45    32012    02 12020 62021 5 1 2     402 
02-87-91-276858-001-01 1 66   152005 20052 12020 82020 8 1 2     752 
47-87-67-896872-001-01 1 21  5002020  5002 12021 5202110 3      4802 
56-38-85-256875-001-01 3 21  4002019    02 12020 82021 5 1      8002 
56-38-85-256875-001-01 3 66   402016    02 2                         
79-80-09-616876-001-01 1 21  2002020  2002 12021 32021 5 1      4902 
79-80-09-616876-001-01 1 66  1202000    02 12020 72020 7 1        02 
79-80-09-616876-001-01 2 45   201999    02 12020 62021 5 1      1502 
79-80-09-616876-001-01 2 66   702001    02 12020 82020 8 1       102 
32-88-21-396877-001-01 1 21  2002020  2002 12020 92021 2 1       6015
67-50-49-396878-001-02 3 21   452020   452 12020 62021 5 5      1602 
57-65-96-666892-001-01 1 21   702021   702 2                         
71-69-22-916893-001-01 1 21  2002020    02 12021 82021 8 1 2    1502 
71-82-09-066894-001-01 1 21   502020   502 12021 32021 5 1      1502 
11-93-82-766894-001-02 1 21  2002021  2002 2                         
01-49-07-646897-001-01 1 21  2502020  2502 12021 42021 5 1 2    5602 
33-02-17-446899-001-01 1 45    41980    02 12020 52021 4 1      1002 
25-16-88-576909-001-01 1 46   602004    02 12020 9202011 1      1302 
69-09-51-686910-001-01 1 34   202021    01212020 82020 8 1 2     202 
69-09-51-686910-001-01 1 46   801998   101212020102021 1 1 2    1002 
69-09-51-686910-001-01 1 60    22020    2122                         
38-40-83-556911-001-01 1 21  1002021  1002 12021 42021 4 1       402 
38-40-83-556911-001-01 1 46   101985    02 12020 8202011 1      1002 
67-09-23-976911-001-02 1 46   501900    0122                         
03-42-21-926913-001-01 1 21   892021   841212021 42021 4 1 2     422 
03-42-21-926913-001-01 1 46   601997   21122                         
33-10-71-266915-001-01 1 21  1002019   801212020 52021 4 1 2    1802 
33-10-71-266915-001-01 1 34    92020    9122                         
33-10-71-266915-001-01 1 46   191900   10122                         
33-10-71-266915-001-01 1 60    22020    2122                         
56-21-00-906916-001-01 1 46   501970    01212020122021 1 1        92 
68-33-35-376919-001-01 1 46   402012   101212020 82020 9 1 2    30015
01-47-28-756928-001-01 4 46    61950    02 12020 8202010 1 2     2515
72-25-82-386930-001-01 3 46   202019    02 2                         
06-76-01-176931-001-01 3 46   651900    02 12020 7202010 1      3102 
06-76-01-176931-001-01 4 45    51900    02 12020 32021 4 1 2    1402 
70-02-66-386931-001-04 1 46   352019   102 2                         
99-84-80-486932-001-01 2 21  5002020    02 12020 62021 5 1 2   15002 
99-84-80-486932-001-01 2 46   502016    02 2                         
99-84-80-486932-001-01 3 46   401975    02 12020 8202011 1 2    6002 
31-46-55-706933-001-01 3 46   759999    0122                         
31-46-55-706933-001-01 4 46   502020   30122                         
77-83-92-486935-001-01 2 46   171999    0122                         
25-70-77-906935-001-02 1 46  1502020  100122                         
25-70-77-906935-001-02 2 45  1502018    0122                         
25-70-77-906935-001-02 2 60  1002019    01212020 42021 4 1 2     2515
63-09-67-796947-001-01 1 46  1001989    02 12020 9202010 1 2    4002 
63-09-67-796947-001-01 2 21  1002020  100122                         
63-09-67-796947-001-01 2304    42020    4122                         
84-45-49-736948-001-01 1 21   402021   40122                         
70-60-21-696950-001-01 1 21  2702020  1701212020 52021 4 1       702 
70-60-21-696950-001-01 1 46   402017    7122                         
60-97-00-276950-001-02 1 21  1002020    02 12020 52021 4 1 2    5002 
88-90-24-326951-001-01 1 46   101900    02 2                         
88-90-24-326951-001-01 2 21   822019   502 12020 52021 4 1      20013
52-64-08-676952-001-01 1 21  1002020  1002 12020 42020 5 1 4     152 
46-99-43-266953-001-01 1 46   332000    02 12020 9202011 1 2     842 
66-44-70-236966-001-01 1 46   102007    02 12020 9202011 1      1002 
66-44-70-236966-001-01 2 46   502017   102 12020 9202012 1      4002 
37-06-23-146966-001-02 1 46   121900    02 2                         
83-11-49-916966-001-03 1 46   122020    02 2                         
62-22-46-876967-001-01 1 46   342001    02 1202010202011 1       662 
62-22-46-876967-001-01 2 34   482020   441212020 82020 8 1 2    16013
62-22-46-876967-001-01 2 46   382019    0122                         
50-56-53-186968-001-01 1 46    72014    12 12020 9202012 1 2     202 
50-56-53-186968-001-01 2 46   101995    02 12020 9202012 1 2     402 
50-56-53-186968-001-01 3 46   851999    02 12020 9202012 1 2    12015
50-56-53-186968-001-01 4 46   351974    02 12020 9202012 1 2     2515
43-58-35-806969-001-01 1 21  1502021  1501212020 82020 9 1      1802 
43-58-35-806969-001-01 1 46   601900   18121202010202112 1      30015
43-58-35-806969-001-01 2 46   102010    02 1202010202112 1      2002 
43-58-35-806969-001-01 3 46   121999    0121202010202012 1      2502 
00-02-34-816969-001-03 2 21  1002021  1002 2                         
00-02-34-816969-001-03 2 46   322020   25122                         
15-13-25-316970-001-01 2 46   602011    02 12020 9202012 1 5    3002 
60-66-83-586971-001-01 1 46   302003    02 1202010202011 1 2     5014
60-66-83-586971-001-01 2 21  3502019  1501212020 72020 9 1 2    4802 
60-66-83-586971-001-01 2 46   452015   102 2                         
65-25-95-946972-001-01 1 46   752015   102 1202010202012 1 4    20015
53-85-21-066973-001-01 1 46   351900    01212020 9202010 1 2    10015
53-85-21-066973-001-01 2 46    62015    01212020 9202010 1 2     602 
35-21-67-116986-001-01 1 45   219999    01212021 72021 7 1 3     162 
35-21-67-116986-001-01 3 46   229999    02 1202010202010 1       6014
64-88-79-476987-001-01 1 45    51900    02 12020 82021 7 1 2    10015
99-49-91-346988-001-01 3 46   172011    0121202011202012 1 7    12014
99-49-91-346988-001-01 6 46   502020   50122                         
87-64-23-476989-001-03 1 21  2002020  2002 12020 72020 8 3 4    2502 
87-64-23-476989-001-03 1 45   121999    01212020 82021 7 3      4352 
87-64-23-476989-001-03 1 46   502000   382 12020 9202011 3       852 
40-09-63-236991-001-01 2 21  2002021  2002 12021 52021 7 1 3    2002 
40-09-63-236991-001-01 2 46   202020   172 2                         
94-41-63-626991-001-06 1 46   171980    02 12020 9202012 1      1502 
94-41-63-626991-001-06 4 46   742000   252 12020 9202012 1      2502 
25-50-62-806992-001-01 1 46   962010   20121202010202011 1      5002 
25-50-62-806992-001-01 2 46   102019    02 1202010202011 1       602 
43-19-97-256994-001-01 1 46   491999    02 12020 9202012 1       362 
04-63-36-487007-001-01 2 46   572014    02 2                         
18-92-38-967025-001-01 1304   101999    8122                         
18-92-38-967025-001-01 2 21   502021   40122                         
18-92-38-967025-001-01 2 53  1001984    0122                         
19-85-87-437028-001-01 1304   101990    02 12020 72021 6 1 2    2752 
45-81-24-077030-001-01 1304   202019    02 2                         
45-81-24-077030-001-01 4304   502002    02 1202010202010 1     10002 
41-71-43-397043-001-01 2 21  1002020  1002 12020 72021 7 1      40013
09-53-61-527045-001-01 1 21   402019   302 12020 8202010 1      1502 
09-53-61-527045-001-01 1 60  2002018   502 12020 62021 7 1 2    5002 
09-53-61-527045-001-01 1304    42019    02 2                         
21-93-66-057045-001-03 1 60   302020   102 12020 8202011 1      3002 
21-89-88-287085-001-01 1 21  5002019  2001212020 52021 6 1      5002 
21-89-88-287085-001-01 1 34    22020    01212020 52021 6 1        22 
21-89-88-287085-001-01 1 60    72019    2122                         
21-89-88-287085-001-01 1304  4802020  400122                         
21-89-88-287085-001-01 2304    22018    02 2                         
21-89-88-287085-001-01 3304   802021   802 2                         
06-49-50-717106-001-01 1 53  1002017    02 2                         
29-40-20-767110-001-01 1304    22018    0132                         
78-35-45-177119-001-01 1 21 20002019  5001212020 1202012 1      1802 
10-98-13-237119-001-04 1 21  5602020  5602 2                         
98-75-56-677123-001-01 2 21 26502021 2650122                         
21-63-86-537124-001-01 3 21 18502020 18502 2                         
13-52-97-317143-001-01 1 21 12002020    01212021 52021 5 1 2     602 
70-94-18-577156-001-01 1 21 30002020    0122                         
70-94-18-577156-001-01 3 21 20202020    02 2                         
89-15-40-327156-001-07 1 21 11252020 1125122                         
82-99-49-707157-001-01 2 21 20002021 20002 12020 92021 8 1      3602 
48-98-09-927159-001-01 2 21112502019  7002 12020 92021 8 1 3    66014
74-82-94-057161-001-01 1304   202004    02 2                         
45-44-01-967166-001-01 1 21 46002020 46002 2                         
45-44-01-967166-001-01 2 21 36002020    02 12020112021 5 1 2    1802 
45-44-01-967166-001-01 3 21 60002021 60002 12021 52021 5 1 2     602 
46-11-79-017166-001-03 1 21 26352020 2635122                         
83-54-03-757178-001-01 1304   502006    02 2                         
80-08-62-557179-001-01 1304  5002004    02 2                         
77-00-39-767195-001-01 2 54 12002013  2001212020 62021 6 1 2    1602 
63-50-84-217196-001-01 4 54   962020 20202 2                         
00-59-89-487198-001-01 3 54 15002017  3001212020 62020 8 1      6002 
00-59-89-487198-001-01 4 54 32002011  4001212020 62020 8 1 2   30002 
82-43-40-067214-001-01 1 60   251900    02 1202010202012 1       702 
34-57-40-287215-001-01 1 21   302020   701212021 42021 5 1       202 
34-57-40-287215-001-01 1 54    21950    0122                         
34-57-40-287215-001-01 2302    11990    0122                         
94-63-12-267217-001-01 1 21   402020   401212021 42021 4 1     70982 
55-07-80-347219-001-01 1 55 30001988    01212020 52021 4 1     24002 
55-07-80-347219-001-01 1 60  5002019   501212020 52021 4 1      2502 
55-07-80-347219-001-01 1304   202016    0122                         
92-02-31-707220-001-01 1 60   402000    01212020 12021 6 1       202 
03-88-81-187233-001-02 1 54   501993    01212020 72020 9 2       1013
18-17-32-427235-001-01 1998   682021   181212021 72021 7 1 2      82 
18-17-32-427235-001-01 2304  1202014    02 12020 12021 1 1 2      42 
22-75-61-337236-001-01 5304  6002017    02 2                         
12-90-93-317237-001-01 1304  6502012  1501212021 72021 7 1      2002 
41-63-57-787238-001-01 1304  3002010  1502 12020 92020 9 1    150002 
66-77-07-597252-001-01 1 54 16002006    01212020 62020 7 121    75014
66-77-07-597252-001-01 4 54 17001997    01212020 62020 7 121    75014
35-55-15-717252-001-09 1 54  1002021   501212020 72021 5 1      1002 
00-28-92-717252-001-13 1 54  3002012   102 12020 52020 7 1 2     252 
00-28-92-717252-001-13 2 21   152020   50122                         
00-28-92-717252-001-13 2 54  3002014   102 12020 52020 7 1 2     252 
23-03-77-967253-001-01 1 54  8001997    02 12020 62020 8 1      25014
23-03-77-967253-001-01 2 54  5102008    01212020 62020 8 1 2    15014
89-93-63-097254-001-02 1 54  4502004   502 12020 62020 7 1      1102 
89-93-63-097254-001-02 3 54  5002019  5002 2                         
52-66-54-877255-001-02 1 54  3502015   151212020 72021 6 1 2    20014
27-28-31-487256-001-01 1 54  2002017    02 12020 62020 7 1 2     252 
15-61-79-537257-001-01 1 54  4001990    02 12020 52020 6 1 2     152 
15-61-79-537257-001-01 1304   141992    02 2                         
49-28-25-587258-001-01 1 54 14002004  1001212020 52020 6 1      2102 
49-28-25-587258-001-01 2 60 50002019 5000122                         
83-24-43-627273-001-01 5 46    22020    02 2                         
70-90-36-857277-001-01 1303  2481900    01212020 82021 7 1 2    3802 
70-90-36-857277-001-01 2303  5601900    02 2                         
97-27-00-817291-001-01 1303    12019    02 2                         
42-92-22-907327-001-01 1 45    22009    02 12020 42020 4 1       352 
26-24-63-127338-001-03 1 21  1502019   152 12020 72020 9 1      1602 
02-14-73-117338-001-04 2 21  2002021  2002 12020 42020 6 1      6002 
30-25-85-657346-001-01 1 21  2502020  2502 12020 82021 7 1 2    4002 
34-59-88-067357-001-01 1 45    12011    02 12020 62021 1 1       212 
61-62-58-057365-001-01 1 21   502021   502 12020122021 5 1       802 
11-89-03-917366-001-01 2 21  1002021  2002 12020 12020 8 1      8002 
11-89-03-917366-001-01 2 45   201990    02 12020 12020 9 1      6302 
20-57-15-037367-001-01 3 21  2002021  2502 1202011202011 2      10012
35-07-68-117368-001-01 1 21  2502020  2502 12021 22021 4 1 2    4002 
10-69-14-067370-001-01 2 21  2002020  2001212020112021 4 1      1502 
97-61-41-017403-001-03 1 21  5002021  5002 12020 72021 5 1      2402 
21-76-15-177404-001-01 1 21  2002021  2002 2                         
42-34-84-467442-001-01 1 45   202010    02 12021 42021 4 1      10015
45-12-70-007463-001-07 2 45   152020   152 2                         
69-36-57-377468-001-01 1 21  2002020  2002 12020 62021 5 1 2    2402 
49-77-34-977482-001-03 1 21  4002020  4002 12020 52021 6 1      2602 
07-35-63-027560-001-03 1 21  2222020  2222 2                         
86-24-82-757596-001-01 1 21  8002020  4002 12020 72021 8 1      8402 
98-74-97-827616-001-01 1 21  1002020  1002 2                         
98-74-97-827616-001-01 1 45   452015   102 12020 42021 5 1       5015
14-19-96-877623-001-01 1 21  1002019   702 12020 82021 4 1      2402 
72-11-98-017650-001-01 1 44    21998    01212021 52021 7 2       602 
44-04-92-357651-001-01 2 21   152020    02 12021 72021 7 2       502 
62-17-78-367653-001-01 1 34   102020    01212020 72020 7 2       102 
38-38-42-787655-001-01 1 44    61992    02 2                         
38-38-42-787655-001-01 1 45    11992    02 12020102021 6 1 2     252 
38-38-42-787655-001-01 1 56    12013    02 12021 62021 7 1 2     102 
64-69-57-407657-001-01 2 44   102015    0122                         
64-69-57-407657-001-01 2 45    32019    0112                         
64-69-57-407657-001-01 2 46   202020    0112                         
64-69-57-407657-001-01 2304    32020    0122                         
17-20-31-197657-001-03 1 34    12021    0122                         
73-28-16-657692-001-01 1 21  5002020    02 12020 82021 7 1     15002 
73-28-16-657692-001-01 1 44    22002    02 12021 32021 4 1       102 
73-28-16-657692-001-01 1 46    62011    02 12020 9202011 1       202 
59-61-20-397693-001-01 1304  2962016  112132                         
48-86-67-227695-001-01 1304   701999    02 2                         
43-93-30-837709-001-01 1 21   202020    01212020 72020 9 1      2002 
43-93-30-837709-001-01 1 60  4002017    01212020 62020 7 1      35015
08-11-59-497711-001-01 1 21 25002019 15001212020 42020 6 1      5002 
08-11-59-497711-001-01 1 46    52020    5122                         
15-42-73-607728-001-01 1303   201900    0122                         
15-42-73-607728-001-01 2303   451900    0122                         
26-88-11-767732-001-06 1 46    22021    2122                         
81-04-14-297751-001-01 1 60   252020    22 12020 92020 9 1 4     452 
96-06-39-807764-001-01 1 46  1002018    02 2                         
96-06-39-807764-001-01 2 21  1502020    01212020 8202010 1 2    1502 
09-26-56-737767-001-01 1 45    12021    1122                         
09-26-56-737767-001-01 1 46   202020   20122                         
09-26-56-737767-001-01 2 46   602018    0122                         
36-91-08-387767-001-02 1 45    22020    2122                         
66-99-05-827770-001-01 1 21  1502020  1501212020 52021 4 1      1202 
66-99-05-827770-001-01 1 46   501900   151212020 9202011 1 4    3002 
66-99-05-827770-001-01 2 46    31900    01212020 9202011 1 4     502 
66-99-05-827770-001-01 4 46   451900    01212020 9202010 1 4    1002 
11-76-93-907771-001-01 2 46   181900    02 1202010202012 1      1602 
93-67-00-467771-001-02 1 21  1202020  1502 12021 42021 4 1       102 
19-27-38-767772-001-01 1 46    69999    0122                         
19-27-38-767772-001-01 2 46   601970    0122                         
64-51-13-877784-001-01 1 45   162011    41212020 32021 2 1 2     502 
64-51-13-877784-001-01 2 46   651900    81212020 7202011 1 2   16002 
64-51-13-877784-001-01 3 21  6002020  6001212020 7202011 1 2    1802 
64-51-13-877784-001-01 3 46   721900    01212020 7202011 1 2    4002 
64-51-13-877784-001-01 6 21  7002020  7001212020 7202010 1 2    3002 
64-51-13-877784-001-01 6 46   461900   151212020 7202012 1 2    6002 
94-73-38-057785-001-01 2 46   202000    02 12020 9202012 1      2302 
07-40-14-617785-001-07 1 45    32008    02 2                         
63-96-57-657789-001-01 1 46   502016   10122                         
63-96-57-657789-001-01 3 46   701900    02 2                         
63-96-57-657789-001-01 4 46   201900   202 2                         
37-79-76-007789-001-02 1 45    22004    12 12020112021 1 2        72 
37-79-76-007789-001-02 2 46    81985    02 1202010202012 2       502 
37-79-76-007789-001-02 3 46   131990    02 1202010202012 2       302 
16-12-93-027790-001-02 2 21  1252019  1252 12020 9202010 2 3    1202 
16-12-93-027790-001-02 3 21   752019    02 12020 9202011 2 3     902 
16-12-93-027790-001-02 5 21  1502019   401312020 9202011 2 3    48013
16-12-93-027790-001-02 5 46   351900    02 1202010202012 3      1802 
16-12-93-027790-001-02 6 46   181900    02 1202010202012 2       982 
16-12-93-027790-001-02 7 45    11900    02 12020 32021 2 2 3    6502 
40-64-10-347802-001-01 1 45   261988    01212020 32021 4 1 2     602 
40-64-10-347802-001-01 1304   132000    0122                         
40-64-10-347802-001-01 2 46  3151988    02 2                         
40-64-10-347802-001-01 3 46  2702019    02 2                         
40-64-10-347802-001-01 4 46   901900    02 2                         
40-64-10-347802-001-01 5 46  1801900    02 2                         
17-90-17-267804-001-01 1 46  5002001    02 12020112021 1 1      9002 
17-90-17-267804-001-01 2 45    72003    22 2                         
60-23-57-077805-001-01 1 21  1002020  1002 12020 62021 5 1 2    2002 
60-23-57-077805-001-01 2 46   401987    02 12020 9202012 1      4002 
60-23-57-077805-001-01 3 46   202016    02 2                         
17-34-94-887806-001-01 2 21   622021   532 2                         
17-34-94-887806-001-01 2 46  1012019    0121202012202012 1       9013
17-34-94-887806-001-01 3 45    32014    01212021 22021 2 1      2452 
81-48-53-177806-001-02 1 45    42020    3122                         
81-48-53-177806-001-02 1 46    11999    0121202011202012 1 2     2011
25-44-43-187807-001-01 1 46    32010    02 2                         
95-48-94-617808-001-01 1 21 10002021 10001212020 52021 4 1 2    4002 
95-48-94-617808-001-01 1 45    22019    0122                         
95-48-94-617808-001-01 1 46    91900    01212020 52021 4 1 2     152 
95-48-94-617808-001-01 1 60    62019    01212020 52021 4 1 2     202 
95-48-94-617808-001-01 1304   152017    0122                         
95-48-94-617808-001-01 2 46   452016   15122                         
95-48-94-617808-001-01 4 21  5002021  500122                         
95-48-94-617808-001-01 4 46   301900   101212020 52021 4 1 2    1002 
95-48-94-617808-001-01 5 46   501900    02 12020 52021 4 1 2    2002 
16-78-00-157809-001-01 1 21   452020   45122                         
16-78-00-157809-001-01 1 45    72009    01212020 6202012 1 2     102 
16-78-00-157809-001-01 1 46   452015    0121202011202012 1 2     302 
16-78-00-157809-001-01 2 21  3002019  1501212020 82020 9 1 2    24012
16-78-00-157809-001-01 2 46  1502011    01212020112021 1 1 2    1502 
16-78-00-157809-001-01 3 46   452011    01212020112021 1 1 2    1202 
16-78-00-157809-001-01 4 21  3002019    0122                         
16-78-00-157809-001-01 4 46  4002017    01212020112021 1 1 2    50015
16-78-00-157809-001-01 5 21  3002020  300122                         
16-78-00-157809-001-01 5 46   452017    0122                         
16-78-00-157809-001-01 6 46   451990    02 12020112021 1 1 2    1002 
33-34-92-887811-001-01 1 21   752020   50122                         
33-34-92-887811-001-01 1 46   102013    01212020122021 1 1 2     102 
33-34-92-887811-001-01 2 46  1021999    02 12020122021 1 1 2    3602 
74-19-50-757821-001-01 1 21  2002020  1501212020 6202011 1       802 
74-19-50-757821-001-01 1 45    72005    01212020 72021 6 1      1182 
74-19-50-757821-001-01 4 46   302001    0121202010202011 1      1702 
05-58-61-247821-001-02 1 46    29999    01212020 8202010 1       302 
05-58-61-247821-001-02 2 21  5232020  523122                         
05-58-61-247821-001-02 2 46    69999    01212020 8202010 1       702 
16-78-25-517822-001-01 1 21  1502020  1501212020 42020 8 1      1202 
16-78-25-517822-001-01 1 45    11990    01212020 72021 6 1       402 
16-78-25-517822-001-01 2 21  1002020  1001212020 52020 8 1       602 
95-78-69-017823-001-02 2 45    92020   201212021 32021 6 1 2    1802 
95-78-69-017823-001-02 2 46  3002021  300112                         
63-30-99-247824-001-01 1 46    11999    01212020 9202010 1       6011
63-30-99-247824-001-01 2 46   622009    01212020 9202010 1      17113
63-30-99-247824-001-01 4 46    31985    2122                         
19-13-36-447826-001-02 1 21  1452019   802 12020 72021 6 9      1802 
19-13-36-447826-001-02 4 46    71900    02 1202010202012 9        92 
11-01-62-717826-001-04 2 21  1202018    02 12021 7202111 1 2    3002 
11-01-62-717826-001-04 2 45    51900    02 12021 6202111 1 2     752 
19-76-47-957827-001-01 2 45    92018    0122                         
19-76-47-957827-001-01 2 46  1002017   101212020 9202011 1 2    33614
18-60-12-927827-001-02 1 21  1002021  1002 12021 52021 6 2 4     402 
17-99-40-217840-001-01 2 46   601990   202 2                         
17-99-40-217840-001-01 3 46  1901913   271212020 9202012 1 2    82515
49-58-44-747841-001-01 2 46   452006   152 2                         
29-74-60-147842-001-01 3 21 20002020    01212020 82020 8 1      4802 
29-74-60-147842-001-01 3 46   502001    0121202011202012 1       802 
63-73-59-667842-001-03 2 21  6002020  1001212020 82021 7 1 2    45012
63-73-59-667842-001-03 2 46   281900    01212020 9202011 1 2     202 
22-67-43-597843-001-01 2 46   361900    02 2                         
22-67-43-597843-001-01 3 21 10002019  6001212020 82021 7 1 2   110012
22-67-43-597843-001-01 3 46   162004    0122                         
22-67-43-597843-001-01 4 46    52020    52 2                         
45-51-75-377844-001-01 1 21  4002020  4001212020 72020 7 1 2    20012
45-51-75-377844-001-01 1 46    82013    0122                         
56-26-44-997845-001-01 1 45    22017    0122                         
56-26-44-997845-001-01 2 21  5002020  5001212021 62021 7 1 2    3002 
56-26-44-997845-001-01 2 46   502015    0122                         
21-16-08-167846-001-01 3 21  2002020    02 12020 62021 7 1      4002 
21-16-08-167846-001-01 3 46   212004    02 12020 9202011 1      2202 
08-12-65-707847-001-01 1 46   762012    02 2                         
08-12-65-707847-001-01 3 46   272013    02 2                         
08-12-65-707847-001-01 4 46   202014    02 2                         
08-12-65-707847-001-01 6 21   332020   261212020 72020 7 1      1202 
08-12-65-707847-001-01 6 46    12016    0121202011202011 1       2514
83-27-07-277847-001-02 1 21  1002021  2002 12021 52021 7 1      1002 
83-27-07-277847-001-02 2 21  6002021  6002 2                         
83-27-07-277847-001-02 2 46   122018    02 2                         
13-86-84-697859-001-01 1 46   232016    22 12020122021 1 1        42 
13-86-84-697859-001-01 2 46   162020   162 2                         
13-86-84-697859-001-01 3 46    62019    02 2                         
70-91-07-557860-001-01 1 21   272019   131212020 82021 7 1      1352 
70-91-07-557860-001-01 1 45    11900    02 12020 82021 7 1       462 
70-91-07-557860-001-01 2 46   102000    02 2                         
19-68-40-277860-001-04 1 21   652020   401212020 82021 7 1 2     852 
19-68-40-277860-001-04 1 46    51900    0121202010202012 1 2      32 
19-68-40-277860-001-04 2 46   102020   102 2                         
07-61-69-657862-001-01 1 45    12005    01212020 82021 7 1 2     122 
07-61-69-657862-001-01 1 46   152017    0122                         
07-61-69-657862-001-01 2 46   501900    02 2                         
07-61-69-657862-001-01 3 46   702017    0122                         
07-61-69-657862-001-01 5 46  1501900   252 1202010202111 1 2    20016
08-24-51-297863-001-01 1 45    21900    11212021 22021 3 1 2     152 
08-24-51-297863-001-01 1 46   102017    9122                         
03-51-23-507865-001-01 1 21   202021  1002 12021 62021 7 1      1002 
03-51-23-507865-001-01 1 46    52016    02 2                         
16-82-37-777866-001-01 1 21   212021   211212021 62021 6 1 2     932 
16-82-37-777866-001-01 1 34   432021   431212021 62021 6 1 2     222 
16-82-37-777866-001-01 1 46    92018    0122                         
16-82-37-777866-001-01 3 46   202018    02 2                         
88-88-83-397866-001-04 1 45    22020    2122                         
88-88-83-397866-001-04 1 46    12020    0122                         
05-38-38-517885-001-01 2 46  1752019    02 2                         
84-90-25-347897-001-01 1 45    31978    01212020 92020 9 1 2     3515
84-90-25-347897-001-01 1 46    12020    1122                         
84-90-25-347897-001-01 2 46   211900    01212020 9202012 1 2     1515
22-54-53-727898-001-01 1 46    21900    02 1202010202011 1 2      22 
22-54-53-727898-001-01 2 46    72019    72 2                         
52-33-12-157900-001-01 2304    81900    0122                         
52-33-12-157900-001-01 3 46   391900   132 1202010202012 1 2    1002 
52-33-12-157900-001-01 4 21  3002020  3001212020 72021 6 1 2    1502 
90-41-70-137902-001-01 4 46    12011    02 2                         
62-09-95-837902-001-02 1 46   262009    0121202010202012 1 2     802 
62-09-95-837902-001-02 2 46    32000    0121202010202012 1 2     102 
62-09-95-837902-001-02 3 46    52000    0121202010202012 1 2     182 
23-91-99-717903-001-01 1 21   612020   441212020 9202010 1       432 
23-91-99-717903-001-01 1 46    19999    0122                         
23-91-99-717903-001-01 3 46   229999    0121202010202011 1       902 
23-91-99-717903-001-01 4 21  4122020  412122                         
23-91-99-717903-001-01 4 46   382019    0122                         
71-25-97-717903-001-03 1 21   162020    61212021 6202111 1       702 
71-25-97-717903-001-03 1 46   531900    01212020 92021 1 1      3302 
87-80-72-977904-001-01 1 45    12019    02 2                         
87-80-72-977904-001-01 2 46  3001900   301212020 9202011 1 2   182015
87-80-72-977904-001-01 3 46   202019    0122                         
87-80-72-977904-001-01 4 46   302020   30122                         
90-68-95-747916-001-01 1 21   302019    01212020 62021 5 1       202 
90-68-95-747916-001-01 1 44    31900    01212020 62021 5 1       202 
90-68-95-747916-001-01 1304   202017    0122                         
95-68-45-617917-001-01 1 21   902020   90122                         
95-68-45-617917-001-01 1 44    61993    01212020 62021 5 4       302 
95-68-45-617917-001-01 1304    21997    0122                         
80-27-00-227918-001-01 1 44    71980    01212020 22020 6 1 2    1002 
80-27-00-227918-001-01 1303    62020    6122                         
80-27-00-227918-001-01 1304    52020    5122                         
80-27-00-227918-001-01 2 44    12012    0122                         
19-89-44-487919-001-01 1 21   702019   201212020 62021 5 1 2    1202 
19-89-44-487919-001-01 1 44    82005    01212021 22021 5 1 2     802 
19-89-44-487919-001-01 1 60    32019    01212020102021 5 1 2     502 
19-89-44-487919-001-01 1304    42015    0122                         
71-33-08-657919-001-11 1 21   502020   201212020 9202012 1 9    1202 
52-72-30-637920-001-01 2 21  6002020  600122                         
52-72-30-637920-001-01 2304   152015   10122                         
52-72-30-637920-001-01 4304    92017    0122                         
53-96-23-777921-001-01 1 44    82017    0122                         
53-96-23-777921-001-01 1304  1502015    0122                         
53-96-23-777921-001-01 2304  1002018    02 2                         
45-53-14-167922-001-01 1 21   502020   50122                         
45-53-14-167922-001-01 1 44    22010    01212020102021 4 1       202 
45-53-14-167922-001-01 1 60    42020    4122                         
45-53-14-167922-001-01 1304    82005    8122                         
45-53-14-167922-001-01 2 21  2002020  200122                         
45-53-14-167922-001-01 2 44    11978    01212020 82020 9 1       402 
45-53-14-167922-001-01 2 60  2302020  230122                         
45-53-14-167922-001-01 2304    82018    0122                         
43-53-42-887923-001-01 1306    32012    01212020 42021 5 1       502 
43-53-42-887923-001-01 2998   472016    0122                         
43-53-42-887923-001-01 3998   192015    0122                         
43-53-42-887923-001-01 7998   122017    02 2                         
31-35-06-217936-001-01 2 21 17002019  5001212021 22021 5 1 2    4202 
31-35-06-217936-001-01 3 21 10002019  3501212020122021 3 1 2    3702 
31-35-06-217936-001-01 6 21  7502020  250122                         
11-86-72-637937-001-06 1304   302020   20122                         
47-29-29-057938-001-01 3303   142018    0122                         
47-29-29-057938-001-01 3304    51992    0122                         
47-29-29-057938-001-01 4 63    12015    02 2                         
47-29-29-057938-001-01 5303  1001992    02 2                         
47-29-29-057938-001-01 6 63    11900    02 12020 62020 8 1      18015
47-29-29-057938-001-01 6304    61900    02 2                         
47-29-29-057938-001-0111 21  5002020  2002 2                         
66-44-37-767939-001-01 1304    82016    0122                         
71-59-39-297940-001-02 2 21 20002020 13001212020 72020 9 2      3602 
60-83-88-297942-001-01 4 21  8002021  8002 1202011202012 1      2002 
39-16-24-827995-001-01 8 60  1002017   351212020 62021 5 1 2    17015
39-16-24-827995-001-01 8304    32018    0122                         
03-53-78-348013-001-01 3 21 70002019    02 2                         
29-86-51-868017-001-01 1998  2502003    02 12020 72021 6 1      6002 
29-86-51-868017-001-01 2 21 22002021 22002 2                         
55-10-45-608032-001-03 1 21  2002020  200122                         
00-57-86-778054-001-01 1 21    52020    0122                         
59-42-79-328068-001-02 1 21 10002021 1000122                         
59-42-79-328068-001-02 1 53    52004    0122                         
59-42-79-328068-001-02 1304    52019    0122                         
08-10-16-648068-001-04 3 21 22002020 1000122                         
99-94-65-538071-001-01 1 21   502020   50122                         
99-94-65-538071-001-01 2 21  1002020  100122                         
39-63-64-448073-001-01 1305    22007    02 2                         
39-63-64-448073-001-01 2 21  7002020  5002 12020112021 5 1      8002 
86-24-47-948074-001-01 3 21 20002020 10001212020 92021 5 1 2   14002 
29-04-37-378076-001-02 1 21  2002020  2002 2                         
29-04-37-378076-001-02 1998    52008    01212020 42021 5 4      9502 
37-69-71-688088-001-01 2302    62001    0122                         
21-68-14-268106-001-02 1304   102013    0122                         
21-68-14-268106-001-02 3302  2502001    02 2                         
82-38-92-088108-001-01 1302  2401987    01212020122021 6 1       852 
04-52-77-928109-001-02 4304   122018    42 2                         
08-91-66-168110-001-01 2302  3501968    02 12021 22021 7 1 3    2402 
29-19-06-618110-001-02 1304    71900    02 2                         
91-73-79-238112-001-01 2304   402018    02 2                         
65-27-64-638130-001-01 1 21   182021   181212020 62020 6 1       802 
65-27-64-638130-001-01 1 60   352019   121212020 62020 9 1       2515
68-70-95-158164-001-01 1 21  1002020    0122                         
06-57-77-898167-001-01 1 21  5002019  2001212021 42021 5 1       702 
06-57-77-898167-001-01 1 34    42020  100122                         
66-05-65-518168-001-01 1 21  1502020  1501212021 32021 5 2     56472 
16-85-18-498169-001-01 1 21  1002020  100122                         
19-34-58-488170-001-01 1 21   402020    02 12021 32021 3 1       602 
23-92-25-818170-001-02 1 21   502020   502 12021 52021 5 2       602 
23-92-25-818170-001-02 1 34   152020   152 2                         
23-92-25-818170-001-02 1 45    11900    02 2                         
73-73-81-468173-001-01 2 21  5002020  5001212020 42021 4 1      2002 
81-59-25-118182-001-01 4 21  1002020    02 12020 9202110 1      2002 
85-45-40-368182-001-02 1 46   201980    01212020112021 2 1      15015
11-04-95-978183-001-01 1 44   202010    02 2                         
11-04-95-978183-001-01 1 45   402001    0122                         
11-04-95-978183-001-01 1 46  1001981    02 1202011202012 1 2     4012
11-04-95-978183-001-01 2 44   502000    02 2                         
11-04-95-978183-001-01 2 45   152000    02 2                         
11-04-95-978183-001-01 2 46  1501990    02 2                         
55-00-80-558184-001-01 2 21   252020  1502 12021 62021 7 1 2    2402 
55-00-80-558184-001-01 2 45    82019    02 2                         
55-00-80-558184-001-01 2 46   201900    02 2                         
55-00-80-558184-001-01 3 45    41900    02 12021 42021 7 1 2     352 
55-00-80-558184-001-01 3 46   301900    02 1202010202011 1 2    2002 
08-21-18-738185-001-01 1 21  1002020    01212021 42021 6 2       502 
08-21-18-738185-001-01 1 45   202019    01212021 92021 9 2       3615
08-21-18-738185-001-01 1 46   501962    01212020 9202012 2       502 
08-21-18-738185-001-01 2 21  3002020  300122                         
08-21-18-738185-001-01 2 45    31900    01212021 92021 9 2       1615
08-21-18-738185-001-01 3 21  1002020    01212021 72021 7 2      1502 
08-21-18-738185-001-01 4 46   201900    02 2                         
08-21-18-738185-001-01 5 44    51974    0122                         
08-21-18-738185-001-01 5 46   301974    02 12020 9202012 2       202 
64-14-59-038186-001-01 1 21   902020   251212020 72020 9 2       552 
64-14-59-038186-001-01 1 45    11998    0122                         
64-14-59-038186-001-01 2 21   902020    01212021 62021 9 2      4002 
83-98-37-268187-001-01 1 45   301981    01212020 92021 8 1      1752 
83-98-37-268187-001-01 1 46   231981    0122                         
83-98-37-268187-001-01 2 44  1101981    01212020 92021 8 1      20015
83-98-37-268187-001-01 2 46   201981    0122                         
83-98-37-268187-001-01 4 60   602017    01212020 92021 9 1       752 
37-12-34-368188-001-01 2 46    81980    02 1202011202012 1 2     502 
01-27-92-618203-001-01 1 21  2002020    01212020 6202011 1      30012
01-27-92-618203-001-01 1 46   102013    0122                         
01-27-92-618203-001-01 2 21  1002021    02 12020 5202011 1      10014
63-99-79-448204-001-01 2 46    32001    02 12020 92021 8 3       152 
63-99-79-448204-001-01 3 45    32014    02 12020 92021 8 3       802 
69-37-83-888205-001-01 1 21  2002020    0122                         
69-37-83-888205-001-01 1 45    11980    01212021 72021 8 1       452 
69-37-83-888205-001-01 2 46  2001995    01212020122021 1 1     61202 
75-64-92-778206-001-01 4 46   202015    02 12020 9202010 1       2513
37-84-33-458213-001-01 1 46    21900    02 1202010202011 1 2     402 
19-84-40-428227-001-01 1 34   702020   70122                         
69-24-30-068246-001-01 4 44    21995    01212020 52021 5 2       302 
69-24-30-068246-001-01 5 21  3002020  1002 2                         
33-13-26-348258-001-01 2 46  2202012   122 1202010202012 1 2   100015
33-13-26-348258-001-01 3 45   502020   50122                         
52-96-30-548259-001-01 1 46  1801900    02 1202010202012 1 2    2152 
52-98-01-088260-001-01 3 45    19999    0122                         
40-28-81-738261-001-01 1 46   702006   302 12020 9202011 1 2     322 
40-28-81-738261-001-01 2 45    52001    02 12020 7202010 1 2    1202 
27-65-92-718262-001-01 2 46   251995    02 12020 9202012 1 2    4502 
25-50-76-858263-001-01 3 45    12016    0122                         
82-86-92-668264-001-01 2 46  1021900   481212020 9202011 1 3     8015
82-86-92-668264-001-01 3 46   601900    82 12020 9202011 1 3     5515
82-86-92-668264-001-01 4 46  1201900   182 12020 9202012 1 3    20015
49-43-73-788267-001-01 2 46   501900    02 12020 7202012 1      20014
49-43-73-788267-001-01 3 46   101900    01212020 72020 9 1       2014
62-23-73-138267-001-02 1 46   352006    02 12020 9202012 1      2502 
45-39-10-248277-001-01 1 21  1252020    02 12020 72021 6 1      1352 
77-57-20-328278-001-01 3 21  3002019    0121202010202011 1       4515
76-84-55-628282-001-01 2 21 10002020    02 12020 62021 6 1     10002 
36-66-06-018283-001-02 2 21  1002020    02 12020 72021 6 3     100015
94-59-16-398315-001-01 1304   222016    0122                         
28-61-87-708338-001-01 3 21  2002021  2002 2                         
22-74-35-708338-001-03 1 54  4002014  1002 12021 72021 8 1       502 
31-67-78-918360-001-01 4 63    11900    02 12020 52020 9 1       7015
02-43-32-068376-001-01 2 63    12012    01212020 72020 8 1       602 
82-29-94-458394-001-01 3 60   102020   10122                         
88-30-56-528430-001-02 3 21 10002020 40001212020 82020 9 9     28002 
88-30-56-528430-001-02 3 63    22002    01212020 7202010 9      2402 
53-79-41-888432-001-01 3 60    62020    6122                         
54-84-39-338434-001-01 4 21 16752020  405122                         
20-16-02-248455-001-02 3 21  6802019  6802 2                         
82-41-10-878470-001-01 1 34   122017    01212020112021 5 1 2     502 
82-41-10-878470-001-01 1 45    52017    0122                         
82-41-10-878470-001-01 2 45    72020    72 2                         
01-65-53-728471-001-01 1304    31999    0122                         
26-59-11-808472-001-01 1304   302020    0122                         
55-35-60-258508-001-03 1304    31900    12 2                         
55-35-60-258508-001-03 2304    11900    0122                         
63-86-47-138509-001-01 2 63    12020    32 2                         
20-52-90-348563-001-03 3 60  1702020  1302 2                         
19-79-62-778588-001-01 1 63    21900    02 12020 72020 9 1 2     9015
65-92-56-848600-001-01 4 21   532020   53122                         
21-64-89-728604-001-01 2 21  8002020  800122                         
05-98-11-048607-001-03 1 21 60002020 2000121202012202111 1     18002 
32-13-54-738639-001-01 2301    31900    02 2                         
03-57-87-438642-001-01 2 60    52019    01212020112021 6 2       352 
03-57-87-438642-001-01 3 21  1002019    02 12021 22021 2 1 2    20013
96-74-35-598643-001-01 4 21  3102019  3102 12020 72020 9 1 2    3002 
00-64-44-958659-001-01 2 21   252020   152 1202012202012 1       302 
00-64-44-958659-001-01 2 46    12013    02 2                         
53-95-88-368661-001-01 1 21   502020    01212020122021 1 1 2    20016
96-78-19-138662-001-01 2304    32020    3122                         
13-10-08-068682-001-01 1 21 20002019    02 2                         
75-20-85-858695-001-03 1304    12000    1122                         
22-97-15-548699-001-01 1 63    11900    02 12020 7202010 1      2502 
19-69-94-138699-001-08 1 63    11900    0122                         
19-69-94-138699-001-08 1301    31900    02 12020 5202012 2       402 
12-87-63-118758-001-01 2 60 11002019    02 12020 52021 6 1      9002 
30-31-20-048758-001-10 1303   172010    02 2                         
56-09-93-538773-001-01 3 21  5002020  5001212020 6202011 1 2    5602 
58-34-75-838778-001-02 1 44    32007    0121202012202012 1       302 
64-70-27-388794-001-01 1 21 10002019  7001212021 32021 6 1 3    18012
93-26-99-808796-001-06 1 21 64382019    0122                         
60-67-15-468812-001-01 5 45   102020   102 2                         
59-90-81-838813-001-01 1 60   122020   12122                         
76-22-51-568828-001-01 1 21  4002021  4001212020122021 3 1 2    98012
76-22-51-568828-001-01 1 44   602007    01212020 72021 6 1 2   21002 
76-22-51-568828-001-01 1 59    12010    0122                         
76-22-51-568828-001-01 1 60 10002017    01212020 42020 4 1 2   175013
76-22-51-568828-001-01 1303    62005    0122                         
76-22-51-568828-001-01 1305    22005    01212020 72021 6 1 2    1402 
76-22-51-568828-001-01 2 63    21991    01212020 52021 8 1 2    15013
32-69-81-918829-001-01 1 44    62006    01212021 42021 6 1 2     102 
85-05-30-548833-001-01 3304    31900    0122                         
62-04-63-288848-001-01 1 21 50002020    01212021 62021 7 1 2    9802 
75-76-83-018851-001-01 1 21  7002020  700122                         
61-87-79-078854-001-03 1 46    22018    02 2                         
36-19-19-248854-001-13 2 21  1202021  120122                         
00-21-28-798868-001-01 1304   101900    02 2                         
00-21-28-798868-001-01 3304   101900    02 2                         
73-42-86-918870-001-01 1 58   201900   201212021 22021 2 1      3002 
73-42-86-918870-001-01 1304   102019    5122                         
73-42-86-918870-001-01 2998   152006    0122                         
22-97-00-788871-001-01 3304  1452015    0122                         
83-91-97-408872-001-01 2304   802012    02 2                         
83-91-97-408872-001-01 3304   702012    02 2                         
83-91-97-408872-001-01 4304   101900    02 2                         
63-50-27-098885-001-01 3 21 10002020  2002 12021 52021 5 1 2     152 
89-55-89-928886-001-01 2 21   402020   402 1202011202011 1      6752 
81-76-53-588889-001-01 1 21100002018 49002 12020122021 7 1 2   28002 
81-76-53-588889-001-01 1 53 17002021 17002 2                         
81-76-53-588889-001-01 1 60  1502014    02 12020 12021 1 1 2    4002 
81-76-53-588889-001-01 1302    52017    02 2                         
81-76-53-588889-001-01 4 53 15002021 15002 2                         
26-06-09-838891-001-01 1 21  5002021  5002 2                         
26-06-09-838891-001-01 1 63    12016    02 2                         
26-06-09-838891-001-01 1303    32016    02 2                         
26-06-09-838891-001-01 1306   121999    02 2                         
26-06-09-838891-001-01 4304    62013    02 2                         
20-33-59-338892-001-03 2 45   101995    02 12020 62021 5 2       902 
63-82-17-438904-001-01 1 54   152015    01212020 42021 5 1       102 
63-82-17-438904-001-01 1 61   302016    0122                         
63-82-17-438904-001-01 1 66    22010    01212020 42021 5 1        32 
73-69-98-248905-001-01 1 21  2002020    01212021 42021 5 1 2    1002 
73-69-98-248905-001-01 1 45    51998    01212020 42021 5 1 2   56002 
73-69-98-248905-001-01 2 66   802018    0122                         
73-69-98-248905-001-01 2304    62018    0122                         
73-69-98-248905-001-01 3 18  2402019    02 2                         
73-69-98-248905-001-01 4304  2502019    02 2                         
73-69-98-248905-001-01 5 61  2502020    0122                         
73-69-98-248905-001-01 5 66   152018    0122                         
21-39-92-978906-001-01 1 21  2002020   502 12020 82021 5 1       502 
21-39-92-978906-001-01 1 60    82020    82 12021 42021 4 1        62 
24-41-62-678907-001-01 2 61  2002020    0122                         
24-41-62-678907-001-01 2 66    62020    0122                         
82-07-37-998908-001-01 1 18   152019    02 2                         
82-07-37-998908-001-01 1 21   302021   202 2                         
82-07-37-998908-001-01 1 54  1002019    02 2                         
82-07-37-998908-001-01 1 60    42020    02 12021 22021 5 1       1015
82-07-37-998908-001-01 1 61  3002018   502 2                         
82-07-37-998908-001-01 1 64    32019    02 2                         
82-07-37-998908-001-01 1 66   402020   302 2                         
08-47-41-248909-001-02 1 21  1502005    02 12020 32020 4 2      5002 
81-53-07-828910-001-01 1 21   352021   252 2                         
92-26-76-358911-001-01 2 66    42017    02 2                         
92-26-76-358911-001-01 3 18    52020    02 2                         
92-26-76-358911-001-01 3 45    22016    02 2                         
92-26-76-358911-001-01 3 61  3002010    02 12020 62021 5 1 2     102 
92-26-76-358911-001-01 3 66   102013    02 2                         
92-26-76-358911-001-01 3304    52017    02 2                         
33-18-58-718923-001-01 1 21 75002019    01212020 42020 4 5     200015
33-18-58-718923-001-01 1 45   502019   20122                         
33-18-58-718923-001-01 1 46    72017    0122                         
33-18-58-718923-001-01 1303    41900    0122                         
33-18-58-718923-001-01 1304    21900    0122                         
53-04-11-068924-001-01 1 45   201900    02 12020 12021 1 1       502 
53-04-11-068924-001-01 1304    11900    02 2                         
53-04-11-068924-001-01 2 45    31900    02 2                         
53-04-11-068924-001-01 2304    21900    02 2                         
75-55-83-598925-001-01 1 45    61995    02 12020 32021 2 1 2    2402 
75-55-83-598925-001-01 2 45    71989    02 12020 22021 2 1 2    31515
87-43-23-918962-001-02 1 21  6002020  1002 12021 8202110 2        62 
87-43-23-918962-001-02 1 34   502020    02 12021 62021 9 2       252 
55-12-99-149003-001-99 1 45    21986    02 12020 1202012 1       302 
12-77-94-479027-001-99 2304 10002015    02 2                         
12-77-94-479027-001-99 3304 20002015 10002 2                         
12-77-94-479027-001-99 4304 20002015 20002 2                         
12-77-94-479027-001-99 6304 10002016    02 2                         
12-77-94-479027-001-99 8304 15002015 10002 2                         
12-77-94-479027-001-99 9304 10002018    02 2                         
12-77-94-479027-001-9910304 12002014    02 2                         
12-77-94-479027-001-9911304 30002013    02 2                         
12-77-94-479027-001-9912304 10002013    02 2                         
31-72-02-479029-001-99 1 21  1302020   661212020 7202012 1 2    1202 
50-69-66-449055-001-99 1 21   201971   501212020 52020 8 1       802 
01-45-88-749075-001-99 1 46    12020    12 2                         
01-45-88-749075-001-99 2 21  2002020  200122                         
01-45-88-749075-001-99 2 46    61900    0122                         
25-80-40-319079-001-99 1 21  1202020  1202 12021 12021 5 1 2    1202 
25-80-40-319079-001-99 1 34    52020    52 12020102021 1 1 2     802 
98-87-47-849121-001-99 2 60    82019    62 12020 22021 1 1 2     4815
98-87-47-849121-001-99 2303  2002001    02 12020 12021 1 1 2   15002 
98-87-47-849121-001-99 2304   102015    02 2                         
86-76-49-709169-001-99 2 60    92020    92 2                         
86-76-49-709169-001-99 2304    12017    02 2                         
77-18-35-979181-001-99 1304    31900    0122                         
77-18-35-979181-001-99 2 21    82020   15121202011202011 1 2      62 
03-32-08-679182-001-99 1 45    31989    0122                         
03-32-08-679182-001-99 2 21   402018   10122                         
03-32-08-679182-001-99 2 45    12018    02 2                         
03-32-08-679182-001-99 2 46    12006    0122                         
65-75-10-459193-001-99 1 21   702020   701212020 72020 7 1 2    6002 
99-76-28-489194-001-99 1 21    02020    02 2                         
08-82-98-669295-001-99 1 46  3001999    02 2                         
08-82-98-669295-001-99 2 46  2501901    02 2                         
34-12-92-299306-001-99 1 46   652019    02 2                         
34-12-92-299306-001-99 2 46  1402020  1502 2                         
68-91-09-089313-001-99 1 54  6002017    02 2                         
75-56-43-989316-001-99 1 60    22020    22 12021 12021 5 7       102 
85-88-27-619324-001-99 1 21    52020    5122                         
22-19-71-699328-001-99 1 60   332018    02 12020 62020 8 1       8515
94-80-63-679386-001-99 1 45    32009    01212020 32021 2 1      1302 
94-80-63-679386-001-99 1 60  1502018   301212020 32021 2 1      4002 
94-80-63-679386-001-99 1304   152011    71212020 32021 2 1     12002 
94-80-63-679386-001-99 3304  2002018   202 2                         
68-52-75-149398-001-99 1304   102018 20182 2                         
78-67-27-419434-001-99 1304   141900    02 2                         
61-71-00-809435-001-99 1998 30002011    02 12020 22020 8 1 2   80002 
71-17-31-559451-001-99 1 60    52020    5122                         
71-17-31-559451-001-99 1 63    11900    0122                         
50-59-06-599509-001-99 1 34    32020 2021122                         
09-91-08-559519-001-99 3304   302000    02 2                         
54-59-35-509578-001-99 1 60    12021    12 2                         
72-11-59-809583-001-99 1 60   702015    52 1202010202110 1       502 
73-45-68-579589-001-99 1304   102018    02 2                         
40-73-99-359594-001-99 2304    82005    02 2                         
15-65-02-509627-001-99 1 21  1002020   701212020 92021 8 1 2    12015
15-65-02-509627-001-99 1 45    12017    02 2                         
15-65-02-509627-001-99 1 60    52020    51212020 92021 8 1 2     3015
45-36-59-569632-001-99 2 46    52000    02 2                         
45-36-59-569632-001-99 2302    42000    02 1202010202012 1 2     302 
45-22-42-309636-001-99 1 45  2001900    01212020 82021 9 1     30002 
75-21-91-969639-001-99 1 21   202020   102 12020102021 9 1     10002 
75-21-91-969639-001-99 1 45   801900    02 12021 62021 6 1       602 
75-21-91-969639-001-99 1304   252013    02 2                         
54-58-52-299640-001-99 1 45   381985   201212020102021 9 1  75000002 
62-67-93-339641-001-99 1 21  3002021  3002 2                         
62-67-93-339641-001-99 1 45   401900    02 2                         
36-25-85-209642-001-99 1 21  5002021  5002 12021 82021 9 1       152 
36-25-85-209642-001-99 1 45   111900    02 12020102021 9 1       602 
36-25-85-209642-001-99 1 46    61900    02 1202010202012 1       302 
23-69-08-569643-001-99 1 21  3002019  1002 1202010202110 1      1602 
23-69-08-569643-001-99 1 34    12020    12 2                         
23-69-08-569643-001-99 1 45    81999    02 12020 92021 9 1      1352 
23-69-08-569643-001-99 1 46    22018    02 2                         
23-69-08-569643-001-99 1 53    41996    02 12020 1202112 1      1502 
23-69-08-569643-001-99 1305    12020    12 2                         
36-49-52-599648-001-99 1 45   122006    02 2                         
36-49-52-599648-001-99 1304  2002006    02 2                         
36-49-52-599648-001-99 2 21   502020   501212020 32020 4 1 2    2402 
02-90-12-339649-001-99 1 21  6002020   80121202011202110 1     15002 
02-90-12-339649-001-99 1 46    32000    0121202010202012 1      2002 
02-90-12-339649-001-99 1 60  1002019    0121202011202110 1      3552 
94-31-69-079708-001-99 2 61100002008    02 12021 42021 8 1      3282 
82-81-94-299737-001-99 1304  2252021  2202 2                         
36-84-33-479739-001-99 1304    82010    0122                         
00-39-27-139809-001-99 1 21   102020  100122                         
00-39-27-139809-001-99 1304   202015    0122                         
