16-34-22-801005-001-011 311  2 KARIASEE                             2   41   412   0          2 1    12  3 31       60   54000 1 2
79-06-68-491059-001-032 432112 KIENYEJI.                            2   25   0     25  8000 21161  0.211 2 21      240   96000 1  
09-26-67-921193-001-011 1123112MBEGU   YA   KIENYEJI                2   21   0     21  30001612 22                                
09-26-67-921193-001-011 3223112MBEGU  YA  ASILI                     2   11   0     11  14001612 1 0.122 12 022015   11   11000 2  
09-26-67-921193-001-01199821112MBEGU   YA   ASILI                   2   11   0     0          2 1  0.12 11 023050    9    5000 2  
32-46-17-361236-001-041 111  2 KATUMBILI                            1   41   0     41 22000 922 1    12  3 31     1260  280000 1  
32-46-17-361236-001-042 111  2 KATUMBILI                            2  101  1012   0          2 1    22  2 11      378  105000 1  
14-23-99-911333-001-011 111  2 MBEGU YA MAHINDI                     1 1.51   0   1.51  7500 922 1 0.252  1 11       40   28000 1  
79-50-93-441462-001-011 2222112VIAZI  VYA   NJANO                   2   21   0     0          2 22                                
79-50-93-441462-001-011 2521112MAGIMBI   MEUPE                      2   31   0     31  5000 212 22                                
79-50-93-441462-001-011 321  12KUNDE   NENE                         2   11   0     11  1500 212 22                                
79-50-93-441462-001-011 9121112MCHICHA  WA   KISASA                 1 3005   0   3005  3000 212 1 0.0119 1 021565    8   15000 2  
79-50-93-441462-001-01199821112MATEMBELE   MANENE                   2   21   0     21  1500 212 1 0.012  1 022560    4    6000 2  
07-54-14-551559-001-0129981  2 MBEGU YA MIHOGO (CHEUPE)             2 1505   0   2005 16000 422 22                                
59-65-56-211707-001-0119982382 MBEGU YA MIHOGO                      2  151  1512   0          2 22                                
99-84-02-401764-001-0119981  12KIBANDA MENO                         2   15   152   0          2 22                                
46-39-86-171765-001-011 221  2 VIAZI VITAMU                         2 1001   0     0          151    12  5 51      250  250000 1  
88-80-90-941766-001-011 222232 MBEGU ZA ASILI                       2   71   712   0          2 1  0.22  9101       80   61000 1  
33-06-24-681874-001-011 1122112MBEGU ZA KIENYEJI                    2  121   0    121 20000 31131  1.52  3 31      216   30000 1 2
32-28-64-631875-001-013 111  2 LIBANGU                              2   51   512   0          2 1    22  2 21      540  250000 1  
32-28-64-631875-001-015 1122412LIBANGU                              2   21   212   0          2 1 0.252  2 21      108   50000 5  
32-28-64-631875-001-015 3122412MAHARAGE YA NJANO                    2   21   0     21  4000 412 1 0.252  2 21       20   30000 5  
58-08-38-131875-001-031 111  2 DK                                   1   21   0     21 12000 912 1  0.52  1 21      300  165000 1  
58-08-38-131875-001-032 121  2 SUPER                                3  231   0    231 20000 412 1  0.52  4 41      525  315000 1  
62-29-93-461875-001-071 111  2 MBEGU YA ASILI                       2   21   0     21  2000 412 1    12  2 21      648  240000 1  
15-55-16-651876-001-021 111  12MBEGU YA ASILI YA MAHINDI            2  201  2012   0          131    214 2 21      300   70000 2  
41-83-97-521877-001-021 111  13SEEDCO                               1   11   0     11  6500 922 1 0.252  1 11      100   50000 1  
41-83-97-521877-001-022 111  2 SEEDCO                               1   31   0     31 19500 922 1    22  1 21      600  300000 1  
41-83-97-521877-001-023 111  13SEEDCO                               1   11   0     11  6500 922 1 0.132  1 11      120   60000 1  
14-35-65-811877-001-043 111  12MBEGU YA ASILI                       2  101  1012   0          2 1  1.52  1 21      600  15000011  
14-35-65-811877-001-043 311  12ASILI                                2  101  1012   0          2 1  1.52  1 21      240  36000011  
69-30-51-521879-001-011 111  2 KIENYEJI                             2   11   0     11  1500 412 1  0.312 2 21      120   45000 2  
69-30-51-521879-001-012 121  2 KIENYEJI                             2  101   0    101  3000 412 1  0.514 2 21      140   49000 2  
08-43-62-701893-001-011 1123112MBEGU ZA KIENYEJI                    2   51   0     51 10000 31131 0.452  3 31      378   35000 1 2
08-43-62-701893-001-013 1122112MBEGU ZA KIENYEJI                    2  121   0    121 15000 41131    12  3 31      540   35000 1 2
79-60-26-091896-001-014 1121112DECABO                               1  201   0    201120000 412 1    42  2 31      864  320000 1  
79-60-26-091896-001-014 3121112MAHARAGE YA NJANO                    2   12   0     12 35000 41131    42  2 31       20   35000 1  
79-60-26-091896-001-014 432112 MBEGU ZA KARANGA                     2   22   222   0          2 1    22  3 31      150  150000 1  
72-94-88-221916-001-013 222212 MBEGU ZA ASILI                       2  801  8012   0          2 1  0.52 12121      200   80000 1 2
72-94-88-221916-001-014 221  2 MBEGU ZA ASILI                       2  401  4012   0          2 1 0.252 12121      100   20000 1 2
55-83-06-851932-001-041 112342 MBEGU YA ASILI                       2   51   0     51  5000 212 1 0.752  2 21      144   35000 1  
41-12-45-181933-001-013 112312 MBEGU YA ASILI                       2  101  1012   0          2 1    22  2 21      324   90000 1 2
66-14-94-181935-001-012 2222412MBEGU ZA ASILI                       2  351  3512   0          2 1 0.252 12121      300   24000 1  
66-14-94-181935-001-012 3121412MBEGU ZA ASILI                       2   21   0     21  4000 212 1 0.252 11111       20   40000 1  
56-51-57-981936-001-011 112312 MBEGU YA ASILI                       2  201  2012   0          2 1  2.52  2 21      648  180000 1  
56-51-57-981936-001-011 432212 MBEGU YA ASILI                       2   81   812   0          2 1  1.52  2 31      252   90000 1  
56-51-57-981936-001-012 112312 MBEGU YA ASILI                       2  201  2012   0          2 1    32  2 21      540  150000 1  
56-51-57-981936-001-012 322112 MBEGU YA ASILI                       2  101  1012   0          2 1 0.452  1 11       80   48000 1  
58-41-33-741936-001-021 112212 MBEGU YA ASILI (KILIMA)              2   61   612   0          2 1  1.52  3 31      648  180000 1  
20-27-84-751936-001-041 111  2 DK                                   1   41   0     41 240001622 1    12 12 21      432  144000 1  
20-27-84-751936-001-042 1122112MAREFU                               2   81   812   0          2 1    12 12 21      250   80000 1  
20-27-84-751936-001-042 3122112NJANO                                2   31   0     31  6000 522 1    12 12 11       12   12000 1  
20-27-84-751936-001-043 111  2 MAREFU                               2   81   0     81  48001622 1    12 12 31      972  324000 1  
12-92-55-031938-001-011 3122112MEUPE MADOGO                         2   81   0     81  8000 422 1 0.252  6 71       30   30000 1 2
12-92-55-031938-001-011 4322112NYEKUNDU NDOGO                       2   61   0     61 12000 422 1 0.252  6 71       11   20000 1 2
12-92-55-031938-001-012 3122112MEUPE MADOGO                         2   81   0     81  8000 422 1 0.252  6 71       30   30000 1 2
12-92-55-031938-001-012 4322112NDOGO NYEKUNDU                       2   71   0     71 14000 422 1 0.252  4 41       11   20000 1 2
05-92-83-741938-001-021 111  12SIDCO NA NYANDE                      3 1.51   0   1.51  3000 21151  0.51912 11       60   30000 1 2
05-92-83-741938-001-021 2221112ASILI                                2 1201 12012   0          2 1 0.2519 6 81      300   72000 1 2
29-60-24-001950-001-022 111  12SEED CO                              3   41   413   0          131    12  3 31      480  120000 2  
29-60-24-001950-001-022 311  12MAHARAGE YA NJANO                    2  101  1012   0          2 1    12  3 31       80  100000 2  
81-77-28-591955-001-011 112332 PANNAR                               1  161   0    161 52000 912 1 0.752  1 21      432  120000 1  
16-23-33-321957-001-011 111  2 SEED CO                              1   21   0     21 15000 91131  0.52  2 31      120   30000 1  
17-99-58-672065-001-011 111  12KIENYEJI                             2   21   212   0          2 1    22  2 21      240   96000 1 2
17-99-58-672065-001-011 311  12KIENYEJI                             2  101  1012   0          2 1    22  2 21       80   80000 1 2
77-92-16-672066-001-011 1121112SIDCO                                3   51   513   0          2 22                                
77-92-16-672066-001-011 3121112WIFINYEGERA                          2  251  2512   0          2 1 0.252 12 02 290  240  120000 1  
77-92-16-672066-001-012 312112 WIFINYEGERA                          2   32   322   0          2 22                                
53-91-30-092069-001-011 111  12SIDCO                                3   31   313   0          2 22                                
53-91-30-092069-001-011 311  12MAHARAGE YA MBEYA                    3   12   123   0          2 1 0.252 12 02 410  100   90000 1  
53-91-30-092069-001-012 111  12SIDCO                                3   31   313   0          2 22                                
53-91-30-092069-001-012 2321112MBEGU YA VIAZI MVIRINGO              2   22   0     22 14000 412 1 0.252 10 02 190  200   36000 1  
53-91-30-092069-001-012 311  12MAHARAGE YA MBEYA                    3   12   123   0          2 1    12 12 02 750   80   90000 1  
98-95-98-622070-001-013 311  12MBEGU YA ASILI YA MAHARAGE           2  201  2012   0          131  0.514 1 11       80   27000 1 2
13-66-67-952072-001-011 111  11KIENYEJI                             2   31   312   0          2 1  0.52  2 21       90   35000 1  
13-66-67-952072-001-012 111  113                                    2   31   312   0          2 1  0.52  1 21       90   35000 1  
24-27-78-932083-001-011 111  12MAHINDI                              2   31   312   0          2 1  0.11212121       40   10000 2  
24-27-78-932083-001-011 2521312MAGIMBI                              2  205   0     0          2 1  0.12 10121       30   15000 2  
24-27-78-932083-001-011 311  12MAHARAGE                             2   15   152   0          2 1  0.11212121       50   37500 2  
24-27-78-932083-001-012 111  12MAHINDI                              2   11   112   0          2 1  0.11212121       60   15000 2  
24-27-78-932083-001-012 311  12MAHARAGE                             2   51   512   0          2 1  0.11212121       12    9000 2  
51-49-82-492083-001-031 111  12MAHINDI                              2   11   0     11  1500 41151  0.11212121       20   10000 1 2
51-49-82-492083-001-031 311  12MAHARAGE                             2  103   0    103  5000 41151  0.11212121       15   15000 1 2
50-36-50-822086-001-013 311  12ASILI                                2  181   0    181 16000 411624                                
92-24-01-442088-001-011 311  2 NJANO                                2   71   0     71  7000 412 1    12  5 51      100  100000 1  
31-32-30-422089-001-011 111  12SEEDCO                               3   21   213   0          151  0.32  4 31       90   50000 1  
31-32-30-422089-001-011 311  12KIENYEJI                             2   51   512   0          2 1  0.32  1 11      100   70000 1  
52-18-39-522090-001-013 111  12MAM'S                                1   21   0     21 220001632 1    119 2 21       20   10000 2  
52-18-39-522090-001-013 311  12MAHARAGE                             2   51   0     51  7000161121    12  2 21       60   45000 2  
73-31-47-952102-001-011 1122112EBICHORI                             2  101  1012   0          161  0.32  3 41      108   40000 1  
73-31-47-952102-001-011 3123112EBIHIMBA                             2   32   332   0          131  0.32  3 31       60   60000 1  
02-38-53-952103-001-011 1122112KIENYEJI                             2  201   0    201 20000 412 22                                
34-93-93-402105-001-011 1121112MBEGU YA ASILI                       2   81   812   0          2 1 0.252  1 21      720  180000 1  
82-80-81-612105-001-021 1122113MBEGU YA ASILI                       2   91   912   0          2 1  0.52  1 21      360   90000 2 6
82-80-81-612105-001-021 311  12ASILI                                2  101  1012   0          2 1  0.52  2 21      100   75000 6  
21-33-89-792107-001-011 3122112MBEGU YA ASILI YA MAHARAGE           2  101  1012   0          2 1  0.52 12 11      160  120000 1 2
21-33-89-792107-001-013 311  12MBEGU YA ASILI YA MAHARAGE           2  151   0    151 25000 412 1  0.514 1 11       80   35000 1  
21-33-89-792107-001-014 3122312MBEGU YA ASILI YA MAHARAGE           2  181   0    181 35000 412 1  0.52  2 21      200  120000 1 2
21-33-89-792107-001-015 1122312MBEGU YA ASILI YA MAHINDI            2  301   0    301 25000 21131  0.514 3 31      400   45000 1 2
21-33-89-792107-001-015 3122312MBEGU YA ASILI YA MAHARAGE           2  181   0    181 15000 21131  0.52  2 21       80   35000 1 2
21-33-89-792107-001-016 1122312MBEGU YA ASILI YA MAHINDI            2  151   0    151  8000 21131  0.12  3 31      250   45000 1 2
21-33-89-792107-001-016 3122312MBEGU YA ASILI YA MAHARAGE           2  151   0    151 10000 21131  0.214 2 21       20   30000 1 2
08-12-12-352108-001-011 112212 NYANDI                               2   51   512   0          2 1  0.52  3 31      324   30000 1  
46-01-30-672109-001-012 111  12KIENYEJI                             2   11   112   0          2 22                                
46-01-30-672109-001-012 311  12KIENYEJI                             2  201  2012   0          2 22                                
89-05-97-182110-001-011 1121412SIDCO                                1   41   0     41  70001612 1  0.52  3 31     1330  234000 1  
19-03-71-262121-001-0119981  12NDABALILA                            2  451  4512   0          2 1  0.52  2 21      110   80000 1  
72-87-81-322122-001-011 111  12MAHINDI                              2   21   212   0          2 1  0.52  2 21       50   30000 1 2
72-87-81-322122-001-011 311  12MAHARAGE                             2  101  1012   0          2 1  0.52  2 21       76   76000 1 2
62-47-33-372123-001-011 1121112SEEDCO                               1   21   211   0          131 0.2514 5 61       20    6000 6 7
62-47-33-372123-001-011 2521112MBEGU ZA KIENYEJI                    2  251  2512   0          2 1 0.252 10 91       80   20000 6 7
62-47-33-372123-001-011 3121112SHEREKA                              2  101   0    101 120001612 1 0.252  5 61       30   30000 6 7
62-47-33-372123-001-013 1121112SEEDCO                               1   11   111   0          131 0.2514 6 71       40   12000 6 7
62-47-33-372123-001-013 3121112SHONA                                2  151  1512   0          2 1 0.252  5 61      120  120000 6 7
62-47-33-372123-001-013 4321112LUCIA                                2   31   312   0          121 0.2515 5 61       60   30000 6 7
37-05-92-602124-001-013 111  12ASILI                                2   11   112   0          161  0.219 2 21        3    1200 1 2
37-05-92-602124-001-013 311  12ASILI                                2 3.51 3.512   0          161  0.22 12 11        9    6300 1 2
85-54-66-362125-001-011 311  2 SHONA                                2   21   212   0          2 1  0.112 1 11       30   30000 1  
85-54-66-362125-001-012 871  2 MWANGA                               1   35   0     35 30000 922 1  0.32 12 11      400  180000 1  
85-54-66-362125-001-014 111  2 MAHINDI                              2  101  1012   0          2 1    12 12121      500  250000 1  
94-09-90-452127-001-011 311  12WIFI NYEGELA                         2  101  1012   0          2 1    12 12121       60   60000 1 2
41-24-37-002128-001-011 311  2 MAHARAGE MEUPE                       2   51   512   0          2 1  0.52  1 11       25    8000 2  
41-24-37-002128-001-012 111  2 SIMBA                                1   21   0     21 15000 92121  0.815 2 21      200   60000 2  
96-25-27-682140-001-011 111  12SEEDCO                               3   11   113   0          2 1  0.22  1 11       80   20000 1 2
96-25-27-682140-001-011 311  12KIAKARAGWE                           2   31   312   0          2 1  0.21412121        6    6000 1 2
96-25-27-682140-001-012 311  12KIAKARAGWE                           2   31   0     31  6000 91121  0.22 12121       12   24000 1 2
47-33-48-342143-001-011 1122112SEED CO                              3   11   0     11  10001612 1  0.42  1 11       25    5000 1 6
47-33-48-342143-001-011 222112 VIAZI VITAMU                         2   11   0     11  15001612 1 0.152  2 21       30   11000 1 6
47-33-48-342143-001-011 3123112MAHARAGE                             2   11   112   0          2 1 0.412  1 11       21    7000 1 6
41-90-49-082143-001-021 111  12MAHINDI                              3   21   0     21  2000161131  0.21412 11       40   10000 1 2
41-90-49-082143-001-021 2221112VIAZI VITAMU                         2  201  2012   0          2 1 0.192  1 21       64   20000 1 3
41-90-49-082143-001-021 241  12VIAZI VIKUU                          2  131  1312   0          2 1  0.52  1 21      265  117000 1 3
41-90-49-082143-001-021 2521112MAGIMBI                              2  151  1512   0          2 1 0.122  2 21      128   40000 1 3
41-90-49-082143-001-021 311  12MAHARAGE                             2  151  1512   0          161  0.411 1 21       75   75000 1 2
41-90-49-082143-001-021 4321111KARANGA                              2   21   0     21  65001612 1 0.152  2 21       25   30000 1 3
42-74-37-602144-001-011 111  12SEEDCO                               3   21   0     21  2000 412 1    12  2 21       40   14000 1  
42-74-37-602144-001-011 221  2 VIAZI VYEUPE                         2   25   252   0          2 1    12  3 51      800  240000 1  
42-74-37-602144-001-011 251  12MAGIMBI MEUPE                        2  601  6012   0          2 1    12 10 91      120   60000 1  
42-74-37-602144-001-011 311  12MAHARAGE YA NJANO                    3   31   0     31  6000 522 1    12  1 11       60  120000 1  
88-95-93-562146-001-011 111  12PUNDAMILIA                           1   51   0     51 18000163121  0.52  1 21      300  210000 1  
88-95-93-562146-001-011 311  12MAHARAGE                             2   35   352   0          121  0.215 1 21      100  100000 1  
88-95-93-562146-001-012 111  12PUNDAMILIA                           1   31   0     31 10000163121  0.115 1 21      150  105000 1  
88-95-93-562146-001-012 311  12MAHARAGE                             2   12   122   0          121  0.215 1 21      120  120000 1  
88-95-93-562146-001-013 111  12PUNDAMILIA                           1   21   0     21  7000163121  0.315 1 21      500  350000 1  
88-95-93-562146-001-013 311  12MAHARAGE                             2   12   122   0          121  0.314 1 21      180  180000 1  
37-02-89-812146-001-031 111  12SIDIKO                               2   21   212   0          121  0.115 1 21       20   10000 1  
37-02-89-812146-001-031 311  12MAHARAGE                             2   71   712   0          121  0.215 1 11       60   60000 1  
37-02-89-812146-001-032 111  12SIDIKO                               2   21   212   0          1223                                
37-02-89-812146-001-032 311  12MAHARAGE                             2   41   412   0          121  0.115 1 21       40   40000 1  
82-49-19-232159-001-011 1122112ASILI                                2  101  1012   0          2 1  0.52  6 61      252   78400 1  
43-24-82-622165-001-011 1121112MBEGU ZA ASILI                       2   21   212   0          2 1 0.252  2 21      240   80000 1  
43-24-82-622165-001-011 2521112MAGIMBI                              2  205  2052   0          2 1 0.252  1 41       40    6000 1  
43-24-82-622165-001-012 3121112MAHARAGE YA NJANO                    2  301  3012   0          2 1 0.252  1 11      160  324000 1  
14-48-48-942180-001-011 111  12MBEGU ZA KIENYEJI                    2   21   0     21  5000 41131  0.52  2 21      108   30000 1 2
82-21-30-392181-001-011 111  12SEDECO                               1 2.51   0   2.51 20000 922 1  1.52 12 11      200   80000 1  
82-21-30-392181-001-011 311  1240                                   2  401  4012   0          2 1  1.52 12 11      200  160000 1  
09-99-32-012182-001-011 111  2 MBEGU YA ASILI YA MAHINDI            2   41   0     41 18000 41131  0.514 2 21      120   35000 1  
81-89-19-212183-001-011 111  12MBEGU MBORA ZILIZOTUMIKA TENA        3   91   913   0          2 1  0.52 12 11      360   90000 1  
81-89-19-212183-001-011 311  12MBEGU YA ASILI                       2   81   812   0          2 1  0.52 12 11       80  160000 1  
81-89-19-212183-001-012 111  12MBEGU BORA ILIYOTUMIKA TENA          3   81   813   0          2 1  0.52 12 11      240   60000 1  
81-89-19-212183-001-012 311  12MBEGU YA ASILI                       2   61   612   0          2 1  0.52 12 11       40   80000 1  
97-20-56-672184-001-011 1122312MBEGU YA ASILI YA MAHINDI            2   21   0     22  3000 412 1  0.514 2 21       40   20000 1  
01-60-89-942185-001-011 111  12MBEGU YA ASILI                       2  151  1512   0          2 1    22  1 21      480  120000 1  
01-60-89-942185-001-011 311  12MBEGU YA ASILI                       2  101  1012   0          2 1    22 12 11      340  580000 1  
50-12-34-352197-001-013 111  12MBEGU YA ASILI                       2  401  4012   0          2 1    62  1 21     2160  800000 1  
50-12-34-352197-001-013 3121412MBEGU YA ASILI                       2  101   0    101 20000 212 1 0.252  1 21       60  150000 1  
56-62-89-782199-001-011 312212 MBEGU YA ASILI YA MAHARAGE           2  101  1012   0          2 1    22  2 21      360   96000 2  
97-95-25-482200-001-011 312112 MAHARAGE YA NJANO                    2   22   222   0          121    52  1121      240  480000 1 2
14-73-22-192201-001-011 131  2 MTAMA MWEKUNDU                       3   51   513   0          2 1    12  8 71      500  175000 1  
56-10-08-702204-001-011 111  12KIENYEJI                             2  101   0    101  5000 522 1  1.719 4 31      120   18000 1  
56-10-08-702204-001-011 311  12KIENYEJI                             2  151   0    151 15000 522 1  1.719 2 21       40   24000 1  
81-50-48-562217-001-021 111  12MAHINDI MAREFU                       2  351  3512   0          2 1  2.52 12 11      432  120000 1 2
81-50-48-562217-001-021 311  12MAHARAGE YA  NJANO                   2  251  2512   0          2 1  2.52  1 21      240  240000 1 2
84-58-41-512218-001-011 1121112ASILI                                20.2510.2512   0          2 1  0.22  2 21       10    2500 1 2
84-58-41-512218-001-011 3121112MAHAHARAGE YA NJANO                  2 1.51 1.512   0          2 1  0.22 12 11       20   25000 1 2
84-58-41-512218-001-013 1121112ASILI                                20.2510.2512   0          2 1  0.22  4 41       20    5000 1 2
84-58-41-512218-001-013 3121112MAHARAGE YA NJANO                    2  101  1012   0          2 1  0.22  2 21       50   50000 1 2
84-58-41-512218-001-017 111  2 ASILI                                21.2511.2512   0          2 1 0.252  4 41      100   25000 1 2
55-19-95-162219-001-013 1122112SEEDCO                               1 1.51 1.511   0          2 1  1.52  3 31       90   50000 1 3
55-19-95-162219-001-014 311  2 MANYURA                              1  201  2011   0          2 1    22  6 61      160   80000 1 3
91-90-18-922220-001-011 311  12MCHANGANYIKO                         2   41   0     41  6000 412 1  0.52  4 41      250  375000 1  
91-90-18-922220-001-015 311  2 MCHANGANYIKO                         2   41   0     41  6000 412 1  0.52  5 51      100  150000 1  
05-40-62-632221-001-011 111  12KIENYEJI                             2   51   512   0          2 1  0.52  1 11      150   52500 1  
05-40-62-632221-001-014 111  2 KIENYEJI                             2   51   512   0          2 1    12  1 11      106   42000 1 2
24-15-17-332222-001-011 111  12MAHINDI                              2  101  1012   0          2 1  1.52  2 21      300   90000 1 2
24-15-17-332222-001-011 311  12MAHARAGE                             2   22   222   0          161  1.512 2 21      370  210000 1 2
24-15-17-332222-001-012 111  12MAHINDI                              2   51   512   0          2 1 0.252  2 21      110   30000 1 2
24-15-17-332222-001-012 2522112MAGIMBI                              2   11   112   0          2 1  0.12  2 21      350  120000 1 2
24-15-17-332222-001-012 311  12MAHARAGE                             2   12   122   0          2 1 0.252  2 21      100  100000 1 2
24-15-17-332222-001-014 111  2 MAHINDI                              2   15   152   0          161  0.512 2 21      130   40000 1 2
24-15-17-332222-001-015 111  12MAHINDI                              2   71   712   0          2 1 0.252  2 21       20   30000 1 2
24-15-17-332222-001-015 311  12MAHARAGE                             2  151  1512   0          2 1 0.252  2 21       45   72000 1 2
24-15-17-332222-001-017 111  12MAHINDI                              2   51   512   0          2 1  0.52  2 21       25   32000 1 2
24-15-17-332222-001-017 311  12MAHARAGE                             2   12   122   0          2 1  0.52  2 21       85  150000 1 2
24-15-17-332222-001-018 111  12MAHINDI                              2  101  1012   0          2 1    12  2 21      100   30000 1 2
24-15-17-332222-001-018 311  12MAHARAGE                             2   12   122   0          2 1    12  2 21      400  720000 1 2
24-15-17-332222-001-019 111  12MAHINDI                              2   81   812   0          1623                                
24-15-17-332222-001-019 311  12MAHARAGE                             2   12   122   0          1623                                
21-66-19-792235-001-011 311  12KIENYEJI                             2   21   212   0          2 1  0.52 11121       40   70000 2  
21-66-19-792235-001-012 312242 KIENYEJI                             2 0.51 0.512   0          2 1  0.52 11121       20   35000 2  
21-66-19-792235-001-013 311  12KIENYEJI                             2 1.51 1.512   0          2 1  0.52 11111       20   35000 2  
00-11-58-552236-001-021 112212 MAHINDI                              2   11   0     11  20001612 1  0.11112 11       80   60000 1  
33-40-18-382238-001-011 111  12NYANDI                               3 0.51 0.513   0          2 1  0.52 11111       50   18000 1  
33-40-18-382238-001-012 1121412NYANDI                               3   11   113   0          2 1  0.52 11111       30   15000 1  
33-40-18-382238-001-012 311  12MARIALINDA                           2   13   112   0          2 1  0.52 11111       35    8000 1  
33-40-18-382238-001-013 111  12NYANDI                               3   21   213   0          2 1  0.52 11111       15    5000 1  
00-38-57-232239-001-011 3122112ASILI                                2   51   512   0          2 1    12 12 11       34   20000 1  
74-49-80-072239-001-031 2221112ASILI                                2  601   0     0          2 1 0.252 10 0211 5  105   70000 1  
74-49-80-072239-001-031 311  12ASILI                                1  151  1512   0          2 1    22 10111       72   80000 1  
33-71-74-272241-001-011 311  2 MAHARAGE. MEKUNDU                    2   31   0     31  3600 922 1    12  1 11       60   75000 1 2
31-14-86-012242-001-011 311  11MAHARAGE MEKUNDU                     3   21   213   0          2 1  0.52 10101       20   40000 1 2
53-95-94-122254-001-011 112212 MAHINDI                              2   51   512   0          2 1  0.111 1 11       40   30000 1  
53-95-94-122254-001-011 312212 MAHARAGE                             2  201  2012   0          2 1  0.111 1 11       60   60000 1  
74-70-00-932255-001-0139981  2 MIGOMBA YA ASILI                     2 2005   0     0          2 1  0.52  1 029980 1800 3600000 1 2
93-31-89-762256-001-012 3121112ASILI                                2  101  1012   0          2 1  0.22  7 71       54   48000 1  
79-86-31-642256-001-032 1121112ASILI                                2   21   212   0          2 1 0.372  2 21       60   30000 1 2
79-86-31-642256-001-032 3121112ASILI                                2   51   512   0          2 1 0.372  1 21      240  240000 1 2
79-86-31-642256-001-032 371  12ASILI                                2   31   312   0          2 1 0.122  2 31       15   45000 1 2
79-86-31-642256-001-032 4321112ASILI                                2   31   312   0          2 1 0.122  2 21       10   30000 1 2
30-93-95-652257-001-011 3122412MCHANGANYIKO                         2  101  1012   0          2 1    12  2 21      180  100000 1 2
30-93-95-652257-001-011 371  12NJEGERE                              2   51   512   0          2 1  0.32  2 21       20   50000 1 2
30-93-95-652257-001-013 1121412SEEDCO                               3   21   113   0          2 1  0.52  2 21      326   90000 1 2
30-93-95-652257-001-013 311  12ROSEKOKO                             2  101  1012   0          2 1  0.52  2 21      300  300000 1 2
14-19-73-232258-001-011 312212 KIENYEJI                             2   71   712   0          2 1  0.52  1 21       70   35000 1  
80-56-51-762259-001-011 1121812MAHINDI                              2   11   112   0          2 1  0.22  1 21       20    8000 1 2
80-56-51-762259-001-011 3123812MAHARAGE                             2   51   512   0          2 1  0.42  5 61       80   48000 1 2
80-56-51-762259-001-013 1121112MAHARAGE                             2   21   212   0          2 1 0.352  2 31       45   20000 1 2
80-56-51-762259-001-013 3122112MAHARAGE                             2   31   312   0          131  0.51412 21       70   42000 1 2
16-88-52-772260-001-011 111  12SEEDCO                               3   21   213   0          2 1    12 12 11      140   35000 1  
16-88-52-772260-001-011 311  12ROSEKOKO                             3  201  2013   0          2 1  1.52  2 31      100   75000 1  
83-01-75-412295-001-012 321  2 ZA KAWAIDA                           2   11   0     11  40001652 22                                
85-96-93-022316-001-014 121  2 ASILI                                2   21   0     0          2 22                                
57-18-13-692360-001-0119982312 MBEGU ZA ASILI                       2   14   0     0          2 1 0.252 11 023020   80   64000 1  
88-73-79-172521-001-012 1122412MBEGU YA ASILI YA MAHINDI            2  101  1012   0          141  0.514 2 21       20   16000 1  
88-73-79-172521-001-012 4323412MBEGU YA ASILI YA KARANGA            2  101  1012   0          2 1  0.52  3 41       60  150000 1  
59-63-78-892527-001-071 111  2 ASILI                                2   21   212   0          2 1  0.52  3 31      120   40000 1 2
59-63-78-892527-001-073 311  2 MWOLO                                2   11   0     11  2500 412 1  0.22 12121        5   10000 1 2
81-85-70-182615-001-012 231  2 OBAMA                                2  401   0    401 28000 912 1  0.52  1 11      300  168000 1  
47-38-94-742616-001-011 1122112HYBRID 613                           1   21   0     21  90001612 22                                
47-47-77-472618-001-012 111  2 PAYONEA                              1  101   0    1011200001622 1    12  4 41     1800  600000 1  
86-05-32-232620-001-013 111  2 614 D                                1   31   0     31 270001612 1    12  4 41     1404  585000 1 2
33-87-64-652621-001-011 231  12MWANAMKE MREMBO                      2   32   322   0          2 1    12  1 11      560  336000 1 2
33-87-64-652621-001-011 311  12ROSE KOKO                            2   12   122   0          2 1    12  2 21      150  300000 1 2
33-87-64-652621-001-012 231  2 OBAMA                                2 2001   0   2001100000 212 1    32  1 11    2000011200000 1 2
61-66-70-262634-001-012 111  2 DK53                                 1   31   0     31 180001612 1    12  3 31      324  180000 1  
61-66-70-262634-001-013 111  2 DK53                                 1   31   0     31 180001612 1 1.252  3 31      216  120000 1  
51-21-65-292635-001-011 111  2 HI BRIDGE                            1 1.51   0   1.51  90001612 1 0.252  2 21      216  144000 1 2
51-21-65-292635-001-012 111  2 HI BRIDGE                            1   21   0     21 150001612 1  0.52  2 21      216  144000 1 2
87-28-67-892637-001-011 111  2 614D                                 1   41   0     41 240001612 1    12  1 21      324  270000 1  
87-28-67-892637-001-012 111  2 614D                                 1   11   0     11 120001612 1 0.252  2 21      162  135000 1  
33-23-50-352638-001-011 111  2 HIGH BRIDGE                          1   11   0     11 150001612 1    12  2 21      120   90000 1  
33-23-50-352638-001-012 111  2 HIGH BRIDGE                          1   21   0     21 300001612 1    12  2 21      120   90000 1  
65-03-17-072639-001-011 111  2 HYBRID 14                            1 1.51   0   1.51 120001622 22                                
65-03-17-072639-001-012 111  2 HYBRID 14                            1 1.51   0   1.51 120001622 22                                
01-89-35-762640-001-011 111  2 KISASA                               1   31   0     31 180001622 1  0.112 3 31      240   96000 1  
01-89-35-762640-001-011 252182 KIENYEJI                             2  151  1512   0          2 1  0.22  3 31       60   16000 1 2
18-61-60-452654-001-011 111  12ASILI                                2  101  1012   0          2 1    111 2 21       72   20000 1  
18-61-60-452654-001-011 341  12ASILI                                2   21   212   0          2 1    111 2 21       20   20000 1  
24-22-77-122655-001-011 111  12PAONEA                               1  161   0    161104000 932 1   1011 2 21       40   12000 1  
24-22-77-122655-001-011 311  12SOYA                                 2  541   0    541135000 922 23                                
47-19-86-882672-001-021 312212 KIJIVU                               2   11   0     11  2000 412 1  0.52  4 41       18   28000 2  
50-32-82-322673-001-011 1122812HI BRIDGE                            1   61   0     61 330001612 1    12 12 11      378  210000 1  
50-32-82-322673-001-011 3122112MKE MWEMA                            2   81   812   0          2 1    12 10111       80  112000 1  
13-28-91-732674-001-011 111  12HYBREAD                              1   21   0     21 12000 422 1  0.52  2 21      120   48000    
13-28-91-732674-001-011 311  12KAKI                                 1   41   412   0          2 1  0.52  2 21       36   36000    
20-33-96-802675-001-011 112182 KITALE 614                           3   11   111   0          2 1  0.12  1 21       40   16000 1 2
20-33-96-802675-001-012 111  2 KITALE 614                           1   61   0     61 330001642 1  0.52  2 21      900  450000 1 2
84-24-88-242676-001-011 111  12HIGH BRID 628                        1   21   0     21 220001612 1    22  1 11      216  120000 1  
84-24-88-242676-001-011 3122412MBEGU ZA ASILI                       2   11   0     11  20001612 1  0.52 12 11       20   20000 1  
50-01-22-992696-001-011 2521412MAGIMBI                              2  201   0     0          2 1 0.132  1 026050   20   10000 1  
23-46-30-522711-001-011 121  2 JAPAN                                1  401   0    401 80000 922 1    22  2 21     7000 4000000 1  
23-46-30-522711-001-013 111  2 DK                                   1   81   0     81 960001622 1    22  2 21     3564 1200000 1  
89-50-33-812714-001-011 111  2 MBEGU BORA                           1  151  1511  151 220001642 22                                
89-50-33-812714-001-012 121  2 JAPAN 64                             1  201   0    201 200001642 22                                
89-50-33-812714-001-0131001  2 MBEGU YA KIENYEJI                    2  151   0    151 180001642 22                                
33-55-50-672714-001-041 121  2 JAPAN 64                             1  201   0    201 200001642 22                                
33-55-50-672714-001-042 121  2 UREA                                 1  501  5011  501 560001642 22                                
84-67-51-772715-001-011 122212 KIENYEJI                             2  201  2012   0          2 1  0.52  4 41      390  240000 1  
84-67-51-772715-001-012 121  2 SARO                                 1  101   0    101 200001632 1  0.22  4 41      520  320000 2  
57-47-30-232716-001-012 111  2 MBEGU YA CHAPA SIMBA                 1  201  2011   0          2 22                                
98-76-92-342717-001-011 111  2 SEEDCO                               2   41   0     41  20001612 1  0.212 1 11       36   16000 1 2
98-76-92-342717-001-013 111  2 SEEDCO                               2   11   112   0          2 1  0.12  1 11       10    3500 1 2
31-77-47-702735-001-011 121  2 SARO                                 2 1151   0   1151140000 832 1    22  2 21     5250 5775000 1  
97-82-85-812888-001-021 111  12MAHINDI                              2   11   0     11  12001622 22                                
63-23-37-672888-001-041 1121112MAHINDI                              2   11   0     11  1000 212 22                                
91-79-41-802957-001-011 111  2 SIDCO                                1   41   0     41 24000 932 1    12  3 31      400  120000 1 2
91-79-41-802957-001-013 111  2 SIDCO                                1   21   0     21 12000 932 1 0.252  3 31      400  120000 1 2
91-79-41-802957-001-014 111  2 SIDCO                                1   31   0     31 18000 932 1 0.252  3 31      400  120000 1 2
50-10-51-602958-001-012 111  2 HIGH BRIDGE                          1   21   0     21 120001622 1 0.252  2 21      216   60000 1 2
50-10-51-602958-001-013 111  2 HIGH BRIDGE                          1   21   0     21 120001622 1 0.252  2 21      162   45000 1 2
90-65-51-492959-001-011 111  12DKA 853                              1   21   0     21 130001632 1 0.252  4 41      300   75000 1 2
90-65-51-492959-001-011 311  12MBEGU ZA ASILI                       2   51   512   0          2 1 0.252  3 31       40   50000 1 2
34-70-67-062960-001-011 112212 HIGH BRIDGE                          1   21   0     21 15000 422 1  0.52  2 21      324   90000 1 2
34-70-67-062960-001-011 312242 PUNDA                                2   51   0     51  5000 422 1  0.311 9 91       20   20000 2  
71-25-33-162961-001-013 111  12HIGH BRIDGE                          1   21   0     21 120001632 1 0.252  2 31      180   45000 1 2
71-25-33-162961-001-013 311  12MBEGU ZA ASILI                       2   11   112   0          2 1 0.252 11111       10   10000 1 2
71-25-33-162961-001-014 111  2 HIGH BRIDGE                          1   21   0     21 120001632 1 0.252  2 31      300   75000 1 2
67-75-87-742962-001-011 311  2 MBEGU YA MAHARAGE                    3   41   411   0          2 1 0.152  9 91       60   54000 1  
36-05-18-273019-001-011 111  2 MAHINDI                              1   21   0     21  3000 911623                                
36-05-18-273019-001-012 112212 SIDIKO                               1   41   0     41 48000 411623                                
50-53-97-993035-001-011 111  2 70                                   3  701  7013   0          2 1    42  3 21     3024 1120000 1 6
50-53-97-993035-001-012 111  2 SITUKA                               3  601  6013   0          2 1    62  2 21     2700 1000000 1 6
35-05-63-483037-001-011 111  2 SEEDCO                               3  101  1013   0          2 1    52  2 11      600  180000 1  
39-50-51-323038-001-011 112112 SIDIKO                               1  161   0    162 96000 522 1    211 1 21     2000 1000000 1  
39-50-51-323038-001-012 131  2 MWEKUNDU                             2  151  1512   0          2 1    111 1 21      500  200000 1  
39-50-51-323038-001-013 132112 MWEKUNDU                             2  151  1512   0          2 1  0.711 2 21      400  160000 1  
39-50-51-323038-001-014 132312 MWEKUNDU                             2  301  3012   0          2 1    211 1 21     2000  800000 1  
39-36-43-123040-001-012 1122111MAHINDI                              2   51   512   0          161    42  2 21      270  150000 1 2
39-36-43-123040-001-012 5021112PAMBA                                1   21   0     21  1600211161    212 1 11       40   97500 1 2
72-68-04-923042-001-011 111  2 KIENYEJI                             2  201  2012   0          2 22                                
38-77-98-463071-001-014 1122112SEED                                 1   81   0     81 480001622 1  1.512 2 31      480  240000 1  
38-77-98-463071-001-015 111  2 DK                                   1  261   0    261156000162161    812 3 41     4200 2100000 1  
96-10-29-263074-001-011 111  12SITUKA                               1   21   0     21  8000 922 1    12  3 31      126   70000 1  
96-10-29-263074-001-013 112122 SITUKA                               1   21   0     21  8000 922 1  0.52  3 31      216  120000 1 2
96-10-29-263074-001-014 111  2 SITUKA                               1  101   0    101 80000 922 1    32  3 31     1404  780000 1 2
52-87-01-713074-001-031 502112 MBEGU BORA                           1  121   0     0          1223                                
52-87-01-713074-001-032 1122112ASILI                                2   61   612   0          2 1    12  3 31      120   54000 1  
52-87-01-713074-001-032 3122112ASILI                                2   41   412   0          161    112 3 31        9    6000 1  
52-87-01-713074-001-033 122332 ASILI                                2  121   0    121  9000 212 1 0.752  7 71      810  540000 1  
52-87-01-713074-001-034 222112 ASILI                                2 1001 10012   0          2 1    12  3 71     1800  500000 1  
83-83-97-843074-001-041 111  2 KIENYEJI                             2   41   412   0          2 1    12  2 21      400  224000 1  
83-83-97-843074-001-042 112282 KIENYEJI                             2   81   812   0          2 1    22  2 21      700  420000 1 9
83-83-97-843074-001-042 2222812KIENYEJI                             2  351  3512   0          2 1    22  5 71     1500  130000 1  
89-42-62-023075-001-021 1123312TUMBIRI                              1   31   0     31 360001632 1    22  2 21      400  360000 1 2
89-42-62-023075-001-021 3122112MAHARAGE                             1   11   0     11  25001632 1  1.52 12121       20   25000 1 2
22-18-86-073077-001-012 111  2 SEEDCO                               1   41   0     41 48000 932 1    112 3 31      200  100000 1 2
22-58-01-553078-001-012 1123112PANA                                 1  101   0    101110000 912 1    32  2 21     1350  750000 1 7
22-58-01-553078-001-012 3322112CHOROKO                              2   41   412   0          2 1  2.52  1 11     1200 1500000 1 7
22-58-01-553078-001-013 1122112PANA                                 1   41   0     41 22000 912 1    12  1 21      480  300000 1 7
22-58-01-553078-001-013 3321112CHOROKO                              2   41   412   0          2 1    12  2 21     1320 1200000 1 7
04-35-28-363078-001-021 111  12RUBANGO                              1  241   0    241120000 922 1    72  2 21     1620 1080000 1 5
04-35-28-363078-001-021 3322112CHOROKO                              2  101  1012   0          2 1    32  1 11      120  150000 1 5
01-31-69-053093-001-011 111  2 DUMA                                 3  101  1013   0          2 1    22  3 31       60   15000 2 3
08-93-73-163094-001-011 111  2 MBEGU BORA AINA YA DUMA KUTOKA KENYA 1  201   0    201120000206131    52  3 41     1832   40000 1 2
12-95-59-213097-001-011 1123112DUMA                                 1  201   0    201120000 962 1    42  2 21     1584  572000 1  
12-95-59-213097-001-011 3123112KITENGE                              2  201   0    201 60000 412 1    42  2 21       90  270000 1  
93-36-30-053109-001-0129981  2 NYABUGUMBA                           2 1001 10012   0          2 1    12  6121      500   37500 1  
13-23-04-153112-001-011 111  12ASILI                                2   81   0     81  5000 912 1    22  2 21      200   70000 1  
65-60-93-933114-001-0129982142 NYABUGUMBA                           2  751   0     0          2 1  1.52 12121      200   60000 2  
18-57-18-843115-001-011 111  12KIENYEJI                             2   51   512   0          131  0.517 2 31      200  120000 1  
51-12-48-043189-001-01199821812MANANASI                             2   0    0     0          2 24                                
71-65-11-523192-001-011 1121813SIDICO                               1 0.51   0   0.51  50001612 1 0.252  2 21      120   36000 1  
66-71-90-733470-001-031 252142 KAWAIDA                              2  505   0     0          2 1  0.22 12121        3   15000 1 2
40-03-22-643489-001-041 112132 MBEGU BORA                           1   11   0     11  20001611322                                
22-61-86-863492-001-012 111  2 ZA KAWAIDA                           2   31   0     31  48001622 22                                
56-39-47-013511-001-023 112122 KIPPAPI                              3   51   0     0          1423                                
65-52-91-163610-001-013 112132 STUKA                                1   11   111   0          121  0.52  2 21       60   90000 1 2
06-96-90-323622-001-013 411  2 MBEGU YA KIENYEJI                    2   81   0     81 20000 312 1    212 7 71      180  135000 1 4
06-96-90-323622-001-014 312272 MBEGU ZA NJANO                       1  201   0    201 40000 312 1  0.52  7 71      300  450000 1 4
88-20-31-173641-001-012 1121112MAHINDI                              2  131  1312   0          161  0.212 2 31       75  112500 1 2
88-20-31-173641-001-012 3121112MAHARAGE                             2   11   0     11  2000 91161  0.21210111        5   10000 1 2
88-20-31-173641-001-012 3221112KUNDE                                2   11   112   0          1623                                
88-20-31-173641-001-013 111  2 MAHINDI                              2  101  1012   0          161  0.112 2 31       18   27000 1 2
73-54-93-253666-001-011 9522112SUKARI                               1 1005   0   1005240000203151    22  6 71    20000 1700000 1 2
73-54-93-253666-001-01199821112MATEMBELE                            2   21   0     0          2 1  0.22  6 81       25   13000 1 2
73-54-93-253666-001-012 952182 SUKARI                               1 1505   0   1505360000203151    32  9 91    40100 4400000 1 2
97-67-30-883687-001-011 322112 KIENYEJI                             2 2505   0   2505   600 912 1  0.12  5 51        3    6000 1 2
97-67-30-883687-001-011 912112 GWASI                                2  305  3052   0          2 1  0.12  4 51       60   40000 1 2
06-37-92-793717-001-011 111  2 MBEGU ZA ASILI                       2   51   0     51  50001022 22                                
29-48-35-093718-001-011 111  2 MBEGU YA MAHINDI(TITO)               2   31   312   0          2 22                                
29-48-35-093718-001-012 111  2 MBEGU YA MAHINDI(TITO)               2   51   512   0          2 22                                
29-48-35-093718-001-013 111  2 MBEGU YA MAHINDI                     2   31   312   0          2 22                                
24-81-45-053719-001-011 111  12TITO                                 1   51   0     51 140001611322                                
24-81-45-053719-001-011 311  12SOYA NJANO                           1   81   0     81 160001611322                                
24-81-45-053719-001-012 111  12TITO                                 1   31   0     31  90001612 22                                
84-70-04-133720-001-011 111  2 MAHINDI                              2   51   512   0          2 1 0.752  4 41      200  100000 1  
84-70-04-133720-001-013 111  12MAHINDI                              2   31   312   0          2 1 0.2519 4 41      100   50000 1  
84-70-04-133720-001-013 122212 MPUNGA                               2  301  3012   0          2 1    219 6 61      600  300000 1  
84-70-04-133720-001-013 1322112MTAMA                                2  201  2012   0          2 1  1.52  8 81      800  560000 1  
67-16-45-783721-001-011 111  2 MV STAR                              1   51   513   0          2 1  0.22  2 21       60   48000 1 2
67-16-45-783721-001-012 111  2 MV STAR                              3   41   413   0          151  0.22  2 21      100   80000 1 2
67-16-45-783721-001-014 111  2 MV STAR                              3   61   0     0          2 1    32  3 31      150  120000 1 2
46-79-04-893722-001-011 3121112SOYA                                 1   21   0     21  4000 932 22                                
46-79-04-893722-001-013 3122112SOYA                                 1   81   0     81 16000 932 22                                
46-79-04-893722-001-014 3122112SOYA                                 1   31   0     31  6000 932 22                                
94-01-95-713723-001-011 111  2 MBEGU ZA ASILI                       2   21   0     21  2000 212 22                                
94-01-95-713723-001-012 111  12MBEGU ZA ASILI                       2  101   0    101 10000 212 22                                
26-38-86-973723-001-031 111  12TITO                                 1   21   0     21  2000 422 1  0.52  4 41       80     500 1  
26-38-86-973723-001-032 111  2 TITO                                 3   51   0     51  5000 512 1  1.52  5 51      200     500 1 2
44-69-31-703724-001-011 111  2 MV STAR                              1   31   0     0          2 1  0.52  4 41      150   75000 1 2
44-69-31-703724-001-012 112382 MV STAR                              3  151  1511   0          2 1  2.52  4 41      260  130000 1  
44-69-31-703724-001-013 1123112MV STAR                              3   61   613   0          2 1    12  4 41      180   90000 1 2
98-58-55-763740-001-012 1123112MAHINDI                              1   51   0     51  50001612 1 0.752  6 61      500   40000 1 2
37-54-54-333774-001-0129981  2 MIKOROSHO                            2   0    0     0          2 22                                
53-91-81-333775-001-011 111  2 MAHINDI                              2 1.51   0   1.51  1500 212 1 0.252  1 11      100   40000 1  
70-77-45-253815-001-012 1122112MAHINDI                              2   61   612   0          2 22                                
95-93-01-713856-001-011 1122112MAHINDI                              2   11   112   0          2 22                                
88-98-35-963872-001-012 111  12MAHINDI                              2   71   712   0          2 22                                
76-89-02-193933-001-011 111  2 SEEDCO 627                           1  101   0    101 50000 912 1    12  3 31     1890  525000 1 2
43-94-10-023946-001-011 112382 SEEDCO                               3 0.51 0.513 0.51  2000 912 1 0.072 12121       20   10000 110
43-94-10-023946-001-012 111  2 LUBANGO                              1   11   0     11  6000 912 1  0.32 12121      100   50000 110
89-86-06-243946-001-0219981  2 MUHOGO MCHUNGU                       220005200052   0          2 1 0.252  6 81       50    5000 1 2
04-01-34-613948-001-011 111  2 MBEGU BORA ZILIZOTUMIKA              3  151  1513   0          2 1  0.52  3 31      180  100000 1 2
14-63-58-263949-001-011 111  12MBEGU YA ASILI YA MAHINDI            2   51   512   0          2 1  0.52  2 21      200   60000 1  
14-63-58-263949-001-011 321  12MBEGU YA ASILI YA KUNDE              2   21   212   0          2 1  0.314 2 21       20   20000 1  
12-55-82-353950-001-011 111  12MBEGU ZA KIENYEJI                    2   81   812   0          131    12  3 31      540   24000 1 2
14-51-55-673972-001-011 111  12ASILI                                2   11   112   0          2 22                                
14-51-55-673972-001-011 321  11ASILI                                2 0.51 0.512   0          2 22                                
62-60-65-503983-001-012 121  2 ASILI                                2  101   0    101  7000 342 1  0.52  4 41      544  544000 1 2
07-12-29-184002-001-061 111  2 KIENYEJI                             2   61   612   0          2 1    12  2 21      280  105000 1  
07-12-29-184002-001-062 111  2 KIENYEJI                             2   51   512   0          2 1  0.52  2 21       60   22500 1  
15-44-50-114003-001-013 111  12TEMBO                                1  101   0    101 10000 912 1    12  3 31      200   50000 1 2
15-44-50-114003-001-013 321  12NDULU                                2   41   412   0          2 1    12 12121      120   18000 1 2
21-77-05-564004-001-011 111  2 MBEGU YA ASILI YA MAHINDI            2  101  1012   0          2 1    12  2 21      120   30000 1 2
21-77-05-564004-001-013 131  2 MBEGU YA ASILI YA MTAMA              2   81   0     0          2 1    12  2 21      160   25000 1 2
21-77-05-564004-001-015 111  2 MBEGU YA ASILI YA MAHINDI            2  101  1012   0          131    114 2 21      100   30000 1 2
95-46-77-554005-001-011 112312 KIENYEJI                             2   61   612   0          2 1    12  3 31      280   70000 1  
71-92-23-114006-001-011 131  2 MBEGU YA ASILI YA MTAMA              2   41   0     41  2000 412 1  0.52  2 21      160   60000 1 2
99-75-01-914007-001-031 1122312SEEDCO                               3   51   0     0          2 1  0.52  2 21      140   70000 1 2
99-75-01-914007-001-031 3322312SEMBE                                2   51   0     0          2 1  0.52  2 21       80   48000 1 2
41-08-71-954008-001-011 111  12MBEGU ZA KIENYEJI                    2   81   812   81 12000 41131    12  5 51      648   38000 1  
41-08-71-954008-001-012 111  2 MBEGU ZA KIENYEJI                    2   81   0     81 12000 41131    12  4 41      216   35000 1 2
90-00-90-294012-001-041 132112 MBEGU ZA KIENYEJI                    2  101  1012   0          131    22  3 31      840  150000 1 2
32-84-96-214022-001-011 111  12ASILI                                2   31   312   0          2 1  0.52  3 41      280   90000 1  
32-84-96-214022-001-011 331  12ASILI                                2   31   312   0          2 1  0.52  3 31       20   30000 1  
50-45-96-784024-001-011 431  2 MBEGU YA ASILI YA KARANGA            2   81   0     81 16000 412 1  0.52  2 21      100   60000 1  
40-85-46-994025-001-011 1122312KIENYEJI                             2   51   512   0          2 1    112 4 31       80   80000 1  
40-85-46-994025-001-011 4122312KIENYEJI                             2   21   0     0          2 1    112 3 31      200   20000 1  
63-66-25-234027-001-011 111  12KIENYEJI                             2   51   0     51  2500 912 23                                
63-66-25-234027-001-011 431  12KARANGA KIZUNGU.                     2  161   0     0          2 23                                
63-66-25-234027-001-012 111  2 TEMBO                                2  101   0    101 10000 911623                                
60-71-29-584028-001-012 111  12KIENYEJI                             2   81   812   0          161  1.512 2 21      100   25000 1  
60-71-29-584028-001-012 331  12KIENYEJI                             2   41   412   0          2 1  1.512 2 21       20   26000 1  
60-71-29-584028-001-012 431  12NYEUPE                               2   71   712   0          2 1  1.512 3 31       10   20000 1  
87-00-93-354040-001-061 111  12DK                                   3   41   413   0          2 1    12  2 21      200  100000 1  
87-00-93-354040-001-061 311  12MANJANO                              2   81   0     81 20000 522 24                                
12-61-17-854041-001-011 111  12DKK777                               1   21   0     21 13000191131    114 1 21      108   48000 1 2
12-61-17-854041-001-011 3122112MAHARAGE                             2   21   0     21  5000 91111  0.21512121       10    6000 1 2
12-61-17-854041-001-012 111  12DK777                                1   31   0     31 19500191131    114 1 21      240   96000 1 2
12-61-17-854041-001-012 3121112MAHARAGE                             2   51   0     51 12500 912 1  0.32 11121       54  120000 1 2
12-61-17-854041-001-013 1122112DK777                                1   21   0     21 13000 91111  0.515 6 71       43   52000 1 2
12-61-17-854041-001-013 3121112MAHARAGE                             1   51   0     51 10000 91121  0.31412 11      190   80000 1 2
12-61-17-854041-001-015 1122112DK777                                1   11   0     11  6500 91111    12 12 11       50   20000 1 2
12-61-17-854041-001-015 3121112MAHARAGE                             1   21   0     21  5000 91111  0.41512121       13   30000 1 2
23-18-10-954042-001-011 1121112ASILI                                2   11   112   0          2 1 0.122  2 21       40   10000 2  
23-18-10-954042-001-011 3123112ASILI                                20.7510.7512   0          2 1 0.482  1 11        8   12000 2  
23-18-10-954042-001-012 1121112ASILI                                2   21   212   0          2 1 0.252  2 21      100   25000 2  
23-18-10-954042-001-012 3121112ASILI                                2 1.51 1.512   0          2 1 0.252  1 11       20   30000 2  
84-50-65-924043-001-011 111  12KIENYEJI                             2   31   312   0          2 1    12  3 21      370   90000 1 2
84-50-65-924043-001-013 112142 KIENYEJI                             2   11   112   0          2 1  0.32  2 21      126   30000 1 2
84-50-65-924043-001-014 111  12KIENYEJI                             2   31   312   0          2 1  0.52  2 21      326   90000 1 2
08-74-51-594044-001-011 112312 DK                                   1   21   0     21 130001622 1  0.211 1 11      240  120000 1  
42-06-56-074044-001-021 112312 MAHINDI                              2   31   312   0          2 1  0.211 1 11      240   60000 1  
42-06-56-074044-001-024 111  2 DK                                   1   21   0     21 13000162121  0.211 1 21      200   50000 1  
42-06-56-074044-001-025 111  2 DK                                   1   21   0     21 13000162121  0.111 2 21      200   50000 1  
32-39-94-054046-001-011 1121312SEEDCO                               3   11   0     11  1500 912 1  1.22  2 21      200  100000 1  
32-39-94-054046-001-013 222212 VIAZI. VYEUPE                        2  151  1512   0          2 1    12 12121      450  180000 1  
83-55-87-544047-001-011 1121112ASILI                                2 2.51 2.512   0          2 1 0.122  2 21      120   63000 1  
83-55-87-544047-001-011 221  12ASILI                                2  501   0     0          2 1 0.122  5 61      190   25000 1  
83-55-87-544047-001-011 3121112ASILI                                2   21   0     21  5000 212 1 0.1217 1 11       60   21000 1  
83-55-87-544047-001-011 4721112ASILI                                2 0.51   0     0          2 1 0.122  1 11        4    6000 1  
96-18-51-614081-001-011 111  2 SEEDCO                               3   11   113   0          2 1  0.52  2 21       80   48000 1 3
96-18-51-614081-001-014 111  12SEEDCO                               3   21   213   0          2 1  1.52  2 21      300  180000 1 3
96-18-51-614081-001-014 331  12'CHOROKO NYEUSI                      2   41   412   0          2 1  1.52  3 31      100  120000 1 3
96-18-51-614081-001-014 431  12KARANGA NYEUPE                       3   61   612   0          2 1  1.52  3 31       60   90000 1  
62-64-26-584083-001-011 1123112MAHINDI                              2   61   612   0          2 1    62  3 31      300  180000 1 2
62-64-26-584083-001-011 3222111KUNDE                                1   11   0     11  2000 522 1    12  2 21       60   45000 1 2
19-03-44-864085-001-021 111  12ASILI                                2   21   212   0          2 1  0.52  2 31      150   54000 1 2
19-03-44-864085-001-021 321  12ASILI                                2 0.51 0.512   0          2 1  0.52  1 11       10   10000 1 2
19-03-44-864085-001-021 331  12ASILI                                20.2510.2512   0          2 1  0.52  1 21       15   15000 1 2
19-03-44-864085-001-022 121  2 MBEGU BORA                           3   81   0     81  8000 212 1 0.252  6 61      180  180000 1 2
19-03-44-864085-001-023 111  2 ASILI                                2   11   112   0          2 1  0.52  2 21       40   12000 1 2
43-86-88-414155-001-011 111  12MBEGU ZA ASILI                       2   41   0     41  4000 412 1    211 5 51       80   40000 1  
82-98-10-514159-001-061 111  2 MBEGU BORA                           1   51   0     51  8000 412 1  0.11412121       20   14000 1 2
75-63-76-424161-001-012 112212 MBEGU ZA MAHINDI ZA KIENYEJI         2   81   812   0          2 1    22  2 21     1700  595000 7 8
75-63-76-424161-001-013 112182 MBEGU YA MAHINDI YA KIENYEJI         2   41   412   0          1623                                
30-35-93-514192-001-01099821412CHEUPE                               2  901   0    901 15000 212 22                                
30-35-93-514192-001-01399821412KIBANDA MENO                         2  101  1012   0          2 22                                
98-25-88-294193-001-011 111  2 MAHINDI                              2   51   512   0          2 1 0.7511 1 11      100   60000 1  
98-25-88-294193-001-012 111  2 MAHINDI                              2  101  1012   0          1123                                
01-53-37-234195-001-010 111  12MBEGU  FUPI   NA  NDEFU              2   21   212   0          131 0.3314 2 21       40   40000 2  
01-53-37-234195-001-010 3221112KUNDE  NDOGO                         2 5005   0     0          1423                                
01-53-37-234195-001-01099821112MATEMBELE  MANENE                    2   31   312   0          2 1  0.12 11 021510    8    6000 2  
48-88-88-904196-001-011 111  12MBEGU ZA KAWAIDA                     2   41   0     41  5000 312 1    219 7 71      300  480000 1  
25-39-51-764197-001-010 341  12MBEGU ZA ASILI                       20.2510.2511   0          2 22                                
25-39-51-764197-001-011 3422212MBEGU ZA ASILI                       2 0.51   0   0.51   400 422 22                                
91-79-97-084199-001-010 112182 MBEGU FUPI                           1   21   211   0          2 1    11712121       40   12000 2  
87-54-04-174200-001-01099821112ASILI                                2   14   142   0          2 1  0.52  2 023090  500     500 2  
18-95-24-274214-001-021 111  12MBEGU ZA ASILI                       2   14   142   0          2 1  0.52 12121       15   15000 2  
10-54-43-564217-001-013 111  12MBEGU ZA ASILI                       2   61   612   0          131    214 2 21      186   74400 1 2
10-54-43-564217-001-013 3221112MBEGU ZA ASILI                       2 0.51 0.512   0          2 1 0.252  2 21       24   28800 1 2
40-02-49-454234-001-011 112182 MAHINDI                              20.2510.2512   0          2 1 0.252 12121       10    3000 2  
37-53-47-864251-001-012 311  2 MBEGU NYEUPE                         2   31   312   0          2 22                                
49-80-80-494253-001-011 312142 MBEGU YA MAHARAGE YA KABALIMA        2   52   522   0          131 0.752  3 31      240  180000 3  
09-67-89-134311-001-011 1121812MAHINDI                              2   31   0     31  2400 212 22                                
78-86-12-724311-001-041 1122812MAHINDI                              2   31   0     31  3000 422 22                                
78-86-12-724311-001-041 3422412MBAAZI                               2   21   212   0          2 22                                
15-35-50-034365-001-011 111  2 MAHINDI                              2   11   112   0          161  0.419 2 21       40   60000 1  
38-11-78-454369-001-014 111  2 MBEGU ZA ASILI                       2   51   0     51  2500 522 1 0.512  3 41      150  140000 1 2
63-15-23-804387-001-012 131  2 MBEGU YA ASILI YA MTAMA              2  201  2012   0          2 1    22  2 21      200   70000 1  
63-15-23-804387-001-013 131  2 MBEGU YA ASILI YA MTAMA              2  601  6012   0          2 1    32  2 21      800  360000 1  
24-49-93-404462-001-011 111  12MAHINDI                              2   61   612   0          2 1    12  2 21      300  174000 1 2
24-49-93-404462-001-011 431  12KARANGA                              2   31   312   0          2 1    12  1 21       50   30000 1 2
24-49-93-404462-001-012 111  2 MAHINDI                              1   51   512   0          2 1  1.52  2 21      750  406000 1 2
24-49-93-404462-001-013 111  2 18                                   2  181  1812   0          2 1    12  2 21      500  290000 1 2
79-13-46-574515-001-011 1122112MBEGU ZA KIENYEJI                    2   61   612   0          131 0.752  2 21      134   55000 1  
97-88-90-364516-001-012 111  12MBEGU YA ASILI YA MAHINDI            2  161   0    161 30000 41131    314 2 21      720  210000 1  
97-88-90-364516-001-013 111  12MBEGU YA ASILI YA MAHINDI            2   51   512   0          2 1    114 2 21      360   90000 1  
97-88-90-364516-001-013 311  12MBEGU YA ASILI YA MAHARAGE           2   51   512   0          2 1    114 3 31      240  120000 1  
70-16-64-654517-001-011 111  2 TUMBILI                              2  201  2012   0          2 1    32  3 31     1320  462000 1 2
20-44-65-064520-001-101 311  12MBEGU YA ASILI YA MAHARAGE           2  101  1012   0          1623                                
27-90-81-474522-001-011 112312 KIENYEJI                             2  401   0     0          2 1  2.52  3 31     1200  420000 1 6
56-74-41-294534-001-013 111  12SEEDCO                               2   61   611   61 34500 922 1  1.52  2 21     1600  768000 1  
56-74-41-294534-001-013 331  12NDURU                                2   31   0     31  6000 112 1  1.52  2 21      250  300000 1  
56-74-41-294534-001-015 111  12SEEDCO                               1   61   0     61 34500 922 1  1.512 3 31      300  144000 1  
56-74-41-294534-001-015 331  12DURU                                 2   31   0     31  6000 112 1  1.52  2 11      250  300000 1  
92-98-94-244535-001-011 111  2 SEEDCO (TUMBILI)                     1   81   0     81 24000 932 1    22  2 21     1296  576000 1 2
92-98-94-244535-001-012 111  2 SEEDCO  ( TUMBILI)                   1   41   0     41 12000 912 1    12  2 21      432  192000 1 2
60-91-64-874537-001-013 1121112MBEGU BORA                           1   61   0     61 36000162121    12  2 21     2400  600000 1 7
60-91-64-874537-001-013 3321112ASILI                                2   81   812   0          161    12  2 21      400  400000 1 7
60-91-64-874537-001-013 4121112ASILI                                2 0.51   0     0          2 1 0.252  2 21       20   10000 1 7
60-91-64-874537-001-013 5021112MBEGU BORA                           1  151   0    151 15000162131    12  7 71     1200 1200000 1 7
60-91-64-874537-001-015 121  2 ASILI                                2 2.51   0   2.51  1500 21111 0.252  4 41      180   90000 1 7
23-26-79-034539-001-021 131  2 MBEGU YA MTAMA YA ASILI              2   81   812   0          111    119 2 21      100   30000 1  
97-63-24-274540-001-011 112112 MAHINDI                              2   41   412   0          2 23                                
88-22-71-884540-001-021 111  2 MAHINDI                              2   21   0     21  1200 212 1  0.311 2 21      160   80000 1  
99-29-28-044543-001-011 111  12MAHINDI                              2   61   612   0          2 1    32  1 11     2100  882000 1 3
99-29-28-044543-001-011 331  12CHOROKO                              2   41   412   0          2 1    32 12121      720  378000 1 3
34-33-43-164634-001-011 1122112MBEGU BORA                           1  161   0    161 84000 91161  1.512 4 41       40   30000 1  
34-33-43-164634-001-011 3322112ASILI                                2   41   0     41 10000161161    112 2 21       30   40500 1  
34-33-43-164634-001-012 111  12MBEGU BORA                           1  301   0    301180000161161    412 4 41      300  120000 1 2
34-33-43-164634-001-012 331  12ASILI                                2   51   0     51 100001611623                                
34-33-43-164634-001-013 111  12MBEGU BORA                           1  121   0    121 72000161161    512 4 41      320  128000 1 2
34-33-43-164634-001-013 501  12MBEGU BORA                           1 1001   0   1001 71400 711623                                
34-33-43-164634-001-014 111  2 MBEGU BORA                           1  201   0    2011200001611623                                
02-23-53-224648-001-013 111  2 SEEDCO                               3  151  1513   0          2 1  1.52  2 21      378  210000 1 2
02-23-53-224648-001-013 222142 KUHAMA                               2  451  4512   0          2 1  0.32  2 51      340  120000 1 2
38-73-88-634650-001-011 111  2 SEEDCO                               3   51   513   0          2 1    12  2 11      200   96000 1 2
00-91-88-384652-001-011 1122112ASILI                                2   11   0     11  1500 212 1  0.52  2 21       80   40000 2  
00-91-88-384652-001-011 122212 ASILI                                2   21   0     21  5000 212 1  0.52  5 51      105   60000 2  
00-91-88-384652-001-011 1322112ASILI                                2   11   0     11  2500 212 1  0.52  2 21       84   80000 2  
00-91-88-384652-001-013 111  2 ASILI                                2   21   0     21  5000 412 1    12  2 21      140   70000 2  
47-30-58-254895-001-015 111  2 PANA                                 1   41   0     41 250001622 1  0.115 3 31      120   60000 1 2
83-48-46-444895-001-031 111  12PANA                                 1   21   211   21 120001622 1  0.52  3 31      120   96000 1 2
83-48-46-444895-001-031 311  12ROZIKOKO                             2   51   0     51  7500 422 1  0.212 4 41       60   72000 1 2
83-48-46-444895-001-035 231  2 OBAMA                                2  201   0    201 12000 432 1  0.119 3 31       40   16000 1 2
06-47-27-704896-001-011 111  2 BEKABI                               1   41   0     41 480001622 22                                
06-47-27-704896-001-012 111  2 BEKABI                               1   41   0     41 480001622 22                                
06-47-27-704896-001-013 111  2 BEKABI                               1   41   0     41 480001622 22                                
06-47-27-704896-001-015 111  2 BEKABI                               1   41   0     41 480001622 22                                
55-37-33-834897-001-011 1123112DEKAB8053                            1   21   0     21 110001622 1 0.252  6 61       36   18000 1  
55-37-33-834897-001-011 3123112ROSEKOKO                             2   21   212   0          2 1 0.2519 4 41        5    6000 1  
55-37-33-834897-001-015 111  2 PANA                                 1   61   0     61 33000162121  0.52  5 61      504   36000 1  
83-14-14-024898-001-041 111  12PANA                                 1   21   0     21 100001632 1  0.21912121       60   30000 2  
83-14-14-024898-001-041 321  12KUNDE                                2   11   0     11  15001632 1  0.11912121       10   10000 2  
42-87-18-364900-001-011 111  2 PANA                                 1 0.51   0     0          2 1 0.252  4 41       36   30000 1  
42-87-18-364900-001-013 111  2 PANA                                 1 1.51   0   1.51  90001612 1 0.252  4 41       90   75000 1  
42-87-18-364900-001-014 111  2 PANA                                 1 4.51   0   4.51 270001612 1    12  5 51      216  180000 1  
44-11-06-044901-001-011 111  2 DECAB                                1   21   0     21 12000 922 1    12  3 31      200  140000 1  
44-11-06-044901-001-012 111  12DECAB                                1   11   0     11  6000 922 1 0.252  4 41      100   70000 1  
44-11-06-044901-001-012 2521112MAGIMBI                              2  301   0     0          2 1 0.252  4 51      100  120000 1 2
44-11-06-044901-001-013 111  2 DECAB                                1   41   0     41 24000 922 1    22  4 41      200  140000 1 2
82-92-95-334914-001-011 111  2 MBEGU BORA                           1   81   0     81 240001622 1    12  4 51      528  240000 1  
37-86-09-804915-001-012 111  12MBEGU ZA ASILI                       2   11   0     11  20001032 1 0.252  3 31       36   20000 1  
37-86-09-804915-001-013 111  12MBEGU ZA ASILI                       2   11   0     11  20001032 1 0.252  3 31       27   15000 1  
37-86-09-804915-001-014 111  12MBEGU ZA ASILI                       2   11   0     11  20001032 1 0.252  3 31       18   10000 1  
84-99-81-334916-001-011 112282 KIENYEJI                             2   31   0     31  3000 422 1  0.111 3 31       40   18000 1 2
84-99-81-334916-001-014 111  2 PANA                                 1   41   0     41 300001622 1  0.219 3 31      480  224000 1 2
12-86-91-664918-001-011 111  12GOPALI                               1   21   0     21 135001622 1 0.252  4 41      108   48000 1  
12-86-91-664918-001-011 311  12ROZIKOKO                             2   51   0     51  75001622 1 0.252  2 21       20      24 1  
63-07-18-144919-001-011 111  2 KATUMBILI                            2   51   512   0          2 1    12  4 41       90   35000 1  
63-07-18-144919-001-012 111  2 KATUMBILI                            2   51   512   0          2 1    12  4 41       72   28000 1  
62-49-93-004921-001-011 111  12ASILI                                2   21   0     21  4000 422 1 0.252  4 41       54   24000 1  
62-49-93-004921-001-011 251  12MALUGA/ASILI                         2 5061   0   5061  2500 422 1 0.252  8101       83   16600 1  
62-49-93-004921-001-011 311  12RESI KOKO                            2   41   0     41  8000 422 1 0.252  3 31       20   30000 1  
62-49-93-004921-001-012 111  12ASILI                                2   61   0     61 12000 422 1 0.252  4 41      106   53000 1  
62-49-93-004921-001-012 312142 BOMBEI                               2   51   0     51 10000 422 1 0.062  3 31       42   65000 1  
31-32-27-894934-001-022 111  12MBEGU ZA ASILI                       2   51   512   0          2 1    214 1 11      324  120000 2  
31-32-27-894934-001-023 111  12MBEGU ZA ASILI                       2   21   212   0          2 1 0.2514 1 11       72   32000 2  
22-44-45-564937-001-011 112132 STAR                                 3   41   413   41  8000 212 22                                
20-59-92-394938-001-012 111  2 SEED CO                              1   21   0     21 120001622 1  0.319 2 21      216  100000 1 4
16-74-03-084938-001-051 111  2 KIENYEJI                             2   41   0     41  4000 312 1  0.511 2 21      240   94000 1 2
03-44-97-894940-001-011 112222 KAPTURA                              3   41   413   0          2 1    12 12121      200   72000 1 2
03-44-97-894940-001-012 111  2 KAPTURA                              3   21   213   0          2 1  0.52 12121      200   72000 1  
27-50-87-344971-001-012 111  2 KIENYEJI                             2   51   512   0          2 1  0.111 1 11      120   42000 1  
39-26-01-864972-001-011 112232 TUMBILI                              1   21   0     21 100001612 24                                
30-25-28-774973-001-022 111  2 ASILI                                2  101  1012   0          2 1    12  8 81      150   61000 910
30-25-28-774973-001-023 111  12ASILI                                2   51   512   0          2 1    111 2 21       60   36000 910
30-25-28-774973-001-023 321  12ASILI                                2   31   312   0          2 1    12  3 31       20   20000 910
30-25-28-774973-001-024 111  2 ASILI                                2   51   512   0          2 1    111 3 31       60   36000 910
69-14-01-644978-001-011 111  2 SITUKA                               1   51   0     51 12500161131  0.514 1 11      100   50000 1 2
77-11-61-744978-001-031 112272 YANGA                                2   41   412   0          2 1    12  2 21      240   84000 1 2
56-79-04-464991-001-011 112242 MBEGU YA KIENYEJI                    2   51   512   0          2 22                                
56-79-04-464991-001-012 112182 DK                                   3  101  1013   0          2 22                                
85-74-34-934992-001-013 112182 MBEGU ZA ASILI                       2   12   122   0          2 1    22  3 31      378  175000 1  
59-59-77-064993-001-011 112212 MBEGU ZA ASILI                       1  301  3012   0          2 1    22  2 21     1800  450000 1 2
29-14-89-654994-001-012 112132 YA SERIKALI                          3   41   413   0          2 1  0.62  2 21      300  150000 1  
22-03-21-614995-001-011 111  2 DIKEI                                2   71   0     71  3500 21131    114 2 21        1   60000 1 2
82-93-80-804996-001-011 111  2 MBEGU YA ASILI                       2   12   122   0          2 1    32  2 21     1260  350000 4 7
98-44-73-355086-001-011 111  12ASILI                                2   21   212   0          2 1  0.32  3 31       36   20000 1  
98-44-73-355086-001-011 311  12ASILI                                2   31   312   0          2 1  0.32  3 31        1   30000 1  
55-38-00-935088-001-012 512312 MBEGU YA KIENYEJI                    2 1.51 1.512   0          2 1 0.752  3 31      860  430000 1 2
55-38-00-935088-001-013 111  2 MBEGU YA KIENYEJI                    2   51   512   0          2 1 0.252  3 31      600  175000 2  
55-38-00-935088-001-014 511  2 MBEGU YA KIENYEJI                    2   21   212   0          2 1  0.52  3 31     1320     600 1 2
99-41-28-595089-001-011 111  2 MIEZI MINNE                          1   21   0     21  5000 512 22                                
03-45-70-945108-001-0119981  2 KIBANDA MENO                         2  201   0     0          2 22                                
93-09-91-355224-001-0219982232 KIBANDAMENO                          2   15   0     0          2 22                                
84-21-69-365260-001-011 911  2 MBEGU YA MCHICHA                     2   13   132   0          2 1 0.252 12121       10    3000 2  
03-34-75-965318-001-011 8821112MBEGU ZA ASILI                       2   13   0     13  35001022 23                                
03-34-75-965318-001-011 9121112MBEGU ZA ASILI                       2   14   0     14  33001022 1 0.012  7 71        7    4000 1 2
03-34-75-965318-001-01199821112MBEGU ZA ASILI                       2   14   0     14  50001022 1 0.0112 7 71        7    6000 1 2
22-58-79-145529-001-011 1122112DK                                   1   41   0     41 240001642 1    12  2 71      432  120000 1 2
22-58-79-145529-001-011 3121412NYEKUNDU                             2   14   142   0          2 1 0.252  2 21       25   30000 1 2
22-58-79-145529-001-012 112232 DK                                   1   21   0     21 100001642 1  1.52  2 21      648  180000 1 2
84-98-35-825544-001-021 1122112MBEGU BORA                           1   41   0     41 120001922 1    12 12 11       25   18000 7 8
84-98-35-825544-001-021 3221112MBEGU BORA                           1   11   111   0          2 1  0.41112 11        4    4800 7 8
84-98-35-825544-001-021 3421112MBEGU ZA ASILI                       2   21   0     21  30001612 22                                
82-25-26-415693-001-0119981  2 MBEGU ZA MIHOGO                      2  101   0    101 10000 212 22                                
82-25-26-415693-001-014 121  2 MBEGU YA MPUNGA                      2  251   0    251 20000 212 22                                
17-53-58-105699-001-021 4321412KARANGA NDOGO                        2 5005  1352 5005  10001611624                                
17-53-58-105699-001-02110022412ROYA                                 2   11   0     11 100001612 22                                
58-84-38-085845-001-011 111  12MBEGU ZA KIENYEJI                    2   41   412   0          131  0.52  3 31      108   30000 1 2
58-84-38-085845-001-015 111  12MBEGU ZA KIENYEJI                    2  201   0    201 12000 41161    219 3 31      200   30000 1 2
59-35-72-905849-001-011 111  12LUBANGO                              1   51   0     51 26000 91111  0.52  2 21       40   10000 1 2
38-54-59-265850-001-011 111  12MBEGU YA ASILI YA MAHINDI            2   21   212   0          131  0.32  2 21       20   15000 1  
38-54-59-265850-001-013 112232 MBEGU YA ASILI YA MAHINDI            2   81   812   0          2 1    114 3 31      200   35000 1  
44-93-96-145851-001-011 111  12MAHINDI                              2  101   0    101 10000 512 1    111 2 21      300   90000 1 2
44-93-96-145851-001-011 3122412MAHARAGE                             2   51   0     51  5000 512 1  0.211 2 21       50   50000 1 2
70-86-81-135851-001-031 1123112MAHINDI                              3   12   123   0          2 1    32  1 21     1100  385000 1 2
70-86-81-135851-001-031 3121111MAHARAGE                             2   21   212   0          2 1  0.32  2 21       20   15000 1 2
52-17-86-975851-001-092 111  12MBEGU YA ASILI YA MAHINDI            2   81   812   0          2 1    12  2 21      320   30000 1 2
52-17-86-975851-001-093 111  12MBEGU YA ASILI YA MAHINDI            2   31   312   0          2 1  0.32  2 21      100   30000 1 2
96-92-93-895851-001-101 111  12KIENYEJI                             2   51   0     51  1500 91111    12  2 21      120   30000 1  
46-07-29-055865-001-011 112212 KIENYEJI                             2   11   0     11   500 412 1  0.514 3 31       40   10000 1  
46-07-29-055865-001-013 111  2 KIENYEJI                             2   31   0     31  1500 41131    12  3 31      180   45000 1  
28-63-80-025870-001-012 111  12MBEGU YA ASILI YA MAHINDI            2 1.51 1.512   0          131  0.514 2 21      150   70000 1 2
20-23-28-815871-001-021 1121412BUNANE                               2   21   212   0          2 1    12  2 21       60   15000 2 4
20-23-28-815871-001-021 3121412NJANO                                2   21   0     21  4800 412 1    12  1 11        1   20000 2 4
44-04-54-775872-001-011 111  2 ASILI                                2 1.51 1.512   0          2 1 0.192  3 31      108   36000 1  
44-04-54-775872-001-012 112112 ASILI                                2 1.51 1.512   0          2 1 0.252  3 31      162   54000 1  
64-76-70-495883-001-021 111  12MBEGU BORA YA MAHINDI DK             1   41   0     41 240001612 1    12  2 11      500  150000 1 2
64-76-70-495883-001-021 311  12MBEGU YA ASILI YA MAHARAGE           2   21   212   0          131    114 1 11       20   40000 1 2
64-76-70-495883-001-022 221  12MBEGU YA ASILI YA VIAZI VITAMU       2 1201 12012   0          2 22                                
33-09-32-845883-001-061 111  2 MBEGU YA ASILI YA MAHINDI            2   11   0     11  3000 21131    114 3 31      240   90000 3  
78-86-78-615886-001-011 111  13ASILI                                2  181  1812   0          2 1    32  2 21      540  216000 1  
78-86-78-615886-001-011 331  13ASILI                                2   31   312   0          2 1    32  2 21       20   20000 1  
78-86-78-615886-001-011 431  13ASILI                                2  181  1812   0          2 1    32  2 21      240  210000 1  
78-86-78-615886-001-013 111  2 ASILI                                2  151  1512   0          2 1    12  2 21      540  180000 1  
23-97-33-545886-001-021 112312 ASILI                                2  101  1012   0          2 1    12  3 31      540  180000 1  
23-97-33-545886-001-021 3123112ASILI                                2   31   312   0          2 1    12  3 31       60   60000 1  
23-97-33-545886-001-022 1123112ASILI                                2   91   912   0          2 1    12  3 31      324  108000 1  
23-97-33-545886-001-022 3123113ASILI                                2   31   312   0          2 1    112 3 31       40   40000 1  
75-03-15-465887-001-011 112222 SEEDCO                               1   21   0     21 120001632 1    22  2 21      440  105000 1  
79-80-98-585890-001-011 112212 KIENYEJI                             2  201  2012   0          2 1    32  3 31      480  120000 2  
79-80-98-585890-001-011 312212 KIENYEJI                             2   31   0     31  7500 41161    312 2 21       20   40000 2  
79-80-98-585890-001-012 112212 KIENYEJI                             2  201  2012   0          161    312 2 21      240   72000 2  
79-80-98-585890-001-012 312112 KIENYEJI                             2   31   0     31  7500 41161    312 3 31       20   40000 2  
95-27-24-015890-001-041 111  2 ASILI                                2  101  1012   0          2 1    12  3 31      435  144000 1  
72-79-15-245927-001-012 111  12MBEGU YA ASILI YA MAHINDI            2   21   212   0          131  0.114 4 41       20    7000 1  
72-79-15-245927-001-012 221  12MBEGU YA ASILI YA VIAZI VITAMU       2  301  3012   0          131  0.114 4 41       20    5000 1 2
57-81-79-875929-001-023 111  2 MBEGU YA ASILI YA MAHINDI            2  101  1012   0          131    114 3 31      220   68000 1 2
47-03-39-285930-001-011 111  12MERU                                 10.751   0   0.71 10000 922 1 0.252  2 21      480  168000 1 2
63-22-91-285940-001-012 1121112SEEDCO                               3  121  1213   0          2 1  1.52  2 21      480  120000 1 2
63-22-91-285940-001-012 3121112NJANO                                2   51   512   0          2 1  1.52  1 21       40   30000 1 2
99-00-64-745941-001-011 1123412KIENYEJI                             2  101  1012   0          131    22  3 31      280   70000 1  
99-00-64-745941-001-011 3123412NYEUPE                               2   51   512   0          2 1    22  3 31       80  120000 1  
99-00-64-745941-001-011 4323412NYEKUNDU                             2   51   512   0          2 1    22  3 31       40   60000 1  
73-55-94-915941-001-041 111  12KIENYEJI                             2   41   412   0          131  0.52  3 31      180   45000 1  
73-55-94-915941-001-041 311  12KIENYEJI                             2   31   312   0          2 1  0.52  3 31       40   40000 1  
96-92-79-065941-001-052 111  2 MBEGU YA ASILI YA MAHINDI            2  101  1012   0          2 1    12  4 41      960   50000 1  
76-51-31-465941-001-062 111  2 KIENYEJI                             2  101  1012   0          2 1    12  3 31      600  150000 1  
44-44-29-875943-001-011 111  12SEEDCO                               3   51   513   0          111    12  2 21      420  210000 1  
44-44-29-875943-001-011 2221411WIFI WIZE                            2   65   0     0          2 1 0.252  3 31      360   90000 1 2
44-44-29-875943-001-011 311  12NJANO                                2   41   412   0          2 1    12  2 21       50   45000 1 2
22-41-43-445945-001-012 111  2 MBEGU YA ASILI YA MAHINDI            2  151  1512   0          2 1    12  2 21      720   30000 1 2
22-41-43-445945-001-013 1123312MBEGU YA ASILI YA MAHINDI            2  201  2012   0          2 1    22  2 21      960   30000 1 2
79-34-82-765946-001-011 112112 KIENYEJI                             2  401  4012   0          121    32  2 31      840  210000 1  
79-34-82-765946-001-012 112112 KIENYEJI                             2  201  2012   0          2 1    62  3 31      360   90000 1  
71-24-70-235946-001-031 112212 PUNDAMILIA                           3  101  1013   0          131    12  3 31      480  120000 1  
71-24-70-235946-001-031 502212 KIENYEJI                             2   41   0     41 15000 612 24                                
99-99-38-585947-001-012 111  12MBEGU BORA                           1   41   0     41 240001612 1    12  3 31      216   30000 1  
71-84-74-895949-001-015 111  12MBEGU ZA KIENYEJI                    2   81   812   0          2 1    12  3 31      324   35000 1 2
47-51-56-856075-001-011 111  12SEED CO                              1  101   0    101 10000 422 1    22  2 21      300   90000 1 2
47-51-56-856075-001-011 311  12MAHARAGE YA NJANO                    2  351  3512   0          2 1    22 12 11      150  180000 1 2
03-51-56-446076-001-011 111  12SIDCO MBEGU KUBWA                    3   41   413   0          2 1  1.52  2 31      240   60000 1 2
03-51-56-446076-001-011 3122412ASILI                                2  301   0    301 40000 212 1  0.52 12 11      120  260000 1 2
03-51-56-446076-001-011 4322112ASILI                                2  101   0    101 20000 212 1 0.2511 4 51       30   30000 1 2
04-11-05-776077-001-011 111  12SEEDCO                               3  201  2013   0          2 1    22  1 11      720  200000 1 2
04-11-05-776077-001-011 311  12CHIGOMOKILE                          2  301  3012   0          2 1    22  1 11      160  160000 1 2
90-51-97-206078-001-011 3122112SOYA (KIGOMOKILE)                    1  151  1511   0          161 0.2511 2 21       60   60000 1 2
69-83-52-176081-001-012 111  12SEEDCO                               3   51   513   0          2 1    12  3 21      400  120000 1  
69-83-52-176081-001-012 311  12MAHARAGE MEUPE                       2   41   412   0          2 1    12  2 21      400  400000 1  
98-41-89-296092-001-011 111  12SEEDCO                               3   11   113   0          2 1    12  1 11       36   16000 1  
98-41-89-296092-001-011 311  12ROSEKOKO                             2 1.51 1.513   0          161    12  1 11       40   40000 1  
58-61-73-626094-001-011 111  12SEEDCO                               3 1.54 1.513   0          2 1  0.52  2 21       25   15000 1  
58-61-73-626094-001-011 311  12MAHARAGE MEKUNDU                     2 1.51   0   1.51  3000 912 1  0.52  2 21       10   16000 1  
54-05-19-516094-001-021 111  12SEEDCO                               3 0.51   0   0.51  1000 812 1  0.52  1 11       80   48000 1 2
54-05-19-516094-001-021 311  12MAHARAGE MEKUNDU                     2   11   0     11  2000 912 1  0.52 12121       20   40000 1 2
67-38-97-816096-001-011 1121112ASILI                                2   31   312   0          2 1  0.52 11121      120   30000 5  
67-38-97-816096-001-011 222112 ASILI                                2  601  6012   0          2 1 0.252  2 024550   60   10000 5  
67-38-97-816096-001-011 3121112ASILI                                2   51   112   41  8000 412 1  0.52 11 11       60   30000 5  
82-38-88-876099-001-011 1122112MAHINDI                              1   21   0     21  1400161111    12  3 21       80   20000 1 2
82-38-88-876099-001-011 3121112MAHARAGE                             2   51   512   0          131  0.514 2 21       15   15000 1 2
11-28-10-276111-001-021 1123812SEEDCO                               3   21   213   0          2 1 0.752  2 21       20    8000 2  
11-28-10-276111-001-021 3123412MEKUNDU                              2  201  2012   0          2 1 0.752  2 21       75   45000 2  
37-68-62-196113-001-012 111  12ASILI                                2   21   212   0          2 1  0.52  2 21      162   54000 2  
37-68-62-196113-001-012 311  12ASILI                                2 1.51 1.512   0          2 1  0.52  2 21       27   40500 2  
54-19-44-176114-001-011 311  12MBEGU ZA KIENYEJI                    2   51   512   0          131 0.372  3 31      120   25000 1 2
59-91-92-126116-001-011 111  12MBEGU YA ASILI YA MAHINDI            2   41   412   0          131  0.614 2 21       20   20000 1  
59-91-92-126116-001-011 311  12MBEGU YA ASILI YA MAHARAGE           2  301  3012   0          131  0.514 2 21       35   50000 1  
59-91-92-126116-001-012 111  12MBEGU YA ASILI YA MAHINDI            2  201  2012   0          2 1  0.514 2 21       60   18000 1  
59-91-92-126116-001-012 311  12MBEGU YA ASILI YA MAHINDI            2  401  4012   0          2 23                                
93-28-31-466117-001-012 111  12KIENYEJI                             2   21   0     21  1000 412 1  0.22 12121       80   24000 1 2
93-28-31-466117-001-012 311  12KIENYEJI                             2   31   312   0          2 1  0.22  1 11       30   22500 1 2
57-19-84-556118-001-011 111  12ASILI                                2   31   312   0          2 1 0.872  2 11       72   24000 1  
57-19-84-556118-001-011 311  12ASILI                                2   31   312   0          2 1 0.8712 2 21       20   30000 1  
57-19-84-556118-001-012 111  2 ASILI                                2   31   312   0          2 1  0.32  2 21      108   36000 1  
62-45-14-046130-001-012 111  12MBEGU BORA YA MAHINDI (TUMBILI)      1  251   0     81 24000 412 1    12  3 31      600  210000 1  
43-13-81-136131-001-013 111  2 KIENYEJI                             2 1081 10812   0          2 1   102  3 31     6720 1680000 1  
27-72-81-606133-001-012 111  2 KIENYEJI                             2   81   812   0          2 1  0.52  2 31      324   90000 1 2
78-07-69-386137-001-011 131  2 MTAMA                                2  201   0    201  90001622 1    52  1 11      360  180000 1 2
78-07-69-386137-001-012 111  2 MBEGU ZILIZOBORESHWA NA KUTUMIKA TENA1   42   421   0          2 1   102  2 31     1000  300000 1 2
65-97-14-246149-001-033 111  11NYANDI                               2   51   512   0          2 1  1.52  2 21      240   72000 4 5
65-97-14-246149-001-033 311  11SHONA                                2   81   812   0          2 1  1.52 12 11      120   72000 4 5
88-99-03-546151-001-011 111  12KIENYEJI                             2   21   212   0          2 1    12 12121       80   40000 1  
88-99-03-546151-001-011 311  12KIENYEJI                             2   31   312   0          2 1    12 12121       60   45000 1  
52-66-48-206153-001-011 111  12MBEGU YA ASILI YA MAHINDI            2   11   112   0          2 1  0.514 2 21       80   60000 1 2
52-66-48-206153-001-011 311  12MBEGU YA ASILI YA MAHARAGE           2   11   112   0          2 1  0.514 3 31       45   90000 1 2
52-66-48-206153-001-012 111  12MBEGU YA ASILI YA MAHINDI            2   11   112   0          131 0.0114 2 21       80   60000 1 2
52-66-48-206153-001-012 312212 MBEGU YA ASILI YA MAHARAGE           2   11   112   0          2 1 0.012  3 31       40   80000 1 2
52-66-48-206153-001-013 111  12MBEGU YA ASILI YA MAHINDI            2   11   112   0          131  0.314 2 31       80   60000 1 2
52-66-48-206153-001-013 3122112MBEGU YA ASILI YA MAHARAGE           2   11   112   0          2 1  0.12  3 31       80  160000 1 2
52-66-48-206153-001-014 111  12MBEGU YA ASILI YA MAHINDI            2   11   112   0          2 1  0.82  2 21      100   35000 1 2
52-66-48-206153-001-014 311  12MBEGU YA ASILI YA MAHARAGE           2   11   112   0          2 1  0.82  3 31       80  160000 1 2
00-62-14-066154-001-011 311  13ASILI                                2   21   0     21  3000 412 1 0.072  2 21       15   22500 1 2
00-62-14-066154-001-012 311  13ASILI                                2   21   0     21  3000 412 1 0.072  2 21        8   12000 1 2
21-27-12-896155-001-011 311  12MAHARAGE YA NJANO                    2  181  1812   0          2 1 0.492  3 41       72  160000 1  
76-95-55-866156-001-011 111  12SEEDCO                               3   21   0     0          2 24                                
76-95-55-866156-001-011 311  12WIFI NYEGERA                         2   51   0     0          2 1  0.52 12121       80  100000 1 2
76-95-55-866156-001-012 311  12WIFI NYEGERA                         2   51   0     0          2 1  0.32 12121       20   25000 1 2
12-92-21-926171-001-011 111  12SEEDCO                               3   81   0     81  8000 212 1  0.52  4 41      360   72000 1  
12-92-21-926171-001-011 311  12NJANO                                2  201  2012   0          2 1  0.52  1 11       80  112000 1  
51-60-23-276171-001-031 111  12MBEGU YA ASILI YA MAHINDI            2   51   512   0          2 1  0.52  3 31      180   35000 1  
51-60-23-276171-001-031 311  12MBEGU YA ASILI YA MAHARAGE           2   31   0     31  6000 412 1  0.52  3 31       20   40000 1  
51-60-23-276171-001-031 4322112MBEGU YA ASILI YA KARANGA            2   41   0     41 10000 41161  0.212 4 41       10    6000 1  
35-50-92-436173-001-012 111  2 SEED. CO                             3   31   0     31  3000 412 1  0.511 3 31      120   30000 1 2
47-39-58-576175-001-011 111  13ASILI                                2   21   0     21  2000 412 1 0.292  2 21       36   12000 2  
47-39-58-576175-001-011 311  13ASILI                                2   21   0     21  2000 412 1 0.292  2 21       30   30000 2  
31-00-34-196187-001-011 312142 KIENYEJI                             2  201  2012   0          2 1    12  2 21      240  120000 1 2
31-00-34-196187-001-012 111  12KIENYEJI                             2  301   0     0          2 1    312 3 31      240   60000 1 2
31-00-34-196187-001-012 311  12KIENYEJI                             2 1201 12012   0          2 1    312 2 21      480  240000 1 2
01-26-99-776188-001-011 111  12ASILI                                2  101  1012   0          2 1    22  2 21       90   90000 1  
01-26-99-776188-001-011 311  12ASILI                                2  101  1012   0          2 1    22  2 21      400  200000 1  
51-98-37-196188-001-051 111  2 ASILI                                2   31   312   0          2 1  0.42  3 31      120   36000 1  
51-98-37-196188-001-053 111  2 ASILI                                2  101  1012   0          2 1    12  3 31      432  144000 1  
61-54-05-566193-001-011 1121212SEEDCO                               3   81   0     81  5600 622 1    12  2 31      100   24000 1 2
61-54-05-566193-001-011 3121612MCHANGANYIKO                         2  201   0    201 10000 422 1    12  2 21      120   45000 1 2
79-89-89-376194-001-011 111  12MBEGU YA ASILI YA MAHINDI            2   34   342   0          131  0.52  2 11     1000  750000 1  
79-89-89-376194-001-013 111  2 MBEGU YA ASILI YA MAHINDI            2   71   712   0          131  0.514 2 31      120   35000 1  
79-89-89-376194-001-014 111  12MBEGU YA ASILI YA MAHINDI            2   91   912   0          2 1  0.52  3 31      100   30000 1  
79-89-89-376194-001-014 311  12MBEGU YA ASILI YA MAHARAGE           2  251  2512   0          2 1  0.52  3 31      100   45000 1  
54-09-11-756208-001-011 1123112MBEGU YA ASILI YA MAHINDI            2  101  1012   0          2 1    42  2 21     1500  750000 1  
54-09-11-756208-001-011 431  12MBEGU YA ASILI YA KARANGA            2  301  3012   0          2 1    42  3 31      600  480000 1  
54-09-11-756208-001-011 8721112MBEGU BORA YA NYANYA                 1   11   0     11 100001612 1    12  3 31     2700 1200000 1  
99-49-58-426210-001-011 111  12SEEDCO                               3   31   313   0          2 1    12  2 21       80   24000 1  
99-49-58-426210-001-011 311  12MAHARAGE MEKUNDU                     3   41   0     41  4000 412 1    12  3 31       60   90000 1  
12-12-01-706211-001-012 311  2 ASILI                                2   61   612   0          2 1  0.32  2 21       65   32500 1  
34-04-89-696212-001-021 312282 ASILI                                2   31   312   0          2 1  0.52  2 21       60   30000 2  
33-59-62-206213-001-012 111  12SEEDCO                               3   81   813   0          2 1    12  6 61      300   90000 2 3
33-59-62-206213-001-012 311  12MCHANGANYIKO                         2  301  3012   0          2 1    12  1 21      200  100000 2 3
95-07-03-496227-001-012 111  12SEEDCO                               3  101  1013   0          2 1    22  2 31      324  126000 1 2
95-07-03-496227-001-012 311  12ROSEKOKO                             2  201  2012   0          2 1    22  1 11      300  300000 1 2
56-36-73-366228-001-011 111  12STUKA                                3   11   113   0          2 1  0.52  3 31       60   36000 2  
56-36-73-366228-001-011 251  12MAGIMBI MEUPE                        2  101  1012   0          2 1  0.52  3 11       60   45000 1 2
56-36-73-366228-001-011 311  12MANJANO                              2 0.53   0   0.53  1200 532 1  0.52  2 21       20   40000 1 2
31-43-47-486232-001-022 1122112SEED CO.                             1   21   0     21  80001612 1    12  3 31      100  150000 2 4
31-43-47-486232-001-022 311  12MAHARAGE YA NJANO                    1   51   0     51  7500161131    22  3 31      350  600000 2 4
42-99-08-386244-001-011 111  12NYANDE                               2   21   212   0          2 1    22  1 11      324   90000 1 2
42-99-08-386244-001-011 311  12MWACHE ASOME                         2  201  2012   0          161    22  1 11      100   50000 1 2
42-99-08-386244-001-013 111  12KIENYEJI                             2   41   412   0          2 1    12  1 11      252   70000 1 2
42-99-08-386244-001-013 311  12MWACHE ASOME                         2  301  3012   0          2 1    12 12 11      120   60000 1 2
05-51-75-156245-001-011 251  12MBEGU YA KIENYEJI                    2   0    0     0          2 1 0.252 12 029370   20    3000 1 2
05-51-75-156245-001-011 2721112MBEGU YA KIENYEJI                    2   11   0  15001  1500 412 22                                
05-51-75-156245-001-011 311  12ROSE KUKU                            1  101  1011   0          2 1    12  1 31      140  360000 1 2
05-51-75-156245-001-012 2521112MBEGU YA KIENYEJI                    2   0    0     0          2 22                                
05-51-75-156245-001-012 3121112ROSE KUKU                            1  401  4011   0          2 1 0.252  2 21      200  200000 1 2
09-68-04-756246-001-011 111  12MAHINDI                              2  101  1012   0          2 1    12  2 21      300   90000 1  
09-68-04-756246-001-011 311  12MAHARAGE                             2  601   0    601 60000 412 1    12  2 21      400  400000 1  
66-91-47-616247-001-011 1123112ASILI                                2   51   512   0          2 1    12  2 21      200   60000 1 2
66-91-47-616247-001-011 3123112ASILI                                2  201  2012   0          2 1    12 12 11      180   90000 1 2
66-91-47-616247-001-011 432112 ASILI                                2   11   0     11  2000 522 1 0.252  2 21        5   10000 1 2
61-92-53-506248-001-011 312212 KIENYEJI                             2  201  2012   0          121    12  5 61      120   90000 1 2
79-54-29-986250-001-011 1122112MAHINDI                              2   21   212   0          2 1  0.11212121      100   30000 1  
79-54-29-986250-001-011 2521112MAGIMBI                              2  305  3052   0          2 1  0.12 10121       25   15000 1  
79-54-29-986250-001-011 3122112MAHARAGE                             2  201  2012   0          2 1  0.21212121      200  100000 1  
83-23-74-006251-001-021 431  2 ASILI                                2 2501   0   2501450000 432 1   252  3 31    1890031500000 1  
77-10-93-706264-001-011 1121112MAHINDI                              2   41   412   0          2 1 0.452  2 31      100   45000 1  
77-10-93-706264-001-011 311  11MAHARAGE                             2  181  1812   0          2 1  1.52  2 21      250  225000 1  
77-10-93-706264-001-011 4321112KARANGA                              2   31   312   0          2 1  0.42  2 31       75   90000 1  
77-10-93-706264-001-012 3121112MAHARAGE                             1   51   512   0          2 1  0.22  2 21      150  135000 1  
77-10-93-706264-001-012 4322111KARANGA                              2   41   412   0          2 1  0.32  2 21      125  150000 1  
69-12-72-796264-001-031 431  2 KARANGA                              2   71   712   0          1323                                
58-29-18-126265-001-011 3123112ASILI                                2  201  2012   0          131    12 12121      140  140000 1 2
56-37-50-426266-001-011 2522112MAGIMBI                              2  205  2052   0          2 1  0.32 12 11       35   25000 1 2
56-37-50-426266-001-011 312212 MAHARAGE                             2  201  2012   0          2 23                                
25-91-76-286267-001-011 111  12SEEDCO                               3   11   113   0          2 1  0.42  1 11       72   12000 1 2
25-91-76-286267-001-011 311  12MWANA ASOME                          2   51   512   0          2 1  0.42  1 11      100   60000 1 2
11-72-84-766270-001-011 311  2 MAHARAGE MEKUNDU                     2  151  1512   0          2 1    12 12 11      150   90000 1  
11-72-84-766270-001-012 111  12SEEDCO                               3   41   0     41  3200 512 1    12  6 61      200  108000 1  
11-72-84-766270-001-012 311  12MAHARAGE MEKUNDU                     2   41   412   0          2 1    12  2 21      100   60000 1  
74-65-42-856320-001-013 121  2 MBEGU BORA                           1   51   0     51  25001932 1  0.52 12121      250  175000 1 2
51-65-66-406324-001-012 121  2 MBEGU YA SARO                        3 2.51 2.513   0          2 1  0.52  1 11      350  525000 1 4
85-15-11-196341-001-013 191  2 MBEGU YA MWANI                       2  251  2512   0          2 1    12 11121      500  300000 3  
69-68-49-176343-001-013 192242 MWANI                                2  201   0     0          2 1 0.252 12121      100  100000 2  
20-21-28-556364-001-011 252112 MBEGU ZA ASILI                       2  151   0     0          2 22                                
98-46-77-536377-001-011 1121112ASILI                                2   21   212   0          2 1 0.252 10101       50   20000 1 2
15-86-79-436454-001-032 111  2 SHTUKA                               1   41   0     41 24000 932 1  1.52  3 31      240   84000 1  
46-83-71-366455-001-141 111  2 MBEGU YA ASILI YA MAHINDI            2  101   0    101 10000 412 1    22  3 31      216   35000 1 2
57-79-50-336459-001-011 111  12MBEGU YA ASILI YA MAHINDI            2   81   812   0          131    22  4 41      200   35000 1 2
57-79-50-336459-001-011 431  12MBEGU YA ASILI YA KARANGA            2  111  1112   0          2 1    22  4 41      300   30000 1 2
44-63-23-236461-001-011 1123412SEEDCO                               3  201   513  151 15000 92111    42  4 41      960  336000 1 2
44-63-23-236461-001-011 4323412KIENYEJI                             2  161   0    161 40000 922 1    42  3 31      600  750000 1 2
05-50-28-026498-001-011 1122412MBEGU YA ASILI YA MAHINDI            2   31   312   0          131    12  4 41       40   12000 1  
05-50-28-026498-001-011 3121412MBEGU YA ASILI YA MAHARAGE           2   51   512   0          131  0.414 5 51      200  240000 1  
97-72-32-966498-001-021 111  12MBEGU YA ASILI YA MAHINDI            2   51   512   0          2 1    12  3 31      200   70000 1  
97-72-32-966498-001-021 311  1220                                   2  201  2012   0          2 1    12  4 31      200  160000 1  
97-72-32-966498-001-022 111  12MBEGU YA ASILI YA MAHINDI            2  151  1512   0          161    12  5 51      100   35000 1  
07-21-55-346550-001-011 111  2 MBEGU YA ASILI YA MAHINDI            2   21   0     21  2000 41131  0.32  2 21       12   12000 1  
32-45-09-376586-001-011 111  12NDEFU                                2   31   312   0          2 1  0.52 12121       40   20000 2 7
32-45-09-376586-001-011 311  12MEKUNDU                              2   51   512   0          2 1  0.52 12121       30   15000 2 7
32-45-09-376586-001-012 371  2 NJEGERE                              2   51   0     0          131    12  1 11       15   10000 2  
70-73-71-136589-001-011 111  12MBEGU YA ASILI YA MAHINDI            2   21   212   0          2 1  0.32  3 31       60   45000 1  
96-58-46-806594-001-031 111  12MBEGU YA ASILI YA MAHINDI            2   11   112   0          2 1  0.319 2 21      100   50000 1  
96-58-46-806594-001-0319981  12MBEGU YA ASILI YA NYANYA CHUNGU      2   21   0     21 15000 212 1  0.32  1 11       50   20000 1  
16-03-32-726644-001-011 111  12MBEGU YA ASILI                       2   41   0     41  6000 42131  0.52  5 31       60   42000 1  
16-03-32-726644-001-011 311  12MRONDO                               2   51   0     51  6000 42131  0.52  1 11       20   30000 1  
26-99-67-446649-001-011 111  13KITALE                               3   11   0     11  30001612 1  0.22  2 21       10    3000 1  
26-99-67-446649-001-011 251  2 KIENYEJI                             2  301  3012   0          2 1  0.22  5 51       40   12000 1  
26-99-67-446649-001-011 311  13KIENYEJI                             2   21   212   0          2 1  0.119 2 21        5    2500 1  
26-99-67-446649-001-012 111  12KIENYEJI                             2   21   0     21  35001621624                                
26-99-67-446649-001-012 311  12KIENYEJI                             2   21   212   0          2 24                                
14-03-63-516650-001-011 111  12HYBREED                              1   31   0     31 18000162121  0.215 2 21      120   40000 1 2
14-03-63-516650-001-011 311  2 MCHANGANYIKO                         2  101   0     41  6000 52121  0.111 3 31       10   15000 1 2
76-24-20-646688-001-012 111  2 TUMBILI                              1   41   0     41 260001612 22                                
24-14-39-626707-001-011 112312 HIGH BRIGE                           1   41   0     41 24000164151  0.52 12121      360  135000 1  
92-19-80-246724-001-021 312122 ASILI                                2   41   412   0          2 1  0.42  2 21       32   80000 2  
02-53-75-426744-001-031 111  2 SEED CO                              1   61   0     61 280001642 1    12  3 31      720  360000 1 2
90-88-19-106778-001-012 121  2 SARO                                 3  601  6013   0          111    32  3 31     3200 1920000 1  
54-22-97-326797-001-011 3122112KARIASI                              1  101   0    101 100001612 23                                
58-57-11-796799-001-011 111  12TUMBILI                              1   81   0     81 48000 932 1    111 2 21      120   60000 1 2
58-57-11-796799-001-011 311  12SOYA NJANO                           1  201   0    201 40000 932 1    111 2 21       10   10000 1 2
58-57-11-796799-001-012 111  12TUMBILI                              1   61   0     61 24000 93121    22  2 21      360  180000 1 2
44-13-78-446801-001-011 312122 SOYA NA KALIASE                      2  301   0    301 33500 412 1    12  2 21       75   75000 3  
85-23-86-976802-001-021 311  2 KARIASE                              2   25   252   0          2 1  0.111 2 21      120  200000 1  
17-74-85-106835-001-011 321  2 KUNDE KUBWA NYEUSI                   3   31   313   0          1323                                
82-57-40-446836-001-011 321  2 MBEGU ZA ASILI                       2   21   212   0          2 1  0.52 10111       20  100000 1  
58-38-79-076854-001-011 321  2 KUNDE NYEUSI                         2   41   0     41  5000 312 1  0.52  5 51       75  195000 2  
65-82-46-026890-001-011 111  2 TUMBILI                              1   21   0     21 14000 422 24                                
71-82-09-066894-001-011 252212 MBEGU BORA                           1   11   0     11  5000 912 22                                
03-42-21-926913-001-013 122222 MPUNGA                               2   91   0     91 13500 312 1  0.419 5 02 775   18   12000 1 2
84-45-49-736948-001-012 112112 MAHINDI                              2 0.51   0     0          2 1 0.252  3 31       51   30000 1 2
84-45-49-736948-001-012 132312 MTAMA                                2 1.51 1.512   0          2 22                                
43-58-35-806969-001-011 1122112KIENYEJI                             2  101  1012   0          2 1    32  5 61      500  300000 1  
43-58-35-806969-001-011 3422112KIENYEJI                             2   71   712   0          2 1    32  8 81      300  150000 1  
43-58-35-806969-001-013 1121112KIENYEJI                             2   31   312   0          2 1  0.52  5 61      100   50000 1  
00-02-34-816969-001-031 111  13KIENYEJI                             2   14   0     14  1000 212 1 0.252  6 61       20   10000 1 2
00-02-34-816969-001-031 341  13KIENYEJI                             2   13   0     0          2 1 0.252  8 91       20   10000 1  
00-02-34-816969-001-032 1122312KIENYEJI                             2   51   0     51  5000 92121    32  6 71      100   30000 1 2
00-02-34-816969-001-032 1322312KIENYEJI                             2   11   0     11  1000 922 1    32  7 71       40      20 1 2
00-02-34-816969-001-032 3422312KIENYEJI                             2   21   0     21  1600 922 1    32  8 91       60   30000 1 2
64-88-79-476987-001-011 111  121                                    2   11   112   0          2 1 0.252  6 61       40   20000 2  
64-88-79-476987-001-011 3421112KIENYEJI                             2   13   132   0          2 1 0.112  8 81        7    1400 2  
64-88-79-476987-001-012 111  13KIENYEJI.                            2   31   312   0          2 1 0.252  6 61      100   50000 2  
64-88-79-476987-001-012 341  13KIENYEJI.                            2   14   142   0          2 1 0.252  7 81       40    8000 2  
64-88-79-476987-001-013 111  13KIENYEJI                             2   51   512   0          2 1  0.52  6 61      160   80000 2  
64-88-79-476987-001-013 341  13KIENYEJI                             2   11   112   0          2 1  0.52  7 81       60   12000 2  
64-88-79-476987-001-014 111  122                                    2   21   212   0          2 1  0.52  6 61       40   40000 4  
64-88-79-476987-001-014 341  121                                    2   11   112   0          2 1  0.52  7 81       40   19000 4  
83-85-01-927024-001-011 311  2 IRINGA                               1  401   0    401 400001632 1    12  3 41      480  480000 1 2
12-01-68-847027-001-031 121  2 MBEGU YA ASILI                       2   31   312   0          111 0.252 12121      700  500000 1  
45-81-24-077030-001-015 111  2 PUNDA                                1   81   0     81 480001642 1    12  2 21      840  168000 1 2
15-26-83-147066-001-011 121  2 MAZIKU                               1   51   0     51 16000 912 1 0.252 12121      300  150000 1  
15-26-83-147066-001-012 111  2 DK                                   1 1.51   0   1.51  3000 912 1 0.252  1 11      120  120000 1  
06-49-50-717106-001-011 111  12SEEDCO                               3  101  1013   0          2 23                                
06-49-50-717106-001-011 411  12PUNDAMILIA                           1 0.51   0     0          2 1    22  6 61       20   14000 1 4
13-96-85-807106-001-031 111  2 MBEGU BORA ZILIZOTUMIKA              3  151  1513   0          2 1    32  3 31      450  175000 1  
29-40-20-767110-001-011 111  2 ASILI                                2   51   512   0          2 1  1.52  3 31      216   96000 1  
10-98-13-237119-001-0419982342 LUMALA                               2  901  9012   0          2 22                                
90-38-56-467120-001-011 111  12MBEGU YA ASILI YA MAHINDI            2  161  1612   0          2 1    12  2 21      700  210000 1  
90-38-56-467120-001-011 311  12MBEGU YA ASILI YA MAHINDI MAHARAGE   2  121  1212   0          131  0.514 2 21       40   60000 1  
24-00-17-337121-001-012 1122112MBEGU YA ASILI YA MAHINDI            2  161  1612   0          131    22  2 21      400   90000 1  
24-00-17-337121-001-012 122212 MBEGU YA ASILI YA MPUNGA             2  401  4012   0          2 1    22  3 31      225   82000 1  
24-00-17-337121-001-012 3122112MBEGU YA ASILI YA MAHARAGE           2   51   512   0          131    213 2 11       28   56000 1  
96-07-66-127122-001-011 111  12MBEGU ZA KIENYEJI                    2 2701 27012   0          131   282  3 41     8640   40000 1 2
72-66-97-487122-001-061 111  2 KIENYEJI                             2   41   0     0          2 1    12  6 61      480  180000 1 2
84-92-39-367122-001-071 111  2 ASILI                                2  101  1012   0          2 1    22  3 21      756  315000 1  
98-75-56-677123-001-011 111  12SEEDCO                               3   11   0     11   700 212 1 0.152 12 11       40   14000 1 2
98-75-56-677123-001-011 311  12NJANO                                2   11   0     11  2000 212 1 0.152 12121       10   15000 1 2
98-75-56-677123-001-012 111  12SEEDCO                               3  101   0    101  7000 412 1  1.52 12 11      756  294000 1 2
21-63-86-537124-001-012 111  2 12                                   2  121  1212   0          2 1 1.452  3 31      432  180000 1  
99-03-97-377142-001-011 111  12MBEGU YA KIENYEJI                    2  251  2512   0          2 1    42 12121      720  320000 1 3
99-03-97-377142-001-011 3122112KITENGE                              2  801   0    801160000 422 23                                
70-94-18-577156-001-014 112332 MBEGU YA ASILI YA MAHINDI            2  181  1812   0          161    311 3 31      500  150000 1  
15-99-79-887162-001-011 111  2 ASILI                                2  101   0    101  5000 412 1  0.52  3 31      342  190000 1  
45-44-01-967166-001-011 1122412SEEDCO.                              3   11   0     0          2 1    22  2 21       60   45000 1 2
45-44-01-967166-001-011 3122412KITENGE                              2 0.51 0.512   0          2 1    12  2 21        4    8000 2  
45-44-01-967166-001-012 222142 ZA KIENYEJI                          2   55   552   0          2 1 0.252  3 31       48   15000 2  
46-11-79-017166-001-031 111  2 SEEDCO                               3   11   113   0          2 1  1.52  3 31      140   84000 1 2
00-30-59-557185-001-013 112312 DK                                   1   41   0     41 240001612 1 0.752  2 21      700  210000 1  
00-30-59-557185-001-013 412212 KIJIVU                               3   21   0     21    12 31111  0.52  2 31      300  210000 1  
13-78-92-737255-001-011 312112 KABLANKETI                           2  151  1512   0          2 1 0.252  6 61       30   22500 1  
14-19-96-877623-001-011 341  2 MBEGU YA ASILI                       2   13   0     0          2 1 0.622  7 81       50   45000 1  
14-19-96-877623-001-011 921  2 ASILI                                2   11   0     0          2 1 1.252  3 41       36   36000 1  
46-70-45-217634-001-011 111  2 MBEGU YA ASILI                       2   81   812   0          141  0.517 4 51      450  170000 3  
62-17-78-367653-001-011 8721112MBEGU ZA ASILI                       2   13   0     0          2 1  0.22  9101       40   40000 1 2
38-38-42-787655-001-012 111  2 MBEGU YA KISASA                      1   41   0     41  8000 912 1 0.752 10101      240  110000 1 2
38-38-42-787655-001-014 111  2 MBEGU YA KISASA                      1   11   0     11  2000 91151 0.252 10101      100   40000 1 2
64-69-57-407657-001-012 112242 MAHINDI                              2   21   212   0          2 1  0.52  3 31      200  160000 1  
82-52-23-197730-001-011 111  13MBEGU  BORA                          1  201   0    201 250001622 1    22  3 71      300  246000 1 2
82-52-23-197730-001-011 431  13MBEGU YA ASILI                       2  201  2012   0          2 1    12  3 31      100  112000 1 2
82-52-23-197730-001-012 432312 MBEGU YA ASILI                       2  101  1011   0          2 1    12  4 41       50    8000 1 2
28-74-45-587731-001-011 111  12KIENYEJI                             2  401  4012   0          2 1    52  7 81     3000  900000 1 2
28-74-45-587731-001-011 321  12KIENYEJI                             2   31   0     31  3000 432 1    52  7 71      180  135000 1 2
83-92-82-087732-001-014 112132 MBEGU ZA KIENYEJI                    2  101  1012   0          2 1    12 11121      216   80000 1  
26-83-07-887825-001-013 321  2 MBEGU YA KAWAIDA                     2   21   0     21  4000 912 1  0.52  8101       40   60000 1 2
11-01-62-717826-001-041 111  2 MBEGU YA ASILI                       2   15   152   0          1324                                
63-73-59-667842-001-031 111  11KIENYEJI                             2   21   0     21  1600 212 1 0.252  6 61       50   25000 1 2
63-73-59-667842-001-031 321  11KIENYEJI                             2   21   212   0          2 1 0.252  6 61       20   20000 1 2
63-73-59-667842-001-031 361  11KIENYEJI                             2   11   0     11  1500 212 1 0.252  6 61       50   70000 1 2
63-73-59-667842-001-031 431  11KIENYEJI                             2  101  1012   0          2 1 0.252  6 61      125  100000 1 2
63-73-59-667842-001-032 3421111KIENYEJI                             2   11   112   0          2 1    12  6 61       40   20000 1 2
56-26-44-997845-001-011 131  13KIENYEJI                             2   23   0     23  2000 91131  0.52  7 71       25   20000 1  
56-26-44-997845-001-012 1321112KIENYEJI                             2   13   0     13  1000 912 1 0.252  7 71       20   15000 1  
07-61-69-657862-001-011 111  12KIENYEJI                             2   11   112   0          2 1 0.2511 6 61       50   25000 1 2
07-61-69-657862-001-011 341  12KIENYEJI                             2   21   212   0          2 1 0.252  7 81      100  100000 1 2
07-61-69-657862-001-013 1122812KIENYEJI                             2   51   512   0          2 1    12  6 61      200  100000 1 2
07-61-69-657862-001-015 1221112KIENYEJI                             2  101  1012   0          121    12  5 51      200  100000 1 2
52-33-12-157900-001-011 111  13KIENYEJI.                            2   11   0     11  1000 51121 0.2515 5 51        5    5000 1 2
52-33-12-157900-001-011 341  13KIENYEJI.                            2   13   132   0          2 1 0.252  7 71       10    8000 1 2
52-33-12-157900-001-012 111  12KIENYEJI                             2  101   0    101 10000 512 1    32  6 61      300  300000 1 2
52-33-12-157900-001-012 341  12KIENYEJI                             2  101  1012   0          2 1    12  6 71       80   64000 1 2
52-33-12-157900-001-012 4221112KIENYEJI                             2   31   312   0          1323                                
52-33-12-157900-001-012 4321412NYEKUNDU                             2   41   412   0          2 1 0.752  6 61       20   20000 1 2
52-33-12-157900-001-014 111  12KIENYEJI                             2  101   0    101 10000 511623                                
52-33-12-157900-001-014 341  12KIENYEJI                             2   11   112   0          2 1    12  7 71       20   18000 1 2
90-68-95-747916-001-011 111  12SEEDCO                               3   44   213   0          2 1  0.52  2 31       20   10000 1  
90-68-95-747916-001-012 111  2 SEEDCO                               3   44   0     44  2000 912 1  0.52  1 11       20   10000 1  
95-68-45-617917-001-011 1122112LUBANGO                              2 2.51   0   2.51  6500 932 1  0.52  2 21      200  120000 4  
95-68-45-617917-001-011 2222112VIAZI VITAMU VYEKUNDU                2   15   152   0          2 1  0.52  3 31      560   40000 4  
80-27-00-227918-001-011 221  2 WINI                                 2   51   0     0          2 1    12  3 61      288   45000 1 2
80-27-00-227918-001-012 221  12WINI                                 2   71   712   0          2 1    12  3 61      360   45000 1 2
19-89-44-487919-001-011 111  12MAHINDI                              2   51   512   0          151  0.516 2 21      110   25000 1 2
19-89-44-487919-001-011 221  12VIAZI VITAMU                         2  251  2512   0          2 1  0.52  2 21      160    6000 1 2
19-89-44-487919-001-012 221  12VIAZI VITAMU                         2  201  2012   0          2 1  0.52  2 21       50    2500 1 2
71-33-08-657919-001-111 111  12MAHINDI                              2   51   512   0          2 1  1.52  2 21      120   20000 9  
71-33-08-657919-001-111 2222112VIAZI VITAMU                         2  121  1212   0          2 1    12  2 21      420   45000 8 9
52-72-30-637920-001-011 111  2 RUBANGO NA STUKA                     1   21   0     21 12000162131    12  1 11       60   30000 1 4
52-72-30-637920-001-012 111  2 STUKA NA RUBANGO                     1   21   0     21 120001622 1 0.2511 1 11      120   60000 1 4
53-96-23-777921-001-011 112112 DEBANGO                              1 1.51   0   1.51 150001632 1  0.11212121      240  160000 1  
32-16-83-617921-001-041 222212 VIAZI VITAMU                         2   55   552   0          2 1  0.32 12 21      450  150000 1 5
74-23-11-257935-001-071 1122112STUKA                                2  121   0    121    12 21151  1.91612 11      432  240000 1 2
74-23-11-257935-001-071 3122112KITENGE                              2   41   0     41  5000 212 1    22 11121      120  120000 1 2
31-35-06-217936-001-011 111  12MAHINDI                              2   61   612   0          2 1  1.52  2 21      210  120000 1 2
31-35-06-217936-001-011 4322112KARANGA                              2  101   0    101 108001612 1    12  2 31      100   45000 1 2
31-35-06-217936-001-012 1123112MAHINDI                              2   41   412   0          2 1    12  2 21      300  126000 1 2
31-35-06-217936-001-012 3222112KUNDE                                2   11   0     11  20001612 1  0.72  2 21       30   21000 1 2
31-35-06-217936-001-012 3321112CHOROKO                              2   21   212   0          161  0.312 1 21       20    7500 1 2
31-35-06-217936-001-013 111  12MAHINDI                              2   51   512   0          2 1  1.22  2 31      250  100000 1 2
31-35-06-217936-001-016 111  12MAHINDI                              2  101  1012   0          2 1    12  1 21      200   90000 1 2
71-59-39-297940-001-022 111  12MAHINDI                              2   31   312   0          2 1  1.52  2 31      500  240000 2  
71-59-39-297940-001-022 2222112VIAZI VITAMU                         2  151  1512   0          2 1  1.52  2 31      300  150000 2  
71-59-39-297940-001-022 4322112KARANGA                              2   31   0     31  60001612 1    12  2 21      200  120000 2  
87-93-30-617973-001-011 111  12ASILI                                2   61   0     61 18000 521624                                
87-93-30-617973-001-011 331  12ASILI                                2   21   0     21  8000 521624                                
87-93-30-617973-001-012 121  2 ASILI                                2   41   0     41  4000 522 1  0.52  6 61      120  156000 1  
87-93-30-617973-001-014 111  12ASILI                                2   61   0     61  5000 522 1  0.52  6 61      120   60000 1  
87-93-30-617973-001-014 222212 ASILI                                2 1801   0   1801 30000 212 1  0.52  6 71      750   60000 1  
87-93-30-617973-001-014 3322112ASILI                                2   41   0     41  5000 512 1  0.52  3 51       60   75000 1  
38-93-28-418011-001-011 111  2 KIENYEJI                             2   31   312   0          151  0.52  1 11      360   90000 1 2
38-93-28-418011-001-012 111  2 KIENYEJI                             2   51   512   0          2 1  0.714 1 11      240   60000 1 2
14-68-38-978014-001-011 112312 ASILI                                2   31   0     31  3000 41161    112 2 21      252   84000 1  
44-32-80-968033-001-021 111  13ASILI                                2   31   312   0          2 1    12  2 21      216   72000 4 5
44-32-80-968033-001-021 311  13ASILI                                2   21   212   0          2 1    12  2 21       60   90000 4 5
68-35-72-168035-001-014 111  2 MBEGU YA BORA YA MAHINDI (LUBANGO)   1   51   0     51 13000 412 1    12  2 21      360  105000 1 2
08-10-16-648068-001-043 1123112SEED CO                              1   22   0     22  6000 212 1  3.52  1 21     1500  750000 1 2
08-10-16-648068-001-043 331  12CHOROKO                              2   51   0     51  5000 522 1  4.52  1 21      650   50000 1 2
08-10-16-648068-001-043 4322112KARANGA                              2  151  1512   0          2 1  2.52  1 21      300  225000 1 2
31-02-55-838146-001-011 121  2 MBEGU YA MPUNGA-KAMPE                2  201  2012   0          2 22                                
71-67-36-168150-001-0129981  2 MWANAMTAWA                           2  401  4012   0          2 22                                
68-70-95-158164-001-011 111  2 MAHINDI                              2   51   512   0          2 23                                
66-05-65-518168-001-011 112182 MBEGU YA KIENYEJI                    2   41   0     41  40001612 1  0.42 12 11      420  100000 1 2
16-85-18-498169-001-011 3422112MBEGU YA ASILI                       2   11   0     0          2 1    02  8 91       60   30000 1  
87-50-63-898171-001-011 111  2 MBEGU YA KIENYEJI                    2   12   122   0          2 1    32 12121     1200  420000 1  
73-73-81-468173-001-012 322242 MBEGU YA MAMLAKA                     2   31   0     31  6000 91141    117 1 11       40   40000 1  
11-04-95-978183-001-011 112182 MBEGU YA MAHINDI                     2   51   0     51 10000 911223                                
08-21-18-738185-001-012 111  2 MBEGU YA ASILI                       2   41   0     0          2 1  1.52  1 11      150  120000 2  
08-21-18-738185-001-013 111  2 MBEGU ZA ASILI                       2   51   0     0          2 1    12  1 11      250  200000 2  
83-98-37-268187-001-013 111  2 MAHINDI                              2   51   512   0          2 1    12 12121      450  315000 1  
68-96-28-518189-001-0129981  2 MBEGU ZA ASILI                       2   51   0     51 10000 112 1  0.22  1 31       35   35000 1  
97-06-33-258282-001-031 111  13KIENYEJI                             2   81   812   0          161    12  6 61      800  200000 1  
97-06-33-258282-001-031 341  13KIENYEJI                             2   41   412   0          2 1    12  9 91       40   64000 1  
95-10-97-388285-001-012 111  2 DK                                   2   41   412   0          2 1    12  6 61      800  240000 1  
11-35-47-338339-001-012 112242 KIENYEJI                             2   41   412   0          2 1    12  6 71      700  280000 1 2
11-35-47-338339-001-013 121  2 URO                                  2  641  6412   0          2 1  1.52  6 71     1200  840000 1 2
51-76-89-738433-001-011 111  2 BK                                   1   21   0     21 12000161151    11611111      390  105000 1  
48-32-46-838505-001-011 122112 MBEGU YA KIENYEJI                    2  201  2012   0          2 1  1.52  2 31      900  450000 1  
48-32-46-838505-001-011 132212 MBEGU YA KIENYEJI                    2  201  2012   0          2 1    22  2 21      800  160000 1 2
48-32-46-838505-001-012 111  12TUMBILI                              1  241   0    241138000 922 1    52  3 41     3420 1368000 1  
48-32-46-838505-001-012 501  12MBEGU YA KIENYEJI                    2  901   0    901 40500 642 22                                
48-32-46-838505-001-013 112112 TUMBILI                              1   61   0     61 690001622 1    12  3 41      630  252000 1  
48-32-46-838505-001-013 132212 MBEGU YA KIENYEJI                    2  601  6012   0          2 1    32  2 21     1800  360000 1  
48-32-46-838505-001-014 221  2 MBEGU YA KIENYEJI                    2  105   0    105 50000 212 1    12  3 51     1200  480000 1  
32-24-12-228506-001-011 111  2 MBEGU YA SEED CO                     1  221   0    221121000 932 1  2.52  2 31      400 2000000 1 2
62-07-93-438507-001-011 112212 KIENYEJI                             2  121   0    121 18000 212 1    22  2 21     1400  420000 1  
62-07-93-438507-001-011 222112 NYEKUNDU                             2 1001 10012   0          2 1  0.52  4 029070  200  100000 1  
62-07-93-438507-001-011 412212 KIJIVU                               2   61   612   0          111    12  6 61      500  300000 1  
62-07-93-438507-001-012 121  2 KIENYEJI                             2  201  2012   0          111  0.52  6 61      400  400000 1  
30-40-59-808508-001-012 112112 SEEDCO                               1  121   0    121132000 932 1   102  2 31     6700 2010000 1  
30-40-59-808508-001-012 501  2 MBEGU ZA KISASA.                     1  101   0    101 24000 612 1    212 6 81       75   75000 1  
55-35-60-258508-001-032 112282 TUMBILI                              1  221   0    221126500 932 1    32  3 31     2000  600000 1 2
63-86-47-138509-001-014 501  2 MBEGU ZA KAWAIDA                     1  101   0     0          2 23                                
27-00-87-678509-001-051 501  12MBEGU ZA KAWAIDA                     1  101   0     0          131    12  6 61      180  145800 1  
85-44-38-168511-001-013 112312 MAHINDI                              2 3.51   0     0          121  0.52  4 41      240  100000 1  
85-44-38-168511-001-013 222112 VIAZ VITAMU                          2 2105   0     0          2 1  0.32  5 51    248.2   72000 1  
57-16-67-668511-001-041 122112 SUPA                                 2  501  5012   0          1122                                
57-16-67-668511-001-042 111  2 KIENYEJI                             2  101  1012   0          2 1  1.82  2 21     1800  540000 2 3
57-16-67-668511-001-043 112312 KIENYEJI                             2   81   812   0          2 1  1.52  2 21     1400  420000 2 3
57-16-67-668511-001-043 222112 NYEKUNDU                             2 1001 10012   0          2 1  0.519 5 021560  200  100000 2 3
23-56-01-838512-001-011 1122111TUMBILI                              1   61   0     61 33000 912 1  1.52  3 31      240   84000 1 2
23-56-01-838512-001-011 3122111KITENGE                              2  101  1012   0          2 1  1.52  6 61      100  250000 1 2
06-99-12-268524-001-012 411  2 MBEGU YA ASILI                       2   21   212   0          2 1    12  6 71       45   20250 6 7
02-58-17-688525-001-014 111  12PUNDA MILIA.                         1   71   0     71 70000 932 1  2.52  2 21     1500  450000 1 2
02-58-17-688525-001-014 341  12KIENYEJI                             2   51   0     51  75001612 1  2.52  7 81      100  120000 1 2
02-58-17-688525-001-015 121  2 KIENYEJI                             2   22   0     22 16000 212 1    12  5 61     1500  630000 1 2
79-22-29-278526-001-011 501  2 SIDICO                               1  101   0    101  65001912 22                                
79-22-29-278526-001-012 111  12TUMBILI                              1 4.51   0   4.51 258751912 1    12  2 21      500  200000 1 2
79-22-29-278526-001-012 431  12MBEGU YA KIENYEJI                    2   61   612   0          2 1    12  3 31      420  294000 1 2
79-22-29-278526-001-013 222112 MBEGU YA KIENYEJI                    2   45   452   0          2 22                                
79-22-29-278526-001-013 502212 SIDICO                               1  151   0    151  97501912 1  1.22  6 02 4 3  500  525000 1 2
79-22-29-278526-001-014 111  12DK                                   1  131   0    1311495001912 1    22  2 21     1300  520000 1 2
79-22-29-278526-001-014 431  12MBEGU YA KIENYEJI                    2   81   812   0          2 1    22  4 41      350  245000 1  
38-71-06-878527-001-014 501  2 MBEGU ZA KAWAIDA                     1   31   0     0          161    12  6 61       35   28000 1 4
70-41-03-848528-001-011 111  2 MAHINDI                              2   41   412   0          2 1 0.752  5 51      648  240000 1 2
70-41-03-848528-001-013 1122112DK                                   1   21   0     21 23000 91131 0.7514 3 31      432  120000 1 2
70-41-03-848528-001-013 3422112MBAAZI                               2   11   112   0          1323                                
65-17-43-268528-001-042 501  2 MBEGU ZA KAWAIDA                     1  201   0     0          2 1    12  6 61      600  400000 4  
71-43-60-458529-001-011 121  2 MPUNGA                               2   12   0     12  7000 512 22                                
71-43-60-458529-001-013 112312 MAHINDI                              2   31   0     31 11500 512 1 0.7511 3 31      480  160000 1 2
71-43-60-458529-001-013 222112 MICHE (VIAZ VTAMU)                   2 1255   0     0          2 1 0.252  5 02 525   98   12000 1 2
71-43-60-458529-001-013 432112 KARANGA                              2   53   0     53  3000 51121 0.2515 4 41       25   15000 1 2
94-71-63-728529-001-081 111  13PANA                                 1   21   0     21 24000 932 1    12  2 31      400  120000 1 2
94-71-63-728529-001-081 311  13KIENYEJI                             2   41   412   0          131    111 2 21       20   30000 1 2
94-71-63-728529-001-081 431  13NYEKUNDU.                            2   41   412   0          2 1    111 2 31       20   20000 1 2
94-71-63-728529-001-082 111  13KIENYEJI                             2   31   312   0          1623                                
94-71-63-728529-001-082 501  13KISASA                               1   51   0     51  5000 61161    12  6 71      150  120000 1 2
94-71-63-728529-001-083 111  13KIENYEJI                             2   31   312   0          1623                                
94-71-63-728529-001-083 501  13KISASA                               1   21   0     21  2000 611623                                
94-71-63-728529-001-084 111  2 KIENYEJI                             2   31   312   0          1323                                
94-71-63-728529-001-085 112212 KIENYEJI                             2   21   212   0          1323                                
94-71-63-728529-001-085 222212 NYEKUNDU                             2  155   0     0          2 1  0.52  6 61      600   90000 1 2
30-83-69-598530-001-014 112312 DK                                   1   61   0     61 360001622 1    12  2 21      900  270000 5  
30-83-69-598530-001-014 222112 NYEKUNDU                             2 1001 10012   0          2 1 0.1319 4 021560  200  100000 5  
30-83-69-598530-001-015 121  2 SUPA                                 2  501  5012   0          111  1.52  6 61     1100  880000 5  
82-85-96-818531-001-011 112212 DK                                   1   81   0     81 480001622 1    12  2 21     1500  450000 1 2
82-85-96-818531-001-011 432112 SUKUMA                               2  301  3012   0          2 1  0.52  2 21      500 1500000 1  
82-85-96-818531-001-015 1122112TUMBILI                              1  161   0    161 960001622 1    22  2 21     1200  360000 1  
82-85-96-818531-001-015 222112 ITEGE                                2 2001 20012   0          2 1  0.519 3 024570  400  100000 1  
82-85-96-818531-001-015 3422112UK 19                                1 0.51   0   0.51  36001622 1    22  5 51      120  144000 1  
82-85-96-818531-001-015 4322112NYEKUNDU                             2  401  4012   0          2 1    22  2 21      800 2400000 1  
82-85-96-818531-001-015 502212 UK 91                                1 7.51   0   7.51  4750 712 1 1.252  5 51      350  367500 1  
65-92-56-848600-001-013 112312 MAHINDI                              2  101  1012   0          151    116 3 31      840  378000 1 2
65-92-56-848600-001-013 431  12KARANGA                              2   41   212   21 12000 412 1  1.52  5 51      100  300000 1 2
65-92-56-848600-001-014 111  12MAHINDI                              2   51   512   0          131  0.514 5 51       80   36000 1 2
65-92-56-848600-001-014 221  12VIAZ ASILI                           2 3505   0     0          2 1  0.519 5 021860152.7  305400 1 2
81-82-81-408602-001-012 112212 MBEGU PANA                           1   21   0     21 14000 412 1    12  2 21      240   72000 1 2
21-64-89-728604-001-011 112212 MBEGU YA KIENYEJI                    2   31   312   0          2 1    12  3 31      216  172800 1 8
21-64-89-728604-001-011 222212 MBEGU YA KIENYEJI                    2   25   252   0          2 1  0.52  1 11      136  160000 1 8
21-64-89-728604-001-012 111  12MBEGU YA KIENYEJI                    2   21   212   0          2 1  0.52  2 21      108   86400 1 8
21-64-89-728604-001-012 131  121                                    2   11   112   0          2 1 0.252  3 31       40   32000 1 8
34-56-13-138605-001-013 111  2 PANA                                 1   41   0     41 32000 912 1    22  5 51     1000  600000 117
17-58-40-808605-001-041 501  2 MBEGU YA KIENYEJI                    2  101   0     0          2 1  0.52  5 51       50   52500 1 2
17-58-40-808605-001-042 501  2 MBEGU YA KIENYEJI                    2  361   0    361 180001912 1    22  5 51      150  157500 1 2
17-58-40-808605-001-043 111  2 MBEGU YA KIENYEJI                    2   21   0     21  30001612 1  1.52  3 31      324  259200 1  
51-49-02-058605-001-051 1123112LUBANGO                              1  101   0    1011000001622 1    72  2 61     8400 3150000 1 2
51-49-02-058605-001-051 1321112ASILI                                2   21   0     0          2 1    12  3 31      120  120000 1 2
51-49-02-058605-001-051 222112 ASILI                                2 4501 45012   0          2 1    12  1 71     1500  200000 1 2
51-49-02-058605-001-051 3323112ASILI                                2  801  8012   0          2 1    72  1 11      960 1200000 1 2
51-49-02-058605-001-052 121  2 ASILI                                2  601  6012   0          2 1    62  4 61     4900 2940000 1 2
51-49-02-058605-001-053 111  12LUBANGO                              1   61   0     61 600001622 1    22  2 31     1200  600000 1 2
51-49-02-058605-001-053 331  12ASILI                                2   81   812   0          2 1    22  2 31      360  450000 1 2
47-61-91-398607-001-021 111  2 SEEDCO                               2  101  1012   0          2 1    12  2 21      486  135000 1 2
32-69-81-918829-001-012 221  2 ASILI                                2 1001   0   1001 15000 212 1    115 8 91      300   36000 1 2
32-69-81-918829-001-014 121  2 KALAMATA                             2  101   0    101  7000 422 1    12  6 61      450  180000 1 2
48-50-38-148866-001-011 231  2 OBAMA                                3  501  5013   0          2 1 0.752  2 21      200  100000 1  
34-20-55-178867-001-021 231  12MBEGU YA KIENYEJI                    2 3001 30012   0          2 1 0.752  1 11     1000  400000 2  
34-20-55-178867-001-022 2321112MBEGU YA KIENYEJI                    2  401  4022   0          2 1 0.252  1 11      600  240000 2  
00-21-28-798868-001-011 111  12HIGH BRIDGE                          1   31   0     31 200001612 1    12  5 51      108   60000 1 2
00-21-28-798868-001-011 231  12OBAMA                                2 1501 15012   0          2 1    12  2 21      650  325000 1 2
00-21-28-798868-001-012 861  2 GOLOLI                               1  255   0    255 200001612 1  0.52  3 31      320  320000 1 2
00-21-28-798868-001-013 111  12HIGH BRIDGE                          1   31   0     31 200001612 1    12  4 41      216  120000 1 2
00-21-28-798868-001-013 231  12OBAMA                                1 2001 20012   0          2 1    12  2 21      900  450000 1  
57-34-58-898869-001-011 111  12PANA                                 1   11   0     11  45001612 1  0.52  5 61      160   48000 1  
57-34-58-898869-001-011 311  12ROSEKOKO                             1   11   0     11  25001612 1  0.52  6 71       14   25200 1 2
57-34-58-898869-001-013 231  2 OBAMA                                1   52   0     52 50000 21131    12  2 11      250  280000 1 2
22-97-00-788871-001-011 111  12ASILI                                2  101  1012   0          2 1    12  7 71      150   52500 1 6
22-97-00-788871-001-011 231  12OBAMA                                2 4321 43212   0          2 1    12  2 21     1000  350000 1 6
22-97-00-788871-001-012 111  12ASILI                                2   21   212   0          2 1    12  6 61      200   80000 1 6
22-97-00-788871-001-012 231  12OBAMA                                2 2161 21612   0          2 1    12  2 21      600  240000 1 6
22-97-00-788871-001-013 111  12ASILI                                2   31   312   0          2 1    12  6 61      150   52500 1 6
22-97-00-788871-001-013 231  12OBAMA                                2 1001 10012   0          2 1    12  2 21      700  350000 1 6
83-91-97-408872-001-011 111  2 MBEGU ZA KIASILI                     2 1.51 1.512   0          2 1  0.52  6 61      216  120000 1  
83-91-97-408872-001-011 311  2 MBEGU ZA ASILI                       2   81   0     81  9600 422 1  0.52  2 21       36   40000 1  
83-91-97-408872-001-014 111  2 MBEGU ZA ASILI                       3   31   313   0          2 1  0.52  7 71      108   60000 1  
23-87-83-618873-001-011 111  12KIENYEJI                             2   11   112   0          2 1  0.12  7 71       82   41000 1  
23-87-83-618873-001-011 231  12KIENYEJI                             2  301   0    301  7500 512 1  0.12  2 21      220   55000 1 2
71-60-85-768888-001-011 111  2 MBEGU YA KIENYEJI                    2   61   612   0          2 1 0.752  2 21      180   81000 1  
81-76-53-588889-001-012 111  2 STAR                                 3   41   413   0          161    111 2 21      240   60000 1  
26-06-09-838891-001-011 1122112ASILI                                2   21   212   0          2 1 0.382  2 21       54   21000 1 2
63-82-17-438904-001-012 111  12ASILI                                2   41   0     41  8000 212 1  0.52 12121      126   35000 1  
63-82-17-438904-001-013 111  2 ASILI                                2   71   0     71 14000 212 1  0.52 12121      220   80000 1  
73-69-98-248905-001-011 111  2 ASILI                                2   91   912   0          2 1  1.52  2 21     1000  300000 1 2
21-39-92-978906-001-011 112182 KIENYEJI                             2   31   312   0          121  0.111 2 21      108   30000 1  
82-07-37-998908-001-011 112282 KIENYEJI                             2   21   212   0          121  0.115 2 21      120   42000 1  
81-53-07-828910-001-011 111  2 KIENYEJI                             2   51   512   0          2 1 1.252  2 21      120   30000 1  
84-71-12-078910-001-021 111  2 MBEGU YA KIENYEJI                    2   51   512   0          2 1 0.752  2 21      120   40000 2 7
00-80-16-378942-001-011 112312 NJANO                                3  101  1013   0          2 1    12  2 21      324   90000 2  
00-80-16-378942-001-011 322112 NGOJI                                2   31   0     31  6000 412 1  0.52  1 21      243   90000 2  
95-62-22-448944-001-011 112182 20                                   2  201   0     0          2 1  0.211 2 21      360  126000 1 2
36-99-86-888945-001-012 111  2 MBEGU YA KIENYEJI                    2  301  3012   0          2 1    22  2 21     2040  510000 1 2
86-38-44-198968-001-021 111  2 MBEGU YA KIENYEJI                    2   71   0     71  5000 112 1    22  1 11      280   70000 1  
75-06-10-659102-001-991 111  2 MBEGU YA ASILI                       2  151  1512   0          2 1    12  1 11     2025     400 1  
03-32-08-679182-001-992 111  12MBEGU YA KIENYEJI                    1   31   0     31 12000 912 23                                
18-40-65-779268-001-991 311  2 MBEGU YA ASILI                       2  201   0    201 40000 41161    12  6 61      300   42000 1  
68-52-75-149398-001-991 111  12SEEDCO                               1   21   0     21 12000 932 1  1.52  2 21      400  200000 1 2
68-52-75-149398-001-991 311  12MAHARAGE YA NJANO                    3   11   0     11  2000 912 1  1.52  2 11       15  300000 1 2
68-52-75-149398-001-991 431  12KARANGA NYEUPE                       2 1.51   0   1.51  4000 432 1  1.52  1 11       30   60000 1  
71-50-61-729607-001-991 111  2 MBEGU YA MAHINDI                     1   51   0     51 200001622 1  1.52  2 21      500  125000 1 2
75-21-91-969639-001-991 112182 KIENYEJI                             2   11   0     11     0 212 1  0.111 3 31       60   30000 1  
23-69-08-569643-001-991 112282 MBEGU ZA ASILI                       2   21   212   0          2 1  0.52  2 21      100   50000 1  
