31-67-12-821152-001-01 211   1200  210000 1   1   91 912       2             20  0  0  10   0
31-48-95-021155-001-01 602                             2       2              7  0  0   8   0
39-24-29-811159-001-01 212                             2       2              8  0  0   2   0
02-54-47-041198-001-01 602                             2       2             50  0  0  10   0
23-14-85-731217-001-01 601    150   50000 1 2 1 2 23 232       2             70  0  0  30   0
40-87-17-221230-001-01 452                             2       2            150  0  0   0   0
85-07-13-311232-001-01 442                             2       2              5  0  0   0   0
59-82-97-201233-001-01 452                             2       2            200  0  0   0   0
61-64-62-241235-001-02 342                             2       2              4  0  0   0   0
61-64-62-241235-001-02 602                             2       2             25  0  0   0   0
28-24-87-551305-001-01 612                             1   172 2              0  0  0   0   0
65-62-10-781323-001-01 602                             2       2             20  0  0   0   0
00-63-85-411325-001-01 602                             2       2             30  0  0   0   0
14-23-99-911333-001-01 602                             2       2             30  0  0   0   0
35-22-61-351401-001-01 342                             2       2              5  0  0   0   0
39-91-71-061403-001-01 602                             2       2             60  0  0   0   0
59-62-66-411420-001-01 602                             2       2             22  0  0   0   0
66-75-13-741421-001-01 442                             2       2              0  0  0  25   0
79-50-93-441462-001-01 212                             2       2             30  0  0  18   0
79-50-93-441462-001-01 452                             2       2             34  0  0   6   0
79-50-93-441462-001-01 602                             2       2             35  0  0  35   0
35-70-97-651519-001-01 452                             2       2            480  0  0  40   0
35-10-30-261552-001-01 452                             2       2             50  0  0  10   0
35-10-30-261552-001-01 602                             2       2            100  0  0   0   0
87-34-09-051553-001-03 452                             2       2             20  0  0   0   0
87-34-09-051553-001-03 602                             2       2            120  0  0  40   0
18-78-78-831554-001-01 462                             2       2              2  0  0   3   0
72-28-96-801555-001-01 602                             2       2             30  0  0  10   0
98-95-18-171556-001-01 452                             2       2             80  0  0   0   0
98-95-18-171556-001-01 602                             2       2             65  0  0   0   0
87-14-18-771557-001-01 342                             1  1522 2              0  0  0   0   0
87-14-18-771557-001-01 442                             2       2             40  0  0   0   0
87-14-18-771557-001-01 452                             2       2             20  0  0   0   0
87-14-18-771557-001-01 462                             2       2              6  0  0   0   0
87-14-18-771557-001-01 602                             2       2              5  0  0   0   0
28-18-07-541573-001-01 452                             2       2             90  0  0  16   0
26-44-95-551594-001-01 602                             2       2             40  0  0   0   0
00-17-71-971596-001-01 212                             2       2            200  0  0 560 140
00-17-71-971596-001-01 442                             2       2            150  0  0   0   0
00-17-71-971596-001-01 541     80  280000 1 2 1 2 61 612       2              0  0  0   0   0
00-17-71-971596-001-01 601   1750  350000 1 2 1 2 21 212       2            250  0  0 250   0
00-17-71-971596-001-013021    800  800000 1 2 1 2 21 212       2            200  0  0   0   0
00-17-71-971596-001-013032                             2       2              0  0  01000   0
00-17-71-971596-001-013041 200000 2240000 1 2 1 2 91 932       2              0  0  0   0   0
00-17-71-971596-001-013052                             2       2              0  0  0  50   0
26-30-52-401614-001-01 452                             2       2             80  0  0  20   0
22-38-66-351705-001-01 212                             2       2            350  0  0   0   0
22-38-66-351705-001-01 452                             2       2           8000  0  0   0   0
22-38-66-351705-001-01 602                             2       2            140  0  0   0   0
63-97-16-081725-001-01 572                             2       2             50  0  0   0   0
63-97-16-081725-001-01 602                             2       2              5  0  0   0   0
15-97-35-811745-001-01 211    660  220000 1   1   21 212       2             60  0  0  60   0
15-97-35-811745-001-01 342                             2       2             25  0  0  11   0
60-65-34-171746-001-01 342                             2       2              2  0  0   1   0
60-65-34-171746-001-01 602                             2       2              7  0  0   0   0
99-84-02-401764-001-01 602                             2       2             30  0  0   0   0
88-80-90-941766-001-01 572                             2       2             30  0  0   0   0
17-64-18-791768-001-01 212                             2       2             70  0  0   0   0
17-64-18-791768-001-01 602                             2       2             15  0  0   0   0
11-59-35-061785-001-03 212                             2       2             10  0  0   0   0
03-94-16-921799-001-01 342                             1  2042 2             50  0  0  10   0
96-34-88-551800-001-01 212                             2       2              5  0  0   0   0
03-14-29-971820-001-01 452                             2       2             25  0  0   0   0
49-86-16-681843-001-013012                             2       2             30  0  0  15   0
15-55-16-651876-001-02 212                             2       2             60  0  0   0   0
08-43-62-701893-001-01 212                             1  6522 2            100  0  0  30   0
55-83-06-851932-001-04 211    300   60000 1 2 1 2 92 921 20062 2            520  0  0  80   0
66-14-94-181935-001-01 212                             2       2             50  0  0   0   0
98-18-22-891937-001-02 211    150   60000 2   2   21 111 45042 2            250  0  0   0   0
05-92-83-741938-001-02 212                             2       2            150  0  0   0   0
05-92-83-741938-001-02 541     24   24000 1 2 1 2 71 712       2              0  0  0   0   0
05-92-83-741938-001-02 602                             2       2             50  0  0   0   0
05-92-83-741938-001-029982                             2       2            300  0  0   0   0
16-23-33-321957-001-01 212                             2       2            120  0  0   0   0
78-73-09-301976-001-01 342                             1   542 2             24  0  0   6   0
86-15-44-911994-001-03 601     30   10000 1 2 1 2 21 212       2             45  0  0  15   0
86-15-44-911994-001-033021    160    4000 1 2 1 2 91 912       2           1020  0  0 320   0
27-69-09-192010-001-013041    800 4000000 1   1   93 932       2              0  0  0   0   0
27-69-09-192010-001-019981    360 1080000 1 2 1 2 91 912       2            150  0  0 110   0
67-18-23-872011-001-013041  48480  790000 1   1 2 92 922       2              0  0  0   0   0
62-61-78-732046-001-01 212                             2       2             60  0  0   0   0
62-61-78-732046-001-013021   1000  250000 1 2 1 2 91 912       2            200  0  0  60   0
94-12-64-072064-001-01 541    120  120000 1   1   93 932       2              0  0  0   0   0
17-99-58-672065-001-01 212                             2       2            240  0  0   0   0
17-99-58-672065-001-01 541    180   90000 1 2 1 2 93 932       2              0  0  0   0   0
77-92-16-672066-001-01 541    630  756000 1   1   61 612       2              0  0  0   0   0
35-93-00-792068-001-01 541     55  165000 1   1   91 912       2              0  0  0   0   0
98-95-98-622070-001-01 212                             2       2            240  0  0   0   0
98-95-98-622070-001-01 541    163  198000 1 2 1 2 91 912       2              0  0  0   0   0
24-27-78-932083-001-01 541     60   72000 2   2   61 612       2              0  0  0   0   0
50-36-50-822086-001-01 212                             2       2             50  0  0   0   0
92-24-01-442088-001-01 212                             2       2            300  0  0   0   0
31-32-30-422089-001-01 212                             2       2             80  0  0   0   0
31-32-30-422089-001-01 541     15   17500 1   1   61 612       2              0  0  0   0   0
73-31-47-952102-001-01 541    110  120000 1   1   91 912       2              0  0  0   0   0
02-38-53-952103-001-01 541    385  560000 1   1  113 932       2              0  0  0   0   0
34-93-93-402105-001-01 541    222  222000 1   1   61 612       2              0  0  0   0   0
34-93-93-402105-001-01 602                             2       2             42  0  0   0   0
82-80-81-612105-001-02 541    180  180000 6   6   61 612       2              0  0  0   0   0
21-33-89-792107-001-01 211     12   15000 1 2 1 2 41 412       2            108  0  0   0   0
21-33-89-792107-001-01 541    360  381000 1 2 1 2 61 612       2              0  0  0   0   0
21-33-89-792107-001-013042                             2       2             50  0  0   0   0
08-12-12-352108-001-01 541   1000 1200000 1   1   61 612       2              0  0  0   0   0
46-01-30-672109-001-01 541     65  200000 1   1   94 942       2              0  0  0   0   0
89-05-97-182110-001-01 211    100   15000 1   1   21 211  8042 2             20  0  0   0   0
89-05-97-182110-001-01 541    120  170000 1   1   61 612       2              0  0  0   0   0
89-05-97-182110-001-01 602                             2       2              7  0  0   0   0
89-05-97-182110-001-019982                             2       2            100  0  0   0   0
19-03-71-262121-001-01 541    150  150000 1   1   61 612       2             10  0  0   0   0
72-87-81-322122-001-01 212                             2       2            480  0  0   0   0
72-87-81-322122-001-01 542                             2       2             55  0  0   0   0
62-47-33-372123-001-01 212                             1  1242 2            108  0  0   0   0
62-47-33-372123-001-01 541     30   27000 1   1   91 912       2             20  0  0  10   0
62-47-33-372123-001-01 602                             2       2             72  0  0  36   0
62-47-33-372123-001-013042                             2       2            400  0  0   0   0
37-05-92-602124-001-01 212                             1  5042 2            200  0  0   0   0
37-05-92-602124-001-01 541    750  900000 1   1   61 612       2              0  0  0   0   0
37-05-92-602124-001-01 602                             2       2             10  0  0   0   0
37-05-92-602124-001-013041    200  500000 1   1   21 212       2            300  0  0   0   0
37-05-92-602124-001-019982                             2       2            100  0  0   0   0
85-54-66-362125-001-01 541    110  132000 1   1   61 612       2              0  0  0   0   0
35-74-58-192126-001-01 212                             2       2             50  0  0   0   0
35-74-58-192126-001-01 602                             2       2              5  0  0   0   0
94-09-90-452127-001-01 212                             2       2            160  0  0   0   0
94-09-90-452127-001-01 541     60   60000 1 2 1 2 71 712       2              0  0  0   0   0
41-24-37-002128-001-01 212                             2       2             35  0  0   0   0
41-24-37-002128-001-01 602                             2       2             53  0  0   0   0
96-25-27-682140-001-01 212                             2       2            120  0  0   0   0
96-25-27-682140-001-01 442                             2       2             50  0  0   0   0
96-25-27-682140-001-01 541    210  210000 1 2 1 2 91 912       2              0  0  0   0   0
96-25-27-682140-001-013041    350   75000 1 2 1 21611612       2            100  0  0   0   0
60-98-83-842141-001-01 212                             2       2            150  0  0   0   0
60-98-83-842141-001-01 442                             2       2              4  0  0   0   0
49-89-60-442142-001-01 212                             2       2             72  0  0   0   0
49-89-60-442142-001-01 441    175   37500 1   1   21 212       2            125  0  0   0   0
49-89-60-442142-001-01 541     30   30000 1   1   92 922       2              0  0  0   0   0
49-89-60-442142-001-013032                             2       2            180  0  0   0   0
47-33-48-342143-001-01 542                             2       2             18  0  0   0   0
41-90-49-082143-001-02 212                             2       2            240  0  0   0   0
42-74-37-602144-001-01 442                             2       2             60  0  0   0   0
42-74-37-602144-001-01 541    100   20000 1   1   91 911  4012 2             40  0  0   0   0
42-74-37-602144-001-013041    600  210000 1   1   91 912       2              0  0  0   0   0
51-55-51-262145-001-01 212                             2       2            100  0  0   0   0
51-55-51-262145-001-01 541    110  165000 1   1   91 912       2              0  0  0   0   0
51-55-51-262145-001-01 602                             2       2            200  0  0   0   0
51-55-51-262145-001-013041   1000  250000 1   1   21 212       2              0  0  0   0   0
88-95-93-562146-001-01 212                             2       2             60  0  0   0   0
88-95-93-562146-001-01 541    950 1235000 1   1   62 622       2              0  0  0   0   0
37-02-89-812146-001-03 212                             2       2             20  0  0   0   0
37-02-89-812146-001-03 541     30   39000 1   1   62 622       2              0  0  0   0   0
98-78-94-132147-001-01 541     20   20000 1 2 1 2 91 912       2              0  0  0   0   0
82-49-19-232159-001-01 541    400  462000 1   1   93 932       2             20  0  0   0   0
40-34-16-232159-001-04 541    120  150000 1 2 1 2 92 922       2              0  0  0   0   0
92-29-28-062162-001-01 541    120   72000 2   2   92 922       2              0  0  0   0   0
45-96-39-562164-001-01 212                             2       2             30  0  0   0   0
45-96-39-562164-001-01 541      3    2000 1   1   91 912       2              0  0  0   0   0
08-19-86-572179-001-01 541    140  420000 1   1   61 612       2              0  0  0   0   0
14-48-48-942180-001-01 542                             2       2              0  0  0   0   0
82-21-30-392181-001-01 212                             2       2             60  0  0   0   0
82-21-30-392181-001-01 541    157  474140 1   1   71 712       2              0  0  0   0   0
97-20-56-672184-001-01 212                             2       2             60  0  0   0   0
01-60-89-942185-001-01 541    167  500000 1   1   61 612       2              0  0  0   0   0
50-12-34-352197-001-01 212                             2       2            240  0  0   0   0
56-62-89-782199-001-01 211    72018000000 2   2   92 922       2            120  0  0   0   0
97-95-25-482200-001-01 211    600  200000 1 2 1 21611612       2            300  0  0   0   0
99-10-27-022200-001-03 211    210   90000 1 2 1 2 91 912       111  20000   100  0  0  40   0
89-10-69-312202-001-01 211    400  140000 1 2 1 2 91 912       121  30000   160  0  0  80   0
72-15-83-722203-001-01 212                             2       2            120  0  0   0   0
56-10-08-702204-001-01 212                             2       2            200  0  0   0   0
78-15-43-852216-001-01 541     30   36000 1   1   62 622       2              0  0  0   0   0
81-50-48-562217-001-02 541     50   55000 1 2 1 2 91 912       2              5  0  0   0   0
84-58-41-512218-001-01 541    520  705000 1   1   61 612       2              0  0  0   0   0
84-58-41-512218-001-019982                             2       2             60  0  0   0   0
05-40-62-632221-001-01 541     20   20000 1 2 1 21611612       2              0  0  0   0   0
24-15-17-332222-001-01 541    335  335000 1 2 1 2 93 932       2              0  0  0   0   0
21-66-19-792235-001-01 541     24   24000 2   2   71 712       2              0  0  0   0   0
04-72-30-292236-001-01 541     40   40000 1   1   61 612       2              0  0  0   0   0
04-72-30-292236-001-01 602                             2       2            100  0  0  20   0
00-11-58-552236-001-02 542                             2       2              5  0  0   0   0
70-46-23-362237-001-01 212                             2       133   4500    20  0  0   0   0
70-46-23-362237-001-01 542                             2       2             20  0  0   0   0
70-46-23-362237-001-013042                             2       2              2  0  0   0   0
33-40-18-382238-001-01 541    230   50000 1   1   93 932       2             20  0  0   0   0
00-38-57-232239-001-01 541    100  100000 1   1   62 612       2              0  0  0   0   0
00-38-57-232239-001-019982                             2       2             30  0  0   0   0
53-95-94-122254-001-01 212                             2       2             20  0  0   5   0
53-95-94-122254-001-01 541    450  450000 1   1  1641642       2              0  0  0   0   0
74-70-00-932255-001-01 212                             2       2            150  0  0   0   0
74-70-00-932255-001-01 541     60   12000 1   1   23 212       2              0  0  0   0   0
74-70-00-932255-001-01 602                             2       2            100  0  0   0   0
93-31-89-762256-001-01 541    550  300000 1 2 1 2 61 612       2              0  0  0   0   0
93-31-89-762256-001-013042                             1 12012 2            120  0  0   0   0
79-86-31-642256-001-03 212                             2       2             50  0  0 100   0
30-93-95-652257-001-01 212                             2       2            100  0  0  25   0
30-93-95-652257-001-01 541    560  560000 1   1  1631632       2              0  0  0   0   0
61-97-17-872277-001-01 211    500  120000 1   1   41 212       2             30  0200 270   0
19-61-62-902277-001-03 212                             2       2             80  0  0  80   0
41-81-85-622280-001-01 212                             2       2            100  0  0 100   0
14-58-18-612292-001-02 212                             2       2             30  0  0  20   0
29-32-41-812293-001-01 212                             2       2            110  0  0  50   0
79-64-91-552294-001-01 212                             2       2            880  0  0 240   0
79-64-91-552294-001-01 452                             2       2             42  0  0   0   0
79-64-91-552294-001-01 642                             2       2              1  0  0   3   0
83-01-75-412295-001-01 212                             2       2             40  0  0  10   0
80-85-79-462296-001-01 212                             2       2            120  0  0  40   0
90-57-92-072298-001-01 212                             2       2           1000  0  0 500   0
96-15-71-562311-001-01 452                             1 10012 2            200  0 90 100   0
89-81-17-292311-001-04 212                             2       2            160  0  0 240   0
75-37-54-952313-001-01 212                             2       2            480  0  0   0   0
85-96-93-022316-001-01 212                             2       142  20000   480  0  0 400   0
45-27-67-932318-001-01 212                             2       2            200  0  0  40   0
87-83-98-062349-001-01 212                             2       2             50  0 50 100   0
43-46-75-792349-001-03 212                             2       2             50 20  0  30   0
68-30-71-792350-001-03 212                             2       2            300  0  0 200   0
14-98-81-492352-001-02 212                             2       2             60  0  0   0   0
12-97-36-292352-001-04 212                             2       2            110  0  0  50   0
81-32-40-342352-001-07 211    100   86000 1   1   21 112       2             40  0 30  30   0
87-03-73-532353-001-01 212                             2       2            350  0  0 200   0
18-73-48-012353-001-04 212                             2       2            640  0  0 160   0
00-22-08-832354-001-01 212                             2       2             80  0  0  80   0
19-93-05-372354-001-04 212                             2       2             80  0  0  40   0
48-82-44-022355-001-01 212                             2       2            845  0  0 400   0
66-57-22-712356-001-01 211    300  100000 1   1   21 212       2             50  0  0  50   0
66-57-22-712356-001-01 451    150  120000 1   1   21 212       2             50  0  0   0   0
54-52-86-502371-001-01 211    125   75000 1   1   42 422       2             50  0  0  25   0
54-52-86-502371-001-01 342                             2       2              8  0  0   4   0
54-52-86-502371-001-01 452                             2       2            500  0  0 250   0
19-42-65-672372-001-01 212                             2       2             90  0  0 120   0
77-70-58-352389-001-02 212                             2       2             25  0  0  12   0
95-47-09-332394-001-01 212                             2       2            200  0  0 150   0
95-47-09-332394-001-01 342                             2       2             55  0  0  25   0
17-25-01-082431-001-01 212                             2       2            140  0  0 180   0
81-05-05-172432-001-01 211    150  120000 1   1   41 452       2             50  0  0   0   0
82-12-05-752435-001-01 211    100   50000 1   1   95 312       2             20  0  0  30   0
47-13-32-572464-001-03 441   1000  30000013  13   41 412       2           1000  0  0   0   0
89-90-41-692469-001-01 561    400 1600000 1 2 1 2 62 622       2              0  0  0   0   0
89-90-41-692469-001-01 602                             2       2             20  0  0   0   0
84-22-10-902483-001-01 212                             2       2            200  0  0  50   0
60-01-61-292520-001-01 212                             2       2            600  0  0   0   0
05-19-50-612522-001-01 212                             2       2             53  0  0   0   0
05-19-50-612522-001-01 441    144  160000 1   1   93 932       2              0  0  0   0   0
27-48-96-982523-001-02 212                             2       2             40  0  0   0   0
07-14-14-702526-001-01 212                             1  6022 2            600  0  0  60   0
08-10-16-122544-001-013032                             2       2           1000  0  0   0   0
80-87-24-092558-001-01 212                             2       2            300  0  0   0   0
38-66-19-412560-001-01 211    420  385000 2   2   91 912       2           1560  0  0   0   0
38-66-19-412560-001-01 341     40   34000 2   2   41 412       2            920 20  0   0   0
38-66-19-412560-001-01 442                             2       2           4725  0  0   0   0
38-66-19-412560-001-01 601    300   38000 2   2   41 412       2            450  0  0   0   0
38-66-19-412560-001-01 631    330   90000 2   2   91 912       2            800  0  0   0   0
38-66-19-412560-001-013022                             2       2            120  0  0   0   0
38-66-19-412560-001-013052                             2       2            140  0  0   0   0
87-80-88-842577-001-01 211    120   36000 1 2 1 2 41 411 12042 2            360  0  0   0   0
31-12-34-482578-001-01 212                             2       2             42  0  0   0   0
57-34-90-342579-001-01 211    300  300000 1 2 1 21611611 30062 2            300  0  0   0   0
03-51-31-802580-001-01 212                             2       2            180  0  0   0   0
19-69-36-162582-001-01 212                             2       2             60  0  0   0   0
81-90-64-932582-001-02 211   1000  300000 1   1   96 962       2            500  0  0   0   0
52-35-01-102583-001-01 211     60   26000 1   1   21 212       2            900  0  0   0   0
03-81-40-042598-001-01 531     25   25000 1   1   91 912       2              0  0  0   0   0
71-80-87-222599-001-01 211    200   50000 1   1   21 212       2             30  0  0   0   0
96-72-67-952601-001-01 212                             2       2            144  0  0   0   0
96-72-67-952601-001-013052                             2       2           1500  0  0   0   0
47-47-77-472618-001-01 572                             2       2             60  0  0   0   0
47-47-77-472618-001-013032                             2       2            100  0  0   0   0
61-66-70-262634-001-013042                             2       2           1000  0  0   0   0
61-66-70-262634-001-019981  1850016950000 1 2 1 2 91 912       2             10  0  0  10   0
01-89-35-762640-001-01 602                             2       2              2  0  0   0   0
01-89-35-762640-001-019982                             2       2              0180  0   0   0
47-19-86-882672-001-02 541     18   20000 2   2   91 912       2              0  0  0   0   0
50-32-82-322673-001-013042                             1 50062 2           1500  0  0   0   0
47-00-46-322692-001-01 452                             2       2             10  0  0   0   0
86-49-59-312695-001-01 211     20   20000 2   2   21 112       2             50  0  0   0   0
22-68-13-622749-001-03 212                             2       2            175  0  0 200   0
43-96-69-252750-001-03 212                             2       2            240  0  0 320   0
43-96-69-252750-001-03 661    350  800000 1   1  2032022       2              5  0  5   0   0
27-89-89-482751-001-02 452                             2       2            100  0  0  60   0
66-44-70-132754-001-02 212                             2       2             85  0  0  40   0
19-29-52-872755-001-01 212                             2       2             80  0  0  60   0
19-29-52-872755-001-01 661    200 1600000 1 4 1 42132132       2             20  0  0  20   0
88-64-17-462786-001-01 212                             2       2            100  0  0  50   0
64-39-68-452787-001-01 212                             2       2            150  0  0  50   0
37-86-68-692788-001-01 212                             2       2            160  0  0  80   0
67-86-73-422789-001-01 212                             2       2            240  0  0 160   0
54-74-73-732790-001-01 211    250   50000 1   1   92 412       2            150  0  0 100   0
80-39-16-432790-001-04 212                             2       2            150  0  0 100   0
85-92-14-252791-001-01 212                             1 10012 2             30  0  0   0   0
90-59-38-222792-001-01 212                             2       2           4000  0  0   0   0
90-59-38-222792-001-01 452                             2       2             10  0  0  10   0
44-64-21-262793-001-01 212                             2       2            240  0  0  80   0
37-60-26-942805-001-01 211    150   50000 1   1   94 312       2             25  0  0  25   0
37-58-50-612810-001-01 452                             2       2              0  0150 300   0
42-67-05-592811-001-01 211    170   65000 1   1   94 222       2             20  0  0  10   0
57-13-03-722829-001-01 212                             2       2            100  0  0  50   0
13-39-33-842833-001-01 211    150  120000 1   1   21 212       2             30  0  0  20   0
28-25-83-472850-001-01 211     20   20000 1   1   21 212       2             90  0  0  40   0
28-25-83-472850-001-01 341    140  170000 1   1   91 912       2             30  0  0   0   0
28-25-83-472850-001-01 461    130  260000 1   1  2112112       2             20  0  0   0   0
48-32-03-052866-001-02 452                             2       2             43  0  0   0   0
49-04-68-352867-001-01 461     25   42500 1 2 1 2 91 912       2              0  0  0   0   0
19-24-76-442868-001-02 461    220  440000 1   1   52 522       2             15  0  0   5   0
70-30-87-902881-001-01 461    120  300000 1   1   72 722       2             30  0  0   0   0
22-11-88-242886-001-01 451  13600   20000 1 2 1 2 21 212       2          27200  0  0   0   0
22-11-88-242886-001-01 461    240  312000 1 2 1 2 51 512       2              0  0  0   0   0
05-21-43-642892-001-01 461    290  580000 1   1   71 712       2              0  0  0   0   0
30-79-15-052892-001-03 212                             2       2              2  0  0   0   0
30-79-15-052892-001-03 452                             2       2             12  0  0   4   0
30-79-15-052892-001-03 461     10   13000 1 2 1 2 91 912       2              2  0  0   0   0
11-84-43-782901-001-01 342                             1  1052 2             35 10  0   0   0
11-84-43-782901-001-01 461     80  144000 1 2 1 2 41 412       2             20  0  0   0   0
84-67-69-892902-001-01 461     40   80000 1 2 1 2 21 212       2              5  0  0   0   0
42-64-34-582903-001-01 461    537  716900 1 2 1 2 51 512       2              0  0  0   0   0
66-74-34-222904-001-01 341     80  162000 1   1   93 512       2             10  0  0   0   0
45-99-60-942905-001-01 341     81  145800 1   1   51 932       2              4  0  0   0   0
42-59-87-532919-001-01 462                             2       2             10  0  0   0   0
51-20-76-342920-001-01 461    120  200000 1 2 1 2 71 712       2              4  0  0   6   0
82-14-02-372921-001-01 212                             2       2            110  0  0  25   0
82-14-02-372921-001-01 342                             2       2             55  0  0  10   0
82-14-02-372921-001-01 461  1182021600000 1   1   51 512       2            140  0  0   0   0
39-25-98-642923-001-01 461   1150 2400000 1   1   52 522       2             50  0  0   0   0
77-63-97-982924-001-02 212                             2       2             20  0  0   0   0
77-63-97-982924-001-02 461   5000 8100000 3 4 3 4 51 522       2              0  0  0   0   0
75-26-16-452925-001-01 461    600 1300000 1   1   51 512       2              0  0  0   0   0
03-82-32-102925-001-02 212                             2       2             97  0  0   0   0
03-82-32-102925-001-02 461   1020 2295000 1 2 1 2 61 611  1742 2              0  0  0   0   0
47-73-88-652926-001-01 461   2040 4080000 1   1   71 712       2              0  0  0   0   0
34-70-67-062960-001-01 602                             2       2             40  0  0  10   0
08-98-55-432963-001-013032                             2       2              0  0  0   0 500
68-23-21-383056-001-04 212                             1  1042 2             40  0  0  20   0
78-10-18-943056-001-05 212                             2       2            120  0  0  30   0
04-23-29-783058-001-01 211    140   60000 1   1   41 511 14042 2            420  0  0   0   0
96-10-29-263074-001-01 212                             2       2            300  0  0   0   0
01-31-69-053093-001-013042                             2       2            300  0  0   0   0
66-31-98-443095-001-01 212                             2       2            260  0  0   0   0
13-23-04-153112-001-01 212                             1  5062 2            250  0  0   0   0
81-00-58-343166-001-01 561     10   50000 1   1   92 922       2              0  0  0   0   0
29-45-42-373167-001-01 561    200  160000 1   1   91 912       2              0  0  0   0   0
42-00-78-103168-001-01 561     25   85000 1   1   41 412       2             16  0  0   4   0
44-11-82-583168-001-03 561     20   70000 1 2 1 21611612       2              0  0  0   0   0
84-02-93-513172-001-01 561      5   50000 1   1   51 512       2              0  0  0   0   0
02-50-88-113185-001-01 541    660 2640000 1 2 1 2 61 612       2              0  0  0   0   0
02-50-88-113185-001-01 611    840 3150000 1 2 1 2 91 912       2              0  0  0   0   0
76-50-08-943186-001-01 602                             2       2            120  0  0  50   0
78-32-84-413187-001-01 541     25   25000 1   1   91 912       2              0  0  0   0   0
76-44-53-443188-001-01 541     60  100000 1   1   91 912       2              0  0  0   0   0
51-34-40-933190-001-01 541    350 1225000 1 2 1 2 92 922       2              0  0  0   0   0
51-34-40-933190-001-01 611     40  120000 1 2 1 2 91 912       2              0  0  0   0   0
51-34-40-933190-001-013041  30000  875000 1 2 1 2 93 932       2              0  0  0   0   0
71-65-11-523192-001-01 541     58  216000 1 2 1 2 95 952       2              0  0  0   0   0
71-65-11-523192-001-01 602                             2       2             50  0  0   0   0
71-65-11-523192-001-013022                             1  1562 2              0  0  0   0   0
69-32-86-523204-001-01 541     20  100000 1 2 1 2 71 712       2              0  0  0   0   0
96-05-32-133205-001-01 541     80  400000 1   1   61 612       2              0  0  0   0   0
16-27-36-483341-001-05 452                             2       2             12  0  0   0   0
86-53-85-033356-001-01 212                             2       2            200  0  0  50   0
90-79-01-953360-001-01 212                             2       2             20  0  0   0   0
62-47-91-693377-001-03 452                             2       2             50  0  0  10   0
19-86-31-293385-001-01 212                             2       2            100  0  0 150   0
22-32-62-133437-001-01 452                             2       2             15  0  0   0   0
59-20-56-743478-001-01 451     28   28000 1   1   21 212       2             42  0  0   0   0
40-03-22-643489-001-04 212                             2       2            200  0  0  50   0
57-73-74-663496-001-01 452                             2       2              7  4  0   3   0
56-39-47-013511-001-02 212                             2       2             75  0  0   0   0
19-39-89-593549-001-01 212                             2       2             20  0  0  20   0
74-75-91-793553-001-03 452                             2       2            175  0  0  35   0
32-17-78-073586-001-01 212                             2       2            200  0  0 100   0
32-17-78-073586-001-01 461    480 1200000 1 2 1 2 91 912       2             15  0  0   5   0
20-25-86-313586-001-02 212                             2       2            100  0  0   0   0
20-25-86-313586-001-02 341     25   30000 1 2 1 2 93 932       2              5  0  0   0   0
09-31-93-253605-001-01 211    200  120000 1   1   91 912       2             50  0  0   0   0
11-40-56-853607-001-01 602                             2       2             45  0  0   0   0
21-35-87-243627-001-01 212                             2       2            150  0  0  50   0
21-35-87-243627-001-01 462                             2       2             40  0  0   0   0
58-58-82-683643-001-01 212                             2       2             50  0  0   0   0
58-58-82-683643-001-01 641    300 3000000 1   1   94 942       2              0  0  0   0   0
08-34-40-963644-001-01 212                             2       2            500  0  0 200   0
08-34-40-963644-001-01 641     80   88000 1 2 1 21611612       2              0  0  0   0   0
08-34-40-963644-001-013041    300  100000 1   1  1611612       2              0  0  0   0   0
48-70-78-563645-001-01 212                             2       2            240  0  0   0   0
48-70-78-563645-001-01 611     11  220000 1 4 1 4 92 922       2              0  0  0   0   0
48-70-78-563645-001-01 641     30   60000 1 4 1 4 92 922       2              0  0  0   0   0
37-00-59-023662-001-01 341     30   60000 1 2 1 2 21 212       2             25  1  0   4   0
57-29-56-033663-001-01 572                             2       2             37  0  0   0   0
33-22-49-703667-001-01 462                             2       2              5  0  0   0   0
97-63-96-063667-001-03 462                             2       2              4  0  0   0   0
99-07-17-063702-001-01 602                             2       2             20  0  0   0   0
24-81-45-053719-001-01 212                             2       2             60  0  0  20   0
84-70-04-133720-001-01 452                             2       2           2700  0  0   0   0
84-70-04-133720-001-01 602                             2       2            165  0  0   0   0
67-16-45-783721-001-01 212                             2       2             25  0  0   0   0
46-79-04-893722-001-01 212                             2       2             35  0  0   0   0
94-01-95-713723-001-013041   1000   40000 1 2 1 2 21 212       2              0  0  0   0   0
44-69-31-703724-001-01 602                             2       2             20  0  0   0   0
26-58-05-333737-001-01 461    100  150000 1   1   92 922       2              0  0  0   0   0
69-36-36-133739-001-01 212                             2       2             75  0  0   0   0
98-58-55-763740-001-01 212                             2       2         475000  0  0   0   0
98-58-55-763740-001-01 461     85  200000 1   1 2 51 512       2             13  0  0   2   0
11-59-39-513741-001-01 461     70  144200 1   1   72 722       142  41000    10  0  0   0   0
19-82-60-373742-001-01 461    340  680000 2   2   61 612       2              0  0  0   0   0
78-14-25-283743-001-01 461     10   50000 1   1   51 512       2              0  0  0   0   0
07-04-66-243755-001-01 451     50   40000 1   1   43 432       2              0  0  0   0   0
07-04-66-243755-001-01 461     70  161000 1   1   51 412       2              0  0  0   0   0
17-54-53-533758-001-01 451    250   90000 1 2 1 21611612       2             50  0  0   0   0
17-54-53-533758-001-01 461    104  208000 1 2 1 2 51 512       2              0  0  0   0   0
51-47-84-023759-001-02 212                             2       2            200  0125  50   0
37-54-54-333774-001-01 461    400  800000 1 2 1 2 61 612       2              5  0  0   0   0
53-91-81-333775-001-01 461    300  660000 1   1   51 512       2              0  0  0   0   0
68-35-57-413776-001-01 461     85  182750 1 2 1   72 722       1251500000    10  1  0  50   0
39-38-87-533777-001-01 212                             2       2             50  0  0   0   0
39-38-87-533777-001-01 461    319  669900 1   1   51 512       2              0  0  0   0   0
83-42-86-523778-001-01 462                             2       2              0  0  0   0   0
59-87-34-753778-001-02 461    200  400000 1   1  2112112       2              0  0  0   0   0
29-01-39-993779-001-02 461    500 1000000 2   2   51 512       2            100  0  0   0   0
80-65-61-383780-001-01 461    200  600000 1   1   62 622       2             10  0  0   5   0
85-97-80-163781-001-01 461    220  330000 1 2 1 2 91 912       2              0  0  0   0   0
85-38-17-703793-001-01 212                             2       2            500  0  0 100   0
85-38-17-703793-001-01 462                             2       2             10  0  0   0   0
81-77-97-813794-001-01 461    100  200000 1 2 1 2 21 212       2             15  0  0   5   0
33-23-93-773795-001-01 461    100  160000 1   1   91 912       2              0  0  0   0   0
73-13-17-313796-001-01 212                             1  8342 2             64  0  0   0   0
76-50-20-663797-001-01 462                             2       2             40  0  0   0   0
43-76-27-973797-001-04 461     70  140000 1 2 1 2 91 912       2             10  0  0  10   0
53-62-39-023798-001-01 341     65  130000 1   1   91 912       2              0  0  0   0   0
56-68-24-883799-001-01 212                             2       2            100  0  0   0   0
56-68-24-883799-001-01 342                             2       2             60  0  0   0   0
56-68-24-883799-001-01 461    194  312000 1   1   51 512       2             20  0  0   0   0
70-70-60-493800-001-01 461    130  299000 1 2 1 2 91 912       2             20  0  0   0   0
87-57-04-483812-001-01 211    120   80000 1 2 1 2 41 412       2            180  0  0   0   0
87-57-04-483812-001-01 461    100  150000 1 2 1 2 51 512       2              0  0  0   0   0
13-50-39-653814-001-01 461     80  120000 1 2 1 2 51 512       2              0  0  0   0   0
70-77-45-253815-001-01 451    238  153000 1   1  2022022       2             18  0  0   0   0
70-77-45-253815-001-01 461    438  963600 1   1   61 612       2              0  0  0   0   0
72-20-59-333817-001-02 461    300  450000 1 2 1 2 51 512       2             15  0  0   0   0
65-91-88-243818-001-01 212                             1  4012 2             60  0  0  20   0
71-79-67-823831-001-01 211     50  100000 1   1   92 912       2            150  0  0   0   0
71-79-67-823831-001-01 461    320  176000 1   1   51 512       2            130  0  0   0   0
71-74-59-743831-001-02 212                             2       2             40  0  0   0   0
71-74-59-743831-001-02 461    424  975200 1   1   51 512       2              0  0  0   0   0
25-94-82-153832-001-01 461    300  690000 1   1   51 512       2              0  0  0   0   0
77-32-67-803833-001-01 461    600 1800000 1   1   71 712       2             50  0  0   0   0
15-35-28-353833-001-05 212                             2       2            250  0  0  50   0
15-35-28-353833-001-05 461    370 1110000 1   1 2 72 722       2             30  0  0   0   0
37-71-99-363834-001-01 461    178  220000 1   1   91 912       2             28  0  0   0   0
54-43-79-143834-001-02 212                             2       2             40  0  0  10   0
48-62-80-163835-001-01 461     70  100000 1   1   22 222       2              0  0  0   0   0
17-92-85-183836-001-01 461    600 1250000 1 2 1 2 41 412       112  58000     2  0  0   0   0
09-79-49-523838-001-01 461    800 1200000 1 2 1 2 72 722       2              0  0  0   0   0
09-77-56-913850-001-01 461    600 1290000 1 2 1   71 712       2             50  0  0  30   0
18-86-63-893851-001-02 212                             2       2            180  0  0   0   0
18-86-63-893851-001-02 461    100  210000 2   2   93 932       2             10  0  0   0   0
83-95-24-143852-001-01 452                             2       2             10  0  0   0   0
83-95-24-143852-001-01 461    300  648000 1 2 1 2 51 512       2              0  0  0   0   0
22-52-97-753854-001-01 452                             2       2             80  0  0  40   0
22-52-97-753854-001-01 461    320  704000 1 2 1 2 41 512       2             20  0  0   0   0
83-08-74-843855-001-02 461    100  130000 1   1   71 712       2              0  0 10   0   0
95-93-01-713856-001-01 461     75  150000 1   1   51 512       2              0  0  0   0   0
72-66-88-883859-001-01 212                             2       2            200  0  0   0   0
72-66-88-883859-001-01 452                             2       2              5  0  0   0   0
72-66-88-883859-001-01 461    180  450000 4   4   72 721   542 2             15  0  0   0   0
84-24-16-373869-001-01 212                             2       2            190  0  0  10   0
77-48-36-643870-001-01 461    320  640000 1 2 1 2 71 712       2              0  0  0   0   0
38-68-55-543871-001-01 212                             2       2             60  0  0   0   0
38-68-55-543871-001-01 462                             2       2              5  0  0   0   0
88-98-35-963872-001-01 461     80  120000 1   1  1111112       2              0  0  0   0   0
64-66-80-403872-001-03 461    280  616000 1   1   61 612       2              0  0  0   0   0
04-39-66-833874-001-01 461    120  264000 1   1   61 612       2             30  0  0   0   0
01-05-27-433875-001-01 461    300  750000 1   1   71 712       2             20  0  0   0   0
36-72-56-753876-001-02 462                             2       2             15  0  0   0   0
95-35-64-973889-001-01 212                             2       2            150  0  0   0   0
95-35-64-973889-001-01 452                             2       2             16  0  0   0   0
95-35-64-973889-001-01 461     77  184000 1 2 1 2 61 612       2              3  0  0   0   0
18-23-18-313889-001-02 212                             2       2            294  0  0  40   0
18-23-18-313889-001-02 341    130  120000 2 6 2 6 43 931   11112             16  0  0   1   0
18-23-18-313889-001-02 452                             2       2             21  0  0   5   0
18-23-18-313889-001-02 461    311  756000 2 6 2 6103 432       2              3  0  0   0   0
66-99-22-633890-001-01 461    807 2138550 1 2 1 2 61 612       2             10  0  0   0   0
47-80-77-243891-001-01 212                             2       2            228  0  0   0   0
47-80-77-243891-001-01 461    330  759000 1 2 1 2 52 522       2              0  0  0   0   0
23-60-48-433892-001-01 212                             2       2            230  0  0 140   0
23-60-48-433892-001-01 342                             2       2             55  0  0   6   0
69-11-38-353893-001-01 212                             2       2            250  0  0  50   0
69-11-38-353893-001-01 341     50   35000 1 2 1 2 21 211  1042 2             35  0  0   5   0
69-11-38-353893-001-01 461    651 1723000 1 2 1 2 51 412       2             65  0  0  58   0
88-69-14-993894-001-01 461     22   52800 1 2 1 2 91 912       2              2  0  0   0   0
54-17-82-963895-001-01 452                             2       2             20  0  0   0   0
54-17-82-963895-001-01 461    240  552000 1 2 1 2 51 512       2             10  0  0  10   0
77-50-25-333907-001-01 462                             2       2              8  0  0   2   0
65-31-91-123909-001-01 461   1000 2100000 1 2 1 2 51 512       2              0  0  0   0   0
55-64-94-923910-001-01 461    200  900000 1 2 1 2 71 712       2             12  0  0   8   0
72-80-89-543945-001-01 212                             1  6042 2             20  0  0   0   0
89-86-06-243946-001-02 212                             2       2             40  0  0  10   0
10-36-95-743951-001-01 212                             2       2             90  0  0   0   0
41-08-71-954008-001-01 211    140   70000 1 2 1 2 92 922       2            210  0  0   0   0
27-44-99-194012-001-01 212                             2       2            200  0  0   0   0
23-18-10-954042-001-01 442                             2       2              6  0  0   0   0
42-06-56-074044-001-02 442                             2       2             12  0  0   0   0
42-06-56-074044-001-02 601   1000  120000 1   1  1621622       2            250  0  0 250   0
32-39-94-054046-001-013041   5000  500000 1   1  1641642       2             22  0  0   0   0
93-25-73-374079-001-01 212                             2       2            500  0 80   0   0
42-26-57-764085-001-01 211    150   25000 1 3 1 3 91 911  9042 131   5000    60  0  0   0   0
19-64-20-934137-001-01 212                             1  1242 2            188  0  0   0   0
53-43-54-844137-001-06 212                             1 12042 2           2280  0  0   0   0
17-12-17-704138-001-01 212                             2       2           6400  0  0   0   0
83-49-56-574139-001-01 211   6000 1500000 1   1   91 312       2            600  0  0 400   0
66-95-65-174140-001-01 212                             2       2            250  0  0   0   0
45-74-24-364141-001-01 211    756   50000 1 2 1 2 31 212       2            975  0  0   0 125
11-85-36-844142-001-01 212                             1  8042 2            240  0  0   0   0
17-60-45-744154-001-01 211    250  150000 1   1   91 912       2             12  0  0   4   0
17-60-45-744154-001-01 462                             2       2             52  0  0   0   0
17-60-45-744154-001-01 602                             2       2             53  0  0   0   0
62-89-78-464158-001-01 211   1400  600000 1   1   95 952       2             50  0  0  50   0
06-97-45-524159-001-01 452                             2       2             35  0  0  15   0
06-97-45-524159-001-01 462                             2       2              2  0  0   0   0
82-98-10-514159-001-06 452                             2       2             20  0  0  60   0
42-45-79-764160-001-01 452                             2       2             25  0  0   0   0
75-63-76-424161-001-01 452                             2       2              3  0  0   0   0
17-41-82-374175-001-01 452                             2       2             92  0  0  29   0
30-35-93-514192-001-01 211    320  180000 1   1   94 942       2             30  0  0  20   0
30-35-93-514192-001-01 441     15    3000 1   1   21 212       2              0  0  0   0   0
30-35-93-514192-001-01 461     10   10000 1   1   21 212       2             12  0  0   7   0
01-53-37-234195-001-01 212                             2       2              8  0  0   0   0
48-88-88-904196-001-01 211   1000  700000 1 7 1 7 95 952       2             20  0  0   0   0
48-88-88-904196-001-01 451     30   30000 1 7 1 7 41 412       2             10  0  0   0   0
48-88-88-904196-001-01 461     50   50000 1 7 1 7 41 412       2              5  0  0   0   0
04-91-14-704196-001-02 212                             2       2             80  0  0   0   0
04-91-14-704196-001-02 452                             2       2             30  0  0   0   0
17-78-73-004198-001-01 452                             2       2             25  0  0   0   0
91-79-97-084199-001-01 452                             2       2             60  0  0   0   0
62-29-18-134211-001-01 211    160   50000 1   1   93 432       2             20  0  0  80   0
62-29-18-134211-001-01 441     80   45000 1   1   93 212       2              0  0  0   0   0
62-29-18-134211-001-01 451   2460  840000 1   1   93 932       2             50  0  0  70   0
24-61-09-854211-001-02 211    840  175000 1 3 1 3 91 912       2            100  0  0  20   0
24-61-09-854211-001-02 441     70   25000 1   1   21 212       2             20  0  0   0   0
24-61-09-854211-001-02 451   2700 1200000 1 3 1 3 91 912       2            150  0  0  50   0
74-48-80-244211-001-03 212                             2       2             80  0  0   0   0
74-48-80-244211-001-03 441     40    6000 1   1   21 212       2              0  0  0   0   0
74-48-80-244211-001-03 462                             2       2             10  0  0   0   0
74-48-80-244211-001-03 602                             2       2              8  0  0   2   0
45-29-72-644212-001-02 212                             2       2            183  0  0   0   0
15-03-38-514213-001-01 212                             2       2            300  0  0 200   0
15-03-38-514213-001-01 452                             2       2            100  0  0  20   0
15-03-38-514213-001-01 461    650  975000 1 2 1 2 71 712       2             40  0  0  60   0
18-95-24-274214-001-02 212                             2       2             70  0  0  10   0
18-95-24-274214-001-02 452                             2       2              4  0  0   0   0
18-95-24-274214-001-02 461    600  660000 1   1   51 512       2             15  0  0  10   0
87-15-08-264215-001-01 461   3000 5400000 1   1   61 612       2              0  0  0   0   0
10-54-43-564217-001-01 211    270  160000 1 2 1 2 93 932       2             80  0  0   0   0
10-54-43-564217-001-01 451    415  124500 1 2 1 2 21 212       2            197  0  0   0   0
10-54-43-564217-001-01 461    534  854400 1   1   41 411 2872112              8  0  0   0   0
15-90-91-834238-001-01 602                             2       2            150  0  0   0   0
80-41-93-594271-001-01 212                             2       2            400  0  0 320   0
87-52-88-384288-001-013041   1200  450000 1   1   92 922       2           2000  0  0 300   0
31-91-85-564309-001-01 461   1000  800000 1 2 1 22112112       2             10  0  0   0   0
29-82-56-654310-001-01 212                             2       2            350  0  0  50   0
29-82-56-654310-001-01 461    250  500000 1 2 1 2 71 712       2             35  0  0   5   0
75-82-37-584310-001-02 461    176  528000 2   2   71 712       2             24  0  0   0   0
66-68-73-914313-001-01 451     20   10000 1 2 1   91 912       2             10  0  0   0   0
66-68-73-914313-001-01 461   3400  420000 1 2 1 2 61 612       2            200  0  0   0   0
56-83-61-514326-001-01 212                             2       155 350000    80  0  0   0   0
29-42-96-404328-001-01 541    150  787500 1   1 9 93 932       2              0  0  0   0   0
95-89-60-914363-001-01 212                             2       112 210000   660  0  0   0   0
15-35-50-034365-001-01 212                             2       2            340  0  0  85   0
50-28-33-064365-001-03 211    150   75000 1   1   91 912       2            370  0  0  80   0
77-14-05-264367-001-01 212                             2       2           1000  0  0   0   0
14-89-23-384367-001-02 211    400  120000 1 2 1 2 51 511 20042 2           1500  0  0 200   0
81-84-58-854445-001-04 212                             2       2            180  0  0   0   0
25-88-33-814481-001-01 212                             2       2            150  0  0   0   0
41-58-31-404483-001-013032                             2       2            600  0  0   0   0
05-19-84-164499-001-03 211      2    2000 3   3 5 21 212       2            253  0  0 150   0
10-94-44-734501-001-03 602                             2       2             24  0  0   6   0
72-51-93-504503-001-013032                             1200062 2           3000  0  0   0   0
72-51-93-504503-001-013062                             2       2           1000  0  0   0   0
99-29-28-044543-001-01 212                             2       2           1500  0  0 300   0
13-80-32-634724-001-013032                             1 20062 2            500  0  0   0   0
33-63-56-624763-001-03 342                             2       2             32  0  0   8   0
89-76-80-984765-001-02 211    500  250000 2 3 2 31611612       2            500  0500   0   0
00-38-32-834766-001-013012                             2       2            350  0  0 100   0
87-21-08-094801-001-01 212                             2       2             15  0  0   5   0
78-46-80-074806-001-01 212                             2       2             50  0  0   0   0
33-87-11-244839-001-01 211    250   30000 1   1   21 212       2            110  0  0   0   0
15-67-33-214843-001-01 442                             2       2             52  0  0   0   0
35-77-92-814844-001-02 442                             1   342 2            245  0  0   0   0
80-02-63-904879-001-01 211    900  525000 1 2 1 2 91 911 18022 113 105000   180  5  0 180   0
47-30-58-254895-001-01 212                             2       2             30  0  0   0   0
47-30-58-254895-001-01 542                             2       2              1  0  0   0   0
47-30-58-254895-001-01 602                             2       2             10  0  0   0   0
83-48-46-444895-001-03 212                             2       2             20  0  0   0   0
83-48-46-444895-001-03 602                             2       2             30  0  0   0   0
87-09-78-694898-001-01 542                             1  1072 2              0  0  0   0   0
87-09-78-694898-001-01 602                             2       2             40  0  0  10   0
37-86-09-804915-001-01 212                             2       2             42  0  0   0   0
37-86-09-804915-001-01 602                             2       2             24  0  0   9   0
84-99-81-334916-001-01 601     20  400000 1 2 1 2 21 212       2             20  0  0   0   0
70-83-81-894917-001-01 601    400   15000 1   1   21 212       2              0  0  0   0   0
50-74-04-804919-001-02 212                             2       2            150  0  0 150   0
62-49-93-004921-001-01 212                             2       2             76  0  0   0   0
31-32-27-894934-001-02 212                             2       2             30  0  0   0   0
18-03-94-104935-001-01 212                             2       2             20  0  0   0   0
20-59-92-394938-001-01 212                             2       2             20  0  0   0   0
63-25-21-504939-001-01 211     50    4000 1   1   21 232       2             50  0  0   0   0
27-50-87-344971-001-01 452                             2       2             50  0  0   0   0
39-26-01-864972-001-01 451    150   38000 1   1   91 911   412 2             50  0  0  20   0
30-25-28-774973-001-02 451    600  150000 910 910 91 912       2            330  0  0   0   0
84-34-29-434990-001-02 211    100   30000 2   2   41 512       2            100  0  0   0   0
29-14-89-654994-001-01 572                             2       2              6  0  0   0   0
89-97-94-105032-001-013042                             2       2            200  0  0   0   0
91-68-31-455184-001-01 451    200  150000 1   1   43 432       2             50  0  0  50   0
94-55-33-915228-001-02 212                             2       2             55  0  0  20   0
94-55-33-915228-001-02 342                             2       2             15  0  0   5   0
31-85-61-415244-001-01 462                             2       2             30  0  0  20   0
31-85-61-415244-001-01 602                             2       2             70  0  0  30   0
62-56-55-855277-001-01 452                             2       2             20  0  0   0   0
86-02-89-525278-001-01 452                             2       2             25  0  0   0   0
43-47-25-485313-001-01 212                             2       2             50  0  0   0   0
21-75-27-695333-001-02 602                             2       2              4  0  0   1   0
05-64-34-945433-001-01 211   3100  530000 1   1   95 952       2            270  0  0 230   0
38-02-99-865447-001-01 452                             2       2             36  0  0  36   0
47-48-66-405476-001-01 211    240   60000 1   1   91 912       2             90  0  0 150   0
47-48-66-405476-001-01 451   4400 1680000 1   1   91 912       2             80  0  0 120   0
66-94-54-605487-001-01 572                             2       2              5  0  0   0   0
12-32-78-575490-001-01 452                             2       2            400  0  0   0   0
92-35-01-025513-001-03 541   1350 6750000 4   4   93 932       2              0  0  0 132   0
73-86-17-645514-001-01 601    120   20000 1   1   21 212       2            100  0  0  80   0
22-58-79-145529-001-01 211    450  100000 2   2   21 212       2            150  0  0   0   0
65-69-75-995529-001-03 602                             2       2             60  0  0  30   0
84-98-35-825544-001-02 212                             2       2             80  0  0   0   0
84-98-35-825544-001-02 452                             2       2             70  0  0   0   0
84-98-35-825544-001-02 602                             2       2              5  0  0   0   0
29-20-77-815564-001-01 212                             2       143  30000    50  0  0   0   0
29-20-77-815564-001-01 451     20   15000 1 4 1 4 21 212       2             40  0  0   0   0
29-20-77-815564-001-01 462                             2       2             15  0  0   0   0
86-58-89-005581-001-02 212                             2       2             80  0  0  50   0
86-58-89-005581-001-02 462                             2       2              6  0  0   0   0
52-25-64-035661-001-01 462                             2       2              3  0  0   0   0
82-25-26-415693-001-01 342                             2       2             30  0  0   0   0
82-25-26-415693-001-01 462                             2       2              5  0  0   0   0
82-25-26-415693-001-01 602                             2       2             20  0  0   0   0
94-78-24-505695-001-01 462                             2       2             10  0  0   0   0
53-17-72-605696-001-01 452                             2       2             60  0  0   0   0
37-78-83-385697-001-01 212                             2       2             40  0  0  10   0
37-78-83-385697-001-01 462                             2       2              5  0  0   0   0
17-53-58-105699-001-02 462                             2       2              5  0  0   0   0
17-95-04-885700-001-02 212                             2       2            350  0  0   0   0
17-95-04-885700-001-02 452                             2       2             30  0  0   5   0
17-95-04-885700-001-02 462                             2       2              2  0  0   0   0
17-95-04-885700-001-02 572                             2       2              4  0  0   0   0
67-56-06-175719-001-01 461    350  840000 1   1   61 612       2              0  0  0   0   0
96-24-36-025739-001-01 211   1440  720000 1   1   93 932       2             40  0  0 270   0
28-56-69-975788-001-01 631    150   10000 1 2 1 2 91 912       2             10  0  0  15   0
61-37-81-585809-001-01 212                             2       2             20  0  0   0   0
61-37-81-585809-001-01 452                             2       2             20  0  0   0   0
42-22-06-975847-001-01 441     90   30000 1   1   91 912       2              0  0  0   0   0
19-13-10-225848-001-04 212                             2       2            420  0  0   0   0
70-86-81-135851-001-03 212                             2       2            130  0  0   0   0
62-87-05-555864-001-01 602                             2       2              1  0  0   0   0
28-63-80-025870-001-01 211    140   24000 1 2 1 2 41 412       2              0  0  0   0   0
23-97-33-545886-001-02 211     40   35000 1   1   91 912       2             40  0  0   0   0
15-35-33-895909-001-01 212                             2       2            200  0  0   0   0
63-22-91-285940-001-01 601   8500 3400000 1 2 1   51 512       2            500  0  0   0   0
71-84-74-895949-001-01 212                             2       2            350  0  0   0   0
46-18-20-365962-001-013022                             2       2              0  0  0   0   0
60-11-48-655965-001-01 342                             2       2              7  0  0   3   0
60-33-80-915984-001-01 551   8480 2459200 1 2 1 21221222       2              0  0  0   0   0
60-33-80-915984-001-013041  38500 5000000 1   1 2 91 912       2              0  0  0   0   0
59-55-57-895998-001-013021   2400  600000 1   1   91 912       2            400  0  0 200   0
59-55-57-895998-001-013041    600     900 1   1   93 932       2              0  0  0   0   0
69-16-29-086042-001-013021  14400 1440000 1 2 1 2 91 912       2           1000  0  0 440   0
88-88-77-016074-001-01 541    120  120000 1 2 1   91 912       2              0  0  0   0   0
88-88-77-016074-001-01 602                             2       2             35  0  0   0   0
47-51-56-856075-001-01 602                             2       2             75  0  0   0   0
03-51-56-446076-001-01 212                             2       2            100  0  0  10   0
03-51-56-446076-001-01 602                             2       2             60  0  0   0   0
03-51-56-446076-001-019982                             2       2            190  0  0  10   0
90-51-97-206078-001-01 212                             2       2            522  0  0   0   0
90-51-97-206078-001-01 541    100   50000 1 2 1 2 91 312       2             40  0  0   0   0
90-51-97-206078-001-01 602                             2       2            150  0  0   0   0
97-93-22-896080-001-01 602                             2       2             70  0  0   0   0
98-41-89-296092-001-01 212                             2       2            150  0  0   0   0
67-53-69-106093-001-01 542                             2       2              4  0  0   0   0
23-11-44-096095-001-01 541     40  100000 1   1   61 612       2              1  0  0   3   0
23-11-44-096095-001-01 602                             2       2             50  0  0   0   0
67-38-97-816096-001-01 212                             1  1052 2             60  0  0   0   0
67-38-97-816096-001-01 541      8    8000 5   5  161 212       2              2  0  0   0   0
17-87-45-376098-001-01 541     80  120000 1   1   61 612       2              0  0  0   0   0
82-38-88-876099-001-01 182                             2       2             18  0  0   2   0
82-38-88-876099-001-01 212                             2       2            120  0  0   0   0
82-38-88-876099-001-01 542                             2       2             40  0  0   0   0
11-28-10-276111-001-02 212                             2       2             60  0  0   0   0
11-28-10-276111-001-02 441     30   60000 2   2   21 212       2             10  0  0   0   0
11-28-10-276111-001-02 541    110  168000 2   2   92 922       2              0  0  0   0   0
32-80-84-066112-001-01 541   2300 2530000 1   1   61 612       2              0  0  0   0   0
11-95-77-216115-001-01 541    207  248400 1   1 2 92 922       2              0  0  0   0   0
59-91-92-126116-001-01 212                             2       2            140  0  0   0   0
93-28-31-466117-001-01 541     50   60000 1 2 1 2 61 612       2              0  0  0   0   0
57-19-84-556118-001-01 541    120  126000 1   1   62 622       2              0  0  0   0   0
65-97-14-246149-001-03 541     50   25000 4 5 4   61 612       2              0  0  0   0   0
70-44-66-336152-001-01 541    350  425000 1 2 1 2 92 921 12022 2              0  0  0   0   0
52-66-48-206153-001-01 541    235  705000 1 2 1 2 91 912       2              0  0  0   0   0
21-27-12-896155-001-01 212                             1 18042 2            120  0  0   0   0
76-95-55-866156-001-01 212                             1  8042 2             60  0  0  20   0
12-92-21-926171-001-01 541     18   20000 1   1   91 912       2              0  0  0   0   0
54-09-11-756208-001-013041    500  500000 1   1   91 912       2              0  0  0   0   0
95-07-03-496227-001-01 541    250  300000 1 2 1 2 63 632       2              0  0  0   0   0
56-36-73-366228-001-01 212                             2       2            120  0  0   0   0
95-58-90-606229-001-01 541    150  105000 1   1  1611612       2              0  0  0   0   0
31-43-47-486232-001-02 212                             2       2          24000  0  0 120   0
42-99-08-386244-001-01 212                             2       2            300  0  0   0   0
05-51-75-156245-001-01 212                             2       2            160  0  0   0   0
05-51-75-156245-001-01 541    710  781000 1 2 1 2 91 912       2             20  0  0   0   0
05-51-75-156245-001-01 602                             2       2            280  0  0   0   0
05-51-75-156245-001-013042                             1100072 2              0  0  0   0   0
09-68-04-756246-001-01 212                             2       2            150  0  0  30   0
66-91-47-616247-001-01 541    180  200000 1 2 1 2 61 612       2              0  0  0   0   0
61-92-53-506248-001-01 541    320  384000 1 2 1 2 71 712       2              0  0  0  30   0
61-92-53-506248-001-01 602                             2       142   3000    16  0  0   0   0
54-85-24-906249-001-01 541    110  150000 1   1   21 212       2             10  0  0   0   0
79-54-29-986250-001-01 541    120  132000 1   1   62 622       2              0  0  0   0   0
29-42-49-586251-001-01 212                             1  6042 2              1 90  0   0   0
42-21-30-216263-001-01 541   1950 2340000 1 2 1   61 612       2              0  0195   0   0
77-10-93-706264-001-01 182                             2       2             50  0  0   0   0
77-10-93-706264-001-01 212                             2       2            250  0  0  50   0
77-10-93-706264-001-01 552                             2       2             70  0  0  30   0
77-10-93-706264-001-01 602                             2       2            700  0  0  20   0
77-10-93-706264-001-013041     30   90000 1   1   21 212       2              0  0  0   0   0
69-12-72-796264-001-03 212                             2       2             60  0  0   0   0
69-12-72-796264-001-03 542                             1  151122             35  0  0   0   0
58-29-18-126265-001-019982                             2       2            300  0  0   0   0
56-37-50-426266-001-01 541     24   15000 2   2  1611612       2              0  0  0   0   0
25-91-76-286267-001-01 541     30   36000 1 2 1 2 71 711   542 2              0  0  0   0   0
82-70-52-526268-001-01 541    140   70000 1 2 1 2 92 922       2              1  0  0   0   0
82-70-52-526268-001-01 602                             2       2            210  0  0   0   0
11-88-00-956269-001-01 212                             2       2            110  0  0   0   0
11-88-00-956269-001-01 541    470  564000 1 2 1 2 91 912       2             20  0  0   0   0
11-88-00-956269-001-01 602                             2       2           1080  0  0   0   0
11-72-84-766270-001-01 211    100   45000 1   1   92 922       2            200  0  0   0   0
11-72-84-766270-001-01 541    243  291000 1   1   61 612       2             10  0  0   0   0
11-72-84-766270-001-01 602                             2       2             75  0  0  20   0
47-56-84-866303-001-01 211    200  120000 1 2 1 2 95 322       2             25  0  0  25   0
22-39-67-026305-001-01 212                             2       2            240  0  0   0   0
70-65-42-626306-001-01 212                             2       2            100  0  0  60   0
27-39-94-016307-001-01 212                             2       2            800  0  0   0   0
59-09-89-426308-001-01 211    800  200000 1   1   41 412       2           1600  0  0 400   0
74-65-42-856320-001-01 211    160   80000 1 2 1 2 92 922       2            110  0  0  50   0
53-68-21-896322-001-01 212                             2       2            560  0  0   0   0
07-03-57-976325-001-01 211    450   80000 1 2 1 2 95 322       2             30  0  0  20   0
20-56-10-126326-001-01 212                             2       2            320  0  0 160   0
85-15-11-196341-001-01 451    200  240000 1   1   91 912       2             30  0  0  20   0
69-68-49-176343-001-01 212                             2       2            640  0  0  80   0
67-02-63-506344-001-01 211    100   45000 1   1   92 322       2             40  0  0  30   0
85-35-63-166346-001-01 212                             2       2            100  0  0  50   0
50-28-73-176358-001-01 212                             2       2            140  0  0 140   0
04-64-50-056361-001-01 211    450  315000 1   1  102 952       2             10  0 40   0   0
20-21-28-556364-001-01 211    480  150000 1   1   42 422       2             80  0  0 160   0
48-55-18-526365-001-01 211     50   80000 1   1   21 212       2             30  0  0  20   0
08-47-64-556366-001-01 212                             2       2            200  0  0 150   0
16-07-21-726368-001-01 212                             2       2            560  0  0  80   0
49-71-93-576378-001-01 212                             2       2             40  0  0  10   0
96-48-89-166379-001-02 212                             2       2            720  0  0 880   0
27-72-20-136380-001-01 212                             2       2            280  0  0  70   0
27-72-20-136380-001-01 342                             2       2             30  0  0  20   0
28-78-60-056382-001-02 211     70   25000 2   2   94 222       2             30  0  0   0   0
74-48-64-426383-001-01 212                             2       2             70  0  0  30   0
40-38-88-716384-001-01 212                             2       2            210  0  0 210   0
46-97-87-156396-001-01 212                             2       2            100  0  0  60   0
43-43-72-076402-001-01 212                             2       2             30  0  0  70   0
08-84-14-216416-001-01 212                             2       2            345  0  01124   0
44-63-23-236461-001-01 601    300   90000 1 2 1 2 21 212       2            300  0  0   0   0
64-41-75-296483-001-01 601  14000 1600000 1   1   91 912       2           1000  0  0   0   0
11-29-55-866491-001-01 211   4200  700000 1 2 1 2 93 932       2            240  0  0 120   0
63-18-65-676492-001-01 211    900  150000 1   1   92 922       2              0  0  0   0   0
75-84-54-756492-001-04 211    248   50000 1   1   92 922       2              0  0  0   0   0
36-33-33-866493-001-01 211   2000  400000 1   1   91 912       2              0  0  0   0   0
96-44-09-556517-001-01 211   5600 2000000 1   1   41 412       2              0  0  0   0   0
56-34-20-756530-001-02 212                             2       2            600  0  0   0   0
44-89-17-706531-001-01 212                             2       2            300  0  0   0   0
03-97-26-406540-001-07 212                             2       2            120  0  0   0   0
07-21-55-346550-001-01 212                             2       2             36  0  0   0   0
07-21-55-346550-001-01 441     30  150000 1   1 2 41 412       2              0  0  0   0   0
09-65-95-536551-001-01 441    248  370000 1   1   93 932       2              0  0  0   0   0
32-45-09-376586-001-01 212                             1 40042 2             80  0  0   0   0
86-71-65-266591-001-01 541    200  800000 1 2 1 2 92 922       2             35  0  0   0   0
62-76-44-946593-001-01 602                             2       2             23  0  0   0   0
02-91-95-356643-001-029982                             2       2             20  0  0  30   0
10-96-80-356645-001-019982                             2       2             10  0  0  10   0
26-99-67-446649-001-01 541     30   90000 1   1   61 612       2              0  0  0   0   0
26-99-67-446649-001-013032                             2       2             50  0  0   0   0
14-03-63-516650-001-013042                             1 10062 2              0  0  0   0   0
51-83-22-176684-001-01 452                             2       2           2900  0  01700   0
23-72-91-946701-001-01 541     10   30000 1 2 1 2 61 611 10042 2              0  0  0   0   0
23-72-91-946701-001-019981    180   30000 1 2 1 2 91 912       2             60  0  0  90   0
34-13-53-966703-001-019981     90   30000 1   1   41 412       2             30  0  0   0   0
26-96-01-746706-001-01 541     20   50000 1   1   91 912       2              0  0  0   0   0
35-74-20-296722-001-01 541      6   18000 1   1   61 612       2              0  0  0   0   0
35-74-20-296722-001-01 602                             2       2             10  0  0  10   0
92-19-80-246724-001-02 541    200  600000 2   2   61 612       2              0  0  0   0   0
92-19-80-246724-001-02 602                             2       2              3  0  0   0   0
85-32-43-016725-001-01 541     50  100000 1 2 1 2 43 732       2              0  0  0   0   0
51-44-38-206740-001-01 602                             2       2             12  0  0   0   0
49-49-65-836741-001-01 541     12   30000 1   1   71 712       2              0  0  0   0   0
49-49-65-836741-001-01 601     15    4200 1   1   21 112       2             15  0  0   0   0
01-42-95-746795-001-01 541     80  360000 1 2 1 2 91 912       2              0  0  0   0   0
58-57-11-796799-001-01 541   1800 4320000 1 2 1 2 61 612       2              0  0  0   0   0
58-57-11-796799-001-01 601    160  180000 1 2 1 2 91 912       2             10  0  0  10   0
47-31-17-646800-001-01 211     70   15000 1   1   11 212       2             50  0  0   0   0
47-31-17-646800-001-01 541      8   24000 1   1   61 612       2              0  0  0   0   0
47-31-17-646800-001-01 602                             2       2             90  0  0  10   0
47-31-17-646800-001-013032                             2       2           3000  0  0   0   0
88-98-92-706819-001-01 212                             2       2            100  0  0   0   0
40-63-13-426821-001-01 212                             2       2            200  0  0 120   0
95-13-92-536834-001-01 211    160   90000 1   1   94 942       2             10  0  0  10   0
82-57-40-446836-001-01 212                             2       2            240  0  0 160   0
87-61-58-556837-001-01 211    200  120000 8   8  104 942       2             20  0  0  30   0
41-17-69-736838-001-01 212                             2       2            120  0  0  20   0
27-51-88-026840-001-01 212                             2       2            160  0  0   0   0
88-19-35-896841-001-02 212                             2       2            150  0  0  50   0
58-38-79-076854-001-01 212                             2       2            400  0  0  95   0
42-81-48-106855-001-01 211    400  180000 2   1 2104 942       2             50  0  0   0   0
53-89-26-216856-001-01 212                             2       2             50  0  0  20   0
02-87-91-276858-001-01 212                             2       2            210  0  0  70   0
02-87-91-276858-001-01 452                             2       2             40  0  0   0   0
02-87-91-276858-001-01 661     73  600000 1   1  1031032       2              1  0  0   1   0
47-87-67-896872-001-01 212                             2       2            400  0  0  80   0
56-38-85-256875-001-01 212                             2       2            560  0  0 240   0
79-80-09-616876-001-01 212                             2       2            245  0  0 245   0
79-80-09-616876-001-01 452                             2       2             75  0  0  75   0
79-80-09-616876-001-01 661      0 6000000 1   1   91 912       2              5  0  0   5   0
32-88-21-396877-001-01 212                             2       2             30  0  0  30   0
67-50-49-396878-001-02 212                             2       2            160  0  0   0   0
71-69-22-916893-001-01 211    100   40000 1   1 2 92 922       2             50  0  0   0   0
71-82-09-066894-001-01 212                             2       2             75  0  0  75   0
01-49-07-646897-001-01 211    280  250000 1 2 1 2 21 332       2            280  0  0   0   0
33-02-17-446899-001-01 452                             2       2             70  0  0  30   0
25-16-88-576909-001-01 461    130  156000 1   1   91 912       2              0  0  0   0   0
69-09-51-686910-001-01 342                             2       2             20  0  0   0   0
69-09-51-686910-001-01 461     90  193500 1 2 1 2 61 612       2             10  0  0   0   0
38-40-83-556911-001-01 212                             2       2             40  0  0   0   0
38-40-83-556911-001-01 461     90  208000 1   1   71 712       2             10  0  0   0   0
03-42-21-926913-001-01 212                             2       2             42  0  0   0   0
33-10-71-266915-001-01 212                             2       2            145  0  0  35   0
56-21-00-906916-001-01 461      7   10500 1   1   51 512       2              2  0  0   0   0
68-33-35-376919-001-01 461    240  800000 1 2 1 2 91 912       2             50  0  0  10   0
01-47-28-756928-001-01 461     25   30000 1 2 1 2 91 912       2              0  0  0   0   0
06-76-01-176931-001-01 452                             2       2            140  0  0   0   0
06-76-01-176931-001-01 461    270  567000 1   1   71 712       2             40  0  0   0   0
99-84-80-486932-001-01 212                             2       2           1200  0  0 300   0
99-84-80-486932-001-01 461    550 1320000 1   1 2 72 722       2             40  0  0  10   0
25-70-77-906935-001-02 601     25  125000 1   1   41 112       2             10  0  0   0   0
63-09-67-796947-001-01 461    400  400000 1 2 1 2 51 512       2              0  0  0   0   0
70-60-21-696950-001-01 212                             2       2             50  0  0  20   0
60-97-00-276950-001-02 212                             2       2            480  0  0  20   0
88-90-24-326951-001-01 212                             2       2            135  0  0  65   0
52-64-08-676952-001-01 212                             2       2            100  0  0   0   0
46-99-43-266953-001-01 461     84  226800 1 2 1 2 51 512       2              0  0  0   0   0
66-44-70-236966-001-01 461    450  945000 1   1   71 712       2             50  0  0   0   0
62-22-46-876967-001-01 341     60   25000 1 2 1 2 91 912       2            100  0  0   0   0
62-22-46-876967-001-01 461     66  165000 1 2 1 2 52 522       2              0  0  0   0   0
50-56-53-186968-001-01 461    200  540000 1 2 1 2 51 512       2              5  0  0   0   0
43-58-35-806969-001-01 212                             2       2            120  0 60   0   0
43-58-35-806969-001-01 461    700  425000 1   1  1611612       2             50  0  0   0   0
15-13-25-316970-001-01 461    300  660000 5   1 5 61 612       2              0  0  0   0   0
60-66-83-586971-001-01 212                             2       2            240  0  0 240   0
60-66-83-586971-001-01 461     50   85000 1 2 1 2 51 512       2              0  0  0   0   0
65-25-95-946972-001-01 461    200  600000 1 4 1 4 51 512       2              0  0  0   0   0
53-85-21-066973-001-01 461    150  380000 1 2 1 2 51 512       2             10  0  0  20   0
35-21-67-116986-001-01 452                             2       2             16  0  0   0   0
35-21-67-116986-001-01 461     60  105000 1   1   72 722       124  42000     0  0  0   0   0
64-88-79-476987-001-01 451     50   21000 1 2 1 21611612       2             50  0  0   0   0
99-49-91-346988-001-01 461    120  132000 1 7 1 7 93 932       2             10  0  0   0   0
87-64-23-476989-001-03 212                             2       2            200  0  0  50   0
87-64-23-476989-001-03 451    326  300000 3   3 4 92 922       2            109  0  0   0   0
87-64-23-476989-001-03 461     85  212500 3 4 3 4 71 712       2              0  0  0   0   0
40-09-63-236991-001-01 212                             2       2            170  0  0  30   0
94-41-63-626991-001-06 461    350  805000 1   1 2 72 722       2             50  0  0   0   0
25-50-62-806992-001-01 461    560 1120000 1   1   51 512       2              0  0  0   0   0
43-19-97-256994-001-01 461     36   90000 1   1   51 512       2              0  0  0   0   0
19-85-87-437028-001-013042                             2       2            275  0  0   0   0
45-81-24-077030-001-013041   1000   65000 1   1   21 212       2              0  0  0   0   0
41-71-43-397043-001-01 212                             2       2            400  0  0   0   0
09-53-61-527045-001-01 212                             2       2            100  0  0  50   0
09-53-61-527045-001-01 602                             2       2            300  0  0 200   0
21-93-66-057045-001-03 601    150   20000 1   1   21 212       2            100  0  0  50   0
21-89-88-287085-001-01 211    350  120000 1   1   93 932       2             50  0  0 300   0
21-89-88-287085-001-01 342                             2       2              2  0  0   0   0
78-35-45-177119-001-01 211     60   35000 1   1   21 212       2            120  0  0   0   0
13-52-97-317143-001-01 212                             2       2             80  0  0   0   0
82-99-49-707157-001-01 212                             1  6042 2            300  0  0   0   0
48-98-09-927159-001-01 211    420  210000 1 3 1 3 51 512       2            120  0  0   0   0
45-44-01-967166-001-01 211     60   40000 1 2 2   91 911  6042 2             60  0  0  60   0
77-00-39-767195-001-01 541    160  480000 1   1   71 712       2              0  0  0   0   0
00-59-89-487198-001-01 541   380012400000 1 2 1 2 63 632       2              0  0  0   0   0
82-43-40-067214-001-01 602                             2       2             20  0  0  50   0
34-57-40-287215-001-01 212                             2       2             70  0  0   0   0
94-63-12-267217-001-01 212                             2       2           7098  0  0   0   0
55-07-80-347219-001-01 551   2000  640000 1   1  1211212       2            400  0  0   0   0
55-07-80-347219-001-01 601    150   70000 1   1   31 212       2             60  0  0  40   0
92-02-31-707220-001-01 602                             2       2             20  0  6   8   0
03-88-81-187233-001-02 541     10   40000 2   2   42 422       2              0  0  0   0   0
18-17-32-427235-001-013041   4000  200000 1 2 1 2 94 942       2              0  0  0   0   0
18-17-32-427235-001-019982                             2       2              8  0  0   0   0
12-90-93-317237-001-013041    200   50000 1 4 1 4 42 422       2              0  0  0   0   0
41-63-57-787238-001-013041  15000  150000 1 2 1 2 92 922       2              0  0  0   0   0
66-77-07-597252-001-01 541   1500  450000 1   121 62 622       2              0  0  0   0   0
35-55-15-717252-001-09 541     60  204000 1   1 2 92 921  4042 2              0  0  0   0   0
00-28-92-717252-001-13 541     50  150000 1 2 1 2 91 912       2              0  0  0   0   0
23-03-77-967253-001-01 541    395 1185000 1 2 1 2 61 612       2              5  0  0   0   0
89-93-63-097254-001-02 541    110  374000 1   1   91 912       2              0  0  0   0   0
52-66-54-877255-001-02 541    150  450000 1 2 1 2 93 931  4842 2              2  0  0   0   0
27-28-31-487256-001-01 541     25   30000 1 2 1 2 91 912       2              0  0  0   0   0
15-61-79-537257-001-01 541     15   48000 1   1 2 72 722       2              0  0  0   0   0
49-28-25-587258-001-01 541    490 1715000 1   1   91 912       2              0  0  0   0   0
70-90-36-857277-001-013032                             1  3012 2            350  0  0   0   0
42-92-22-907327-001-01 452                             2       2             35  0  0   0   0
26-24-63-127338-001-03 212                             2       2            100  0  0  60   0
02-14-73-117338-001-04 212                             2       2            200  0  0 400   0
30-25-85-657346-001-01 212                             2       2            320  0  0  80   0
34-59-88-067357-001-01 452                             2       2             21  0  0   0   0
61-62-58-057365-001-01 211     70   60000 1   1   91 322       2             10  0  0   0   0
11-89-03-917366-001-01 211    720   50000 1   1   93 112       2             50  0  0  30   0
11-89-03-917366-001-01 451    560  450000 1   1   92 122       2             35  0  0  35   0
20-57-15-037367-001-01 211     80   50000 2   2   94 942       2             10  0  0  10   0
35-07-68-117368-001-01 211    320  280000 1 2 1 2 92 312       2             60  0  0  20   0
10-69-14-067370-001-01 211    100   80000 1   1  104 942       2             20  0  0  30   0
97-61-41-017403-001-03 212                             2       2            220  0  0  20   0
42-34-84-467442-001-01 452                             2       2             70  0 10  20   0
69-36-57-377468-001-01 212                             2       2            150  0  0  90   0
49-77-34-977482-001-03 212                             2       2            160  0  0 100   0
86-24-82-757596-001-01 211    700  400000 1   1   95 952       2            110  0  0  30   0
98-74-97-827616-001-01 452                             2       2             30  0  0  20   0
14-19-96-877623-001-01 212                             2       2            160  0  0  80   0
72-11-98-017650-001-01 442                             2       2             60  0  0   0   0
44-04-92-357651-001-01 212                             2       2             50  0  0   0   0
62-17-78-367653-001-01 342                             2       2             10  0  0   0   0
38-38-42-787655-001-01 452                             2       2             20  0  0   5   0
38-38-42-787655-001-01 562                             2       2              6  0  0   4   0
73-28-16-657692-001-01 211   1000  750000 1   1   92 922       2            400  0  0 100   0
73-28-16-657692-001-01 442                             2       2             10  0  0   0   0
73-28-16-657692-001-01 462                             2       2             20  0  0   0   0
43-93-30-837709-001-01 212                             2       2            150  0  0  50   0
43-93-30-837709-001-01 601    200  150000 1   1   91 312       2             60  0  0  90   0
08-11-59-497711-001-01 211    450  300000 1 2 1 2 93 932       2             45  0  0   5   0
81-04-14-297751-001-01 602                             2       2             36  0  0   9   0
96-06-39-807764-001-01 212                             2       2            150  0  0   0   0
66-99-05-827770-001-01 212                             1  3042 2             90  0  0   0   0
66-99-05-827770-001-01 461    400  600000 1 4 1 4 61 612       2             50  0  0   0   0
11-76-93-907771-001-01 461    140  350000 1   1   71 712       2             20  0  0   0   0
93-67-00-467771-001-02 212                             2       2             10  0  0   0   0
64-51-13-877784-001-01 212                             2       2            360  0  0 120   0
64-51-13-877784-001-01 452                             2       2             40  0  0  10   0
64-51-13-877784-001-01 461   1840 1840000 1 2 1 2 91 912       2             50  0 60  50   0
94-73-38-057785-001-01 461    200  480000 1   1   71 712       2             30  0  0   0   0
37-79-76-007789-001-02 452                             2       2              6  0  0   0   0
37-79-76-007789-001-02 461     50  105000 2   2   51 512       2              0  0  0   0   0
16-12-93-027790-001-02 211    240   40000 2 3 2 3 92 922       2            465  0  0 165   0
16-12-93-027790-001-02 452                             2       2            430  0  0 220   0
16-12-93-027790-001-02 461    270  621000 2 3 2 3 71 712       2              8  0  0   0   0
40-64-10-347802-001-01 452                             2       2             60  0  0   0   0
17-90-17-267804-001-01 461    900 1738000 1   1   51 512       2              0  0  0   0   0
60-23-57-077805-001-01 212                             2       2            170  0  0  30   0
60-23-57-077805-001-01 461    380  836000 1   1   71 712       2             20  0  0   0   0
17-34-94-887806-001-01 452                             2       2            245  0  0   0   0
17-34-94-887806-001-01 461     90  225000 1   1   51 512       122  45000     0  0  0   0   0
81-48-53-177806-001-02 461     10   10000 1 2 1 2 31 312       2             10  0  0   0   0
95-48-94-617808-001-01 211    200   80000 1 2 1 2 91 912       2            200  0  0   0   0
95-48-94-617808-001-01 461    270  459000 1 2 1 2 61 612       2             15  0  0  30   0
95-48-94-617808-001-01 602                             2       2             15  0  0   5   0
16-78-00-157809-001-01 212                             2       2            218  0  0  22   0
16-78-00-157809-001-01 452                             2       2             10  0  0   0   0
16-78-00-157809-001-01 461    790 1698500 1 2 1 2 51 511 11042 2              0  0  0   0   0
33-34-92-887811-001-01 461    360  528000 1 2 1 2 71 712       2              5  0  0   5   0
74-19-50-757821-001-01 212                             2       2             65  0  0  15   0
74-19-50-757821-001-01 451     74   75000 1   1   92 922       2             32  0  0  12   0
74-19-50-757821-001-01 461    170  425000 1   1   92 922       2              0  0  0   0   0
05-58-61-247821-001-02 461     70  140000 1   1   71 711   242 2             28  0  0   0   0
16-78-25-517822-001-01 212                             2       2            155  0  0  25   0
16-78-25-517822-001-01 452                             2       2             36  0  0   4   0
95-78-69-017823-001-02 451     50   30000 1 2 1 2 21 412       2             50  0  0  50   0
63-30-99-247824-001-01 461    211  357000 1   1   71 712       2             20  0  0   0   0
19-13-36-447826-001-02 212                             2       2            180  0  0   0   0
19-13-36-447826-001-02 462                             2       2              9  0  0   0   0
11-01-62-717826-001-04 211    200   80000 1 2 1 2 91 912       2             70  0  0  30   0
11-01-62-717826-001-04 452                             2       2             65  0  0  10   0
19-76-47-957827-001-01 461    316  700000 1 2 1 2 51 512       2             10  0  0  10   0
18-60-12-927827-001-02 212                             2       2             40  0  0   0   0
17-99-40-217840-001-01 461    250  525000 1 2 1 2 61 612       1571207500     0  0  0   0   0
29-74-60-147842-001-01 211    240  180000 1   1   91 912       2            200  0  0  40   0
29-74-60-147842-001-01 461     80  176000 1   1   95 952       2              0  0  0   0   0
63-73-59-667842-001-03 211     90   39000 1 2 1 21611612       2            360  0  0   0   0
63-73-59-667842-001-03 461     20   30000 1 2 1 21611612       2              0  0  0   0   0
22-67-43-597843-001-01 212                             2       2           1000  0  0 100   0
45-51-75-377844-001-01 212                             2       2            400  0  0   0   0
56-26-44-997845-001-01 211     90   30000 1 2 1 21611611  6072 2            150  0  0   0   0
21-16-08-167846-001-01 212                             2       2            400  0  0   0   0
21-16-08-167846-001-01 461    200  400000 1   1 2 71 712       2             20  0  0   0   0
08-12-65-707847-001-01 212                             2       2            120  0  0   0   0
08-12-65-707847-001-01 461     20   64000 1   1   41 412       2              5  0  0   0   0
83-27-07-277847-001-02 212                             2       2            100  0  0   0   0
13-86-84-697859-001-01 462                             2       2              4  0  0   0   0
70-91-07-557860-001-01 212                             2       2            135  0  0   0   0
70-91-07-557860-001-01 452                             2       2             23  0  0   0   0
19-68-40-277860-001-04 212                             2       2             85  0  0   0   0
19-68-40-277860-001-04 462                             2       2              3  0  0   0   0
07-61-69-657862-001-01 452                             2       2             12  0  0   0   0
07-61-69-657862-001-01 461    200  400000 1 2 1 2 71 712       2              0  0  0   0   0
08-24-51-297863-001-01 452                             2       2             15  0  0   0   0
03-51-23-507865-001-01 212                             2       2            100  0  0   0   0
16-82-37-777866-001-01 212                             2       2             93  0  0   0   0
16-82-37-777866-001-01 342                             2       2             22  0  0   0   0
84-90-25-347897-001-01 452                             2       2             35  0  0   0   0
84-90-25-347897-001-01 461     15   50000 1 2 1 2 41 412       2              0  0  0   0   0
22-54-53-727898-001-01 462                             2       2              2  0  0   0   0
52-33-12-157900-001-01 212                             2       2            150  0  0   0   0
52-33-12-157900-001-01 461     90  135000 1 2 1 21611612       2             10  0  0   0   0
62-09-95-837902-001-02 461    108  216000 1 2 1 2 93 932       2              0  0  0   0   0
23-91-99-717903-001-01 212                             2       2             43  0  0   0   0
23-91-99-717903-001-01 461     90  216000 1   1   51 512       2              0  0  0   0   0
71-25-97-717903-001-03 212                             2       2             70  0  0   0   0
71-25-97-717903-001-03 461    330  759000 1   1   64 642       2              0  0  0   0   0
87-80-72-977904-001-01 461   1820 3640000 1 2 1 2 72 722       2             40  0 20  40   0
90-68-95-747916-001-01 212                             2       2             20  0  0   0   0
90-68-95-747916-001-01 441     20    5000 1   1   21 212       2              0  0  0   0   0
95-68-45-617917-001-01 441     30   30000 4   4  1621622       2              0  0  0   0   0
80-27-00-227918-001-01 442                             2       2            100  0  0   0   0
19-89-44-487919-001-01 212                             2       2            120  0  0   0   0
19-89-44-487919-001-01 441     80   50000 2   2   21 212       2             10  0  0   0   0
19-89-44-487919-001-01 602                             2       2             35  0  0  15   0
71-33-08-657919-001-11 212                             2       2            120  0  0   0   0
45-53-14-167922-001-01 441     20   20000 2   2   92 922       2              0  0  0   0   0
43-53-42-887923-001-013061     50   20000 1   1   21 212       2              0  0  0   0   0
31-35-06-217936-001-01 212                             2       2            700  0  0  90   0
47-29-29-057938-001-01 632                             2       2            150  0  0  30   0
71-59-39-297940-001-02 211    180  180000 2   2   21 112       2            150  0 30   0   0
60-83-88-297942-001-01 212                             2       2            200  0  0   0   0
39-16-24-827995-001-01 602                             2       2             90  0  0  80   0
29-86-51-868017-001-019982                             2       2            600  0  0   0   0
39-63-64-448073-001-01 212                             2       2            500  0  0 300   0
86-24-47-948074-001-01 212                             2       2           1400  0  0   0   0
29-04-37-378076-001-029981    700  150000 4   4   21 212       2            250  0  0   0   0
82-38-92-088108-001-013022                             2       2             85  0  0   0   0
08-91-66-168110-001-013021    240   48000 1 3 1 3 91 912       2              0  0  0   0   0
65-27-64-638130-001-01 212                             2       2             80  0  0   0   0
65-27-64-638130-001-01 602                             2       2             25  0  0   0   0
06-57-77-898167-001-01 212                             2       2             70  0  0   0   0
66-05-65-518168-001-01 212                             2       2           1341  0  0   0   0
19-34-58-488170-001-01 212                             2       2            100  0  0   0   0
23-92-25-818170-001-02 212                             2       2             45  0  0  15   0
73-73-81-468173-001-01 212                             2       2            180  0  0  20   0
81-59-25-118182-001-01 212                             2       2            150  0  0  50   0
85-45-40-368182-001-02 461    120   90000 1   1   91 912       2             20  0  0  10   0
11-04-95-978183-001-01 461     30   15000 1 2 1 2 51 512       2             10  0  0   0   0
55-00-80-558184-001-01 211    220  120000 1 2 1 2 91 912       2             20  0  0   0   0
55-00-80-558184-001-01 452                             2       2             35  0  0   0   0
55-00-80-558184-001-01 461    190  228000 1 2 1 2 91 912       2              7  0  0   3   0
08-21-18-738185-001-01 211    100   70000 2   2   25 951  5042 2             50  0  0   0   0
08-21-18-738185-001-01 451     28    5750 1 2 1 2 21 212       2             21  0  0   3   0
08-21-18-738185-001-01 462                             2       2             40  0  0  30   0
64-14-59-038186-001-01 212                             2       2            220  0  0 235   0
83-98-37-268187-001-01 441    180  500000 1   1   92 932       2             20  0  0   0   0
83-98-37-268187-001-01 451     87   65000 1   1   93 932       143  20000    88  0  0   0   0
83-98-37-268187-001-01 602                             2       2             75  0  0   0   0
37-12-34-368188-001-01 461     30   36000 1 2 1 2 33 332       2             20  0  0   0   0
01-27-92-618203-001-01 212                             2       2            350  0  0  50   0
63-99-79-448204-001-01 452                             2       2             60  0 10  10   0
63-99-79-448204-001-01 462                             2       2             15  0  0   0   0
69-37-83-888205-001-01 452                             2       2             45  0  0   0   0
69-37-83-888205-001-01 461   6000 7800000 1   1   51 512       2            120  0  0   0   0
75-64-92-778206-001-01 462                             2       2             25  0  0   0   0
37-84-33-458213-001-01 461     35   42000 1 2 1 2 21 212       2              3  0  0   2   0
69-24-30-068246-001-01 442                             2       2           1500  0  0   0   0
33-13-26-348258-001-01 461   1000 1375000 1 2 1 2 51 512       2              0  0  0   0   0
52-96-30-548259-001-01 461    200  460000 1 2 1 2 71 712       2             15  0  0   0   0
40-28-81-738261-001-01 452                             2       2            120  0  0   0   0
40-28-81-738261-001-01 461     32   30000 1 2 1 2 52 522       2              0  0  0   0   0
27-65-92-718262-001-01 461    400  800000 1   1 2 72 721  1062 2             30  0  0  10   0
82-86-92-668264-001-01 461    300  650000 1   1   41 412       2              0  0  0   5   0
49-43-73-788267-001-01 461    200  400000 1   1   63 632       2             20  0  0   0   0
62-23-73-138267-001-02 461    200  400000 1   1 2 72 721  2062 2             15  0  0  15   0
45-39-10-248277-001-01 212                             2       2            135  0  0   0   0
77-57-20-328278-001-01 211     15   15000 1   1   21 212       2             30  0  0   0   0
76-84-55-628282-001-01 212                             2       2            950  0  0  50   0
36-66-06-018283-001-02 211    600  300000 3   3 4 41 412       2            400  0  0   0   0
22-74-35-708338-001-03 541     50  300000 1   1   61 612       2              0  0  0   0   0
31-67-78-918360-001-01 632                             2       2             30  0  0  40   0
02-43-32-068376-001-01 632                             2       2             60  0  0   0   0
88-30-56-528430-001-02 212                             2       2           2800  0  0   0   0
88-30-56-528430-001-02 632                             2       2            240  0  0   0   0
82-41-10-878470-001-01 342                             2       2             41  1  0   8   0
19-79-62-778588-001-01 632                             2       2             60  0  0  30   0
05-98-11-048607-001-03 211    450  135000 1   1  1611612       2           1350  0  0   0   0
03-57-87-438642-001-01 212                             2       2            150  0  0  50   0
03-57-87-438642-001-01 602                             2       2             31  0  0   4   0
96-74-35-598643-001-01 211    120   80000 1 2 1 21631632       2            180  0  0   0   0
00-64-44-958659-001-01 212                             2       2             30  0  0   0   0
53-95-88-368661-001-01 211    100   60000 1 2 1 21611612       2             80  0  0  20   0
22-97-15-548699-001-01 632                             2       2            200  0  0  50   0
19-69-94-138699-001-083012                             2       2             40  0  0   0   0
12-87-63-118758-001-01 601    750  100000 1   1  1611612       2            150  0  0   0   0
56-09-93-538773-001-01 211    140   20000 1 2 1 2 21 212       2            420  0  0   0   0
58-34-75-838778-001-02 442                             2       2             30  0  0   0   0
64-70-27-388794-001-01 212                             2       2            180  0  0   0   0
76-22-51-568828-001-01 212                             2       2            980  0  0   0   0
76-22-51-568828-001-01 442                             2       2           2100  0  0   0   0
76-22-51-568828-001-01 602                             2       2           1750  0  0   0   0
76-22-51-568828-001-01 632                             2       2            150  0  0   0   0
76-22-51-568828-001-013052                             2       2            140  0  0   0   0
32-69-81-918829-001-01 442                             2       2             10  0  0   0   0
62-04-63-288848-001-01 212                             2       2            980  0  0   0   0
73-42-86-918870-001-01 582                             1 30062 2              0  0  0   0   0
63-50-27-098885-001-01 212                             2       2             15  0  0   0   0
89-55-89-928886-001-01 211    600   60000 1   1   91 912       2             60  0  0  15   0
81-76-53-588889-001-01 211   1400  600000 1   1 2 21 412       2           1540  0  0 140   0
81-76-53-588889-001-01 601    200   40000 1   1 2 21 212       2            150  0  0  50   0
20-33-59-338892-001-03 451     60   30000 2   2  1611612       2             30  0  0   0   0
63-82-17-438904-001-01 541     10   30000 1 2 1 2 92 922       2              0  0  0   0   0
63-82-17-438904-001-01 661      3   30000 1 2 1 2 92 922       2              0  0  0   0   0
73-69-98-248905-001-01 212                             2       2            100  0  0   0   0
73-69-98-248905-001-01 452                             2       2           5600  0  0   0   0
21-39-92-978906-001-01 212                             2       2             50  0  0   0   0
21-39-92-978906-001-01 602                             2       2              6  0  0   0   0
82-07-37-998908-001-01 602                             2       2             10  0  0   0   0
08-47-41-248909-001-02 211    250  500000 2   2   52 522       2            250  0  0   0   0
92-26-76-358911-001-01 611      9   90000 1 2 1 2 91 912       2              1  0  0   0   0
33-18-58-718923-001-01 211   1000  100000 5   5   93 932       2            300  0  0 200   0
53-04-11-068924-001-01 451     30   30000 1   1   91 912       2             20  0  0   0   0
75-55-83-598925-001-01 451    400  400000 1 2 1 2 41 412       2            105  0  0  50   0
87-43-23-918962-001-02 212                             2       2              6  0  0   0   0
87-43-23-918962-001-02 342                             2       2             25  0  0   0   0
55-12-99-149003-001-99 452                             2       2             30  0  0   0   0
31-72-02-479029-001-99 212                             2       2             90  0  0  30   0
50-69-66-449055-001-99 211     60   15000 1   1   21 212       2             20  0  0   0   0
25-80-40-319079-001-99 212                             2       2            120  0  0   0   0
25-80-40-319079-001-99 342                             2       2             80  0  0   0   0
98-87-47-849121-001-99 601     15    5000 1 2 1 2 31 212       2             27  0  0   6   0
98-87-47-849121-001-993032                             2       2              0  0  0   01500
77-18-35-979181-001-99 212                             2       2              6  0  0   0   0
65-75-10-459193-001-99 212                             2       2            400  0  0 200   0
75-56-43-989316-001-99 602                             2       2             10  0  0   0   0
22-19-71-699328-001-99 602                             2       2             70  0  0  15   0
94-80-63-679386-001-99 451     80   80000 1   1  1611612       2             50  0  0   0   0
94-80-63-679386-001-99 601    200   75000 1   1  1611612       2            140  0  0  60   0
94-80-63-679386-001-993042                             1120022 2              0  0  0   0   0
61-71-00-809435-001-999981   8000 7600000 1 2 1 21211212       2              0  0  0   0   0
72-11-59-809583-001-99 602                             2       2             20  0  0  30   0
15-65-02-509627-001-99 212                             2       2            120  0  0   0   0
15-65-02-509627-001-99 602                             2       2             20  0  0  10   0
45-36-59-569632-001-993022                             2       2             30  0  0   0   0
45-22-42-309636-001-99 451   3000  750000 1   1   91 912       2              0  0  0   0   0
75-21-91-969639-001-99 211    800  120000 1   1  1631632       2            200  0  0   0   0
75-21-91-969639-001-99 451     25   10000 1   1  1631632       2              0  0 10  25   0
54-58-52-299640-001-99 4516750000 1800000 1   1  1631632       2         750000  0  0   0   0
36-25-85-209642-001-99 212                             2       2              0  0  0  15   0
36-25-85-209642-001-99 451     45   27000 1   1   91 912       2             10  0  0   5   0
36-25-85-209642-001-99 461     30   30000 1   1   91 912       2              0  0  0   0   0
23-69-08-569643-001-99 211    150   30000 1   1   21 212       2             10  0  0   0   0
23-69-08-569643-001-99 451    135   75000 1   1   94 942       2              0  0  0   0   0
23-69-08-569643-001-99 532                             2       2            100  0  0  50   0
36-49-52-599648-001-99 211    180   30000 1   1   91 912       2             60  0  0   0   0
02-90-12-339649-001-99 211   1000  300000 1   1   91 912       2            350  0  0 150   0
02-90-12-339649-001-99 461    180  144000 1   1   73 922       2             20  0  0   0   0
02-90-12-339649-001-99 601    270   27000 1   1   91 912       2             85  0  0   0   0
94-31-69-079708-001-99 611    328 7544000 1   1  1031032       2              3  0  0   0   0
