39-26-37-981000-001-01 2 111  12HIGH BRIDGE                                     1   101   0     101  600001612 1    22  9 9      432  160000 3  
39-26-37-981000-001-01 2 3421412NYEUPE                                          2    11   112    0           2 1  0.52 1010      120  240000 3  
48-07-72-071001-001-01 1 111  12MBEGU YA SIDIKO                                 1   101   0     101  60000161131    214 7 7      800  240000 1  
48-07-72-071001-001-01 1 3122112MBEGU YA BWANA SHAMBA                           1    22   221    0           2 1  0.52  7 7      200  160000 1  
48-07-72-071001-001-01 1 341  12MBEGU YA MBAAZI                                 3    41   0      41   5000 111725                               
87-35-70-531002-001-01 1 111  12SEED CO                                         1   201   0     201 1200001622 1    214 8 8     3840 1376000 1  
87-35-70-531002-001-01 1 341  12KIENYEJI                                        2    15   0      15   2500 522 23                               
87-35-70-531002-001-01 2 111  12HYBREED                                         1   401   0     201 1200001622 1    214 8 8     2400  800000 2  
87-35-70-531002-001-01 2 341  12KIENYEJI                                        2    15   0      15   5000 532 1    214 9 9      600  600000 2  
87-35-70-531002-001-01 2 411  12KIENYEJI                                        2    15   0      15   4500 522 1    214 7 7      450  180000 2  
90-92-88-291003-001-01 1 111  12SIMBA                                           3   201  2013    0           2 1    32  9 9     1200   48000 1 3
90-92-88-291003-001-01 1 1321112KISUKARI                                        1    41   411    0           111    12  7 7       80   10000 1 3
90-92-88-291003-001-01 1 3122112CANADA                                          3   201  2013    0           131  1.514 6 6      140  150000 1 3
90-92-88-291003-001-01 1 3421112ASILI                                           2    21   0      21  12000 21131    12  8 8       60   75000 1 3
90-92-88-291003-001-01 1 4121112ASILI                                           2    41   0      41  13000 31111    12  7 7      100  120000 1 3
16-34-22-801005-001-01 1 111  12SIMBA                                           1    61   0      61  360001612 1    12  9 9      600  225000 1 2
16-34-22-801005-001-01 1 4121112ALIZETI                                         2    21   212    0           111  0.22  9 9       52   40000 1 2
16-34-22-801005-001-01 3 311  12KARIASEE                                        2   161  1612    0           131    114 7 7       60  100000 1 2
16-34-22-801005-001-01 3 4121112ALIZETI                                         2    21   212    0           2 1 0.252  8 8       13    7000 1 2
66-03-93-271006-001-01 1 111  12PUNDAMILIA NA DK                                1   201   0     201 120000161171    22  9 9     1200  420000 1 2
66-03-93-271006-001-01 1 3122112KARIASI NA MKE MWEMA                            1   401   0     401  40000 41171    22  8 8      260  180000 1 2
93-03-21-311006-001-04 1 111  12SEED CO                                         1    41   0      41  240001612 1    112 9 9      120   30000 1 2
93-03-21-311006-001-04 1 411  12SEED CO                                         1    11   0      11   60001612 1    112 7 7       44   10000 1 2
54-26-09-511007-001-01 1 111  12HYBREED                                         1   121   0     121 1440001621826                               
54-26-09-511007-001-01 1 311  12CANADA                                          2    15   0      15  30000 111826                               
54-26-09-511007-001-01 1 341  12KISASA                                          1    11   0      11   80001621826                               
54-26-09-511007-001-01 1 4121812KIENYEJI                                        2  0.51   0    0.51      0 111826                               
91-42-46-841009-001-01 1 111  12TUMBILI                                         1    21   0      21  120001612 1  1.52  7 7      252  100000 1 2
91-42-46-841009-001-01 1 311  12SOYA                                            2   201   0     201  30000 512 1  1.52  7 7      280  350000 1 2
91-42-46-841009-001-01 2 111  2 SIMBA                                           1  1001   0    1001 6500001622 1    72  8 8     3456 1152000 1  
49-38-79-421025-001-02 2 111  2 PANA                                            2    11   122    0           2 1 1.252  8 8      648  180000 2  
86-53-32-921042-001-01 2 111  12SEED-CO                                         3   601   0     601  60000 952 1    72  6 6     5640 2115000 1  
86-53-32-921042-001-01 2 341  12MBAAZI                                          2   101   0     101  10000 112 1    72  9 9      480  200000 1  
86-53-32-921042-001-01 2 411  12PUNDAMILIA                                      2   181   0     181  20000 95171    72  5 5     2646  630000 1  
51-52-11-491044-001-01 1 231  2 KIENYEJI                                        2    15   0      0           2 1  1.52  7 7     1560  429000 1  
68-51-31-951058-001-01 1 121  2 KILIMANJARO                                     2   451   0     451  24000 412 1    12  6 6     1680  750000 1 2
71-14-80-871059-001-01 1 112212 KIENYEJI                                        2    35   352    0           121    411 7 7     3600 1800000 1 2
71-14-80-871059-001-01 1 132212 KIENYEJI                                        2    15   152    0           2 1    115 7 7     1200  300000 1 2
71-14-80-871059-001-01 1 222112 KIENYEJI.                                       2   105  1052    0           2 1    12  6 9     2400  900000 1 2
71-14-80-871059-001-01 2 112212 KIENYEJI                                        2    25   252    0           131  0.514 8 8      600  300000 1 2
71-14-80-871059-001-01 2 432112 KIENYEJI                                        2    25   252    0           2 1    111 7 7      300  120000 1 2
79-06-68-491059-001-03 1 221  2 KIENYEJI                                        2    55   552    0           2 1    12  5 9     1040  390000 1  
79-06-68-491059-001-03 2 112212 KIENYEJI                                        2    25   252    0           131    114 7 7      960  400000 1  
79-06-68-491059-001-03 2 131  2 KIENYEJI                                        2    25   252    0           131    114 7 7      240   80000 1  
71-40-42-061059-001-06 1 112112 PANA                                            1    31   0      31  250001622 1    32  6 6      360   90000 1 4
71-40-42-061059-001-06 1 1321112ASILI                                           2  1.51 1.512    0           2 1    22  6 6      120   36000 1  
71-40-42-061059-001-06 1 2221112ASILI                                           2  1801 18012    0           2 1    12  4 7     3000  600000 1  
71-40-42-061059-001-06 1 4122112ASILI                                           2   501  5012    0           2 1    52  6 7      410  820000 1  
71-40-42-061059-001-06 1 4321112ASILI                                           2   151  1512    0           2 1    32  6 7      220  220000 1  
71-40-42-061059-001-06 2 411  2 ASILI                                           2   201  2012    0           2 1    22  6 6      490  980000 1  
27-54-41-371060-001-01 1 111  12SIDIKO                                          1   101  1011   101  22000 422 1    611 4 5     2700 2700000 1  
27-54-41-371060-001-01 1 1321112MBEGU YA N'HANGACHARO                           3   301  3013    0           2 1    412 6 6     1200  216000 1  
50-50-37-471061-001-03 1 112112 MBEGU ZA ASILI                                  2    62   622    0           2 1    62  6 6     5184 1680000 1 5
50-50-37-471061-001-03 1 132112 NG'0LONGO                                       2  1.52 1.522    0           2 1    32  7 7     1188  330000 1 5
50-50-37-471061-001-03 1 222112 NYEKUNDU NA NYEUPE                              2  1001 10012    0           2 1    12  8 9     4000 1200000 1 5
50-50-37-471061-001-03 1 412112 PUNDAMILIA                                      2    72   722    0           2 1   102  5 6     2820 3760000 1 5
50-50-37-471061-001-03 1 432112 NYEKUNDU                                        2  1.52 1.522    0           2 1    42  6 6      750 2500000 1 5
25-09-89-031062-001-01 2 131  2 MBEGU YA KIENYEJI                               2   202  2022    0           2 1    32  7 7     4000 1400000 1 2
21-11-75-861063-001-01 1 1121112MBEGU NDEFU                                     2   401  4012    0           2 1    72  6 6     2700  750000 1 2
21-11-75-861063-001-01 1 412112 PUNDAMILIA                                      2   201  2012    0           2 1    42  7 7     1050  900000 1 2
21-11-75-861063-001-01 1 4321112DAKI                                            2   281  2812    0           2 1    72  5 5      756  315000 1 2
21-11-75-861063-001-01 2 112112 DK                                              3   601  6013    0           2 1    72  6 6     3150  875000 1 2
21-11-75-861063-001-01 2 412112 PUNDAMILIA                                      2   401  4012    0           2 1    42  7 7      280  240000 1 2
63-59-38-211064-001-01 1 112112 KIENYEJI                                        2    31   312    0           2 1  0.52  5 5      108   36000 1  
63-59-38-211064-001-01 1 132212 NYEUPE                                          2   101  1012    0           2 1    22  7 7      324   90000 1  
63-59-38-211064-001-01 1 222112 NYEUPE                                          2  2001 20012    0           2 1    12  6 8      480   72000 1  
63-59-38-211064-001-01 1 322112 KIENYEJI                                        2    11   112    0           2 1  0.52  6 7       50   50000 1  
63-59-38-211064-001-01 1 432112 NYEKUNDU                                        2    11   112    0           2 1 0.252  8 8       20   40000 1  
51-70-28-891076-001-01 1 111  12YA KIENYEJI                                     2    35   0      0           2 1  0.52  7 7      144   45000 1  
51-70-28-891076-001-01 1 311  12SOYA                                            2    41   212    21   1200 412 1  0.111 2 2       10   12000 1  
45-88-08-271077-001-01 1 111  2 HYBREED                                         1    61   0      61  30000162131  0.514 8 8      720  180000 1 6
45-88-08-271077-001-01 2 891  2 KISASA                                          1  7505   0    7505  600001622 1  0.52  8 8     2000 1000000 1  
45-88-08-271077-001-01 3 891  2 KISASA                                          1    31   0      31 2400001621826                               
83-42-33-561078-001-01 1 111  2 MBEGU YA KIENYEJI                               2   101  1012    0           2 1    12  9 9      360  120000 1 2
83-42-33-561078-001-01 2 111  2 MBEGU YA KIENYEJI                               2    81   812    0           2 1    1111010      120   40000 1 2
83-42-33-561078-001-01 3 891  2 MKULIMA                                         1  1505   0    1505  60000 412 1    12  4 4     3780  810000 1 2
51-38-42-661079-001-01 1 111  2 MBEGU ASILI                                     2   101   0     101   7000 412 1 0.252  8 8      480  124000 1  
51-38-42-661079-001-01 2 111  2 STUKA                                           1    61   0      61  660001612 1    12  8 8      480  124000 1  
70-13-86-621080-001-01 1 111  12ASILI                                           2    11   112    0           2 23                               
70-13-86-621080-001-01 1 311  12NJANO                                           2    21   212    0           2 1 0.032  3 3       20   30000 1 2
15-64-51-681081-001-01 1 111  2 HI BRIDGE                                       1    51   0      51  25000 412 1  0.511 7 7      108   30000 1 2
40-74-76-771082-001-01 1 111  2 SEED CO                                         1    81   0      81  400001622 1  0.511 7 7      720  300000 1 2
71-92-06-801083-001-01 1 111  2 KILIMA                                          2   241  2412    0           151    22  9 9      300   45000 1  
74-62-00-181097-001-04 1 111  2 PUNDAMILIA                                      1    41   0      41  200001622 1  0.219 7 7      360  180000 1  
08-25-45-411134-001-01 1 1122112SEEDCO                                          3    21   213    0           2 1 0.132  5 5      120   42000 1 2
08-25-45-411134-001-01 1 3122112MAZIWA                                          1    61   0      61  15000 412 1 0.132  4 4       60  108000 1 2
39-24-29-811159-001-01 1 4321112MBEGU YA ASILI                                  2    11   0      11   2500 412 22                               
02-54-47-041198-001-01 2 121  2 MBAWA MBILI                                     2   301   0     301  300001612 1  1.52  7 7      140  200000 1 2
59-82-97-201233-001-01 2 111  2 MAHINDI                                         1  1201   0    1201 840000 91181   2514 6 7    10000 5000000 1  
61-64-62-241235-001-02 1 111  12SEEDCO                                          1    11   0      11   2500 212 1 0.062  5 6       35   28000 2  
61-64-62-241235-001-02 1 321  12KUNDE  NENE                                     2  2505   0    2505    400 432 1 0.062  3 6       18   18000 2  
61-64-62-241235-001-02 199821112MATEMBELE                                       2    11   0      11   1000 212 1 0.062  3 6        9    8000 2  
32-46-17-361236-001-04 2 111  2 KATUMBILI                                       2   101  1012    0           2 1    22  6 6      630  140000 1  
28-24-87-551305-001-01 2 111  2 ZEBRA                                           1   121   0     121  60000 512 1    22  8 8     1080  540000 1  
20-66-75-401323-001-04 1 121  2 SUPA                                            2   151   0     151  10000 11171    112 5 5      360  180000 1  
99-92-94-711329-001-01 199822112MBEGU ZA ASILI                                  2    21   212    0           2 1  0.22  6 7       50   50000 1  
96-56-62-651331-001-01 19981  2 MUHOGO                                          2    12   0      0           2 1  0.32  4 020     85   50000 1  
85-21-92-451348-001-01 1 1123112PIONEA                                          1  5601   0    5601 4200001952 1   702  5 7    4030816929360 1 2
85-21-92-451348-001-01 1 2621112RED BOMBEI                                      1    11   0      11 1100001052 1  0.517 511     4600 3220000 1 2
85-21-92-451348-001-01 1 3521112MBEGU ASILI                                     2  1501   0    1501 3150001652 1   13141111     4700 5076000 1  
85-21-92-451348-001-01 1 4121112MBEGU ZA ASILI                                  2   801   0     801  40000195151   202  5 7     9800 4900000 1  
35-22-61-351401-001-01 1 111  2 MAHINDI                                         1    81   0      81  48000 91131    12  7 7      800  304000 1 2
35-22-61-351401-001-01 2 111  2 MAHINDI                                         1    81   0      81  48000 91131    114 7 7      400  152000 1 2
35-22-61-351401-001-01 3 111  2 MAHINDI                                         1    21   0      21  12000 912 1  0.52  7 7       50   19000 1 2
39-91-71-061403-001-01 1 111  12MAHINDI                                         2    11   0      31  12000 942 1  0.32  6 6      400   70000 1  
79-50-93-441462-001-01 1 3222112KUNDE  NENE                                     2    11   0      11   13001612 1 0.032  2 4       20   18000 2  
79-50-93-441462-001-01 199822112MATEMBELE   MAPANA                              2    21   0      0           2 1 0.032  2 4       33   15000 2  
88-91-41-191541-001-01 1 321  2 KUNDE  NDOGO                                    2  2505   0    2505    750 412 1 0.052  2 4       11   18000 2  
98-95-18-171556-001-01 1 3221112KUNDE  NENE                                     2  2505   0    2505    5001612 1 0.022  2 4        8    6000 2  
98-95-18-171556-001-01 199822112MATEMBELE  YA  ASILI                            2    11   0      0           2 1 0.012  2 4       11    6000 2  
07-54-14-551559-001-01 1 221  2 MBEGU YA VIAZI(RANGI YA KAROTI)                 2    25   0      25   4000 422 1 0.2519 8 8       60   20000 2  
07-54-14-551559-001-01 29981  2 MBEGU YA MIHOGO(CHEUPE)                         2  2005 20052    0           2 1    12  7 098    450  300000 1  
00-17-71-971596-001-01 1 1121112DAPU                                            1   161   0     161 112000 932 1    42 1112     2240  896000 1 2
00-17-71-971596-001-01 1 3121112WIFI                                            2   151  1512    0           181    2111212      560 1120000 1 2
26-08-75-881665-001-01 3 121  2 KILOMBERO                                       3    42   423    0           2 1    12  5 7     2250  900000 1 2
59-65-56-211707-001-01 1 222382 MBEGU ZA VIAZI VITAM(VYEUPE)                    2    22   222    0           2 1 0.252 1010       60   30000 2  
36-06-21-601708-001-07 1 332212 ASILI                                           2    31   312    0           181    22  4 5      290  348000 1  
42-24-69-581725-001-02 1 111  2 PANA                                            1    61   0      61  12000 91121  0.515 6 6      216  180000 1  
51-51-72-361744-001-01 3 121  2 MPUNGA                                          2   101  1012    0           2 1    12  4 4      500  350000 1  
15-97-35-811745-001-01 1 321  12KUNDE   NDOGO                                   2    21   0      21   3000 412 1 0.182  2 4       35   35000 1  
15-97-35-811745-001-01 1 431  12NYEKUNDU                                        2    21   0      21   4000 422 1 0.182  5 6       64   96000 1  
15-97-35-811745-001-01 2 122212 MBEGU   YA  KILOMBERO                           2   101   0     101   6000 112 1    12  5 6      480  540000 1  
46-39-86-171765-001-01 1 121  2 MPUNGA                                          2   201  2012    0           2 1    12  5 6      400  480000 1  
46-39-86-171765-001-01 29981  2 MUHOGO                                          2   801   0      0           151    12  5 5      300  150000 1  
88-80-90-941766-001-01 1 121  2 SUPA                                            2    22   222    0           2 1  0.312 6 6      200  300000 1  
17-64-18-791768-001-01 1 122282 MBEGU YA MPUNGA(SUPA)                           2    12   122    0           2 1 0.252  7 7      150  120000 1  
76-34-61-711779-001-01 1 112212 ASILI                                           2   101  1012    0           2 1    22  6 6      972  270000 1  
76-34-61-711779-001-01 1 342112 ASILI                                           2   101  1012    0           2 1  1.52  8 8      220  200000 1  
97-53-95-821780-001-01 1 112112 ASILI                                           2   101  1012    0           131  1.52  6 6      864  240000 1  
97-53-95-821780-001-01 1 342112 ASILI                                           2    12   122    0           2 1    32  9 9      360  120000 1  
97-53-95-821780-001-01 1 412112 ASILI                                           2    22   222    0           181  4.511 7 7      600  700000 1  
97-53-95-821780-001-01 2 311  2 ASILI                                           2    32   322    0           131    42  7 7      720  900000 1  
97-53-95-821780-001-01 2 351  2 ASILI                                           2    12   122    0           131    32 1010      220  240000 1  
41-24-27-931781-001-01 1 112212 MBEGU BORA SEEDCO                               1   401   0     401 2400001632 1   102  6 7    16200 4500000 1  
41-24-27-931781-001-01 1 152212 MBEGU YA ASILI                                  2   161  1612    0           2 1    42  7 7     1936 2420000 1  
41-24-27-931781-001-01 1 342212 MBEGU YA ASILI                                  2   181  1812    0           2 1   102  8 8     4320 1920000 1  
41-24-27-931781-001-01 1 412212 MBEGU YA ASILI                                  2   161  1612    0           2 1    22  7 7     1152  600000 1  
00-71-13-591782-001-03 1 112212 STUCA 60                                        1   241   0     241  720001632 1    111 5 5      960  240000 3 5
00-71-13-591782-001-03 1 412212 ASILI                                           2    12   122    0           181    211 6 6      675  405000 3 5
70-69-92-641783-001-01 1 1121112MBEGU ZA ASILI                                  2    12   122    0           2 1    32  7 7      540  150000 1 2
70-69-92-641783-001-01 1 1421112MBEGU ZA ASILI                                  2   101  1012    0           141    217 6 6      240   60000 1 2
70-69-92-641783-001-01 1 1521112MBEGU ZA ASILI                                  2    51   512    0           2 1    12  6 6      240   96000 1 2
70-69-92-641783-001-01 1 3422112MBEGU ZA ASILI                                  2    12   112    0           2 1    42  8 8      300  150000 1 2
70-69-92-641783-001-01 1 4121112MBEGU ZA ASILI                                  2   121  1212    0           2 1    22  5 5      840  490000 1 2
70-69-92-641783-001-01 2 111  2 MBEGU ZA ASILI                                  2    22   222    0           2 1    52  7 7     1080  300000 1 2
94-30-16-271784-001-01 2 111  12SEEDCO                                          1    21   0      21  120001632 1 0.252  7 7      220   60000 1 5
94-30-16-271784-001-01 2 341  12MBAAZI                                          2    21   212    0           2 1 0.252  8 8       50   50000 1 5
31-80-34-981785-001-02 1 111  12KIENYEJI                                        2    12   122    0           131    114 5 6      960  336000 2  
31-80-34-981785-001-02 1 341  12MSEREREKO                                       2   101  1012    0           2 1    32  9 9      560  280000 2  
31-80-34-981785-001-02 1 4122112KIENYEJI                                        2    61   612    0           2 1    12  7 7      450  210000 2  
31-80-34-981785-001-02 2 111  12KIENYEJI                                        2    22   222    0           2 1    114 6 6      720  252000 2  
31-80-34-981785-001-02 2 341  12MSEREREKO                                       2    51   512    0           2 1  0.514 8 9      140   70000 2  
11-59-35-061785-001-03 1 111  12MBEGU BORA                                      1    11   0      11   60001622 1 0.252  7 7      540  150000 1 2
11-59-35-061785-001-03 1 221  12MBEGU ZA ASILI                                  2   501  5012    0           2 1 0.252  9 9      150   45000 1 2
11-59-35-061785-001-03 2 1122112MBEGU BORA                                      1    21   0      21  12000162131  0.52  7 7      450  150000 1 2
11-59-35-061785-001-03 2 3422112MBEGU ZA ASILI                                  2   101  1012    0           131  0.52  9 9      180   90000 1 2
11-59-35-061785-001-03 2 4121112MBEGU ZA ASILI                                  2   101  1012    0           131 0.252  6 6      108   45000 1 2
36-49-19-371786-001-01 1 111  2 CHAPA TEMBO                                     1    71   0      71  42000 932 1    62  7 7     2700  750000 1  
36-49-19-371786-001-01 2 351  2 MBEGU YA ASILI                                  2   401  4012    0           2 1    311 8 8     2160 2160000 1 2
61-05-13-101798-001-01 1 111  2 ASILI                                           2    21   0      21   1000 312 1  0.52  7 7      162   45000 1  
61-05-13-101798-001-01 3 411  2 ASILI                                           2   121  1212    0           2 1  3.52  7 7      682  284000 1  
61-05-13-101798-001-01 4 411  2 ASILI                                           2   361  3612    0           2 1  8.52  7 7     2016  840000 1  
03-94-16-921799-001-01 1 111  2 SABA TELE                                       2   101   0     101   5000 92151    111 6 6      540  210000 1 2
03-94-16-921799-001-01 2 111  12ILONGA                                          2    12   122    0           2 1  3.52  7 7      648  336000 1 2
03-94-16-921799-001-01 2 1322412NYEUPE                                          2    51   512    0           2 1    112 7 7      216   96000 1 2
03-94-16-921799-001-01 3 3621412NYEKUNDU                                        2    31   0      31   6000 912 1  0.52  7 7       20   60000 1 2
03-94-16-921799-001-01 3 411  12NYEUSI                                          2   101   0     101   5000 912 1 2.752  8 8      168   84000 1 2
03-94-16-921799-001-01 4 111  2 ILONGA                                          2    11   112    0           2 1 0.252  6 6       36   12000 1 2
03-94-16-921799-001-01 6 131  12NYEUPE                                          2   101  1012    0           2 1  0.712 8 8      198   70000 1 2
03-94-16-921799-001-01 6 411  12NYEUSI                                          2    12   122    0           2 1  3.52  7 7      840  420000 1 2
96-34-88-551800-001-01 1 111  13KIENYEJI                                        2   201  2012    0           2 1    112 7 7      300  168000 1 2
96-34-88-551800-001-01 1 131  13KIENYEJI                                        2   201  2012    0           2 1    112 7 7      300  168000 1 2
96-34-88-551800-001-01 2 411  2 KIENYEJI                                        2   401  4012    0           151    212 7 7      500  350000 1 2
96-34-88-551800-001-01 3 431  2 KIENYEJI                                        2   401  4012    0           151    116 4 4      120   72000 1 2
96-34-88-551800-001-01 4 111  13KIENYEJI                                        2   101  1012    0           2 1    112 7 7      300  168000 1 2
96-34-88-551800-001-01 4 341  13KIENYEJI                                        2    51   512    0           151  0.512 8 8       40   30000 1 2
55-36-84-451801-001-01 1 131  12MBEGU YA ASILI                                  2    31   312    0           2 1  1.52  8 8      350  175000 1 2
55-36-84-451801-001-01 2 131  12MBEGU YA ASILI                                  2    31   312    0           2 1    32  8 8      600  350000 1 2
55-36-84-451801-001-01 3 111  2 MBEGU ZA ASILI                                  2    21   212    0           2 1    22  8 8      432  240000 1 2
55-36-84-451801-001-01 4 111  2 MBEGU ZA ASILI                                  2  2.51 2.512    0           2 1  1.52  8 8      324  180000 1 2
42-29-89-481801-001-04 1 131  2 MBEGU ZA ASILI                                  2    31   312    0           2 1    22  6 7      560  280000 1  
76-08-90-561802-001-01 1 111  12SEED-CO                                         1    31   0      31  360001622 1    12  7 7      378  175000 1 2
76-08-90-561802-001-01 1 321  12KUNDEE                                          1    21   0      21   24001622 1    12  5 7       18    9500 1 2
76-08-90-561802-001-01 2 131  2 YAKIENYEJI                                      2   181   0     181  18000 92111    214 7 8      315  120000 1 2
76-08-90-561802-001-01 3 111  2 KIENYEJI                                        2   311  3112    0           2 1    22  7 7      630  245000 1 2
76-08-90-561802-001-01 4 131  2 KIENYEJI                                        2   361  3612    0           2 24                               
76-08-90-561802-001-01 5 111  2 KIENYEJI                                        2   101  1012    0           2 1    12  712      378  175000 1 2
20-12-62-771803-001-01 1 411  2 MBEGU YA KIENYEJI                               2   201  2012    0           151    32  7 7     1120  400000 1  
20-12-62-771803-001-01 2 111  2 MBEGU YA KIENYEJI                               2   201  2012    0           2 1    32  6 6      980  420000 1  
20-12-62-771803-001-01 4 111  2 MBEGU YA KIENYEJI                               2   101  1012    0           2 1  2.52  6 6     1260  540000 1  
11-69-14-701804-001-01 1 111  2 MBEGU YA ASILI                                  2    11   112    0           2 1  0.52  6 6       40     400 1 2
11-69-14-701804-001-01 1 3421112MBEGU YA ASILI                                  2    11   112    0           2 1 0.252  7 7       10     500 1 2
11-69-14-701804-001-01 2 1123112MBEGU YA ASILI                                  2   202  2022    0           2 1  1.52  6 6      365     300 1 2
11-69-14-701804-001-01 2 3422112MBEGU YA ASILI                                  2   202  2022    0           2 1  0.52  7 7       60     500 1 2
58-47-83-551805-001-01 1 111  12MBEGU KUBWA                                     2    12   122    0           2 1    22  7 7      126   35000 1  
58-47-83-551805-001-01 1 131  12NYEUPE                                          2   101  1012    0           2 1  0.511 7 7       40   12000 1  
58-47-83-551805-001-01 1 4122412NYEUSI                                          2    21   212    0           2 1    12  7 7       84   35000 1  
58-47-83-551805-001-01 2 111  12MBEGU KUBWA                                     2    11   112    0           2 1  0.22  8 7       54   15000 1  
58-47-83-551805-001-01 2 131  12MBEGU NYEUPE                                    2    51   0      51   30001612 1  0.22  7 7       36   12000 1  
37-48-48-041836-001-01 1 1122112MBEGU ZA ASILI                                  2    21   0      21   20001612 1  0.52  6 6       20    5000 1  
37-48-48-041836-001-01 1 3621112MBEGU HA ASILI                                  2    13   0      0           2 1 0.252  5 5       20    8000 1  
37-48-48-041836-001-01 1 4321112MBEGU YA ASILI                                  2 0.251   0      0           2 1 0.252  5 6       20    5000 1  
93-76-89-481837-001-01 2 1122112MBEGU ZA KIENYEJI                               2   201  2012    0           2 1    214 6 6      360  120000 1  
93-76-89-481837-001-01 2 1422112MBEGU ZA KIENYEJI                               2    51   512    0           2 1    22  6 6      360   90000 1  
93-76-89-481837-001-01 3 1122112MBEGU ZA KIENYEJI                               2   301  3012    0           2 1    32  6 6      240   60000 1 2
93-76-89-481837-001-01 3 1422112MBEGU YA KIENYEJI                               2    31   312    0           2 1    32  6 6      600  150000 1 2
93-76-89-481837-001-01 4 431  2 MBEGU YA KIENYEJI                               2   101  1012    0           2 1    22  5 5      150  300000 1  
70-84-46-341838-001-01 1 111  12KIENYEJI                                        2    51   0      0           2 25                               
70-84-46-341838-001-01 1 431  12KIENYEJI                                        2   101  1012    0           2 1    12  4 4      112  120000 1  
70-84-46-341838-001-01 2 131  2 MESIYA                                          2   101  1012    0           2 23                               
26-76-44-681839-001-01 2 111  12SEEDCO                                          3    31   0      31      0 112 1  0.22  5 5       72   48000 1  
26-76-44-681839-001-01 2 431  12KARANGA                                         2   101   0     101  20000 92151  0.216 4 5       80   20000 1 2
26-76-44-681839-001-01 3 111  2 NJANO                                           2   181  1812    0           121 1.7515 6 6      220  144000 1  
65-72-55-001840-001-01 1 111  2 MBEGU YA ASILI                                  2    11   112    0           2 1 0.252  6 6       65   15000 1 2
65-72-55-001840-001-01 2 411  2 MBEGJ YA ASILI                                  2   201  2012    0           171  2.52  7 7       80   28000 1  
99-71-08-471840-001-03 1 111  2 MBEGU NDEFU                                     2   201  2012    0           2 1    212 6 6     1080  300000 1 2
49-42-19-851841-001-01 1 111  2 ASILI                                           2   181  1812    0           2 1  1.52  6 7      864  480000 1  
49-42-19-851841-001-01 3 432242 ASILI                                           2   121  1212    0           2 1    117 6 7       18  100000 1  
31-86-83-671842-001-01 1 1121112MBEGU YA ASILI                                  2    71   712    0           2 1 0.252  6 6       60   15000 1 2
31-86-83-671842-001-01 1 3622112MBEGU YA ASILI                                  2    31   312    0           2 1  0.52  5 5       80   40000 1 2
31-86-83-671842-001-01 1 4122112MBEGU YA ASILI                                  2    51   512    0           2 1  0.52  3 3      120   30000 1 2
31-86-83-671842-001-01 1 4323112MBEGU YA KARANGA                                2   202  2022    0           2 1 0.752  3 4      480  120000 1 2
31-86-83-671842-001-01 2 1123112MBEGU YA ASILI                                  2   202  2022    0           2 1 0.752  5 5      300   75000 1 2
31-86-83-671842-001-01 2 1321112MBEGU YA ASILI                                  2    11   0      11    500 31131 0.252  5 5       10    2500 1 2
49-86-16-681843-001-01 1 111  12STUKA                                           3    21   213    0           151    12  6 6      360  216000 1 2
49-86-16-681843-001-01 1 411  12PUNDAMILIA                                      2    21   0      21   1200 212 1    12  6 6      120   35000 1 2
49-86-16-681843-001-01 3 111  12STUKA                                           3   101  1013    0           2 1    112 6 6      360  216000 1 2
49-86-16-681843-001-01 3 431  12KONGWA                                          2    51   512    0           2 1    112 6 6      120  180000 1 2
86-98-06-331856-001-01 1 111  2 MBEGU ZA KIENYEJI                               2    42   0      0           171    112 7 7      600  150000 1  
88-48-03-011856-001-04 1 111  2 AKIBA YA MAHINDI ILIYOHIFADHIWA                 2    22   222    0           2 1    62  7 7      972  270000 1  
58-38-27-141857-001-01 2 341  12MSEREGU                                         2    12   122    0           171    112 9 9      400  240000 1  
58-38-27-141857-001-01 2 951  2 MKULIMA                                         1    21   0      11 300000165171    112 4 4     5200 2080000 1  
58-38-27-141857-001-01 3 111  12MAHINDI                                         2    62   622    0           131   1012 6 6     4000 1600000 1  
58-38-27-141857-001-01 3 341  12MSEREGU                                         2    22   222    0           2 1    312 9 9      800  480000 1  
58-38-27-141857-001-01 3 4121412ALIZETI                                         2    12   122    0           171  0.112 7 7       30   10000 1  
07-82-76-341857-001-02 1 1123112PANNER SEED                                     1    32   0      32  15000 522 1    22  7 7      722  190000 1  
07-82-76-341857-001-02 1 3421112MBEGU ZA ASILI                                  2    12   0      12  10000 512 1    22  9 9      306     350 1  
07-82-76-341857-001-02 1 4122112MBEGU YA ASILI                                  2    22   0      22   8000 512 1    22  9 9      672     300 1  
66-14-13-151858-001-01 1 1122112KAGRI                                           2   601  6012    0           151    712 7 7     2916  810000 1  
66-14-13-151858-001-01 1 3322312CHOROKO                                         2    51   0      51  12000 112 1    62  6 6      360  300000 1  
66-14-13-151858-001-01 1 3422412MBAAZI                                          2   101  1012    0           2 1    72  9 9      200  160000 1  
66-14-13-151858-001-01 110122412FIWI                                            2    21   212    0           2 1    62  9 9      560   55000 1  
36-33-35-191858-001-09 1 1123412MBEGU NDEFU                                     2   801  8012    0           2 1    514 7 7      432  120000 1  
36-33-35-191858-001-09 1 4123412NYEUSI  NDEFU                                   2   151  1512    0           2 1    52  8 8      360  150000 1  
36-33-35-191858-001-09 2 111  12MBEGU  NDEFU                                    2   501  5012    0           2 1    32  7 7     1080  300000 1  
36-33-35-191858-001-09 2 341  12MBAAZI                                          2   201   0     201   6000 212 1    32  9 9      320  210000 1  
70-07-82-731859-001-01 1 111  12MBEGU ZA ASILI                                  3   601  6013    0           2 1  5.52  7 7      648  210000 1  
70-07-82-731859-001-01 1 341  12MBEGU FUPI                                      3    51   513    0           2 1    52  910      340  180000 1  
70-07-82-731859-001-01 1 411  12ZEBRA                                           4    31   0      31   3000 92161    52  7 7      126   35000 1  
15-25-86-881860-001-01 1 411  2 MBEGU YA KAWAIDA                                2  1001 10012    0           161    019 7 7      200   80000 1  
15-25-86-881860-001-01 2 411  2 MBEGU YA ASILI                                  2   601  6012    0           161    319 7 7       56   20000 1  
15-25-86-881860-001-01 3 111  12MBEGU YA ASILI                                  2    42   422    0           171    619 7 7      600  240000 1  
15-25-86-881860-001-01 3 341  12MBEGU ZA ASILI                                  2   201  2012    0           171  3.519 7 7      200  100000 1  
15-25-86-881860-001-01 4 111  12MBEGU ZA KIENYEJI                               2   101  1012    0           2 1 0.752  6 7       60   15000 1  
15-25-86-881860-001-01 4 341  12MBEGU YA ASILI                                  2    11   112    0           2 1 0.752  7 7       20   10000 1  
39-53-93-811861-001-01 1 111  2 PANNA                                           3    12   123    0           171  0.312 7 7      600  240000 1  
25-77-45-141862-001-01 2 111  2 ASILI                                           2   401  4012    0           2 1    511 7 7     1770  450000 1  
32-28-64-631875-001-01 2 122142 MWINURA                                         2    22   0      22  40000 412 1  0.52  8 6     1350  720000 1  
32-28-64-631875-001-01 2 222112 MARANDO                                         2    15   152    0           2 1 0.252  6 8      480  150000 1  
71-47-50-921876-001-04 1 112112 KIENYEJI                                        2    11   0      0           2 1  0.211 5 5       40    8000 1  
71-47-50-921876-001-04 2 111  2 KIENYEJI                                        2    21   0      0           2 1    111 5 5      100   40000 1  
18-03-93-661913-001-01 1 111  2 SEEDCO                                          1    21   0      21  120001612 1  0.22  5 5      126   34000 1 2
72-94-88-221916-001-01 1 111  12MBEGU ZA ASILI                                  2    21   0      21   1200 212 1 0.252  5 5       36   12000 2  
72-94-88-221916-001-01 1 311  12MBEGU ZA ASILI                                  2    21   0      21   4000 312 1 0.252  3 3       15   22500 2  
72-94-88-221916-001-01 3 111  12MBEGU ZA ASILI                                  2    41   412    0           2 1    12  5 5      324  108000 1 2
72-94-88-221916-001-01 3 3122112MBEGU ZA ASILI                                  2    71   0      71  14000 31131  0.514 3 3       60   90000 1 2
72-94-88-221916-001-01 4 111  12MBEGU ZA ASILI                                  2    21   212    0           2 1 0.252  5 5      108   36000 1 2
72-94-88-221916-001-01 4 311  12MBEGU ZA ASILI                                  2    31   0      31   6000 212 1 0.252  3 3       40   60000 1 2
15-84-04-211918-001-01 1 111  2 BORA                                            1   161   0     161  960001632 1    42  5 5     5292 1470000 2  
40-11-03-431931-001-01 1 111  2 ASILI                                           2    12   122    0           2 1    22  5 5      756  270000 5  
51-16-84-331932-001-01 1 1122812KIENYEJI                                        2    12   122    0           2 1    32  2 3      600  252000 1 2
51-16-84-331932-001-01 1 4321412NYEKUNDU                                        2   101  1012    0           2 1    12  2 2       60   84000 1 2
53-04-56-801932-001-02 1 1123112SEEDCO                                          1    81   0      81  480001622 1    22  6 6      648  120000 1 2
53-04-56-801932-001-02 1 4321112NYEUPE                                          2   181  1812    0           2 1  1.52  3 4     1080  750000 1 2
53-04-56-801932-001-02 2 122242 KALAMATA                                        2  2801 28012    0           2 1    62  5 6     7722 3960000 1 2
55-83-06-851932-001-04 1 1123112MBEGU YA ASILI                                  2    51   512    0           2 1    22  1 2      432  120000 1 2
55-83-06-851932-001-04 1 4321112MBEGU YA ASILI                                  2   151   0     151  10000 212 1    22  4 4      450  216000 1 2
55-83-06-851932-001-04 2 111  12MBEGU YA ASILI                                  2    31   0      31   2000 212 1    12  2 3      216   60000 1  
55-83-06-851932-001-04 2 431  12MBEGU YA ASILI                                  2    31   0      31  100001612 1    12  4 4      135   66000 1 2
55-83-06-851932-001-04 3 111  12MBEGU YA ASILI                                  2    31   0      31   1800 212 1    114 2 3      270   56000 1 2
55-83-06-851932-001-04 3 431  12MBEGU YA ASILI                                  2    41   0      41  10000 212 1    12  4 4      255   84000 1 2
04-39-71-361932-001-08 1 111  2 GUNANI                                          2    11   0      11    500 212 1 0.122  4 3      120   42000 1  
04-39-71-361932-001-08 2 111  12KAGRI                                           3    41   0      41   8000 212 1 0.2519 5 5      240   84000 1  
04-39-71-361932-001-08 2 321  12SEMBE                                           2    11   112    0           2 1    12  5 6       20   20000 1  
04-39-71-361932-001-08 2 431  12KIRA                                            2    51   512    0           2 1    12  6 6       90  120000 1  
41-12-45-181933-001-01 3 112312 MBEGU YA ASILI                                  2   101  1012    0           2 1    22  3 4      540  150000 1 2
41-12-45-181933-001-01 4 121  2 MBEGU YA ASILI                                  2   251  2512    0           171 0.7512 5 5      750  400000 1 2
74-41-63-531934-001-01 1 112212 ASILI                                           2    22   222    0           2 1  2.52  5 5     3024  840000 1  
74-41-63-531934-001-01 1 322112 ASILI                                           2    51   512    0           2 1    12  5 5      120   60000 1  
74-41-63-531934-001-01 1 432112 ASILI                                           2    22   222    0           2 1  1.52  5 5      350  294000 1  
74-41-63-531934-001-01 2 112312 ASILI                                           2    12   122    0           141    22  5 5      648  180000 1  
74-41-63-531934-001-01 2 432112 ASILI                                           2    12   122    0           2 1    12  5 5      150  126000 1  
66-14-94-181935-001-01 1 111  12MBEGU BORA                                      1    41   0      41  240001622 1    22  4 4      432  120000 1  
66-14-94-181935-001-01 1 4322412MBEGU ZA ASILI                                  2   101   0     101  20000 212 1    12  3 3      210  108000 1  
66-14-94-181935-001-01 2 112382 MBEGU BORA                                      3    31   0      31   1500 312 1 0.752  4 4      216   60000 1  
28-72-49-681935-001-06 1 111  2 MBEGU ZA ASILI                                  2  2505 25052    0           2 1 0.252  4 4       36   12000 1  
28-72-49-681935-001-06 2 111  12MBEGU ZA ASILI                                  2    31   312    0           2 1    12  4 4      216   72000 1  
28-72-49-681935-001-06 2 4322112MBEGU ZA ASILI                                  2    51   512    0           2 1  0.52  4 4       30   15000 1  
28-72-49-681935-001-06 3 121  2 MBEGU ZA ASILI                                  2    12   122    0           2 1  0.52  5 5      480  200000 1  
56-51-57-981936-001-01 1 221  2 MBEGU YA ASILI (MWEZIMMOJA)                     2    42   0      42   5000 21151    42  5 6     1080  270000 1  
56-51-57-981936-001-01 2 112182 MBEGU BORA DK                                   1    21   0      21  16000161151    12  6 6      324  108000 1  
56-51-57-981936-001-01 3 121  2 MBEGU YA ASILI                                  2   281  2812    0           2 1    12  5 6      672  288000 1  
98-18-22-891937-001-02 1 1122112SEEDCO                                          3   201  2013    0           2 1  2.52  4 4      648  180000 2  
98-18-22-891937-001-02 1 3222112KUNDE                                           2    21   212    0           2 1  2.52  2 2       65   26000 2  
98-18-22-891937-001-02 2 111  12SEEDCO                                          3   181  1813    0           2 1    22  4 4      432  120000 2  
98-18-22-891937-001-02 2 321  12KUNDE                                           2    31   312    0           2 1    22  1 2       28   11200 2  
98-18-22-891937-001-02 2 431  12TILA                                            2   101  1012    0           2 1    22  3 3      180   90000 2  
12-92-55-031938-001-01 1 1122112SEEDCO                                          1    41   0      41  240001622 1 0.252 12 1      324   90000 1 2
12-92-55-031938-001-01 1 3122112NJANO                                           2    91   412    51   7500 422 1 0.252  1 1       80   96000 1 2
12-92-55-031938-001-01 2 1122112SEEDCO                                          1    41   0      41  240001622 1 0.252 12 1      216   60000 1 2
12-92-55-031938-001-01 2 3122112MEKUNDU                                         2    81   0      81   6400 422 1 0.252 12 1       50   40000 1 2
05-92-83-741938-001-02 1 311  12TUTUNU                                          2    31   0      31   9000 21151  0.519 6 6       27   54000 1 2
29-60-24-001950-001-02 2 222212 MARANDO                                         2    15   152    0           2 1  0.52  6 7      160   40000 2  
80-22-16-231951-001-02 1 112232 KIENYEJI                                        2    21   0      21   2000 41151  0.316 4 4       60   18000 2  
11-83-65-021952-001-02 1 111  2 MBEGU ZA KIENYEJI                               2   151   0     151  20000 31131  1.52  5 5      540   30000 2  
83-93-74-591954-001-01 1 111  12ASILI                                           2   121  1212    0           2 1    12  3 4      600  300000 1 2
83-93-74-591954-001-01 1 311  12GOLORI                                          1    21   0      21   50001112 1  0.52 1212       10   25000 1 2
01-06-14-471956-001-01 5 122332 MBEGU YA ASILI YA MPANDA INAITWA CANADA         2  1201   0    1201  650002012 1  0.32  6 6     3000   95000 4  
19-09-34-021969-001-01 1 111  2 ASILI                                           2  1.52 1.522    0           2 1    22  7 7     1008  280000 1  
56-90-00-491970-001-02 3 112112 MBEGU YA ASILI                                  2   101  1012    0           2 1 0.252  6 6      126   35000 4  
56-90-00-491970-001-02 3 412312 MBEGU YA ASILI                                  2    12   122    0           2 1  1.52  4 5      168   73500 4  
58-50-67-671971-001-01 1 112312 DK 77                                           1    61   0      61  330001612 1    22  7 7     1386  385000 1  
58-50-67-671971-001-01 1 412112 MBEGU YA ASILI                                  2    41   412    0           2 1    12  6 6      225   90000 1  
58-50-67-671971-001-01 2 111  2 SITUKA                                          3    23   233    0           2 1 0.252  7 7      144   40000 1  
11-00-28-031972-001-02 1 111  12MATATU                                          3   101  1013    0           2 1    12  6 6      378  105000 1  
11-00-28-031972-001-02 1 411  12NYEUSI                                          2    21   212    0           2 1    12  6 6       70   49000 1  
11-00-28-031972-001-02 2 111  2 BISI                                            3   201  2013    0           2 1    62  6 6      882  490000 1  
11-00-28-031972-001-02 3 111  2 DK                                              1   151   0     151  750001642 1    32  6 6     3780 1050000 1  
11-00-28-031972-001-02 4 111  2 DK                                              3   401  4013    0           2 1    52  7 7      630  875000 1  
19-01-37-031973-001-01 2 112212 10                                              2   101   0      0           2 1  0.52  910      252   66000 1  
19-01-37-031973-001-01 2 412212 MBEGU YA ASILI                                  2    11   112    0           2 1  0.52  6 7      168   63000 1  
16-14-63-931974-001-01 1 112112 ASILI                                           2    22   0      22  18000 212 1    22  7 7      648  150000 1  
16-14-63-931974-001-01 1 412212 ASILI                                           2    22   0      22  40000 212 1    32  7 7      180  270000 1  
16-14-63-931974-001-01 2 112212 ASILI                                           2    22   0      22  18000 212 1    12  6 7      864  224000 1  
16-14-63-931974-001-01 2 412212 ASILI                                           2  1.52   0    1.52  45000 21111    12  7 7      180  270000 1  
78-73-09-301976-001-01 1 111  2 MBEGU ZA ASILI                                  2    81   0      81   8000 212 1 1.252  6 7      441  171500 1 7
78-73-09-301976-001-01 2 411  2 MBEGU ZA ASILI                                  2    22   0      22  20000 111826                               
01-58-42-071988-001-01 1 111  2 PANNA                                           1  1.51   0    1.51   90001612 1  0.22  7 7       90   30000 1 2
01-58-42-071988-001-01 2 111  12PANNA                                           1    61   0      61  36000161171 0.7512 7 8      720  240000 1 2
01-58-42-071988-001-01 2 311  12SOYA                                            2    11   112    0           171 0.7512 3 4       26   23000 1 2
01-58-42-071988-001-01 3 221  2 VIAZI VITAMU                                    2   751   0     751  20000 112 1  0.52  8 9      190  120000 1 2
01-58-42-071988-001-01 4 111  2 PANNA                                           1    21   0      21  12000161171 0.232  7 7      360  120000 1 2
32-78-55-351988-001-06 1 371  2 MBEGU ZA ASILI                                  2   301   0     301  45000 21131  1.52  8 9      200  200000 1 2
32-78-55-351988-001-06 3 111  2 MBEGU ZA ASILI                                  2    12   122    0           121    22  7 9     4200  840000 1 2
25-96-98-141988-001-07 1 111  12HIBRIDI                                         3    11   113    0           2 1 0.752  3 8       50   17500 2  
25-96-98-141988-001-07 1 411  12ALIZETI NYEUPE                                  2    13   132    0           2 1  0.72  8 8        5    5000 2  
25-96-98-141988-001-07 2 111  12MAHINDI KIENYEJI                                3    43   433    0           2 1  0.72  9 9     1200  420000 1 2
25-96-98-141988-001-07 3 111  2 MAHINDI HAIBRIDI                                3    41   413    0           2 1  0.72  9 9      720  294000 2  
25-96-98-141988-001-07 4 231  2 KALA NA SANGITA                                 2  4321 43212    0           2 1  0.72  7 6     3200 1455000 2  
08-18-13-461989-001-01 1 111  12MBEGU ZA ZAMANI                                 2   101  1012    0           121    12  8 8      300   90000 3  
08-18-13-461989-001-01 2 111  2 MBEGU ZA ZAMANI                                 2    41   412    0           2 1  0.42  8 8       80   20000 3  
08-18-13-461989-001-01 3 111  2 MBEGU YA ZAMAN                                  2    11   112    0           2 1  0.42  8 8       40   10000 3  
19-52-92-511990-001-01 2 111  2 KIENYEJI                                        2   181  1813    0           2 1    12  7 7      280   98000 1 2
21-07-86-971992-001-01 2 1122112MBDGU HALISI                                    1    41   0      41  260001612 1  0.52  6 6      342  152000 1 2
21-07-86-971992-001-01 2 3121112MBEGU YA ASILI                                  2    81   812    0           2 1 0.252  4 4       80   72000 1 2
21-07-86-971992-001-01 3 111  2 PANNER SEED 692                                 1    51   0      51  30000 432 1 0.752  6 6      418  176000 1 2
21-07-86-971992-001-01 4 111  2 PANNER SEED                                     1    11   0      11   60001612 1 0.252  6 6       76   30000 1 2
57-66-23-771993-001-01 1 111  12MBEGU YA KIENYEJI                               2    51   0      0           2 1  0.52  8 8      140   56000 1  
57-66-23-771993-001-01 1 4121112MBEGU ZA KIENYEJI                               2  0.51 0.512    0           2 1 0.252  6 6       30   10500 1  
57-66-23-771993-001-01 2 111  12MBEGU YA KIENYEJI                               2    71   712    0           121 0.752  8 8      200   80000 1  
57-66-23-771993-001-01 2 3121112SALUNDE                                         1    21   0      21   40001612 1  0.32  4 4       15   22500 1  
28-97-65-631994-001-01 1 111  2 ASILI                                           2   141  1412    0           2 1    12  9 9      378  210000 1  
28-97-65-631994-001-01 2 111  2 ASILI                                           2   101  1012    0           2 1 0.972 1010      590  350000 1 2
28-97-65-631994-001-01 3 111  2 ASILI                                           2   121  1212    0           2 1    12  9 9      354  210000 2  
86-15-44-911994-001-03 3 1122112KIENYEJI                                        2   101  1012    0           2 1    12  5 7     1400  500000 1 2
86-15-44-911994-001-03 3 3122112SOYA YA KIBLANKETI                              2   131  1312    0           2 1    12  2 3      200  300000 1 2
86-15-44-911994-001-03 4 111  12KIENYEJI                                        2    41   412    0           2 1  0.52  2 4      560  200000 1 2
86-15-44-911994-001-03 4 311  12SOYA KIBLANKETI                                 2    51   512    0           161 0.2519 2 5       80  120000 1 2
86-15-44-911994-001-03 5 111  12KIENYEJI                                        2    31   312    0           2 1 0.252  2 5      240  100000 1 2
86-15-44-911994-001-03 5 311  12SOYA KIBLANKETI                                 2    31   312    0           2 1 0.252  4 4       60   90000 1 2
48-18-40-432007-001-01 1 111  2 MBEGU YA ASILI                                  2    51   512    0           2 1  0.52  6 6      760  260000 1  
48-18-40-432007-001-01 2 311  2 MBEGU YA ASILI                                  2   301  3012    0           2 1  0.72  5 5       60  108000 1  
48-18-40-432007-001-01 4 111  2 MBEGU YA ASILI                                  2    51   512    0           2 1  0.52  8 8      570  200000 1  
23-38-07-812008-001-01 2 111  2 KIENYEJI                                        2   101  1012    0           121    12  7 7      600  300000 1 2
23-38-07-812008-001-01 4 111  2 MBEGU ZA KIENYEJI                               2   101  1012    0           2 1    12  8 8      320  160000 1 2
31-46-39-262009-001-01 1 1123112PANA 965                                        3    31   313    0           2 1 0.752  8 8      300  240000 1  
31-46-39-262009-001-01 1 2221112MBEGU ZA ASILI                                  2   201   0      0           2 1 0.252  612      120  120000 1  
36-61-47-762009-001-06 1 111  2 MBEGU ZA ASILI                                  2    51   512    0           2 1 0.252  7 8      150  150000 1  
36-61-47-762009-001-06 2 111  2 MBEGU ZA ASILI                                  2    12   122    0           2 1 0.752  7 8      240  240000 1  
36-61-47-762009-001-06 3 111  2 MBEGU YA KIENYEJI                               2    51   512    0           2 1 0.2512 7 8       60   30000 1  
27-69-09-192010-001-01 1 111  2 KIENYEJI                                        2    64   642    0           2 1  0.52  4 4      420  126000 1  
27-69-09-192010-001-01 2 111  2 KIENYEJI                                        2    64   642    0           151  0.52  4 4      600  180000 1  
27-69-09-192010-001-01 3 111  2 KIENYEJI                                        2   104  1042    0           2 1    12  9 9      800  320000 1  
27-69-09-192010-001-01 5 111  2 KIENYEJI                                        2    44   442    0           2 1  0.52  910      600  240000 1  
67-18-23-872011-001-01 4 312112 KIGOMA                                          2   101  1012    0           2 1 0.252  7 7      100  200000 1 2
67-18-23-872011-001-01 8 111  12PANNA                                           3    21   213    0           2 1  0.22  8 8      120   35000 1 2
67-18-23-872011-001-01 8 311  12KIGOMA                                          2    21   212    0           2 1 0.252  7 7       10   20000 1 2
67-18-23-872011-001-01 9 111  2 PANNA                                           3    51   513    0           2 1  0.52  7 7      610  180000 1 2
23-38-22-852012-001-01 1 111  2 ASILI                                           2    81   812    0           2 1  1.52 1010      236  200000 1  
23-38-22-852012-001-01 2 111  2 ASILI                                           2    21   212    0           2 1  0.52 1010       76   40000 1  
10-79-15-552013-001-01 2 111  2 ASILI                                           2    51   512    0           2 1  0.517 8 8      118   10000 1  
28-82-13-872014-001-01 1 111  2 MBEGU ZA ASILI                                  2    21   212    0           2 1  0.52  8 8       80   20000 1  
28-82-13-872014-001-01 4 111  2 MBEGU YA ASILI                                  2    21   212    0           2 1 0.252  8 8       80   20000 1  
95-44-14-692014-001-02 1 111  2 MBEGU YA ASILI                                  2    51   512    0           2 1  0.52  7 7      180   45000 1 2
95-44-14-692014-001-02 2 111  2 MBEGU YA ASILI                                  2    21   212    0           2 1 0.252  7 7       80   20000 1 2
62-10-06-922027-001-01 1 111  2 77                                              1  1.51   0    1.51   90001612 1 0.252  6 6      216  140000 1  
62-10-06-922027-001-01 2 111  12HYBRID 128                                      1  2.51   0    2.51  210001612 1  0.52  6 6      324  210000 1  
62-10-06-922027-001-01 2 311  12MBEGU YA ASILI                                  2    21   0      21   40001612 1  0.52  3 3       40   80000 1  
42-38-34-362028-001-01 1 1121312MAHINDI                                         2    51   512    0           2 1  0.52  6 6       90   30000 1  
42-38-34-362028-001-01 1 3121312NJANO                                           2    31   0      31   60001611725                               
83-09-48-582029-001-01 1 111  2 MBEGU BORA                                      1    21   0      21  120001622 1    12  6 6     1080  420000 1 2
44-32-20-342030-001-01 2 111  12DKY530                                          1   101   0     101  600001632 1    12  6 6     1920  378000 1  
44-32-20-342030-001-01 2 3122412SOYA                                            2   101   0     101  20000 432 1  0.52  3 3       60  120000 1  
86-02-52-322031-001-01 3 111  2 DKY987                                          1   101   0     101  500001632 1 0.2512 6 6      480  160000 1 2
68-75-40-962033-001-01 3 121  2 MBEGU YA ASILI                                  2  1121 11212    0           2 1    62  5 6     5040 4320000 1 2
68-75-40-962033-001-01 4 411  2 MBEGU YA ASILI                                  2   161  1612    0           2 1    22  5 5      560  350000 2  
68-75-40-962033-001-01 5 111  2 MBEGU YA ASILI                                  2    11   112    0           2 1 0.252  5 5       72   20000 1 2
66-23-15-542045-001-01 1 111  2 ASILI                                           2    71   712    0           2 1  1.52  7 7      236  160000 1  
66-23-15-542045-001-01 2 111  2 ASILI                                           2   201  2012    0           2 1    22  7 7      236  160000 1  
19-73-12-232045-001-02 1 111  2 ASILI                                           2   101  1012    0           2 1    12  8 8      590  250000 1  
19-73-12-232045-001-02 2 111  2 ASILI                                           2   121  1212    0           2 1    12  8 8      708  300000 1  
62-61-78-732046-001-01 1 112312 KIMKOKA                                         2   104  1042    0           2 1    12  9 9      980  392000 1 2
62-61-78-732046-001-01 1 312112 LUNGEMBA                                        2    12   122    0           2 1 0.252  7 7      340  350000 1 2
62-61-78-732046-001-01 2 371  2 NAMBA 3                                         2    62   0      62 150000 932 1  2.52  4 4      700  245000 1 2
37-38-65-382047-001-01 1 111  12PANA                                            1    21   0      21  20000 63111    12  8 9     2000  700000 1 2
37-38-65-382047-001-01 1 2321412MBEGU YA KIENYEJI                               2    41   412    0           2 1 0.022  4 4       40   16000 1 2
37-38-65-382047-001-01 1 3121712MBEGU YA KIENYEJI                               2    51   512    0           131 0.252  6 6       40   70000 1 2
51-19-63-662048-001-01 1 111  2 MBEGU YA KIENYEJI                               2   101  1012    0           2 1    22  9 9     1120  320000 1  
68-42-20-722049-001-01 1 111  2 MBEGU YA KIENYEJI                               2    51   512    0           2 1 0.252  7 7      200  200000 1 2
68-42-20-722049-001-01 2 111  2 MBEGU YA ASILI                                  2   101  1012    0           2 1  2.52  7 7      200  200000 1 2
08-25-98-682050-001-02 1 111  2 MBEGU YA ASILI                                  2   101  1012    0           2 1  1.52  8 8      300   90000 2  
08-25-98-682050-001-02 3 111  2 MBEGU YA ASILI                                  2    21   212    0           2 1 0.252  8 8       40   10000 2  
97-07-45-242051-001-01 1 111  12MKOKA                                           2    51   512    0           2 1 0.7514 7 7      540  180000 1 5
97-07-45-242051-001-01 1 311  12SALUNDE                                         2   201  2012    0           131 0.7514 5 7      280  490000 1 5
97-07-45-242051-001-01 2 111  2 MKOKA                                           2   101  1012    0           2 1    22  7 7     1134  378000 1 5
71-98-45-442052-001-01 1 1123112MBEGU YA ASILI                                  2    51   512    0           2 1 0.752  7 7      144   96000 1  
71-98-45-442052-001-01 1 3121112SALUNDI SEED                                    1    41   0      41   80001612 1 0.252  5 5       15   30000 1  
77-92-16-672066-001-01 1 1121112SIDCO                                           3    51   513    0           2 1 0.252  6 7      400   48000 1  
77-92-16-672066-001-01 1 3121112MBEGU ZA WIFINYEGERA                            2   251  2512    0           2 1 0.252  6 6      180  120000 1  
77-92-16-672066-001-01 2 312112 WIFINYEGERA                                     2    22   222    0           2 1 0.252  6 6      480  120000 1  
66-38-93-892067-001-01 1 1121112KIENYEJI                                        2    21   0      21   8000 311725                               
35-93-00-792068-001-01 1 111  12SIDICO                                          1    21   0      21   2000 912 1  0.512 6 7      100   35000 1 2
35-93-00-792068-001-01 1 251  12ASILI                                           2   205  2052    0           2 1  0.52  812      160   50000 1  
35-93-00-792068-001-01 1 311  12ASILI                                           2   101  1012    0           2 1  0.512 4 5       50   10000 1  
35-93-00-792068-001-01 2 111  12ASILI                                           2    51   512    0           2 1  0.32  3 4       60   60000 1  
35-93-00-792068-001-01 2 311  12ASILI                                           2    31   312    0           2 1  0.32  3 3       70  140000 1  
35-93-00-792068-001-01 4 111  12ASILI                                           2    81   812    0           2 1  1.72  3 4      300   90000 1  
53-91-30-092069-001-01 1 111  12SIDCO                                           3    31   313    0           131 0.2514 7 7      140   36000 1  
53-91-30-092069-001-01 1 311  12MAHARAGE YA MBEYA                               3    12   123    0           2 1 0.252  5 5      120   90000 1  
53-91-30-092069-001-01 2 111  12SIDCO                                           3    31   313    0           1323                               
53-91-30-092069-001-01 2 311  12MAHARAGE YA MBEYA                               3    12   123    0           131    12  6 6      100   90000 1  
98-95-98-622070-001-01 1 311  2 MAHARAGE ASILI                                  2   201  2012    0           2 1  0.52  6 6       25   30000 2  
98-95-98-622070-001-01 3 311  12MBEGU YA ASILI YA MAHARAGE                      2   201  2012    0           2 1    12  6 6      200  100000 1 2
13-66-67-952072-001-01 1 311  122                                               2    21   212    0           2 1    12  6 6       40   25000 1  
13-66-67-952072-001-01 2 311  2 KIENYEJI                                        2    31   312    0           2 1    12  6 7      100  125000 1  
13-66-67-952072-001-01 3 221  2 MBEGU YA VIAZI                                  2    55   0      55   5000 212 1  0.52  811      480  180000 1  
24-27-78-932083-001-01 1 2521412MAGIMBI                                         2   205   0      0           2 22                               
24-27-78-932083-001-01 1 311  2 MAHARAGE                                        2    15   152    0           2 1  0.112 6 6       30   21500 2  
24-27-78-932083-001-01 2 311  2 MAHARAGE                                        2    51   512    0           2 1  0.111 6 6        8    6000 2  
51-49-82-492083-001-03 1 111  12MAHINDI                                         2    21   0      21   4000 41151  0.112 6 6       10    5000 1 2
51-49-82-492083-001-03 1 311  12MAHARAGE                                        2   103   0     103   5000 41151  0.112 6 6       10   10000 1 2
73-25-52-852085-001-01 1 311  12MBEGU MCHAGANYIKO ZA KIASILI                    2  2.51 2.512    0           2 1    22  6 7       60   45000 1 2
50-36-50-822086-001-01 3 311  12ASILI                                           2   181   0     181  16000 411826                               
29-87-29-692087-001-01 1 111  11ASILI                                           2    31   0      31   5000 212 22                               
29-87-29-692087-001-01 1 311  11CHIGOMOKILE NAILON                              2   102  2012    0           2 1  1.52 1212      240  228000 1  
29-87-29-692087-001-01 2 111  11ASILI                                           2    61   612    0           2 22                               
29-87-29-692087-001-01 2 311  11KIBLANGETI                                      1   101  1012    0           2 1    22  6 7      350  390000 1  
92-24-01-442088-001-01 1 311  2 CHAKUPONZA                                      2   101  1012    0           2 1    12  2 2      200  250000 1  
31-32-30-422089-001-01 1 111  12SEEDCO                                          1    21   0      11  11500 912 1  0.32  5 5      108   60000 1  
31-32-30-422089-001-01 1 311  12KIENYEJI                                        2   173 8.512    0           2 1  0.32  5 5      200  140000 1  
73-31-47-952102-001-01 1 432112 EBINYOBWA                                       2    31   312    0           141 0.252  6 6       24    5000 1  
02-38-53-952103-001-01 1 1122112KIENYEJI                                        2   201   0     201  20000 412 1  3.52  5 5     1700  272000 1  
34-93-93-402105-001-01 1 3121112KIENYEJI                                        2   201  2012    0           2 1 0.252  2 3       80   60000 1  
82-80-81-612105-001-02 1 3122412MBEGU YA ASILI                                  2    81   812    0           2 1  0.52  5 6      120   78000 6  
21-33-89-792107-001-01 1 3122112MBEGU YA ASILI YA MAHARAGE                      2   201  2012    0           1725                               
08-12-12-352108-001-01 1 312112 ROSE KOKO                                       1    12   0      12  24000 512 1 0.252  5 6      240  240000 1  
46-01-30-672109-001-01 2 111  12ASILI                                           2    11   0      11   1400 412 1  1.72  5 6      120   36000 1  
46-01-30-672109-001-01 2 311  12KIENYEJI                                        2   201  2012    0           2 1  1.72  6 6      140  140000 1  
89-05-97-182110-001-01 1 3122412SHUSHA                                          2   301  3012    0           2 1  0.52  6 6      170  170000 1  
19-03-71-262121-001-01 1 111  12SEEDCO                                          3    21   0      21   2000 512 1  0.52  6 6      100   42000 1  
19-03-71-262121-001-01 1 311  12MAHARAGE YA NJANO                               2    41   0      41   6000 512 1  0.52  5 4       80   64000 1  
72-87-81-322122-001-01 1 111  12MAHINDI                                         2    21   212    0           2 1  0.52  5 5       40   24000 1 2
72-87-81-322122-001-01 1 2421111VIAZI VIKUU                                     2   201  2012    0           2 22                               
72-87-81-322122-001-01 1 2522111MAGIMBI                                         2   331  3312    0           2 1  0.22  8 8       80   12000 1 2
72-87-81-322122-001-01 1 311  12MAHARAGE                                        2    71   712    0           2 1  0.52  6 6       50   50000 1 2
62-47-33-372123-001-01 1 1122112SEEDCO                                          1  1.51 1.511    0           131 0.2514 1 1      100   30000 6  
62-47-33-372123-001-01 1 2521112MAGIMBI YA KIENYEJI                             2   301  3012    0           2 1 0.252 10 9      160   20000 6 7
62-47-33-372123-001-01 1 3121112SHONA                                           2   201   0     101  12000161171 0.252  1 1       40   40000 6 7
62-47-33-372123-001-01 1 9121112MBEGU YA KIENYEJI                               2 0.2510.2512    0           131 0.251412 1       60    7000 6 7
62-47-33-372123-001-01 3 1121112SEEDCO                                          1    11   0      11   2500162131 0.2514 1 2      100   30000 6 7
62-47-33-372123-001-01 3 2221112SPORT                                           2   501  5012    0           2 1 0.252  6 7      100   30000 6 7
62-47-33-372123-001-01 3 2521112MBEGU ZA KIENYEJI                               2   201  2012    0           2 24                               
62-47-33-372123-001-01 3 3121112LUSHALA NA NASHONA                              2   151   0     151  18000161181 0.2511 5 6       30   50000 6 7
62-47-33-372123-001-01 3 4321112LUCIA                                           2    31   0      31  12000161121 0.2515 5 6       40   20000 6 7
46-20-06-252123-001-02 1 311  12KIENYEJI                                        2   101  1012    0           2 1    12  6 7      120  120000 1 2
46-20-06-252123-001-02 2 311  12KIENYEJI                                        2    51   512    0           2 1    12  6 7       50   50000 1 2
37-05-92-602124-001-01 1 11221121.5                                             2  1.51 1.512    0           131 0.2514 2 2       20    6000 1 2
37-05-92-602124-001-01 1 3122112ASILI                                           2  8.51 8.512    0           131  0.514 1 1       18   16200 1 2
37-05-92-602124-001-01 2 111  2 ASILI                                           2    41   212    21   2000 211323                               
37-05-92-602124-001-01 3 311  2 SHONA                                           2  3.51 3.512    0           2 1  0.22  6 6       18   10800 1 2
37-05-92-602124-001-01 4 311  2 LUSHALA                                         2   201  1012   101  20000 211423                               
85-54-66-362125-001-01 1 251  2 MAGIMBI                                         2  1205 12052    0           2 1  0.32  5 9       60   60000 1  
85-54-66-362125-001-01 2 871  2 MWANGA                                          1    35   0      35  30000 922 1  0.312 4 5      200   80000 1  
85-54-66-362125-001-01 4 111  12MAHINDI                                         2    71   712    0           2 23                               
85-54-66-362125-001-01 4 311  12SHONA                                           2   301   0     301  300001612 1  0.514 6 6      200  200000 1  
35-74-58-192126-001-01 1 111  12KIENYEJI                                        2   151  1512    0           2 1    12  2 3      300  180000 1 2
94-09-90-452127-001-01 1 111  12SEEDCO                                          2    11   0      11   6000 932 1    12  6 6      216   72000 1 2
94-09-90-452127-001-01 1 251  12MAGIMBI                                         2   201  2012    0           2 1    12  712       80   20000 1 2
94-09-90-452127-001-01 1 311  11RUSHARA                                         2   103   512    0           2 1    12  6 6      200  200000 1 2
41-24-37-002128-001-01 1 2521112MAGIMBI                                         2   101  1012    0           2 1  0.22  7 8       80   24000 2  
41-24-37-002128-001-01 1 311  2 MAHARAGE MEUPE                                  2    51   512    0           2 1  0.52  5 5       30   12000 2  
41-24-37-002128-001-01 2 112312 SIMBA                                           1    21   0      21  15000162121  0.815 6 6      200   60000 2  
41-24-37-002128-001-01 2 862112 KABICHI                                         1   505   0     505   5000162141 0.3517 8 8      150   45000 2  
96-25-27-682140-001-01 1 221  11KAYEMBU                                         2   301  3012    0           2 1  0.22  5 6      400   60000 1 2
60-98-83-842141-001-01 2 111  12SIDCO                                           3    11   0      11   1000161161    12 1212       20   10000 1 2
60-98-83-842141-001-01 2 311  12KYAKARAGWE                                      2    31   0      31   60001612 1    12 1112       54   24000 1 2
47-33-48-342143-001-01 1 1123112SEED CO                                         3    11   0      11   1000 412 1 0.352  1 1       35    6500 1 6
47-33-48-342143-001-01 1 222112 VIAZI VITAMU                                    2    21   0      21   30001612 1 0.152  7 7       20    7000 1 6
47-33-48-342143-001-01 1 3122112MAHARAGE                                        2    21   212    0           2 1 0.252  7 7       21    8000 1 6
41-90-49-082143-001-02 1 111  12MAHINDI                                         2    21   0      21   20001611323                               
41-90-49-082143-001-02 1 2222112VIAZI VITAMU                                    2   231  2312    0           181  0.211 7 7       25    8000 1 2
41-90-49-082143-001-02 1 2421112VIAZI VIKUU                                     2   101  1012    0           2 1 0.122  7 7       80   39000 1 3
41-90-49-082143-001-02 1 2522112MAGIMBI                                         2    51   512    0           2 1  0.22  7 7       20    4500 1 2
41-90-49-082143-001-02 1 311  12MAHARAGE                                        2    51   512    0           2 1  0.52  6 6       60   50000 1 2
93-04-22-652143-001-04 1 8721112MKULIMA                                         2    13   0      13   9000 92151  0.114 8 9      200  420000 1 2
93-04-22-652143-001-04 1 9121112MBEGU YA LISHE                                  1    11   0      11   8000 92111  0.1111112       85   35000 1 2
93-04-22-652143-001-04 199821112MBEGU ZA ASILI                                  2    11   112    0           2 1  0.12  4 5      106  120000 1 2
51-55-51-262145-001-01 2 311  12KIENYEJI                                        2    81   812    0           2 1    12 1112      100   90000 1  
88-95-93-562146-001-01 2 251  2 MAGIMBI                                         2  2005 20052    0           121  0.52  7 1      400  480000 1  
37-02-89-812146-001-03 2 431  2 KARANGA                                         2  1.51 1.512    0           121  0.115 5 5       20   28000 1  
98-78-94-132147-001-01 199822112MABALE                                          2   201  2012    0           2 1  0.52  2 8       96   36000 1 2
82-49-19-232159-001-01 1 3121112MBEGU YA ASILI                                  2    51   512    0           2 1 0.252  5 6      120   50400 1  
82-49-19-232159-001-01 1 4321112MBEGU ZA ASILI                                  2    41   412    0           2 1 0.252  6 6       72   60000 1  
40-34-16-232159-001-04 1 1121112MBEGU ZA KIENYEJI                               2    21   212    0           131 0.252  6 6      162   30000 1 2
43-91-81-402161-001-03 1 111  12ASILI                                           2    21   0      21   2800 91141  0.317 5 6       30   18000 1  
43-91-81-402161-001-03 1 311  12KIENYEJI                                        2    31   0      31   8000 912 1  0.52  2 3       10   20000 1  
92-29-28-062162-001-01 1 1121112MBEGU ZA KIENYEJI                               2    21   212    0           131 0.252  6 6      216   20000 2  
45-96-39-562164-001-01 1 111  12ASILI                                           2    51   512    0           2 1  0.72  4 6       40   10000 1  
45-96-39-562164-001-01 1 311  12ASILI                                           3    51   512    0           2 1  0.72  2 3       20   10000 1  
79-35-82-232166-001-01 1 111  2 NYANDE MAHINDI MAKUBWA                          1    81   0      81   5000161131  0.514 4 4       40   10000 1  
79-35-82-232166-001-01 1 311  12MBEGU YA ASILI YA MAHARAGE                      2   351   0     351  52500 41161  0.512 1 1       40   11000 1  
82-21-30-392181-001-01 1 251  12ASILI                                           2   455  4552    0           2 1  1.52  112      160   60000 1 2
54-85-06-092198-001-02 1 111  12KIENYEJI                                        2    12   122    0           2 1    32  4 5     1386  385000 1 2
54-85-06-092198-001-02 1 431  12MAVUMI                                          2   123   612    0           2 1    32  3 3      420  210000 1 2
01-99-19-152198-001-03 1 111  2 BUNANI                                          3    24   243    0           2 1    12  3 3      200   48000 1  
56-62-89-782199-001-01 1 1122112PUNDA MILIA                                     1   101   0     101  600001612 1    42  4 4     1200   30000 2  
77-31-17-492199-001-03 1 111  12ASILI                                           2   201  2012    0           2 1    12  4 6      300  105000 2  
97-95-25-482200-001-01 1 1121112DEKABO                                          1  1001   0    1001  24000 93131    52  5 6     5600 1400000 1  
97-95-25-482200-001-01 1 222112 MARANDO                                         2    25   0      25  10000 21171    12  6 6      560  140000 1  
97-95-25-482200-001-01 1 3121112MAHARAGE YA NJANO                               2    22   222    0           131    52  5 5      360  720000 1  
97-95-25-482200-001-01 1 4321112KARANGA                                         2   101  1012    0           2 1    52  5 6      250  360000 1  
97-95-25-482200-001-01 1 502112 MBEGU YA PAMBA                                  1   451   0     451 100000211131    32  6 6      600  720000 1  
97-95-25-482200-001-01 11002112 BAMIA                                           2    15   152    0           2 1    12  4 5       50   40000 1 2
99-10-27-022200-001-03 1 1122112MBEGU ZA KIENYEJI                               2   101   0     101  15000 31131  0.82  6 6      540   30000 1 2
14-73-22-192201-001-01 1 111  12SEEDCO                                          3    34   343    0           2 1    12  6 6      700  252000 1  
14-73-22-192201-001-01 1 311  12MAHARAGE YA NJANO                               3    54   0      54  10000 412 1    12  4 4       30   75000 2  
89-10-69-312202-001-01 1 1122112MBEGU ZA KIENYEJI                               2   301  3012   301  25000 41131  2.52  3 3      648   30000 1  
72-15-83-722203-001-01 1 111  12ASILI                                           2   151   0     151   7500 912 1    12  5 6      210   65000 1  
78-15-43-852216-001-01 1 111  12KIENYEJI                                        2    51   512    0           1826                               
78-15-43-852216-001-01 2 111  2 KIENYEJI                                        2    81   812    0           1826                               
78-15-43-852216-001-01 3 111  2 KIENYEJI                                        2   101  1012    0           1826                               
81-50-48-562217-001-02 1 111  12MAHINDI                                         2    12   122    0           2 1  2.52  6 7      648  180000 1 2
81-50-48-562217-001-02 1 311  12NJANO                                           2   401  4012    0           2 1  2.52  5 6      420  360000 1 2
81-50-48-562217-001-02 3 111  2 MAHINDI MAREFU                                  2   201  2012    0           1826                               
84-58-41-512218-001-01 3 3122112MAHARAGE YA NJANO                               2    51   512    0           2 1  0.22  5 5       60   60000 1 2
84-58-41-512218-001-01 7 311  2 MAHARAGE YA NJANO                               2   101  1012    0           2 1 0.252  6 6       80  100000 1 2
55-19-95-162219-001-01 3 1122112SEEDCO                                          1 1.251   0   1.251  150001612 1  0.52  3 4      108   60000 1 3
55-19-95-162219-001-01 3 3122112MANYURA                                         1    51   511    0           2 1  0.52  5 6      100   50000 1 3
55-19-95-162219-001-01 4 111  2 SEEDCO                                          1    31   0      31  360001622 1  1.52  3 3      324  180000 1 3
55-19-95-162219-001-01 4 3122112MANYURA                                         1   201  2011    0           2 1  1.52  6 6      160   80000 1 3
91-90-18-922220-001-01 1 111  12SEEDCO                                          3    31   0      31   3000 412 1  0.52  5 5      300  126000 1  
91-90-18-922220-001-01 1 311  12MCHANGANYIKO                                    2    41   0      41   6000 412 1  0.52  4 4      100  150000 1  
91-90-18-922220-001-01 3 111  2 SEEDCO                                          3    24   0      24   2000 412 1  0.52  5 5      100   42000 1  
91-90-18-922220-001-01 4 111  12SEEDCO                                          3    24   0      24   2000 412 1  0.52  5 5      200   84000 1  
91-90-18-922220-001-01 5 111  12SEEDCO                                          3    34   0      34   3000 412 1    12  5 5      200   84000 1  
91-90-18-922220-001-01 5 311  12MAHARAGE YA NJANO                               2    41   0      41   6000 412 1    12  4 5      200  300000 1  
05-40-62-632221-001-01 1 311  12NJANO                                           2   101  1012    0           2 1  0.52  6 6      120  120000 1 2
05-40-62-632221-001-01 4 311  2 20                                              2   201  2012    0           2 1    12  6 6      150  150000 1 2
24-15-17-332222-001-01 1 111  12MAHINDI                                         2   131  1312    0           2 1  1.52  6 7      400  120000 1 2
24-15-17-332222-001-01 1 2522112MAGIMBI                                         2    22   222    0           2 1  0.42  6 6      390  250000 1 2
24-15-17-332222-001-01 1 311  12MAHARAGE                                        2   501  5012    0           2 1  1.52  6 7      320  360000 1 2
24-15-17-332222-001-01 1 4322112KARANGA                                         2   151  1512    0           2 1  0.52  6 6      300  200000 1 2
24-15-17-332222-001-01 2 111  12MAHINDI                                         2    51   512    0           2 1 0.252  6 6      130   35000 1 2
24-15-17-332222-001-01 2 2522112MAHINDI                                         2    12   122    0           2 1  0.12  7 7      350  110000 1 2
24-15-17-332222-001-01 2 311  12MAHARAGE                                        2   251  2512    0           2 1 0.252  5 5      170  100000 1 2
24-15-17-332222-001-01 4 111  12MAHINDI                                         2    51   512    0           2 1  0.52  2 3      250   65000 1 2
24-15-17-332222-001-01 4 251  12MAGIMBI                                         2   501  5012    0           2 1  0.52  7 7      675  200000 1 2
24-15-17-332222-001-01 4 311  12MAHARAGE                                        2    15   152    0           2 1  0.52  2 2      100   60000 1 2
24-15-17-332222-001-01 5 111  12MAHINDI                                         2  7.51 7.512    0           2 1 0.252  5 5      100   30000 1 2
24-15-17-332222-001-01 5 251  12MAGIMBI                                         2   161  1612    0           2 1  0.22  6 6      255  135000 1 2
24-15-17-332222-001-01 5 311  12MAHARAGE                                        2    51   512    0           2 1 0.252  6 7       85   25000 1 2
24-15-17-332222-001-01 7 111  12MAHINDI                                         2   101  1012    0           151 0.2516 6 6       60   15000 1 2
24-15-17-332222-001-01 7 311  12MAHARAGE                                        2    12   122    0           2 1 0.252  5 5      180   75000 1 2
24-15-17-332222-001-01 8 111  12MAHINDI                                         2   101  1012    0           2 1    12  6 6      350  105000 1 2
24-15-17-332222-001-01 8 311  2 MAHARAGE                                        2   151  1512    0           2 1    12  5 5      500  175000 1 2
24-15-17-332222-001-01 9 111  12MAHINDI                                         2    12   122    0           2 1    12  6 7      500  150000 1 2
24-15-17-332222-001-01 9 311  12MAHARAGE                                        2   301  3012    0           2 1    118 6 6      470  250000 1 2
14-85-96-302222-001-08 1 111  12ASILI                                           2    11   112    0           2 1    12  2 2      120   30000 1 2
14-85-96-302222-001-08 1 311  12NJANO                                           2  2.51   0    2.51  10000 412 1    114 1 1       10   20000 1 2
21-66-19-792235-001-01 1 111  12KIENYEJI                                        2    11   112    0           2 22                               
21-66-19-792235-001-01 1 251  12KIENYEJI                                        2  2005   0      0           2 22                               
21-66-19-792235-001-01 1 311  12KIENYEJI                                        2    21   212    0           2 1    12 1112       60  105000 2  
21-66-19-792235-001-01 2 312242 KIENYEJI                                        2  0.51 0.512    0           2 22                               
21-66-19-792235-001-01 3 311  2 KIENYEJI                                        2  1.51 1.512    0           2 1    12 1112       40   70000 2  
04-72-30-292236-001-01 19982112 NYANYA CHUNGU                                   2    13   132    0           2 1  0.12  4 6       20   20000 1  
04-72-30-292236-001-01 2 1122313MAHINDI                                         2    21   212    0           2 1  0.212 7 7      120   80000 1  
04-72-30-292236-001-01 2 3122413MAHARAGE                                        2    41   412    0           2 1  0.212 7 7      100  100000 1  
00-11-58-552236-001-02 1 222112 VIAZI VITAMU                                    2    15   152    0           2 1  0.12  3 5      150  100000 1  
70-46-23-362237-001-01 1 311  2 MBEGU YA ASILI                                  2    81   812    0           2 1  0.514 2 5       35   70000 1  
33-40-18-382238-001-01 1 311  12SHONA                                           3    51   0      51  10000 442 1  0.52  5 5       80  120000 1  
33-40-18-382238-001-01 2 311  12MARIAINDA                                       2    61   612    0           2 1    12  5 5      140  210000 1  
33-40-18-382238-001-01 3 311  12RUSHARA                                         2    31   312    0           2 1  0.52  5 5       50   75000 1  
00-38-57-232239-001-01 1 2222112ASILI                                           2   201   0      0           2 1    12  8 020    360  100000 1  
33-71-74-272241-001-01 1 111  12SEEDCO                                          1    41   0      41  10000 911725                               
33-71-74-272241-001-01 1 311  12MEKUNDU                                         2    51   512    51  13500 91171    22 1111       20   50000 1  
31-14-86-012242-001-01 1 221  12VIAZI                                           2   151  1512    0           2 1  0.52  5 8      130   50000 1 2
31-14-86-012242-001-01 1 311  12MAHARAGE MEKUNDU                                2    21   212    0           111  0.5151111       18   36000 1 2
53-95-94-122254-001-01 1 112212 MAHINDI                                         2    51   512    0           2 1  0.112 6 6       60   30000 1  
53-95-94-122254-001-01 1 312212 MAHARAGE                                        2   201  2012    0           2 1  0.212 7 7      100   75000 1  
74-70-00-932255-001-01 1 311  2 LOSTOCO                                         1   201  2011    0           2 1  0.51912 020     40   40000 1 2
74-70-00-932255-001-01 29981  12MBEGU YA MHOGO YA KAWAIDA                       2   205  2052    0           2 22                               
79-86-31-642256-001-03 2 1121112ASILI                                           2   551  5512    0           151 0.372  5 6       75   60000 1 2
79-86-31-642256-001-03 2 3121112ASILI                                           2    21   212    0           2 1 0.372  6 6      110   60000 1 2
79-86-31-642256-001-03 2 3221111ASILI                                           2 0.2510.2512    0           2 1 0.122  5 6        5   12000 1 2
79-86-31-642256-001-03 2 4321112ASILI                                           2    51   512    0           2 1 0.122  5 5       15   45000 1 2
30-93-95-652257-001-01 1 311  12MSIMBILILO                                      2   101  1012    0           2 1    22  7 7      200  250000 1  
30-93-95-652257-001-01 2 3721412NGEGERE                                         2   101  1012    0           2 1  0.52  7 7       30   70000 1  
30-93-95-652257-001-01 3 1121412SEEDCO                                          3    31   0      0           2 1    12  7 7      432  120000 1 2
30-93-95-652257-001-01 3 3121312ROSEKOKO                                        2   151  1512    0           2 1    12  7 7      240  240000 1 2
14-19-73-232258-001-01 1 312282 KIENYEJI                                        2   101  1012    0           2 1  0.52  1 2       60   30000 1 2
14-19-73-232258-001-01 2 312212 KIENYEJI                                        2    51   512    0           2 1  0.52  6 7       80   80000 1  
80-56-51-762259-001-01 1 1121212MAHINDI                                         2    21   212    0           2 1  0.22  7 8       40   16000 1 2
80-56-51-762259-001-01 1 3122112MAHARAGE MEKUNDU                                2    81   812    0           131 0.3514 7 7      120   72000 1 2
80-56-51-762259-001-01 3 1121112MAHINDI                                         2    31   312    0           2 1 0.252  7 7       54   24000 1 2
80-56-51-762259-001-01 3 3122112MAHARAGE                                        2   101  1012    0           2 1  0.52  5 6      190  114000 1 2
16-88-52-772260-001-01 1 232212 YA ASILI                                        2   301  3012    0           2 1    12  7 7      140   50000 1  
16-88-52-772260-001-01 1 312212 ROSEKOKO                                        2   201  2013    0           2 1    12  7 7       80  100000 1  
19-61-62-902277-001-03 1 222142 MBEGU YA ASILI                                  2   251   0      0           2 1 0.122  6 6       70   60000 1  
14-58-18-612292-001-02 4 321  2 NGOJI                                           1    21   0      21   50001041323                               
29-32-41-812293-001-01 1 121  2 MBEGU YA ASILI                                  2   251  2512    0           2 1 0.252  7 8      200  200000 1 8
22-44-20-212293-001-02 1 112112 MAHINDI                                         2  0.51 0.512    0           2 1  0.12  6 6       25   10000 1  
22-44-20-212293-001-02 1 322112 KUNDE                                           2  0.51   0    0.51    5001612 1  0.12  6 6       20   20000 1  
48-54-13-872293-001-04 1 122312 MATAHA                                          2    31   0      0           2 1 0.252  7 7      200   10000 1 2
79-64-91-552294-001-01 4 121  2 MBEGU ZA ASILI                                  2  1.51 1.512    0           2 1  0.52  5 6      200       0 2  
79-64-91-552294-001-01 5 121  2 MBEGU ZA ASILI                                  2  1.51 1.512    0           2 1  0.52  5 6      200  200000 2  
79-64-91-552294-001-01 6 121  2 MBEGU ZA ASILI                                  2 19.5119.512    0           2 1 1.252  5 6      350  350000 2  
83-01-75-412295-001-01 1 222142 YA KAWAIDA                                      2    51   0      0           2 1  0.22  7 7       10   30000 1  
83-01-75-412295-001-01 2 121  2 KIPETELI                                        2   361  3612    0           2 1  0.52  6 7      300  420000 1  
80-85-79-462296-001-01 1 121  2 MBEGU ZA KIASILI                                2   201  2012    0           2 1  0.52  8 9      200  280000 1 2
78-59-25-362297-001-01 1 121  2 SUPER INDIA                                     2   181  1812    0           2 1    12  6 7      100  140000 1  
78-59-25-362297-001-01 3 221  2 ZA  KAWAIDA                                     2  1005   0      0           121  0.52  7 7       30   75000 1  
78-59-25-362297-001-01 4 121  2 MPUNGA WA IRI                                   2   101  1012    0           2 1  0.52  5 5      150  210000 1  
90-57-92-072298-001-01 2 112132 ASILI                                           2    11   0      0           2 1 0.252  7 7      100   40000 1  
90-57-92-072298-001-01 2 121  2 SUPER INDIA                                     3   301  2513    0           141 0.752  6 6      100   40000 1  
86-59-55-562299-001-01 1 122252 GARAMATA                                        1   101   511    0           2 1  0.514 5 8      100  120000 1  
61-02-06-092312-001-01 1 221  2 TANGO                                           2   501  5012    0           2 1 0.072  6 6      150  150000 1  
75-37-54-952313-001-01 1 221  2 MBEGU YA ASILI                                  2   901   912    0           2 1    22  8 9      140   40000 1  
75-37-54-952313-001-01 2 121  2 MBEGU ZA ASILI                                  2   101  1012    0           2 1  1.52  4 6      400  100000 1  
75-37-54-952313-001-01 3 222212 MBEGU ZA ASILI                                  2   601   0      0           2 1  0.52  2 4      140   60000 1  
85-96-93-022316-001-01 4 121  2 MBEGU ZA ASILI                                  2   101  1012    0           131 0.252  6 6      300  300000 1 2
68-30-71-792350-001-03 4 121  2 RINGA                                           2   161  1611    0           111  0.52  5 6      180  180000 6 7
14-98-81-492352-001-02 3 121  2 MBEGU YA RINGA                                  2   201  2012    0           2 1  0.52  7 7      100   60000 2  
12-97-36-292352-001-04 2 121  2 MBEGU ZA ASILI                                  2   151  1512    0           2 1 0.252  8 8      120  100000 6  
18-73-48-012353-001-04 2 121  2 MBEGU ZA ASILI                                  2    41   412    0           2 1  0.52  5 6      200  160000 1  
54-52-86-502371-001-01 1 1223112SUPER INDIA                                     3   201  2013    0           111    12  7 7      470  200000 1  
77-70-58-352389-001-02 4 221  2 MBEGU ZA ASILI                                  2   251  2512    0           1223                               
19-16-49-472426-001-01 1 121  2 MBEGU YA ASILI                                  2   251   0      0           2 1  0.52  8 8      150  150000 1  
19-16-49-472426-001-01 2 121  2 MBEGU YA ASILI                                  2   251   0      0           2 1  0.52  9 9      150  150000 1  
65-69-85-942427-001-01 1 121  2 SARO                                            1   151   0     151   7500 212 1  0.52  8 8      300  270000 1  
81-05-05-172432-001-01 1 121  2 SUPER IGIN                                      1   251   0     251   5000 622 1    12  5 6      420  500000 1  
43-06-56-912446-001-01 2 111  2 PANNAR                                          1    21   213    21   7000 912 1    22  6 6      440   88000 1  
59-21-82-292447-001-01 1 921  2 MBEGU ZA KIENYEJI                               2 0.251   0   0.251    500 412 1 0.252  2 5       50    2500 1  
59-21-82-292447-001-01 3 121  2 MBEGU ZA KIENYEJI                               2   281   0     241  20000 112 1    12  5 5      840   60000 1  
06-02-80-212449-001-02 1 111  2 MBEGU ZA KIENYEJI                               2    81   0      81   5000 412 1    12  6 6      324   54000 1  
08-04-12-232450-001-01 1 111  12KIENYEJI                                        2    41   0      41   2500 41131    112 5 5        8    8000 2  
08-04-12-232450-001-01 1 431  12KIENYEJI                                        2   151   0     151   9000 41131    114 5 5        8   16000 2  
32-08-98-112451-001-01 1 111  2 KIENYEJI                                        2    81   0      81   8000 412 1    12  5 6      300   35000 1 2
02-48-82-832463-001-02 1 121  2 MDOMO WA FISI                                   2    81   812    0           111    22  5 6     2250 1840000 4  
02-48-82-832463-001-02 2 111  2 SEEDCO                                          1    61   0      61  12000161121    22  3 4     1440  720000 4  
47-13-32-572464-001-03 1 122142 BAWA MBILI                                      2   151  1512    0           2 1    12  5 6     2700  90000013  
47-13-32-572464-001-03 1 312142 YANGA                                           2   601   0     601 120000 912 1    12  8 8      360  61200013  
47-13-32-572464-001-03 2 121  2 BAWA MBILI                                      2  1201 12012    0           2 1    42  5 6     9000 300000013  
47-13-32-572464-001-03 2 312142 YANGA                                           2   601   0     601    120 912 1    12  8 8      360  61200013  
84-08-06-472466-001-01 1 121  2 KIENYEJI                                        2   251  2512    0           171    112 5 7      100   40000 1 2
50-73-58-262468-001-01 1 111  2 SEEDCO                                          1    41   0      41  14000 412 1    112 4 4      200   40000 6  
50-73-58-262468-001-01 2 111  2 SEEDCO                                          3    21   0      21   4000 412 1  0.52  4 4      200   40000 1  
50-73-58-262468-001-01 3 121  2 KIBOKO                                          3    12   0      12   5000 412 1  0.52  5 5      750  300000 1  
89-90-41-692469-001-01 2 121  2 KIENYEJI.                                       2    15   0      15  12000 312 1  0.52  6 6      360  320000 1 2
67-03-39-722471-001-01 2 111  2 MAHINDI                                         2    14   0      0           121  0.212 5 5      100   18000 1 2
68-67-25-542482-001-01 1 111  2 PANNAR                                          1    21   0      21   8000 912 1    12  7 7      432    4000 1  
68-67-25-542482-001-01 2 111  2 KIENYEJI                                        2    31   312    0           2 1    12  5 6      432    5000 1  
84-22-10-902483-001-01 2 112112 KIENYEJI                                        2  0.51 0.512    0           2 1 0.252  6 6       25    6250 1  
84-15-81-242484-001-01 2 111  12ASILI                                           2   401  4012    0           2 1  2.52  5 6     1500  525000 1  
84-15-81-242484-001-01 2 4321112ASILI                                           2   401  4012    0           2 1 0.252  4 5      100   80000 1  
81-42-62-102485-001-01 2 112212 TEMBO                                           2   101   0     101 120000 912 1    12  6 6      864    5000 1  
81-42-62-102485-001-01 2 411  2 ASILI                                           2    51   0      0           2 1    12  6 6      672    5800 1  
98-07-44-472486-001-01 3 1123112ASILI                                           2   151  1512    0           2 1  1.52  5 6      700  210000 1  
98-07-44-472486-001-01 3 4121112ASILI                                           2    51   512    0           2 1  0.32  6 7      180   75000 1  
47-67-96-082486-001-02 1 112312 MBEGU ZA ASILI                                  2   201  2012    0           131    22  7 7     1620   40000 1 2
47-84-06-542487-001-01 1 111  2 MBEGU ZA ASILI                                  2   101  1012    0           151    22  5 5     1620   42000 1 2
47-84-06-542487-001-01 2 411  2 MBEGU ZA ASILI                                  2   201  2012    0           161    42  7 8      900   30000 1 2
47-82-17-412488-001-01 2 111  12MBEGU YA ASILI YA MAHINDI                       2   201  2012    0           121    42  6 6     1300   30000 2  
47-82-17-412488-001-01 2 411  12MBEGU YA ASILI YA ALIZETI                       2    61   612    0           161    419 5 5      300   30000 2  
47-82-17-412488-001-01 4 111  2 MBEGU YA ASILI YA MAHINDI                       2   181  1812    0           2 1    12  6 6      400   30000 2  
72-61-43-802488-001-04 1 111  2 SEEDCO 503                                      1   141   0     141  700001611223                               
16-18-83-882489-001-01 1 112112 SIDCO                                           3    12   123    0           2 1    32  5 5     1440   30000 1 3
16-18-83-882489-001-01 1 122112 YY                                              2    22   222    0           2 1    22  6 6     2592   45000 1 3
16-18-83-882489-001-01 1 222112 MWANABALU                                       2    15   152    0           2 1    12  5 5      400   10000 1  
16-18-83-882489-001-01 1 432112 MBEGU YA KARANGA                                2    22   222    0           2 1    12  3 3      250   30000 1 3
60-01-61-292520-001-01 2 111  12MBEGU ZA KIENYEJI                               2    81   0      81  16000 31131    12  6 6      108   35000 1 2
00-90-94-292520-001-03 1 311  12NJANO                                           2    51   0      51  10000 512 1  0.52  3 3       40   64000 1 2
00-90-94-292520-001-03 1 431  12KIENYEJI                                        2    81   812    0           2 1  0.52  5 5       36   90000 2  
05-19-50-612522-001-01 2 431  2 KARANGA NYEUPE                                  2    41   412    0           2 1  0.52  6 6       90   50000 1  
22-75-70-322524-001-01 1 111  12ASILI                                           2   101  1012    0           2 1  0.52  4 5      220  120000 1  
22-75-70-322524-001-01 1 311  12MUHORO                                          2   201  2012    0           2 1  0.52  3 4       60   95000 1  
22-75-70-322524-001-01 2 111  12ASILI                                           2   101  1012    0           2 1  0.52  4 5      250  140000 1  
22-75-70-322524-001-01 2 311  12MUHORO                                          2   201  2012    0           2 1  0.52  3 4       40   70000 1  
07-14-14-702526-001-01 1 111  12MBEGU ZA KIENYEJI                               2    81   0      81  24000 21131    12  6 6       72   12000 1  
89-74-27-612527-001-01 1 252112 KIENYEJI                                        2 10005   0      0           2 1  0.12  6 6      300   15000 1  
21-30-41-122527-001-05 2 431  2 ASILI                                           2    71   0      71  17500 21131  0.52  3 3       60   84000 1  
59-63-78-892527-001-07 1 311  2 MLEMBEGWA                                       2    31   0      31   7500 412 1  0.52  5 5       20   40000 1 2
38-66-19-412560-001-01 1 1122112SEEDCO                                          1   201   0     201  32000 432 1    22  4 5     1400  840000 2  
38-66-19-412560-001-01 1 2421112VIAZI VIKUU                                     2  1261 12612    0           2 1  1.52  8 030    480   36000 2  
38-66-19-412560-001-01 1 3121112MOLO                                            2   801   0     801 1600001612 1  2.52  1 2     1500 3000000 2  
38-66-19-412560-001-01 1 4321112KARANGA 4                                       2   901   0     901 315000 422 1  1.52  2 4      350  700000 2  
38-66-19-412560-001-01 2 1121112MAHINDI YA KIHA                                 2   301   0     301  180001642 1    32  3 6      900  540000 2  
38-66-19-412560-001-01 2 2221112KASHAMBA                                        2   301   0     301  15000 322 1 0.252  5 045    960  300000 2  
38-66-19-412560-001-01 2 2421112VISUNZU                                         2   301  3012    0           2 1 1.252  8 021    640   88000 2  
38-66-19-412560-001-01 2 3121112MOLO                                            2   541  2012   341  68000162171  1.512 2 4      780 1365000 2  
38-66-19-412560-001-01 2 3221112KUNDE ZA KUSIMAMA                               2    21   212    0           2 1 0.252  4 8      700   76000 2  
38-66-19-412560-001-01 2 3421112MBAAZI                                          2    11   112    0           2 1 0.752  5 7       60   47000 2  
38-66-19-412560-001-01 2 3621112NJUGU MAWE                                      2    14   142    0           2 1 0.252  4 4      700  272000 2  
38-66-19-412560-001-01 2 4321112KARANGA 4                                       2   201  2012    0           2 1  0.52  4 5      240 1200000 2  
38-66-19-412560-001-01 2 9021112MBUZI                                           2    13   132    0           2 1 0.252  2 7      102   55500 2  
38-66-19-412560-001-01 2 9221112MDEGE                                           2    13   132    0           2 1  0.52  3 6      320  240000 2  
38-66-19-412560-001-01 3 1121112KIHA                                            2    61   612    0           2 1    12  4 5     1400  840000 2  
38-66-19-412560-001-01 3 2221112KASHAMBA                                        2   201  2012    0           2 1    12  5 7      480  150000 2  
38-66-19-412560-001-01 3 3421112MBAAZI                                          2   101  1012    0           2 1    12  5 7      860  674000 2  
38-66-19-412560-001-01 3 4321112KARANGA 4                                       2   201  2012    0           2 1    12  4 5      740 3700000 2  
33-20-45-662566-001-01 29981  12KIENYEJI                                        2  2001   0    2001  15000 21151    12  6 7      750  105000 1 4
87-80-88-842577-001-01 4 111  12KIENYEJI                                        2    41   0      41   4000 412 1  0.52  6 6      200   60000 1 2
87-80-88-842577-001-01 4 311  12KIENYEJI                                        2   151   0     151  37500 412 1  0.52  6 6      100  130000 1 2
31-12-34-482578-001-01 1 111  12KIENYEJI                                        2    31   312    0           2 1    12  6 6      324    9800 1  
31-12-34-482578-001-01 1 311  12KIENYEJI                                        2    31   312    0           2 1    12  6 6      120   21000 1  
50-89-79-362578-001-04 1 111  12KIENYEJI                                        2    21   212    0           2 1 0.252  6 6      108    5000 1  
50-89-79-362578-001-04 1 311  12KIENYEJI                                        2    11   112    0           2 1 0.252  6 6       20   25000 1  
50-89-79-362578-001-04 2 111  2 KIENYEJI                                        2    41   412    0           2 1    12  6 7      648    5000 1  
57-34-90-342579-001-01 1 111  12MBEGU YA ASILI YA MAHINDI                       2    91   912    0           2 1  0.52  3 4       40   20000 1  
57-34-90-342579-001-01 1 311  12MBEGU YA ASILI YA MAHARAGE                      2  7.51 7.512    0           2 1  0.52  2 2       20   28000 1 2
57-34-90-342579-001-01 3 1122112MBEGU YA ASILI YA MAHINDI                       2  3.51 3.512    0           2 1  0.519 6 6       20   20000 1 2
57-34-90-342579-001-01 3 311  12MBEGU YA ASILI YA MAHARAGE                      2   181  1812    0           2 1    12  2 3       80   28000 1 2
57-34-90-342579-001-01 3 4322112MBEGU YA ASILI YA KARANGA                       2 14.5114.512    0           2 1  0.52  6 7      100   70000 1 2
57-34-90-342579-001-01 4 111  12MBEGU YA ASILI YA MAHINDI                       2   801  8012    0           2 1    22  6 7      400   80000 1 2
57-34-90-342579-001-01 4 311  12MBEGU YA ASILI YA MAHARAGE                      2   801  8012    0           2 1    22  6 6      300  168000 1 2
03-51-31-802580-001-01 1 111  12SIDCO                                           3    11   113    0           2 1  0.52  6 6      100   42000 1 2
03-51-31-802580-001-01 1 311  12MBEGU YA KOROMBWE                               2    51   512    0           2 1  0.52  6 6       60   72000 1 2
03-51-31-802580-001-01 2 111  12SIDCO                                           3    41   413    0           2 1 0.252  6 6      100   40000 1 2
03-51-31-802580-001-01 2 3121112MBEGU YA KOROMBWE                               2    71   712    0           2 1 0.252  6 6       20   16800 1 2
03-51-31-802580-001-01 3 1121312SIDCO                                           3    21   213    0           2 1 0.252  6 6      100   40000 1  
03-51-31-802580-001-01 3 3121312MBEGU YA KOROMBWE                               2    61   612    0           2 1 0.252  6 7       50   36000 1  
36-00-34-172581-001-01 1 112232 KIENYEJI                                        2    21   0      0           2 1  0.52  7 7       40   10000 1  
19-69-36-162582-001-01 1 111  12ASILI                                           2    41   413    0           2 1  0.72  6 6      100   35000 1  
19-69-36-162582-001-01 1 311  12ASILI                                           2    61   612    0           2 1  0.52  5 6       60   92400 1  
81-90-64-932582-001-02 1 111  12ASILI                                           2   101  1012    0           2 1    22  6 7      780  351000 1  
52-35-01-102583-001-01 2 111  12MBEGU YA ASILI YA MAHINDI                       2   301  2412    0           2 1    12  7 7      300   30000 1 2
52-35-01-102583-001-01 2 311  2 MAHARAGE ASILI                                  2   201  2012    0           2 1    12  6 6      150  100000 1 2
52-35-01-102583-001-01 2 431  2 MBEGU YA ASILI                                  2   401  4012    0           2 1    12  6 6      150   80000 1 2
67-65-66-592584-001-01 1 111  2 MBEGU ZA ASILI                                  2   101   0     101  10000 312 1    12  6 6      108   40000 1 2
67-65-66-592584-001-01 2 111  2 MBEGU ZA ASILI                                  2   121   0     121  10000 31171    112 6 6      216   40000 1 2
46-01-46-902596-001-01 1 111  12KIENYEJI                                        2    21   212    0           2 1  2.52  4 5       80   20000 1  
46-01-46-902596-001-01 3 111  2 KIENYEJI                                        2    81   812    0           2 1    12  5 6      200   50000 1  
04-45-84-212596-001-02 1 111  12KIENYEJI                                        2    31   312    0           2 1  2.52  4 6       60   15000 1  
04-45-84-212596-001-02 2 111  12KIENYEJI                                        2   101  1012    0           2 1    12  4 6      200   60000 1 2
04-45-84-212596-001-02 3 111  12KIENYEJI                                        2   201  2012    0           2 1    22  4 6      400  120000 1  
38-21-54-732596-001-03 1 111  12KIENYEJI                                        2    11   111    0           2 1  0.22  4 4       30    8000 1 2
38-21-54-732596-001-03 1 311  12RANGI MOJA                                      2  1.51 1.512    0           2 1  0.22  2 2       10   10000 1 2
38-21-54-732596-001-03 2 111  12KIENYEJI                                        2   101   0     101   5000 412 1    22  4 4      270   75000 1 2
38-21-54-732596-001-03 2 311  12RANGI MOJA                                      2   301   0     301  20000 412 1    22  2 2      385  481250 1 2
70-04-49-902597-001-01 1 1121112MBEGU YA ASILI                                  2    11   112    0           2 1  0.12  3 4       20    4000 1 2
70-04-49-902597-001-01 1 3121112MAHARAGE YA NJANO                               1    21   212    0           2 1  0.12  2 3        5    5000 1 2
70-04-49-902597-001-01 3 311  2 MAHARAGE YA NJANO                               2   251  2512    0           2 1    12  2 3      240  240000 1 2
03-81-40-042598-001-01 1 111  12SEEDCO                                          3    24   0      24   1200 412 1  0.52  6 6       60   15000 1  
03-81-40-042598-001-01 1 311  12MAHARAGE YA NJANO                               2    31   0      31   4500 412 23                               
03-81-40-042598-001-01 2 111  12SEEDCO                                          3    21   0      21   2000 412 1  0.52  6 6       80   20000 1  
03-81-40-042598-001-01 2 311  12MAHARAGE YA NJANO                               2    42   0      41   6000 412 1  0.52  1 1       40   40000 1  
79-69-38-692598-001-03 1 112232 SEEDCO                                          2    71   0      71   3500 512 1  0.52  6 6      432  120000 1 2
79-69-38-692598-001-03 2 111  2 SEEDCO                                          2    21   0      21   1000 512 1 0.252  6 6       40   10000 1 2
71-80-87-222599-001-01 1 111  12MAHINDI                                         2    21   212    0           2 1  0.32  5 5       60   30000 1  
71-80-87-222599-001-01 2 111  2 MAHINDI                                         2    15   152    0           2 1    22  5 5      130   90000 1  
63-68-95-782600-001-01 1 111  12KIENYEJI                                        2 0.2510.2512    0           2 1  0.22  6 5       40   12000 1 2
63-68-95-782600-001-01 1 311  12KAJWALI                                         2    11   0      11   1200 412 1  0.22  2 2       10    8000 1 2
63-68-95-782600-001-01 2 111  12KIENYEJI                                        2    71   712    0           2 1    12  5 5      216   60000 1 2
63-68-95-782600-001-01 2 311  12NJANO                                           2    71   0      71  56000 412 1    12  2 2       60   60000 1 2
96-72-67-952601-001-01 1 1122112MAHINDI                                         2    14   142    0           2 1 0.122  5 5       20    3000 2  
96-72-67-952601-001-01 1 3122112NJANO                                           2    11   112    0           2 1 0.122  2 2        5    5000 2  
96-72-67-952601-001-01 2 1121112MAHINDI                                         2  2.51   0    2.51   1250 41131 0.2514 5 5       20    6000 2  
96-72-67-952601-001-01 4 1122112MAHINDI                                         2    51   512    0           2 1  0.52  5 5      120   36000 2  
96-72-67-952601-001-01 4 3122112NJANO                                           2   101   0     101  15000 412 1  0.52  2 2       30   36000 2  
52-12-15-012601-001-03 1 111  12SEED CO                                         3    21   213    0           2 1  0.52  5 5       60   12000 1 2
52-12-15-012601-001-03 1 2521112MAGIMBI                                         2   251  2512    0           2 1  0.22  6 6      130    7000 1 2
52-12-15-012601-001-03 1 311  12MAHARAGE                                        2    51   0      51  100001612 1  0.52  4 5       40   40000 1 2
52-12-15-012601-001-03 4 111  12SEED CO                                         3    31   313    0           2 1 0.252  5 5      120   35000 1 2
52-12-15-012601-001-03 4 311  12MAHARAGE                                        2    51   512    0           2 1 0.252  4 4       65   65000 1 2
52-12-15-012601-001-03 4 912112 MCHICHA                                         2    15   152    0           2 1  0.12  4 6       70    6000 1 2
31-62-76-732601-001-04 1 1122112MAHINDI                                         2   121   0     121   6000 412 1  0.52  5 5      702  120000 1  
31-62-76-732601-001-04 1 3122112NJANO                                           2   251  2512    0           2 1  0.52  5 5      200  240000 1  
41-43-64-192603-001-01 2 111  12MAHINDI                                         2    51   512    0           151  0.112 4 5      120   30000 1  
41-43-64-192603-001-01 2 311  12MAHARAGE                                        2  0.52 0.522    0           151  0.112 5 5       60   90000 1  
41-43-64-192603-001-01 3 111  12MAHINDI                                         2    21   212    0           2 1  0.112 4 5       60   15000 1  
41-43-64-192603-001-01 3 311  12MAHARAGE                                        2  0.52 0.522    0           2 1  0.112 5 5       40   60000 1  
10-26-89-172603-001-02 1 111  2 DK                                              1    21   0      21  26000 912 1 0.252  5 7      240   70000 1  
81-85-70-182615-001-01 2 111  12614 HIGH BRIDGE                                 1    21   0      21  170001912 1  0.52  7 7      200   60000 1  
47-38-94-742616-001-01 1 311  2 SOYA                                            1   101  1011   101  300001612 1 0.752  6 6       70  175000 1 2
47-47-77-472618-001-01 2 311  2 KIENYEJI KARIAZE                                2   601   0     601  96000 422 1  0.511 7 7      220  176000 1  
86-05-32-232620-001-01 2 111  12614D                                            1    31   0      31  270001612 1    12  6 6     1118  440000 1 2
86-05-32-232620-001-01 2 231  12MBEGU YA ASILI                                  2  3.55   0    3.55 315000 911424                               
33-87-64-652621-001-01 1 111  2 614 D                                           1    31   0      31  150001612 1    12  6 6      200  120000 1 2
33-87-64-652621-001-01 2 111  2 614D                                            1   161   0     161  800001612 1    32  6 6     2200 1320000 1  
33-68-64-862622-001-01 1 1121112MBEGU YA TUMBIRI                                1    21   111    11  12000161181  0.111 4 6      150   60000 1  
51-21-65-292635-001-01 1 311  2 SOYA                                            2   101   0     101  240001612 1 0.252  6 6      120  312000 1 2
51-21-65-292635-001-01 2 231  2 SUPER TAN                                       2    42   0      42  60000 422 1  0.52  7 7      720  360000 1 2
50-61-33-622636-001-01 1 1122112MBEGU YA DK                                     1    11   0      11  130001612 22                               
50-61-33-622636-001-01 1 2722112MBEGU YA TANGAWIZI                              1  1001   0    1001  60000 212 22                               
50-61-33-622636-001-01 2 1122112MBEGU YA DK                                     1    21   0      21  130001612 22                               
50-61-33-622636-001-01 2 2722112MBEGU YA TANGAWIZI                              1  1001   0    1001  600001612 22                               
50-61-33-622636-001-01 3 111  2 MBEGU YA DK                                     1  5005   0    5005   65001612 22                               
87-28-67-892637-001-01 1 312142 KAASIRIKA                                       1    11   0      11   20001022 1 0.252  7 7       45   45000 1 2
65-03-17-072639-001-01 1 231  2 SUPER TANNING                                   1   751   0     751  51000 522 1 0.252  5 5      350  210000 1  
01-89-35-762640-001-01 1 311  2 KIENYEJI                                        2   201   0     201  30000 422 1  0.112 7 7      180  180000 1 2
18-61-60-452654-001-01 1 111  2 ASILI                                           2   101  1012    0           2 1    12  7 7      100   35000 1  
24-22-77-122655-001-01 1 111  12PAONEA                                          1   161   0     161 104000 932 1   1011 6 6      600   30000 1  
24-22-77-122655-001-01 1 311  12SOYA                                            2   541   0     541 135000 932 1   1011 5 5      200  200000 1  
99-69-94-532656-001-01 4 111  2 KIENYEJI                                        2    51   512    0           121    12  8 8     1200  540000 1  
52-66-15-242656-001-02 1 111  2 KIENYEJI                                        2    61   0      61  24000 332 1  0.211 7 7      240  100000 1 2
37-28-81-672658-001-01 2 111  2 SEED-CO                                         1    81   0      81  480001622 23                               
09-77-46-662659-001-02 1 111  12HI BRIDGE                                       1    41   0      0           2 1 0.2511 8 8       40   16000 2  
09-77-46-662659-001-02 1 3121412SOYA YA KIJIVU                                  2    11   0      11   20001612 1 0.252  6 6       20   50000 2  
09-77-46-662659-001-02 1 322142 MBEGU NDOGO                                     2  0.51   0    0.51    8001612 1 0.252  7 7       10   20000 2  
47-19-86-882672-001-02 1 112212 MAHINDI YA NJANO                                3    11   113    0           2 1 0.252  7 7       72   56000 2  
08-23-56-622677-001-01 1 112282 MBEGU YA KICHAGA                                2    31   312    0           2 1  0.52 12 020    240  120000 1  
16-50-27-262678-001-01 1 112112 HYBREED                                         1    11   0      11   6000 522 1  0.22 1010       50   20000 1  
35-57-95-512691-001-02 1 111  2 MBEGU BORA                                      1    21   0      21  120001642 1 0.752  9 9      240  120000 6  
47-00-46-322692-001-01 1 111  12DK315                                           1    21   0      21  120001632 1 0.252  8 8      108   60000 1 2
47-00-46-322692-001-01 1 311  12KIJIVU                                          2    21   212    0           2 1 0.252  7 7       20   25000 1 2
47-00-46-322692-001-01 2 111  12DK105                                           1    31   0      31  180001632 1  0.52  9 9      270  150000 1 2
47-00-46-322692-001-01 2 311  12KIJIVU                                          2    41   412    0           2 1  0.52  7 7       50   62500 1 2
39-54-66-842693-001-01 1 111  2 DK 8041                                         1    21   0      21  12000164121  0.115 9 9       40   24000 1  
39-54-66-842693-001-01 1 311  12SOYA MANJANO                                    2    21   0      21   5000 522 1  0.115 8 8       20   30000 1  
91-80-39-562694-001-01 1 1122112MBEGU YA DUKKANI                                1    61   0      61  150001612 1 0.252  8 8       40   40000 1  
91-80-39-562694-001-01 1 3122112MBEGU YA MAHRAGE YA BUKOBA                      3    12   112    0           2 1 0.252  6 6       60  180000 1  
86-49-59-312695-001-01 1 111  12DK 8041                                         1    21   0      21  120001632 1  0.52  9 9      270  150000 1 2
86-49-59-312695-001-01 1 311  12MBEGU ZA ASILI                                  2    31   312    0           171  0.512 7 7       20   20000 1 2
50-01-22-992696-001-01 2 111  12SIDCO                                           1    61   0      61  36000 932 1 0.752  9 9      500  250000 1  
50-01-22-992696-001-01 2 311  12BUKOBA                                          2    81   0      81  16000 932 1 0.752  7 7       45   67500 1  
50-01-22-992696-001-01 2 411  12ALIZETI                                         2  0.51 0.512    0           2 1 0.752  7 7       40   40000 1  
23-46-30-522711-001-01 1 121  2 JAPAN                                           1   401   0     401  80000 722 1    22  6 7     7000 5000000 1  
23-46-30-522711-001-01 3 111  2 DK                                              1    81   0      81  960001622 1    22  7 7     3780 1750000 1  
89-50-33-812714-001-01 1 111  2 99/89                                           1    51   0      51  120001642 1    22  7 7     1200  650000 1 2
89-50-33-812714-001-01 2 121  2 UREA                                            1   501  5011   501  560001642 1  0.52  9 9     3240 1755000 1 2
89-50-33-812714-001-01 3 931  2 MBEGU YA KIENYEJI                               2   251   0      0           2 1 0.252 1010     1200  300000 6  
33-55-50-672714-001-04 1 121  2 JAPAN 64                                        1   201   0     201  200001642 1    12 1010     1440  840000 1  
33-55-50-672714-001-04 2 121  2 MBEGU ASILI                                     2   201  2012    0           2 1  0.52  8 8      960  560000 8  
84-67-51-772715-001-01 1 122212 KIENYEJI 64                                     2   201  2012    0           2 1  0.52 1010      780  480000 1  
84-67-51-772715-001-01 2 121  2 SARO                                            1   101   0     101  200001622 1  0.22 1011      910  560000 2  
57-47-30-232716-001-01 2 111  2 MBEGU YA NJANO                                  1   301  2011    0           2 1    117 7 7      200   60000 2  
98-76-92-342717-001-01 1 121  2 SARO                                            2    12   0      12   5000 212 1  0.52  5 5       84   48000 1 2
98-76-92-342717-001-01 3 111  2 SEEDCO                                          2  1.51   0    1.51    9001612 1  0.12  5 5       20    7000 1 2
81-05-28-512730-001-01 1 111  2 SEEDCO                                          1   101   0     101  900001642 1    111 9 9      960  640000 1  
31-77-47-702735-001-01 1 121  2 SARO                                            2  1151   0    1151 140000 832 1    22  6 6     4200 4620000 1  
64-25-22-132751-001-01 1 121  2 SUPER                                           1   801   0      0           1725                               
27-89-89-482751-001-02 1 121  2 MBEGU BORA                                      1   331   812   251  100001932 1    12  5 5      300  420000 1  
66-44-70-132754-001-02 1 122112 MBEGU NDOGO                                     1    21   0      21  10000 822 1 0.252  6 6       75   75000 2  
66-44-70-132754-001-02 2 121  2 RINGA                                           3   251  2513    0           131    12  6 7      300  300000 2  
95-20-72-752807-001-01 3 121  2 SARO                                            1   151  1512    0           111    12  6 6      450  270000 1  
57-77-58-512808-001-01 2 121  2 SARO                                            1   201   0     201   50001942 1  0.52  3 3      450  280000 1 2
76-91-42-392812-001-01 1 121  2 SARO                                            1   151   0     151   45001642 1  0.72  7 8      280  280000 1  
13-39-33-842833-001-01 1 242112 ZA ASILI                                        2   251  2512    0           2 1 0.252  5 5      100  200000 1  
75-91-49-952843-001-01 1 1222112TUNDURU                                         2   201  2012    0           111  1.519 6 6      160   90000 1 2
75-91-49-952843-001-01 1 1322112KIFUTA                                          2    21   212    0           111    119 7 7       50   50000 1 2
75-91-49-952843-001-01 1 4222112UMALIAMADI                                      2    11   112    0           131    114 6 6       10   20000 1 2
75-91-49-952843-001-01 2 3222112KUNDE  NENE                                     2  2505   0    2505    5001612 1  0.22  2 5       23   23000 2  
75-91-49-952843-001-01 2 9222112BOGA                                            2   605   0      0           2 1  0.22  2 4       13    8000 2  
75-91-49-952843-001-01 299821112TEMBELE                                         2    11   0      0           2 1  0.12  1 4       35   14000 2  
97-90-78-932845-001-01 3 421  12BLUU                                            2    11   112    0           2 1    22  6 7      201  200000 1  
97-90-78-932845-001-01 4 121  2 MABAWA                                          2    41   412    0           2 1  0.52  6 6      120  120000 1  
18-57-38-572846-001-02 2 421  2 MANYOYA                                         3  1.54 1.543    0           131    114 5 6      400  600000 2 6
18-57-38-572846-001-02 3 121  2 MLANGI                                          2    15   152    0           141    117 6 7      200  140000 2 6
45-58-23-032848-001-01 3 111  12MAHINDI                                         2    81   812    0           2 1    211 7 7      400  200000 1  
45-58-23-032848-001-01 3 4222112UFUTA                                           2   101  1012    0           2 1    42  7 7      500 1000000 1  
94-34-32-832848-001-05 1 422132 UFUTA                                           2    31   312    0           2 1    32  5 7      600 1320000 1 2
94-34-32-832848-001-05 2 112232 MAHINDI                                         2    41   412    0           2 1    42  6 7      500    2000 1 2
32-62-78-172849-001-01 1 1122112SERENA                                          1    31   0      31   3000202121    115 5 5      350  175000 1 2
32-62-78-172849-001-01 1 1222112TUNDURU                                         2    81   812    0           111  1.519 6 6      440  280000 1 2
32-62-78-172849-001-01 1 3221112KUNDE  NENE                                     2    21   0      21   3000161121  0.515 3 6      100   70000 1 2
32-62-78-172849-001-01 1 9221112BOGA                                            2  2505   0      0           2 1  0.32  1 3       35   16000 1 2
32-62-78-172849-001-01 110021112SERENA                                          2  2505   0      0           2 1  0.42  3 7       60   50000 1 2
32-62-78-172849-001-01 2 131  2 MTAMA                                           2    71   712    0           111    219 7 7      460  270000 1 2
32-62-78-172849-001-01 3 3422112MBAAZI                                          2  2505   0    2505   1000 91121  0.52  7 7       60   42000 1 2
32-62-78-172849-001-01 3 422312 BLUU                                            1    41   0      41   6000162161  1.519 6 7      200  400000 1 2
28-25-83-472850-001-01 1 1323312MBEGU ZA ASILI                                  2    51   512    0           2 1    119 6 6      100   70000 1 2
28-25-83-472850-001-01 1 4223112MALADA                                          2    61   612    0           2 1  1.517 5 6      210  315000 1 2
28-25-83-472850-001-01 2 121  2 TUNDURU                                         2   121  1212    0           2 1 1.2519 6 6      250  250000 1 2
88-07-76-372850-001-03 1 421  2 BLUU                                            2    24   242    0           131    114 6 7      100  200000 1  
48-32-03-052866-001-02 1 321  2 ASILI                                           2    11   0      11   2000 412 1 0.252  5 6       30   45000 1  
49-04-68-352867-001-01 2 121  2 MPUNGA                                          2   641  6412    0           111    119 7 8      300  200000 1 2
70-30-87-902881-001-01 1 112132 KUBWA                                           2   101   0     101  10000 212 1    22  6 6      600  300000 1  
70-30-87-902881-001-01 2 121  2 NYEUPE                                          2   201   0     201  40000 21111  0.52  5 5      500  600000 1  
75-66-24-492882-001-01 1 111  12MBEGU ZA MAHINDI YA MUDA MFUPI                  2    31   0      31   6000 41161    12  4 4      140   50000 1 2
75-66-24-492882-001-01 1 341  12MBEGU YA KIENYEJI                               2    21   0      0           131    113 8 8      100  400000 1 2
89-46-50-462884-001-01 1 111  13MBEGU YA MUDA MFUPI                             1    11   0      11   2000 91151    12  4 4       20   10000 1  
32-58-54-822885-001-01 1 3423112MBEGU YA KIENYEJI                               2    15   152    0           2 1 0.052  7 7        1     500 1  
22-11-88-242886-001-01 2 321  12MBEGU YA KIENYEJI                               1    61   0      61  300001612 1    42  6 7      300  150000 1 2
05-21-43-642892-001-01 3 1121112MAHINDI                                         2    31   312    0           121    115 6 7       54   45000 1 8
05-21-43-642892-001-01 3 3222112KUNDE                                           2    81   812    0           111    119 5 6      180  216000 1  
30-79-15-052892-001-03 1 111  12SELANA                                          1  0.51   0    0.51   1000 922 1  0.52  6 7       10    5000 1 2
30-79-15-052892-001-03 1 341  12MBEGU YA KIENYEJI                               2  0.51   0    0.51   1000 212 1  0.52  7 8        4    2400 1 2
30-79-15-052892-001-03 2 121  2 MBEGU YA KIENYEJI                               2   181  1812    0           2 1  0.22  6 7      108   60000 1 2
26-02-57-302900-001-01 1 1123712MAHINDI                                         2   201  2012    0           2 1    42  6 6      560  336000 1 2
26-02-57-302900-001-01 1 3423712MBAAZI                                          2    61   612    0           2 1    42  7 8      180  216000 1  
26-02-57-302900-001-01 2 422172 UFUTA                                           2    11   112    0           2 1  0.52  6 6      100  230000 1 2
11-84-43-782901-001-01 1 1121312MBEGU ZA ASILI                                  2    31   0      0           2 1    114 5 5      200  120000 1 2
11-84-43-782901-001-01 1 1322112NBEGU ZA ASILI                                  2    21   212    0           2 1    114 6 6       80   20000 1 2
11-84-43-782901-001-01 2 422232 MBEGU ZA ASILI                                  2    31   312    0           2 23                               
84-67-69-892902-001-01 4 1121312MBEGU KUBWA                                     2    71   0      71   70001612 1    12  4 4      150  105000 1 2
84-67-69-892902-001-01 4 1322312KIENYEJI                                        2    31   0      0           121    32  7 8       48   18000 1 2
84-67-69-892902-001-01 4 3422312KIENYEJI                                        2    11   0      11   1500 412 1    12  8 8      100  100000 1 2
42-64-34-582903-001-01 3 112112 MBEGU ZA MAHINDI ZA KIENYEJI                    2   101  1012    0           121    32  6 7      200  140000 1 2
42-64-34-582903-001-01 3 132112 MBEGU YA MTAMA YA ASILI(KIKOTORO NA KIJENJA)    2    51   512    0           121    22  6 7      100   60000 1 2
42-64-34-582903-001-01 3 422212 NALIENDELE                                      1    81   0      81  80000 91131    62  5 7       48   96000 1 2
66-74-34-222904-001-01 1 1122112MBEGU   FUPI                                    2   201  2012    0           181    311 4 5      400  230000 1  
66-74-34-222904-001-01 1 3221112KUNDE   NDOGO                                   2 15005   0      0           2 1 0.252  2 4       90   50000 2  
66-74-34-222904-001-01 1 4222112UFUTA                                           2    81   812    0           181    211 5 6      100  103000 1  
45-99-60-942905-001-01 1 111  12MBEGU   KUBWA                                   2   201   0     201   7000201181    211 5 5      160   60000 1  
45-99-60-942905-001-01 1 3221112KUNDE   KUBWA                                   2    31   0      31   75002012 1 0.252  3 5       18   15000 1  
45-99-60-942905-001-01 1 421  12MANYOYA                                         2    61   0      61  300002011323                               
78-96-68-722906-001-01 1 111  12MBEGU ZA ASILI                                  2   161  1612    0           2 1    117 5 6      768  128000 1 2
78-96-68-722906-001-01 1 3422112MBEGU KUBWA                                     2    41   412    0           2 1  1.52  8 8      112  112000 1 2
78-96-68-722906-001-01 1 421  12LINDI WHITE                                     1   201  2011    0           1423                               
17-19-40-212907-001-01 2 1121112MBEGU ZA ASILI                                  2    22   0      22  30000 722 1    12  5 6      400  240000 1  
17-19-40-212907-001-01 2 1322112MBEGU ZA ASILI                                  2    22   0      22  16000 112 1    217 7 8      500  300000 1  
17-19-40-212907-001-01 4 121  2 MBEGU ZA SERENA                                 1  0.52   0    0.52   6000 312 1  0.52  6 7      400  240000 1 2
79-65-91-282907-001-03 1 1121112MBEGU ZA ASILI                                  2    15   152    0           1223                               
79-65-91-282907-001-03 1 1322112MBEGU AINA YA LIONJA                            2    14   142    0           1123                               
79-65-91-282907-001-03 1 4222112BLUE MALADA                                     1    12   121    0           2 1    114 6 6      180  270000 1 2
42-59-87-532919-001-01 3 111  12MBEGU BORA                                      1    11   0      0           1225                               
42-59-87-532919-001-01 3 121  12MBEGU BORA                                      1    31   0      0           121  0.512 5 5      182  140000 1 2
51-20-76-342920-001-01 1 1121112MBEGU FUPI                                      1    21   0      21  10000 41121  0.315 4 4       80   40000 2  
51-20-76-342920-001-01 1 1321112LIONJA                                          2  0.55   0    0.55    500 31121  0.315 4 4       20   30000 2  
51-20-76-342920-001-01 3 122212 MATUMBI                                         2    11   0      11   3000 21121    115 5 5       50   50000 2  
82-14-02-372921-001-01 1 3221112KUNDE   KUBWA                                   2    51   0      51   5000 43121    115 2 4      110   70000 1  
82-14-02-372921-001-01 2 1121112MBEGU   NDEFU                                   2   101   0     101   8000 431223                               
82-14-02-372921-001-01 2 1321112MTAMA   MKUBWA                                  2   101   0     101   8000 42121    215 7 7      160   70000 1  
82-14-02-372921-001-01 3 121  2 MBEGU   NDEFU                                   2   401   0     401  20000 43121    115 5 5      140   6000012  
19-67-82-362921-001-08 19981  2 MBEGU YA ASILI YA MIHOGO                        2   201   0     201   3000 322 1 0.252  6 7       30   10000 1  
35-45-76-622922-001-01 2 1122112MBEGU BORA                                      1   151   0     101  10000 11121    22  5 5      408  240000 1  
35-45-76-622922-001-01 2 1322112MBEGU ZA ASILI                                  2    51   512    0           2 1    215 6 6       34   60000 1  
35-45-76-622922-001-01 2 3421112MBEGU NDEFU                                     2    21   212    0           2 1    214 7 7      144  180000 1  
35-45-76-622922-001-01 2 4221112MOSHI WA TAA                                    1    21   0      21  10000 912 23                               
39-25-98-642923-001-01 4 111  12MBEGU FUPI                                      1    21   0      21  12000 422 1 0.252  4 4       70    1000 1  
39-25-98-642923-001-01 4 341  12MBEGU YA ASILI                                  2    11   112    0           2 1 0.252  7 7       10    1000 1  
77-63-97-982924-001-02 3 1121112MBEGU ZA MAHINDI ZA KIENYEJI                    2   101  1012    0           2 1    42  6 6      640  320000 3 4
77-63-97-982924-001-02 3 1321112MBEGU YA MTAMA YAKIENYEJI                       2    31   312    0           2 1    12  7 7      200  100000 3  
77-63-97-982924-001-02 3 3422112MBEGU ZA KIENYEJI ZA MBAAZI                     2    21   212    0           2 1    42  8 8      400  280000 3  
03-82-32-102925-001-02 4 111  12MBEGU ZA ASILI                                  2   101  1012    0           2 1    22  5 5      306  180000 2 3
03-82-32-102925-001-02 4 1322112MBEGU ZA ASILI                                  2    31   312    0           2 1    12  7 7       68   40000 2 3
03-82-32-102925-001-02 4 341  12MBEGU ZA ASILI                                  2   101  1012    0           2 1    22  8 8      119  142800 2 3
47-73-88-652926-001-01 1 342132 MBAAZI                                          2    61   612    0           2 1    12  7 7      110  100000 1  
47-73-88-652926-001-01 3 1322112MTAMA                                           2    31   312    0           2 1    22  6 6      400  200000 1  
49-70-62-322938-001-01 1 132282 LANGALANGA                                      2    71   712    0           111    112 6 7      216   60000 1  
49-70-62-322938-001-01 2 112212 TK                                              1    61   0      61  72000191171  2.512 7 7      324   90000 1 2
49-70-62-322938-001-01 2 412212 JICHO MOJA                                      2    81   812    0           171    112 6 6      183   90000 1 2
98-72-24-882938-001-08 1 111  12MBEGU YA ASILI                                  2    51   512    0           2 1  0.52  7 7      108   30000 1  
98-72-24-882938-001-08 1 411  12NYEUSI                                          2    61   612    0           2 1  0.311 7 7       36   13500 1  
98-16-58-292939-001-01 1 111  2 SIDCO                                           1    21   0      21  12000 532 1  0.52  5 5      324   90000 1 2
98-16-58-292939-001-01 2 411  2 YAWINO                                          2   241  2412    0           2 1    32  5 7      448  224000 1 2
97-14-97-262940-001-01 1 131  2 LANGALANGA                                      2   101   0     101  20000 912 1    12  6 8      540  180000 1 2
97-14-97-262940-001-01 2 131  2 LANGALANGA                                      2   101   0     101  20000 912 1    12  7 8      324  108000 1 2
63-28-39-312941-001-01 1 1122113SEED CO                                         1    31   0      41  18750162131  0.52  7 8      360     400 1  
63-28-39-312941-001-01 1 411  12MBEGU YA ASILI                                  2    51   512    0           111  0.52  6 6      560     250 1  
10-79-10-162943-001-01 1 112312 DK 777                                          1    81   0      81  48000 522 1    32  6 6     1500  720000 1  
10-79-10-162943-001-01 2 141  2 MBEGU YA KIENYEJI                               2   401  4012    0           2 1    72  8 8      720  360000 1  
13-60-86-392943-001-03 2 1323112MBEGU YA ASILI                                  2    81   812    0           2 1 0.852  6 6      420     350 1 2
13-60-86-392943-001-03 2 4321112MBEGU YA ASILI                                  2    81   812    81      0 112 1 0.752  6 6      420     350 1 2
35-91-66-392943-001-04 1 141  2 KIENYEJI                                        2    51   512    0           2 1  0.112 5 5      135   54000 1  
35-91-66-392943-001-04 2 411  2 KIENYEJI                                        2   151  1512    0           2 1  0.512 6 6      243  135000 1  
35-91-66-392943-001-04 3 411  2 KIENYEJI                                        2   101  1012    0           2 1  0.212 6 6      180  100000 1  
52-53-44-122944-001-01 1 111  12PAYONEA                                         1   121   0     121  720001622 1 0.7512 7 7      600  270000 1  
52-53-44-122944-001-01 1 331  12KIENYEJI                                        2    51   0      51  100001622 1 0.2512 5 5      100  130000 1  
52-53-44-122944-001-01 5 141  2 KIENYEJI                                        2   201  2012    0           2 1    112 6 7      400  180000 1  
52-53-44-122944-001-01 6 141  2 KIENYEJI                                        2   151  1512    0           2 1    112 6 6      300  135000 1  
64-72-48-232945-001-01 1 1122112MBEGU YA ASILI                                  2  5005   0      0           2 1 0.252  6 6       20     400 1  
64-72-48-232945-001-01 110021112MBEGU YA ASILI                                  2  2505 25052    0           2 1 0.252  4 7       20     750 1  
91-79-41-802957-001-01 1 231  2 VIAZI                                           2    52   522    0           2 1    12  7 7      880  376000 1 2
91-79-41-802957-001-01 2 111  12SIDCO                                           1    51   0      51  30000 932 1 0.752 12 9      400  120000 1 2
91-79-41-802957-001-01 2 311  12ASILI                                           2    31   312    0           2 1 0.752 1110       40   20000 1 2
91-79-41-802957-001-01 3 231  2 ASILI                                           2    52   522    0           2 1 0.252  7 7      500  270000 1 2
34-70-67-062960-001-01 1 222132 NYEKUNDU                                        2  1001 10012    0           2 1 0.252  6 7      150   37500 1 2
71-25-33-162961-001-01 1 221  2 VIAZI VITAMU                                    2    32   322    0           2 1 0.252  6 8      300   50000 2  
81-26-65-302961-001-04 1 111  12SEEDCO                                          1    21   0      21  120001612 1 0.252  7 7      120   60000 1 5
81-26-65-302961-001-04 1 311  12KIENYEJI.                                       2    21   0      21   3000 412 1  0.22  5 5       40   30000 1 5
67-75-87-742962-001-01 1 111  2 DK 53                                           1    21   0      21  130001622 1 0.152  4 4      380  180000 1  
67-75-87-742962-001-01 2 111  2 HERBIT 628                                      1    41   0      41  240001622 1 0.152  3 3      960  480000 1  
08-98-55-432963-001-01 1 111  2 HYBREED                                         1    11   0      11   60001622 1  0.22  5 5      120   30000 1  
08-98-55-432963-001-01 2 111  12HYBREED                                         1    11   0      11   60001622 1  0.119 4 4      240   60000 1 2
08-98-55-432963-001-01 2 311  12MAHARAGE MEKUNDU.                               2    15   152    0           2 1  0.119 5 5       20   15000 1 2
08-98-55-432963-001-01 3 111  2 HYBREED                                         1  5005   0    5005   30001622 1  0.12  5 5      120   30000 1 2
08-98-55-432963-001-01 4 111  2 HYBREED                                         1  5005   0    5005   30001622 1  0.12  4 4      120   30000 1 2
89-30-02-672964-001-01 1 111  2 DK                                              1    21   0      21  120001632 1 0.252  2 2      360   90000 1 2
89-30-02-672964-001-01 2 111  2 DK                                              1    21   0      21  120001622 1 0.252  2 2      360   90000 1 2
89-30-02-672964-001-01 3 111  2 DK                                              1    21   0      21  120001622 1 0.252  2 2      240   60000 1 2
89-30-02-672964-001-01 4 111  2 DK                                              1    21   0      21  120001722 1 0.252  2 2      240   60000 1 2
69-63-47-362981-001-01 1 111  2 DK                                              1    31   0      31  360001612 1 0.752  7 7      600  150000 1 2
61-82-34-682981-001-04 1 111  2 ASILO                                           2    11   112    0           2 1    12  6 7      480  168000 1 2
15-25-36-672983-001-01 1 1122812HIGH BRIDGE                                     1    11   0      11   40001622 1 0.132  9 9       20   10000 1 2
15-25-36-672983-001-01 1 3122812SOYA                                            2  0.51   0    0.51   10001612 1 0.122  7 7       10   15000 1 2
88-33-69-392996-001-02 1 111  12SEED CO                                         1    41   0      41  20000162181  0.211 6 6       80   60000 2  
88-33-69-392996-001-02 1 151  12KIENYEJI                                        2    41   0      41   4000 522 1  0.119 6 6       40   30000 2  
88-33-69-392996-001-02 1 341  12KIENYEJI                                        2    41   0      41      0 21121  0.115 7 9       10   15000 2  
11-02-33-602997-001-01 1 111  2 MBEGU ZA ASILI                                  2   201  2012    0           2 1    22  8 8      360  840000 1  
27-70-95-262999-001-01 1 111  12SEED CO                                         3    25   0      25  40000162121    215 7 7     2400  600000 1  
27-70-95-262999-001-01 1 341  12NDOGO NYEUPE.                                   3    81   0      81  12000 32121  0.115 8 8      150  160000 1  
27-70-95-262999-001-01 1 411  12KIENYEJI.                                       2   101   0     101  10000 32161    119 5 5      455  300000 1  
27-70-95-262999-001-01 2 111  128                                               2    81   812    0           2 1  0.519 6 7      480  120000 1  
27-70-95-262999-001-01 2 341  12KIENYEJI.                                       2    11   112    0           2 1  0.119 8 8       25   25000 1  
27-70-95-262999-001-01 2 411  12KIENYEJI                                        2    21   212    0           2 1  0.119 6 6       52   40000 1  
47-30-53-573000-001-01 2 111  2 ASILI                                           2   101  1012    0           2 1    32  6 6      960  240000 1 2
59-36-48-493001-001-01 1 111  2 MBEGU YA KIENYEJI                               2   105   0     105   5000 212 1    12  7 7      960  400000 1  
49-72-09-773015-001-01 1 862142 MBEGU BORA                                      1 0.751   0   0.751  20000 91171 1.7512 7 7      680  252000 1 2
49-72-09-773015-001-01 1 872112 MBEGU BORA                                      1 0.151   0   0.151 352800 92171  1.512 6 7     2260  870000 1 2
49-72-09-773015-001-01 1 952112 MBEGU BORA                                      1  0.51   0    0.51 400000 91121 1.7515 7 7     3521 4950000 1 2
72-00-94-623016-001-01 1 132332 MTAMA                                           2    81   0      81   8000 522 1  0.512 6 6      150   90000 1  
36-05-18-273019-001-01 2 1322112MTAA(NYAMWELI KWA KIKULYA)                      1    21   0      21   6000 412 1    42  7 7      400  600000 1 3
36-05-18-273019-001-01 2 1522112ULEZI                                           1    21   0      21   6000 411725                               
90-87-97-823020-001-01 1 111  2 YANGA YA KIENYEJI                               2    61   0      61   6000101181    12  6 7       36   20000 1 2
90-87-97-823020-001-01 2 111  2 YANGA YA KIENYEJI                               2    21   212    0           171  0.42  6 6       90   50000 1 2
90-87-97-823020-001-01 3 131  2 MWEKUNDU                                        2   101  1012    0           1725                               
76-23-29-953022-001-01 1 111  2 SEEDCO                                          1    31   0      31   90001621725                               
76-23-29-953022-001-01 3 111  2 SEEDCO                                          1    51   0      51  150001621725                               
02-25-96-123034-001-01 1 111  2 MBEGU  BORA                                     1    61   0      61  36000 912 1    12  7 7      540  225000 1 2
50-53-97-993035-001-01 1 112212 SITUKA                                          3   401  4013    0           2 1    22  6 6     1188  605000 1 6
50-53-97-993035-001-01 1 502242 PAMBA                                           1    31   0      31      02112 1    22  6 8      660  528000 1 6
50-53-97-993035-001-01 2 111  2 SITUKA                                          3   501  5013    0           1725                               
35-05-63-483037-001-01 1 121  2 SUKARI                                          2   101  1012    0           2 1    42  7 6      450  108000 1  
39-50-51-323038-001-01 1 112112 SIDIKO                                          1   161   0     161  96000 52121    42  6 7    32000 1600000 1  
39-50-51-323038-001-01 1 312112 KITENGE                                         2   101  1012    0           2 1  0.512 6 7      200  200000 1  
39-50-51-323038-001-01 2 131  2 MWEKUNDU                                        2   101  1012    0           2 1    12  6 6      800  320000 1  
39-50-51-323038-001-01 3 131  2 MWEKUNDU                                        2   101  1012    0           2 25                               
39-50-51-323038-001-01 4 131  2 MWEKUNDU                                        2   401  4012    0           2 1    32  6 7     3100 1240000 1  
39-36-43-123040-001-01 2 1122112MAHINDI                                         2    41   412    0           171    42  6 6      480  300000 1 2
72-68-04-923042-001-01 1 111  2 KIENYEJI                                        2   161  1612   161  14000 412 1    12  6 7      320   80000 1  
89-40-51-883052-001-01 1 111  2 ASILI                                           2   201  2012    0           2 1    32  6 7      840  294000 1  
68-23-21-383056-001-04 1 361  2 NZELEKELA                                       2    31   312    0           2 1 0.252  4 4       72  180000 1 2
68-23-21-383056-001-04 2 121  2 MIDOMO YA FISI                                  2   101   0     101  12000 21111    12  5 6      900  315000 1 2
78-10-18-943056-001-05 1 111  12NJANO                                           2    21   212    0           2 1 0.252  6 6       80   32000 1 2
78-10-18-943056-001-05 1 311  12KOMBATI                                         2    21   0      21   50001612 1  0.112 5 5        5    7500 1 2
04-23-29-783058-001-01 1 131  12MBEGU YA ASILI YA MTAMA                         2    41   0      41  12000 11111    214 6 6       60  180000 1  
04-23-29-783058-001-01 1 221  12MBEGU YA ASILI YA VIAZI VITAMU                  2   801  8012    0           2 1    22  6 6      200   70000 1  
04-23-29-783058-001-01 3 111  2 MBEGU YA ASILI YA MAHINDI                       2    81   812    0           131    214 6 7     1100  385000 1  
38-77-98-463071-001-01 4 2222112MBEGU YA KIENYEJI                               2   201  2012    0           2 1    212 2 6     1860  531400 1  
38-77-98-463071-001-01 5 351  2 MBEGU YA KIENYEJI                               2  1201 12012    0           2 1    82  8 9     4100 3602000 1  
65-09-41-663073-001-01 1 111  12TUMBILI                                         1    81   811    81  48000 91131    22  2 3      440  165000 1 2
96-10-29-263074-001-01 1 111  12SITUKA                                          2    41   0      41  16000 92181    12  6 6      223  120000 1 2
96-10-29-263074-001-01 3 111  2 SITUKA                                          1   241   0     241 192000 92181    62  6 6      432  240000 1 2
96-10-29-263074-001-01 4 111  12SITUKA                                          1    41   0      41  16000 92181    32  6 6      324   18000 1 2
96-10-29-263074-001-01 4 3522412DENGU                                           2    41   0      41  10000 212 1    12  8 8      160  192000 1 2
52-87-01-713074-001-03 2 352222 ASILI                                           2    81   812    0           2 1  0.511 8 8       20   15000 1  
52-87-01-713074-001-03 4 112122 ASILI                                           2    61   612    0           2 1    12  8 8      180   67500 1  
83-83-97-843074-001-04 1 111  2 KIENYEJI                                        2   101  1012    0           2 1    12  7 8      400  300000 7  
83-83-97-843074-001-04 2 111  2 KIENYEJI                                        2    51   512    0           2 1    12  7 8      200  150000 7  
18-27-56-503076-001-01 2 1122112MAHINDI                                         2    61   612    0           121  0.512 5 6      480  180000 1  
18-27-56-503076-001-01 2 3321412CHOROKO                                         2    21   212    0           2 1  0.312 5 5      100  100000 1  
18-27-56-503076-001-01 3 111  12MAHINDI                                         2    41   412    0           1225                               
18-27-56-503076-001-01 3 3322412CHOROKO                                         2    21   212    0           2 25                               
26-56-21-873076-001-04 1 1121312MAHINDI                                         2    61   0      61   45001612 1  0.212 5 5      120   45000 1  
26-56-21-873076-001-04 1 2221312VIAZI VITAMU                                    2    15   152    0           2 1  0.112 6 7      240   90000 1  
22-18-86-073077-001-01 1 311  11NYEUPE NA NYEKUNDU                              2    61   0      61  18000 912 1    12  6 6      100  360000 1 2
22-18-86-073077-001-01 2 351  2 NYEKUNDU                                        2   401  4012    0           2 1    12  7 7      400  480000 1 2
22-58-01-553078-001-01 2 1121112PANA                                            1  1.51   0    1.51  16500 91151    12  7 7      480  200000 1 7
22-58-01-553078-001-01 2 331  11CHOROKO                                         2    41   412    0           2 1    12  5 5      240  450000 1 7
22-58-01-553078-001-01 2 351  2 NDEGU                                           2   361  3612    0           2 1  2.72  7 7      720 1350000 1 7
22-58-01-553078-001-01 3 111  11PANA                                            1    41   0      41  22000 912 1    22  7 7      450  300000 1 7
22-58-01-553078-001-01 4 121  2 MPUNGA                                          2   131  1312    0           2 1    12  5 5     2100 1500000 1 7
04-35-28-363078-001-02 1 351  2 DENGU                                           1  1201   0    1201 240000 912 1    72  7 8     1320 1650000 1 5
79-17-75-553090-001-01 1 111  2 DUMA                                            1    21   211    21  10000 412 1  0.52  3 4      300  150000 1  
79-17-75-553090-001-01 2 111  2 DUMA                                            1   121   0     121  60000 412 1  1.52  3 4      840  350000 1  
12-15-07-663091-001-01 1 112212 KIENYEJI                                        2   121   0      0           2 1    111 7 7       12   12000 1  
81-32-17-943092-001-01 1 1123113KIENYEJI                                        2    51   0      51   60001612 1    111 7 7       30   30000 1  
81-32-17-943092-001-01 1 3123113KIENYEJI                                        2   101   0     101  10000 512 1    111 7 7       20   20000 1  
01-31-69-053093-001-01 1 111  2 DUMA                                            1   141   0     141  91000 412 1    22  5 5      240   60000 1 2
08-93-73-163094-001-01 1 111  12MBEGU ZA KIENYEJI                               2   121  1212    0           131    52  6 6     1296   35000 1 2
66-31-98-443095-001-01 1 1121112MBEGU YA ASILI YA MAHINDI                       2    51   512    0           171  0.512 6 7      100   35000 1  
66-31-98-443095-001-01 1 3122112MBEGU YA ASILI YA MAHARAGE                      2   151  1512    0           2 1    12  7 6    20000 1400000 1  
12-95-59-213097-001-01 1 1123112DUMA                                            1   201   0     201 120000 962 1    42  7 7     2376  780000 1  
12-95-59-213097-001-01 1 3123112KITENGE                                         2   201   0     201  21000 412 1    42  6 6      300  210000 1  
93-36-30-053109-001-01 1 132232 MWEKUNDU                                        2    21   212    21   3000 532 1 0.752  7 8       80   64000 1  
82-67-31-093110-001-01 2 501  2 KIENYEJI                                        2   101   0     101  10000 422 1    12  6 6       70   84000 1  
65-60-93-933114-001-01 19982242 KAJUNGU                                         2   251   0     251   5000 312 22                               
18-57-18-843115-001-01 19981  12KIENYEJI                                        2   401   0     401      0 222 1  0.3111212       45   23000 1  
40-18-89-323116-001-01 2 2222112VIAZI                                           2    71   712    0           171  0.212 7 7       12    3000 2 3
69-54-28-673117-001-01 2 112132 STUKA                                           2    81   812    0           121  0.211 6 7      360  165000 1  
06-70-18-543128-001-01 1 1122312SEEDCO                                          3   101  1013    0           2 1    22  6 6     1080  300000 1  
06-70-18-543128-001-01 1 4322312TATU TATU                                       2    44   442    0           2 1    22  4 4       96   48000 1  
06-70-18-543128-001-01 2 112212 SEEDCO                                          3    41   413    0           2 1    12  3 5       54   15000 1  
90-08-06-643129-001-01 1 112112 PANNA                                           1    81   0      81  32000 612 1    22  5 5     1800  360000 1 2
90-08-06-643129-001-01 1 132112 SERENA                                          1    11   0      11   1500 922 1 0.2512 6 6      120   60000 1 2
90-08-06-643129-001-01 1 142112 UWELE                                           2    61   612    0           2 1  0.52  6 7      240  240000 1 2
90-08-06-643129-001-01 1 152112 ULEZI                                           2    11   112    0           2 1 0.1212 5 5       60   45000 1 2
27-42-34-263130-001-01 1 111  2 MERU                                            1   481  1011   481 240000164121    92  6 7     7560 3360000 1  
27-42-34-263130-001-01 3 422212 HAKUMBUKI JINA                                  1    41   0      41  380001642 1    312 5 6      360 1800000 1 2
45-58-24-423131-001-01 1 111  2 MBEGU PANA                                      1    11   0      0           1123                               
45-58-24-423131-001-01 2 421  2 MBEGU YA BOMBA SITA                             1    51   0      51  30000211171   1012 4 4      460  750000 1  
02-24-34-263132-001-01 1 112212 PANA                                            1    41   0      21  14000 91121    12  5 5      720  180000 1  
00-83-50-403133-001-01 1 111  12MBEGU ZA DUKANI                                 1   201   0     201  15000161121    615 6 6      500  500000 1 6
39-92-70-013134-001-01 1 4223112KISASA                                          1   101   0     101  62500 912 1  2.72  5 6      864 1200000 1  
39-92-70-013134-001-01 2 421  2 KISASA                                          1    61   0      61  37500 912 1    12  5 6      324  450000 1  
96-64-64-183147-001-01 1 111  13SIMBA                                           1  0.51   0    0.51   6000 932 1  0.22  5 5      140   42000 1 2
96-64-64-183147-001-01 1 311  13KABLANKETI                                      2    41   0      41   4000 432 1  0.22  5 6       15   15000 1 2
96-64-64-183147-001-01 2 111  12SIMBA                                           1    51   0      51  60000 93151    12  7 7      600  210000 1 2
96-64-64-183147-001-01 2 311  12KABLANKETI                                      2   301  3012    0           2 1    12  6 6      130  162500 1 2
17-86-57-813148-001-01 1 111  2 TEMBO                                           1  2.41   0    2.41  16500181151  0.52  3 9      360  108000 1  
17-86-57-813148-001-01 2 111  2 SIMBA                                           1    41   0      41  22000164171 0.2512 6 6      200   32000 1  
57-20-31-663149-001-01 1 111  2 MBEGU YA BORA                                   1  0.51   0    0.51   6000 922 1    02  3 4       39   14000 1  
57-20-31-663149-001-01 2 111  2 MBEGU YA BORA                                   1    11   0      11  120002022 1  0.12  3 4       57   14000 1  
57-20-31-663149-001-01 4 111  2 MBEGU BORA                                      1  2.51   0    2.51  180002022 1    12  4 6      200   60000 1  
62-65-17-393150-001-01 1 111  2 TEMBO                                           1    21   0      21  110001812 1  0.22  3 6      200   75000 2  
62-65-17-393150-001-01 1 311  2 KIPAPI                                          2    31   312    0           2 1  0.22  4 7       30   50000 2  
59-48-24-653152-001-01 2 1123112MAHINDI                                         1    81   0      81  84000 91161    12  5 5     1680  420000 1 2
59-48-24-653152-001-01 2 3122112MAHARAGE                                        2    12   0      12  28000 41171    12  2 2       60  120000 1 2
81-00-58-343166-001-01 1 2521112MAGIMBI                                         2    55   0      55   1000 312 1  0.12  4 6       22   20000 1 2
81-00-58-343166-001-01 2 121  2 KILOMBERO                                       2    12   122    0           2 1  0.52  6 6      480  250000 1  
29-45-42-373167-001-01 1 112112 MBEGU ZA ASILI                                  2    11   112    0           1323                               
42-00-78-103168-001-01 19982232 ASILI                                           2  4005   0      0           2 1  1.52 1011      764  750000 1  
42-00-78-103168-001-01 2 121  2 ASILI                                           2   181  1812    0           2 1  0.511 5 6      216  210000 1  
44-11-82-583168-001-03 2 121  2 MBEGU YA ASILI                                  2    12   122    0           2 1    12  6 6      300  300000 1  
02-79-56-673169-001-01 1 112212 SEEDCO                                          1    31   0      31  13000 922 1    12  5 5      140   70000 1  
02-79-56-673169-001-01 2 121  2 KILOMBERO                                       2   201  2012    0           2 1    12  5 6      160   70000 1 2
60-37-36-573171-001-01 4 121  2 KILOMBERO                                       2   101   0     101  10000 211725                               
60-37-36-573171-001-01 5 121  2 KILOMBERO                                       2   101   0     101  10000 211725                               
23-81-85-473173-001-01 2 121  2 ZAMBIA                                          3    22   153  1.52  30000 211725                               
02-50-88-113185-001-01 1 1122112DEKALB                                          1    31   0      31  30000 912 1    12  4 4      540  150000 1 2
02-50-88-113185-001-01 1 3122112MAHARAGE YA NJANO                               2    31   312    0           2 1    12  3 3      120  120000 1 2
02-50-88-113185-001-01 2 112212 DEKALB                                          1    11   0      11   6000 912 1  0.52  4 4      180   50000 1 2
02-50-88-113185-001-01 4 1123812DEKALB                                          1    21   0      21  12000 912 1  0.72  4 4      270   75000 1 2
02-50-88-113185-001-01 4 3123812MAHARAGE YA NJANO                               2    11   112    0           2 1  0.72  3 3       80   80000 1 2
76-50-08-943186-001-01 1 111  2 KANJELENJE                                      2    83   832    0           2 1    12  3 5      300   75000 1 2
76-50-08-943186-001-01 1 311  2 MEUPE                                           2   103  1032    0           2 1    12  8 8       20   30000 1 2
78-32-84-413187-001-01 1 111  2 MAHINDI                                         2    51   512    0           2 1 0.752  4 4      120   30000 1 2
78-32-84-413187-001-01 2 111  2 MAHINDI                                         2    51   512    0           2 1 0.752  4 4      220   50000 1 2
76-44-53-443188-001-01 3 111  2 SIDICO                                          1    31   0      31   60001612 1  0.52  5 5      300   96000 1  
51-12-48-043189-001-01 1 112112 MBEGU YA ASILI                                  2    11   112    0           2 1    02  5 5      100   40000 1  
51-34-40-933190-001-01 1 112212 UYOLE                                           1    21   0      21  10000 422 1    12  2 4      480  186000 1 2
51-34-40-933190-001-01 1 312212 MASIPENJELE                                     2    41   0      41  10000 422 1    12  810       80  100000 2  
71-65-11-523192-001-01 1 3122413MWASPENJERE                                     2    41   412    41  12000 41111  0.52  7 7       50   50000 2  
71-65-11-523192-001-01 3 4323413KARANGA ZA MBOZI                                2    11   0      11   1300 412 1    22  4 4        1    1300 2  
69-32-86-523204-001-01 1 112142 8                                               2    81   0      81  48000 912 1    12  7 7      756  147000 1 2
96-05-32-133205-001-01 2 111  2 MAHINDI                                         1    61   0      61  360002012 1    22  6 6     1600  240000 1  
96-05-32-133205-001-01 3 111  2 MAHINDI                                         2    41   412    0           2 1  1.52  6 6      720  108000 1  
96-49-61-153205-001-04 1 112312 MBEGU BORA SEED  CO                             1    81   0      81  480001612 1 0.752  6 6     1080  240000 1 2
96-49-61-153205-001-04 1 312112 MBEGU YA ASILI                                  2   301  3012    0           2 1 0.252  4 4       20   23000 1 2
94-43-36-883205-001-06 1 111  2 SEEDCO CHAPA SIMBA                              1    21   0      21  12000161171 0.2512 6 6      120   21000 1  
02-22-03-233206-001-01 1 111  12MBEGU BORA                                      1    61   0      61  12000 912 1    12  4 6     2200  396000 1  
02-22-03-233206-001-01 1 3121112MBEGU YA ASILI                                  2   201  2012    0           2 1    02  3 3       60   54000 1 2
02-22-03-233206-001-01 2 111  2 MBEGU BORA                                      1    61   0      61  12000 912 1  0.12  4 6     2400  400000 1 2
02-22-03-233206-001-01 3 2222112MBEGU YA ASILI                                  2    15   0      0           2 1  0.12  6 8      120   12000 1 2
04-27-33-343206-001-03 1 311  2 MBEGU YA ASILI                                  2    14   0      14   1500 21161    019 4 4       18   12000 1 2
48-07-76-493206-001-06 1 111  2 MBEGU BORA                                      1   301   0     301  60000 96151    32  6 7     4000  720000 1 2
09-76-80-663208-001-01 1 111  2 MBEGU PANA YA MALAWI 53                         1   101   0     101  600001612 1    12  6 6     3888  540000 1 2
09-76-80-663208-001-01 2 311  2 MBEGU YA NJANO                                  2  1.52   0    1.52  45000161131  1.514 3 3      600  750000 1 2
09-76-80-663208-001-01 3 111  2 MBEGU  PANA MALAWI 53                           1   101   0     101  600001612 1    12  7 7     1800  300000 1 2
09-76-80-663208-001-01 4 431  2 MBEGU YA KARANGA                                2  1.52   0    1.52  450001612 1    12  5 5      600  210000 1 2
75-95-65-453209-001-01 1 311  13NJANO                                           2    12   122    0           2 1    12  5 5      170  170000 1 2
75-95-65-453209-001-01 1 411  13MBEGU ZA ASILI                                  2    15   152    0           2 1    12  4 4       27    9000 1 2
75-95-65-453209-001-01 2 311  13MANJANO                                         2    12   122    0           171    112 5 5       20   20000 1 2
75-95-65-453209-001-01 2 411  13MBEGU ZA ASILI                                  2    15   152    0           2 1    12  5 5       36   12000 1 2
75-95-65-453209-001-01 3 411  13MBEGU ZA ASILI                                  2    15   152    0           1725                               
75-95-65-453209-001-01 3 431  13MBEGU ZA ASILI                                  2    12   122    0           2 1  0.52  5 5      120  150000 1 2
14-67-94-833210-001-01 1 111  2 PANA                                            1    11   0      11   6000 932 1 0.252  5 5      360   54000 1  
14-67-94-833210-001-01 2 311  2 KIGOMA(GOLOLI)                                  2    12   0      12  30000 212 1  0.52  2 3      180  225000 1  
22-95-67-143211-001-01 2 312212 NJONO YA KIGOMA                                 2   202   0     202  28000 912 1    12  5 5       80   72000 1 7
22-95-67-143211-001-01 2 432212 KARANGA NYEUPE                                  2   103  1032    0           151    12  6 6      240   70000 1 7
00-02-43-543211-001-02 1 112212 PANA                                            1    61   611    61  36000 912 1  0.52  6 6      360   72000 1  
00-02-43-543211-001-02 1 312212 NJANO KIGOMA                                    2    15   152    0           2 1  0.52  4 4      100  100000 1  
44-17-25-083223-001-01 2 121  2 SALU 5                                          3   101   0     101  10000 212 1    12  5 5     3150 1250000 1 2
44-17-25-083223-001-01 3 1122112SEEDCO                                          1  1.51   0    1.51   7500 912 1 0.252  6 6      108   36000 1 2
44-17-25-083223-001-01 3 3122112SOYA                                            2  0.51   0    0.51   12001612 25                               
44-17-25-083223-001-01 4 111  2 KIBO                                            1    41   0      41  22000 942 1    12  6 6     1152  384000 1 2
53-39-95-473223-001-03 1 121  2 SALU 5                                          2   321  3212    0           1725                               
53-39-95-473223-001-03 2 111  2 NGAMIA                                          1    21   0      21  100001622 1 0.252  6 6      252  126000 1 2
06-86-69-013224-001-01 1 111  12MBEGU ZA NGAMIA                                 1    21   0     201   5000161121  0.52  6 7      400  200000 1  
06-86-69-013224-001-01 2 121  2 MBEGU YA SALO                                   3   401  4013   401  200001612 1    12  6 6     2000  900000 1  
06-86-69-013224-001-01 3 121  2 MBEGU YA AINA YA SALO                           3   401  4013   401  20000 912 1    12  6 6     1900  855000 1  
20-59-72-433226-001-02 2 111  2 MERU AGRO SEEDS                                 1  1.51 0.511    21  13000 412 1    12  6 7      216   70000 2  
20-59-72-433226-001-02 3 121  2 MZAMBIA                                         2    22   0      0           2 1  0.52  6 6      756  420000 2  
98-13-48-063226-001-04 1 112112 SEED CO                                         1    14   0      11  100001612 1  0.42  5 6       20    5000 2  
98-13-48-063226-001-04 2 121  2 SALU                                            3   201   0     201  10000 21111  0.42  5 6      540  200000 1 2
98-13-48-063226-001-04 3 111  2 SEED CO                                         1    41   0      41  20000161121  0.315 5 6       90   25000 1 2
20-80-75-393227-001-01 1 111  2 MBEGU YA DUKANI                                 1   101  1011   101  550001632 1  1.52  7 7     1500  525000 1  
20-80-75-393227-001-01 2 121  2 SALU                                            1   102  1021    0           2 1    52  6 6     250015000000 1  
20-80-75-393227-001-01 3 111  2 ASILI                                           2   101  1012    0           2 1    12  7 7      500 2500000 1 2
20-80-75-393227-001-01 4 111  2 MBEGU YA ASILI                                  2   101  1012    0           2 1    12  7 7      500 2500000 1 2
57-04-59-093228-001-01 1 111  2 NGAMIA                                          1    41   0      41  200001622 1  0.52  6 6      600  180000 1 2
57-04-59-093228-001-01 2 121  2 SALO                                            3    22   223    0           2 1  0.52  6 6     1500  750000 1 2
07-11-53-333229-001-01 3 121  12ZA ASILI                                        2   301  3012    0           2 1    12  4 5     1600 1300000 1  
41-59-20-523230-001-01 1 111  2 KISASA                                          1    21   0      21  10000 912 1  0.517 5 6      156   72000 1  
41-59-20-523230-001-01 2 121  2 ASILI                                           2   801  8012    0           2 1  0.512 6 7     1080  360000 1  
05-64-48-413243-001-01 1 111  2 SEEDECO                                         1    21   0      21  12000164151  0.52  3 6      200   30000 1 2
05-64-48-413243-001-01 4 111  2 SEEDECO                                         1  1001   0    100112000001652 1   202  7 7    24000 8000000 1 2
24-27-63-883245-001-01 1 311  2 MAHARAGE                                        2   121   0     121  12000 422 1 0.252  5 5       25   50000 1 7
24-80-96-773247-001-01 1 121  2 SALO 5                                          1  3.52   0    3.52  35000 922 1    12  5 5     2800 1400000 1  
70-27-78-933248-001-01 1 111  12MBEGU BORA                                      1    41   0      41  22000 912 1  0.12  4 7      500  180000 1 4
70-27-78-933248-001-01 1 311  12MBEGU YA ASILI                                  2   201  2012    0           2 1  0.12  7 7      120  180000 1 4
55-03-85-133249-001-02 2 111  12UYOLE                                           1   101   0     101  60000 922 1    12  4 6      820  205000 2  
55-03-85-133249-001-02 2 311  12KIENYEJI                                        2    11   122    0           2 1    12  5 6      120  150000 2  
29-02-83-483261-001-01 2 1122112SEEDCO                                          3   201  2013    0           2 1    32  4 7     2040  408000 1 2
29-02-83-483261-001-01 2 312212 KABALIMA                                        2   601   0     601  75000 212 1    22  2 3      640  480000 1 2
29-02-83-483261-001-01 4 311  2 KABALIMA                                        2    62   0      62 150000 212 1    62  3 4      720  612000 1 2
07-56-54-183262-001-01 1 311  2 MBEGU YA KABALIMA                               2    42   0      42  60000 112 1    22  3 3     1680   48000 1 2
07-56-54-183262-001-01 2 411  2 MBEGU YA ALIZETI                                2    41   0      41   8000 21111  2.52  6 6      576  120000 1 2
07-56-54-183262-001-01 3 111  2 SEEDCO                                          1    41   411    0           181    32  6 6     1620  450000 1 2
07-56-54-183262-001-01 4 431  2 MBEGU YA KARANGA                                2    12   0      12   5000 112 1    32  5 6      660  330000 1 2
07-56-54-183262-001-01 6 1121112MBEGU YA ASILI                                  2    11   112    0           171 0.2112 3 6       36   10000 1 2
07-56-54-183262-001-01 6 311  12MBEGU YA KABALIMA                               2    11   0      11   1900 31171 0.112  3 3       40   60000 1 2
51-14-72-583262-001-03 1 1122112MBEGU BORA                                      1   151  1511    0           2 1    22  3 6      700  420000 1 2
51-14-72-583262-001-03 1 3122112MBEGU YA ASILI                                  4   601  4012   201  25000 112 1    12  6 6      180  225000 1 2
51-14-72-583262-001-03 1 4321112MBEGU YA ASILI                                  2   101  1012    0           2 1    12  5 6      150  200000 1 2
71-53-32-343263-001-01 1 111  2 MAHINDI YA KIENYEJI                             3    14   143    0           2 1    12  6 6      100   15000 1 2
71-53-32-343263-001-01 4 112312 MAHINDI YA KIENYEJI                             3   202  2023    0           151    22  5 6      600  100000 1  
71-53-32-343263-001-01 4 412142 ALIZETI                                         2    13   0      0           2 1  0.32  7 7       60   20000 1 2
71-53-32-343263-001-01 4 432142 BOMA                                            2    43   432    0           2 1  0.32  6 6       40   12000 1 2
15-53-65-253264-001-01 2 112112 STUKA                                           2   121   0     121   3000 21131    12  7 8      840   70000 1  
15-53-65-253264-001-01 2 152112 ULINZI WA ASILI                                 2    31   0      31   3000 21131  0.52  7 7       60   20000 1  
15-53-65-253264-001-01 2 312112 KABALIMA                                        2   401   0     401  40000 21131  0.52  7 8      300  150000 1  
15-53-65-253264-001-01 2 432112 LIBOMA                                          2   161   0     161  16000 21131  0.52  7 7       45   60000 1  
88-67-31-993264-001-03 1 111  2 MBEGU MCHANGANYIKO                              1    32   0      32  70000 812 1   102  6 7     3000  750000 1  
11-13-37-023265-001-01 1 1122112MBEGU ZA ASILI                                  2    21   0      21   2000 21151    12  5 6      240   40000 1  
11-13-37-023265-001-01 1 3122112KIGOMA                                          2    21   0      21   2000 21151    12  2 2       60   75000 1  
11-13-37-023265-001-01 2 112212 MAFATI                                          2    12   122    0           2 1  1.52  6 6     1260  135000 2  
11-13-37-023265-001-01 2 152112 KAKANDI                                         2    31   312    0           2 1    12  6 6      540  360000 2  
11-13-37-023265-001-01 2 432112 BOMA                                            2    21   0      21   6000 212 1  0.52  6 6       80   75000 2  
11-13-37-023265-001-01 3 312132 KABALIMA                                        2    81   0      81  10000 21151    12  3 4      180  140000 1  
90-95-86-113266-001-02 1 111  2 KIENYEJI                                        2    14   142    0           2 1  0.52  2 4      300   75000 1  
90-95-86-113266-001-02 2 111  12KIENYEJI                                        2    12   122    0           181  1.511 4 6     2040  510000 1  
90-95-86-113266-001-02 2 431  12KIENYEJI                                        2    23   232    0           181  0.211 5 5       50   24000 1  
77-48-80-613267-001-01 1 111  12MBEGU BORA                                      1    14   141    0           2 1  0.12  4 5      100   30000 1  
77-48-80-613267-001-01 1 311  12MBEGU YA KIENYEJI                               2    14   0      14   2000 412 1    02  3 3       40   30000 1 2
77-48-80-613267-001-01 2 111  2 MBEGU BORA                                      1   201   0     201   5000 912 1    32  7 7      500  150000 1 2
97-89-67-153268-001-01 1 311  2 MAHARAGE MEKUNDU                                2   401   0     401  50000 312 1    22  3 3      720  540000 1 2
14-99-84-453400-001-03 1 121  2 RINGA                                           2    31   312    0           131  0.52  5 5      600  600000 1 3
66-71-90-733470-001-03 1 2521412MBEGU ZA ASILI                                  2    11   0      0           2 1  0.22  9 8        1    5000 1  
22-61-86-863492-001-01 2 111  12ZA KAWAIDA                                      2    21   0      21   30001622 1    22  5 6       10   20000 1  
22-61-86-863492-001-01 2 341  12ZA KAWAIDA                                      2    21   0    1.51   22501622 1    211 8 8        5    7500 1  
56-39-47-013511-001-02 1 111  2 MAHINDI SPECIAL.                                3    21   211    0           131 0.2514 6 6       20    7000 1 2
56-39-47-013511-001-02 2 112212 MAHINDI                                         3   201  2011    0           171    112 6 6      600  200000 1  
56-39-47-013511-001-02 2 312212 KIPPAPI.                                        2   341   0     341  45000 222 1    12  6 6      120  144000 1 2
56-39-47-013511-001-02 3 121  2 SUPER SHINYANGA                                 2   201   0     201  10000 212 1 0.752  5 6      700  500000 1 2
01-55-74-143547-001-08 1 111  12ASILI                                           2   351  3512    0           131  3.52  5 5     1000  300000 1 2
01-55-74-143547-001-08 1 341  12ASILI                                           2   101  1012    0           2 1  3.52  6 6      540  300000 1 2
01-55-74-143547-001-08 2 341  12MBAAZI                                          2   351  3512    0           2 1  3.52  4 4      260  150000 1 2
01-55-74-143547-001-08 2 411  12ALIZETI                                         2   151  1512    0           2 1  3.52  5 4      950  600000 1 2
32-17-78-073586-001-01 3 111  2 KIENYEJI                                        2    21   242    0           2 1    12  6 6      200  140000 1 2
32-17-78-073586-001-01 4 111  2 KIENYEJI                                        2    24   242    0           2 1    12  5 5      200  140000 1 2
20-25-86-313586-001-02 1 111  12MBEGU ZA ASILI                                  2    31   312    0           2 1    12  4 4      160   40000 1 2
81-86-14-733603-001-01 1 111  12MBEGU ZA KIENYEJI                               2    41   0      41   3000163121 0.752  4 4       60   30000 1 2
81-86-14-733603-001-01 1 131  12MBEGU ZA MTAMA MWEUPE                           2    21   0      21   4000163111 0.752  7 7      120   30000 1 2
81-86-14-733603-001-01 2 112212 MBEGU ZA STAA                                   3    21   0      21  13000 31121  1.52  5 5      200   90000 1 2
09-31-93-253605-001-01 1 1122112NJANO                                           2    41   0      41   2500 432 1 0.352  5 6      100   40000 1  
38-56-07-333606-001-01 1 111  12MBEGU ZA KIENYEJI                               2    41   412    0           121    22  3 4      140   70000 1  
38-56-07-333606-001-01 1 421  2 MBEGU YA ASILI                                  2    11   0      11   3000 12131    212 6 7       80   60000 1  
11-40-56-853607-001-01 1 111  2 MAHINDI                                         2    61   0      0           181    311 5 6      234 1430000 1 2
11-40-56-853607-001-01 2 311  2 MAHARAGE                                        2   301   0     301  50000 92121 0.1215 6 6        4   10000 1 2
46-48-20-193608-001-01 1 312212 MANJANO                                         2    51   0      51  12500 422 1  0.52  7 7      100  200000 1  
46-48-20-193608-001-01 1 342212 NYEUPE                                          2  0.51   0    0.51   1500 42111  0.52  8 8      150  150000 1  
46-48-20-193608-001-01 2 112252 STUKA                                           1  2.51   0    2.51   6250 922 1  0.52  7 7      100   50000 1  
65-52-91-163610-001-01 1 111  12STUKA                                           1 0.2510.2511    0           2 1 0.752  6 7       30   30000 1 2
65-52-91-163610-001-01 1 221  12VIAZI LISHE                                     1   201   0     201  15000 422 1 0.752  6 7       80   60000 1 2
65-52-91-163610-001-01 3 1122812STUKA                                           1    21   211    0           121    12  3 5      280  280000 1 2
65-52-91-163610-001-01 3 3122412ROSE KOKO                                       1   301   0     301  67500102131    12  6 6       80   80000 1 2
65-52-91-163610-001-01 3 3221812MBEGU YA KIENYEJI                               2    11   0      11   1200162121  0.22  7 8       50   50000 1 2
06-96-90-323622-001-01 3 111  2 SIDICO                                          1   201   0     201 1600001612 1    22  4 5     1920  480000 1 4
06-96-90-323622-001-01 4 111  2 SIDICO                                          1   101   0     101  800001612 1    12  6 6      720  180000 1 4
56-19-55-133622-001-03 1 121  2 NYEUPE                                          2   401  4012    0           111    12  7 7      100  100000 1  
56-19-55-133622-001-03 2 111  2 MANJANO                                         2   151  1512    0           121    22  8 8     1200  600000 1  
34-14-13-383625-001-01 1 111  12MBEGU ZA ASILI                                  2  3.51 3.512    0           2 1  2.52  4 5      400  180000 1 2
34-14-13-383625-001-01 1 4222412MBEGU ZA ASILI                                  2    11   0      11   2000 912 1  0.514 6 7      200  100000 1 2
21-35-87-243627-001-01 2 122182 SUPER                                           2   501   0     501  36000 44111  2.515 6 7      450  360000 1  
21-35-87-243627-001-01 3 112112 STUKA                                           1    31   0      31  24000191121 0.252  4 4      120   36000 1  
58-58-82-683643-001-01 2 111  2 PANA                                            2    81   812    0           2 1    12  7 7     1100  440000 1 2
58-58-82-683643-001-01 3 121  2 SUPA                                            2   401  4012    0           111    12  7 7      500  500000 1  
08-34-40-963644-001-01 1 251  12MAGIMBI                                         2    55   552    0           2 1 1.752  9 030    200   36000 1 2
08-34-40-963644-001-01 2 111  12KIENYEJI                                        2   101   0     101  10000 53121    12  3 3      200  120000 1 2
08-34-40-963644-001-01 2 251  12NYEKUNDU                                        2   135  1352    0           2 1    12  2 1      150   40000 1 2
48-70-78-563645-001-01 2 111  12MBEGU YA KIENYEJI                               2    31   0      31   6000 422 1    12  1 1       20   14000 1 4
28-62-38-353647-001-01 3 121  2 MBEGU YA ASILI                                  2    51   512    0           2 1    12  5 5      140  140000 1  
51-59-11-363660-001-02 2 121  2 MBEGU ZA MPUNGA ZA ASILI                        2  3401 34012    0           2 1   122  6 6     1800  918000 2  
51-56-87-593660-001-04 2 122382 MBEGU YA MPUNGA YA ASILI                        2  1501   0    1501 150000201171    112 5 5      750  300000 1 2
37-00-59-023662-001-01 1 121  2 KALEMATA                                        2    42   422    0           111    22  6 7      640  480000 1 2
37-00-59-023662-001-01 2 121  2 KALIMATA                                        2    12   122    0           2 1  0.52  7 7      150  100000 1 2
53-57-52-183662-001-03 1 121  2 KALUMATA                                        2    35   0      35  30000 91111    215 5 6     1000  800000 1 2
57-29-56-033663-001-01 2 121  2 KALIMANTA                                       3   102  1023    0           111    62  6 6     1024  300000 2  
84-24-39-263665-001-01 2 121  2 MPUNGA                                          2  1001 10012    0           2 1    42  6 7     1500  900000 1 2
84-24-39-263665-001-01 3 121  2 MPUNGA                                          2  1501 15012    0           2 1    62  6 8     2500 1500000 1 2
17-40-36-853665-001-05 1 121  2 MPUNGA                                          2   451  4512    0           1224                               
73-54-93-253666-001-01 1 121  12M BEGU   FUPI                                   2  1251 12512    0           2 1    42  7 7     2500 1000000 1 2
73-54-93-253666-001-01 3 122212 MBEGU   FUPI                                    2  2601 26012    0           2 1   112  7 8     8750 3500000 1 2
33-22-49-703667-001-01 1 121  12MBAWA MBILI                                     2   201  2012    0           2 1  0.511 6 6      100   25000 1  
97-63-96-063667-001-03 1 1221212SALU                                            1    31   0      0           2 1 0.2511 5 5       10    2500 2  
97-63-96-063667-001-03 2 121  2 NGOME                                           2   151   0     151  15000 212 1 1.2511 6 7      200  200000 1 2
97-67-30-883687-001-01 1 872212 NYANYA                                          1  2005   0    2005   6000 412 1 0.122  5 6       50   70000 1 2
60-75-46-463699-001-01 1 121  2 SUPER  KYELA  NA MBAWA  MBILI                   2   801   0     801  60000 212 1    319 7 7      400  250000 1  
99-07-17-063702-001-01 1 111  2 KISASA                                          1    61   0      61  360001632 1    12  7 7      840  210000 1  
34-82-27-893703-001-01 2 111  12SITUKA                                          1    61   0      61  17000 93171    119 6 6      150   75000 1  
34-82-27-893703-001-01 2 3221112KUNDE  NDOGO                                    2  5005   0    5005   1000 412 1  0.32  2 5       18   12000 5  
34-82-27-893703-001-01 2 9221112MABOGA                                          2  2505   0      0           2 1  0.32  2 5       15    8000 7  
29-48-35-093718-001-01 1 112382 MBEGU YA MAHINDI(TITO)                          2 2.2512.2512    0           2 1 0.752  7 7       80   40000 1  
29-48-35-093718-001-01 2 111  2 MBEGU YA MAHINDI(TITO)                          2    81   812    0           2 1  1.52  7 7      150   75000 1  
29-48-35-093718-001-01 3 311  2 MBEGU ZA MAHARAGE                               2    81   812    0           2 1 0.752  7 7      100  120000 1  
84-70-04-133720-001-01 1 311  12MAHARAGE                                        2   201   0     201  40000 92131  0.62  2 1       60  120000 1  
46-79-04-893722-001-01 1 1122112SIDCO                                           1    21   0      21  14000 932 1 0.252  5 5      120   60000 1  
46-79-04-893722-001-01 3 112212 SIDCO                                           1 45005   0   45005  49000 93131  0.514 5 5      200  100000 1  
46-79-04-893722-001-01 4 111  2 SIDCO                                           1    31   0      31  21000 932 1  0.514 5 5      150   75000 1  
94-01-95-713723-001-01 1 312142 MAHARAGE YA NJANO                               1    51   0      51  10000 21181 0.2511 6 7       50   75000 1 2
26-38-86-973723-001-03 2 311  2 NJANO                                           1   301   0     301  60000 422 1  1.52  7 7      400  800000 1  
86-99-26-343737-001-02 1 111  2 KIENYEJI                                        2    31   312    0           2 1  0.512 4 4       25   25000 1  
86-99-26-343737-001-02 2 121  2 NAKOLOKOLO                                      2   201  2012    0           171 0.7512 6 6      100   50000 1  
55-51-32-873738-001-01 29982312 MBEGU ZA KIENYEJI                               2    45   0      0           161 0.752  8 8      100   60000 1 3
55-51-32-873738-001-01 3 111  12MBEGU YA KAWAIDA (SERENA)                       1    21   211    0           1725                               
55-51-32-873738-001-01 3 121  12MBEGU ZA SUPA                                   2    12   122    0           2 1  0.52  6 6      150   75000 3  
98-39-03-023738-001-02 1 111  12MBEGU YA SERENA                                 2    21   0      21   3000 212 1    32  5 5       25   12500 1 2
98-39-03-023738-001-02 1 321  12MBEGU YA KIENYEJI                               2    21   0      21   4000 21131    32  6 6       50   60000 1 2
69-36-36-133739-001-01 3 11221125                                               2    51   0      51  10000 91131 0.7514 5 6       50   40000 1 4
69-36-36-133739-001-01 4 121  2 MPUNGA                                          2   101   0     101  20000 912 1    22  9 6      150   75000 1 4
69-36-36-133739-001-01 5 121  2 MPUNGA                                          2   101   0     101  20000 912 1    12  6 6      150   75000 1 4
11-59-39-513741-001-01 2 111  12SERENA                                          2    51   0      51   5000 21151    12  4 4       60   30000 1  
11-59-39-513741-001-01 3 122182 SUPER                                           2   301   0     301  30000 21111 0.252  6 6      300  300000 1  
45-98-24-043741-001-04 1 122282 MPUNGA                                          2   501  5012    0           171  0.612 7 6      420  240000 1 2
45-98-24-043741-001-04 2 111  2 MAHINDI                                         2    61   312    31   6000 212 1    12  6 6      270  162000 1 2
19-82-60-373742-001-01 1 111  12KIENYEJI                                        2    11   112    0           121  1.52  5 5       50   35000 2  
19-82-60-373742-001-01 2 111  12KIENYEJI                                        2    21   212    0           2 1  1.52  5 5      100   70000 2  
78-14-25-283743-001-01 6 121  2 MBEGU YA KIENYEJI                               2   151  1512    0           2 1    111 5 6      150   75000 1  
07-04-66-243755-001-01 1 4322812MBEGU KUBWA                                     2    31   312    0           2 1  0.52  5 6       36   45000 1  
17-54-53-533758-001-01 1 431  2 NYEKUNDU                                        2    71   312    41  24000 912 1    12  6 6      200   72000 1 2
17-54-53-533758-001-01 2 362142 NJUGU                                           2    51   512    0           2 1 0.7511 7 8       50   15000 1 2
51-47-84-023759-001-02 4 111  12SELENA                                          1    21   211    0           171  3.22  4 5      200   40000 2 6
51-47-84-023759-001-02 4 1321812MBEGU YA KIENYEJI                               2    11   112    0           181  0.12  8 8      100  100000 2 6
51-47-84-023759-001-02 4 341  12SELENA                                          1  0.51 0.511    0           121  3.22  7 7       50   75000 2 6
51-47-84-023759-001-02 4 4321812KARANGA KUBWA                                   2    11   0      11   20001042 1  0.12  6 6       30   60000 2 6
35-97-97-593760-001-01 29981  2 MBEGU ZA ASILI                                  2    41   412    0           141  0.52 11 6       48   96000 1  
05-15-50-513761-001-01 1 431  2 NYEKUNDU                                        2   151   0     151  45000 21121 0.722  6 7      250  750000 1  
37-54-54-333774-001-01 1 111  12KIENYEJI                                        2    11   112    0           2 1  0.52  5 5       20   20000 1 2
37-54-54-333774-001-01 1 341  12KIENYEJI                                        2  0.55 0.552    0           2 1  0.52  5 5       10    5000 1 2
53-91-81-333775-001-01 1 111  2 MAHINDI                                         2  1.51   0    1.51   1500 212 1 0.252  5 5      100   40000 1  
53-91-81-333775-001-01 2 111  2 MAHINDI                                         2    31   0      31   3000 312 1    12  6 6      150   40000 1  
68-35-57-413776-001-01 1 1122112MBEGU YA ASILI                                  2    24   242    0           2 1    22  6 6      300  180000 1 2
68-35-57-413776-001-01 1 3621112MBEGU ASILI                                     2   124  1242    0           2 1  0.52  8 8      300  240000 1 2
68-35-57-413776-001-01 1 4321112MBEGU ASILI                                     2    34   342    0           2 1  0.52  5 5       60   45000 1 2
68-35-57-413776-001-01 5 111  12MBEGU ZA ASILI                                  2    24   242    0           2 1    12  6 6       80   32000 1 2
68-35-57-413776-001-01 5 341  12MBEGU ZA ASILI                                  2    14   142    0           2 1    12  9 9       20   15000 1 2
39-38-87-533777-001-01 1 111  12MBEGU YA KIENYEJI                               2  1.51   0    1.51   1500 212 1  0.52  4 4       51   30000 1 2
39-38-87-533777-001-01 1 131  12MBEGU YA KIENYEJI                               2    13   0      13    500 212 26                               
39-38-87-533777-001-01 1 341  12MBEGU ZA KIENYEJI                               2  0.51   0      0           2 1  0.52  7 7       10    5000 1 2
39-38-87-533777-001-01 1 921  12MBEGU YA KIENYEJI                               2  0.11 0.112    0           2 1  0.52  2 5       40   50000 2  
39-38-87-533777-001-01 1 951  12MBEGU YA KIENYEJI                               2 0.051   0      0           2 1  0.22  3 3      2.5    2000 2  
39-38-87-533777-001-01 11001  12MBEGU YA KIENYEJI                               2  0.21 0.212    0           2 1  0.52  2 4        5   15000 2  
39-38-87-533777-001-01 4 422332 MBEGU YA KIENYEJI                               2   101   0     101  40000 25181    411 5 6      765 1147500 1  
83-42-86-523778-001-01 19981  2 MICHE YA MIKOROSHO YA ZAMANI                    2  1505   0      0           2 1    22  911      450  900000 1  
83-42-86-523778-001-01 29982182 MBEGU ZA ASILI                                  2    0    0      0           2 1 0.252  911      270  540000 1  
59-87-34-753778-001-02 1 111  12MBEGU YA KIENYEJI                               2  5005 50052    0           2 1  0.52  1 2      456  160000 1  
59-87-34-753778-001-02 1 131  12MBEGU YA KIENYEJI                               2    11   112    0           2 1  0.52  1 2       80  160000 1  
59-87-34-753778-001-02 2 112132 MBEGU YA KIENYEJI                               2   101  1012    0           2 1    12  5 6      400  160000 1  
29-01-39-993779-001-02 19982212 MBEGU ZA ASILI                                  2    0    0      0           2 1    12  911      160  320000 2  
85-97-80-163781-001-01 1 1122112MAHINDI                                         2    51   512    0           111  0.519 7 7      216  120000 1 2
85-97-80-163781-001-01 1 1321112MTAMA                                           2  0.51 0.512    0           111 0.2519 7 7       20   15000 1 2
85-97-80-163781-001-01 1 3421112MBAAZI                                          2    11   112    0           141 0.2514 7 8       30   18000 1 2
85-97-80-163781-001-01 3 112312 MAHINDI                                         2    51   512    0           2 1    22  6 6      540  300000 1 2
45-90-10-233781-001-02 1 111  2 MBEGU ZA KIENYEJI                               2    11   112    0           131    12  6 6        4    1200 1  
45-90-10-233781-001-02 2 1122112MBEGU ZA KIENYEJI                               2    41   412    0           2 1    12  8 8      216   64800 1  
45-90-10-233781-001-02 2 3421112MBAAZI                                          2    41   412    0           2 1  0.52  8 8       40   80000 1  
45-90-10-233781-001-02 2 3621112NJUGU                                           2    51   512    0           131  0.314 8 8       63  126000 1  
85-38-17-703793-001-01 1 1121312MBEGU ZA ASILI                                  1   101  1012    0           2 1    22  6 7      560  140000 1 4
85-38-17-703793-001-01 1 3222412MBEGU YA ASILI                                  2    14   0      14   1500 932 1  0.52  5 5       10   10000 1 4
85-38-17-703793-001-01 2 111  12MBEGU ZA ASILI                                  2    11   112    0           2 1  0.52  5 5       30    7500 1 4
81-77-97-813794-001-01 5 111  12SERENA                                          2    55   0      55   5000 41151    211 5 5      100   42000 1 2
81-77-97-813794-001-01 5 341  12MBAAZI                                          2    35   0      35   6000 21181    211 7 7       20   40000 1 2
97-69-40-903794-001-04 1 1122112MBEGU KUBWA                                     2    61   0      61   9000 412 1  1.52  6 6      360  126000 1 2
97-69-40-903794-001-04 1 3321112CHOROKO                                         2  1.51   0    1.51   5300 412 1    12  2 3      160  192000 1 2
97-69-40-903794-001-04 1 3422112IPWIRI                                          2    25   0      25   4000 412 1  1.52  8 8      360  396000 1 2
97-69-40-903794-001-04 1 4221112BLUU                                            2    15   0      15   5000 21151    116 4 4       60   96000 1 2
33-23-93-773795-001-01 1 112242 MAHINDI                                         2    61   612    0           2 1    12  7 7      800  200000 1  
73-13-17-313796-001-01 1 111  12MBEGU FUPI ZA ASILI                             2    45   453    0           2 1    22  6 7      486  135000 1  
73-13-17-313796-001-01 1 341  12MBEGU ZA ASILI                                  2    35   352    0           2 1    211 8 8      162  210600 1  
73-13-17-313796-001-01 2 111  2 MBEGU FUPI ZA ASILI                             2    15   152    0           2 1 0.252  4 4       74   15000 1  
76-50-20-663797-001-01 1 111  12MBEGU YA MAHINDI YA KIENYEJI                    2  0.51 0.512    0           131 0.2514 5 5       20    6000 1 2
76-50-20-663797-001-01 1 341  12MBEGU YA KISASA YA MBAAZI                       3  0.51 0.513    0           2 1 0.252  6 7       20   30000 1 2
76-50-20-663797-001-01 2 112112 MBEGU YA MAHINDI YA KIENYEJI                    2   121  1212    0           121    315 7 7     1200  360000 1 2
76-50-20-663797-001-01 2 3421112MBEGU YA  MBAAZI YA KIENYEJI                    2   121  1212    0           2 1    32  8 8      300  450000 1 2
76-50-20-663797-001-01 2 422112 MBEGU YA UFUTA BLUE WHITE                       1    91   0      91  45000164131    214 8 8      100  240000 1 2
76-50-20-663797-001-01 4 111  12MBEGU YA MAHINDI YA KIENYEJI                    2    71   712    0           2 1 1.752  7 7      400  120000 1 2
76-50-20-663797-001-01 4 341  12MBEGU YA MBAAZI YA KIENYEJI                     2    31   312    0           2 1 1.752  8 8      100  150000 1 2
43-76-27-973797-001-04 2 1122112MBEGU YA MAHINDI YA KISASA                      3    41   0      41   5000 31131  1.52  6 7      600  180000 1 2
43-76-27-973797-001-04 2 3321112MBEGU YA CHOROKO YA KIENYEJI                    2    31   312    0           2 1  0.52  2 3       60  180000 1 2
43-76-27-973797-001-04 2 3421112MBEGU YA MBAAZI YA KISASA                       3    31   313    0           2 1    12  7 7      150  187500 1 2
43-76-27-973797-001-04 2 422212 MBEGU YA KISASA YA UFUTA-BLUE WHITE             3    11   113    0           1323                               
21-49-44-333797-001-06 1 1123112MBEGU ZA ASILI                                  2  0.52 0.522    0           2 1  3.512 7 7      360  120000 1  
21-49-44-333797-001-06 1 4221112MBEGU FUPI                                      1    21   211    0           131  1.514 5 5      112  179200 1  
21-49-44-333797-001-06 2 1121112MBEGU KUBWA ZA ASILI                            2    11   112    0           2 1  0.12  7 7       14    5000 1  
21-49-44-333797-001-06 2 3423112MBEGU ZA ASILI                                  2 0.7510.7512    0           2 1  0.12  7 7       28   28000 1  
53-62-39-023798-001-01 1 1122112MBEGU   FUPI                                    2    41   412    0           2 1    12  7 7      345  150000 1  
53-62-39-023798-001-01 1 3323112CHOROKO                                         2    11   112    0           2 1 0.752  3 3       86   90000 1  
72-85-50-423798-001-02 1 111  12MBEGU  FUPI                                     2    21   0      21   2000 212 1  0.52  6 6       85   85000 1  
72-85-50-423798-001-02 1 3222112KUNDE                                           2  2505   0    2505   1000 212 1  0.32  2 4       25   15000 1  
72-85-50-423798-001-02 1 341  12MBAAZI  NYEUPE                                  2    11   0      11   1000 212 1  0.52  8 8       35   40000 1  
72-85-50-423798-001-02 2 111  12MBEGU  FUPI                                     2    41   0      41   4000 332 1    22  8 9      240  240000 1  
72-85-50-423798-001-02 2 341  12MBAAZI  NYEUPE                                  2    51   0      51   5000 232 1    22  8 8       90  180000 1  
56-68-24-883799-001-01 1 111  12MBEGU ZA ASILI                                  2    11   112    0           151 0.2514 4 4       10    2500 1  
56-68-24-883799-001-01 2 1122112MBEGU ZA ASILI                                  2    21   212    0           151    111 4 4      160   40000 1  
56-68-24-883799-001-01 2 3221412MBEGU ZA ASILI                                  2    13   132    0           2 1 0.252  6 6       20   20000 1  
70-70-60-493800-001-01 3 111  12MAHINDI                                         2   121  1212    0           2 1    211 6 7      300  150000 1 2
70-70-60-493800-001-01 3 3422412MBAAZI                                          2    31   312    0           181    111 810       50   50000 1 2
87-57-04-483812-001-01 3 1121312MBEGU YA KIENYEJI                               2    31   0      31   3000 412 1  0.52  6 7       40   28000 1 2
87-57-04-483812-001-01 3 3421312MBEGU YA KIENYEJI                               2    21   0      21   4000 412 1  0.52  7 7      200  100000 1 2
87-57-04-483812-001-01 4 111  12MBEGU YA KIENYEJI                               2    21   0      21   1400 412 1  0.22  7 7       20   14000 1 2
87-57-04-483812-001-01 4 3421312MBEGU YA KIENYEJI                               2    11   0      11   2000 412 1  0.22  6 7       40   20000 1 2
87-57-04-483812-001-01 5 111  2 MBEGU YA KIENYEJI                               2    11   0      11    700 412 1  0.22  7 7       10    7000 1 2
13-50-39-653814-001-01 1 111  12MBEGU YA KIENYEJI                               2    11   0      11    600 412 1  0.22  4 5       40   24000 1 2
13-50-39-653814-001-01 1 321  12MBEGU YA KIENYEJI                               2    11   0      11   2000 412 1  0.22  5 7        5   10000 1 2
13-50-39-653814-001-01 1 341  12MBEGU YA KIENYEJI                               2    11   0      11    600 412 1  0.22  7 8       18    9000 1 2
13-50-39-653814-001-01 1 921  12MBEGU YA KIENYEJI                               2 0.2510.2512    0           2 1  0.22  1 7       14   15000 1 2
70-77-45-253815-001-01 2 1122112MAHINDI                                         2    61   612    0           2 1    12  5 5      320  280000 1  
47-37-02-613817-001-01 3 121  2 MBEGU YA SUPA                                   2   101   0     101  16000 42131    12  6 6      240  150000 1 5
72-20-59-333817-001-02 1 1122112MBEGU ZA KIENYEJI                               2   101  1012    0           2 1  0.52  6 6      250  140000 1 2
72-20-59-333817-001-02 1 3422112MBEGU ZA KIENYEJI                               2    31   0      31   30001612 1  0.52  8 8       30   15000 1 2
72-20-59-333817-001-02 2 1122112MBEGU ZA KIENYEJI                               2   121  1212    0           2 1  0.72  6 6      300  150000 1  
72-20-59-333817-001-02 2 3422112MBEGU ZA KIENYEJI                               2    41   0      41   40001612 1  0.72  8 8       10    7000 1  
65-91-88-243818-001-01 2 111  13MBEGU ZA ASILI                                  2    61   612    0           2 1  1.22  6 6      250  125000 1 2
71-79-67-823831-001-01 2 331  12MBEGU NDEFU                                     2  2.51 2.512    0           2 1    214 4 6      100   70000 1  
71-79-67-823831-001-01 4 111  12SONGEA                                          2    31   0      31   60001622 1    22  5 6      100   50000 1  
71-79-67-823831-001-01 4 331  12MBEGU YA KIENYEJI                               2    11   0      11   30001622 1    22  4 5       30   21000 1  
71-79-67-823831-001-01 49981  12MBEGU YA KIENYEJI                               2   151   0     151  15000 322 1    22  5 6      100  130000 1  
71-79-67-823831-001-01 5 111  2 MBEGU YA KIENYEJI                               2    11   0      11   20001622 1  0.22  5 6       45   22500 1  
71-74-59-743831-001-02 1 111  12MBEGU YA KIENYEJI                               2    11   0      11   10001612 1  0.22  4 4       30   15000 1  
71-74-59-743831-001-02 3 1122812MBEGU YA KIENYEJI                               2    41   0      41   4000 41151    12  4 4      100   50000 1  
71-74-59-743831-001-02 3 3322412MBEGU YA KIENYEJI                               2    71   0      71  24500 442 1    12  5 5      122  122000 1  
71-74-59-743831-001-02 3 3422412MBEGU YA KIENYEJI                               2    11   0      11   2000 442 1    12  7 7       52   26000 1  
71-74-59-743831-001-02 3 4321412JOHARI                                          1    21   0      21   2500 442 1  0.22  4 4       20   40000 1  
71-74-59-743831-001-02 3 9521812MBEGU YA KIENYEJI                               2 0.2510.2512    0           2 1  0.22  2 3      494  260000 1  
25-94-82-153832-001-01 1 111  12MAHINDI                                         2 0.7510.7512    0           2 1  0.52  7 7     23.5   18000 1  
25-94-82-153832-001-01 2 1122112MAHINDI                                         2  3.51 3.512    0           2 1 0.352  8 9      350  280000 1  
25-94-82-153832-001-01 2 3321112CHOROKO.                                        2    21   0      21  100001622 1 0.252  6 6      100  120000 1  
25-94-82-153832-001-01 2 3421112MBAAZI                                          2  0.51 0.512    0           2 1 0.252  7 7       40   24000 1  
25-94-82-153832-001-01 3 111  2 MAHINDI                                         2  1.51 1.512    0           2 1 0.352  6 6      200  160000 1 5
77-32-67-803833-001-01 2 111  12MERU                                            1    61   0      61  360001612 1  1.52  6 6      800  400000 1  
77-32-67-803833-001-01 4 1122312MERU                                            1    21   0      21  120001612 1  0.52  7 7      300  150000 1  
77-32-67-803833-001-01 4 3321312KIJANI                                          2    11   112    0           121 0.252  5 5       70   70000 1  
77-32-67-803833-001-01 6 112282 MERU                                            1  0.51   0    0.51   10001612 1  0.12  7 7       50   25000 1  
15-35-28-353833-001-05 1 1122112MERU                                            3    11   113    0           2 1  0.12  7 7       80   40000 1  
15-35-28-353833-001-05 1 921  12MANJANO                                         2 0.2510.2512    0           2 1  0.12  4 9      100   50000 1  
15-35-28-353833-001-05 2 1121312MERU                                            1    51   0      51  250001622 1  0.52  7 7      400  200000 1  
15-35-28-353833-001-05 2 9521312KIJANI                                          2  0.11 0.112    0           2 1  0.52  3 8      100   50000 1  
15-35-28-353833-001-05 4 432132 NYEKUNDU                                        2   151   0     151  50000 422 1  0.52  6 7      250  750000 1  
15-35-28-353833-001-05 6 1122311MERU                                            1    51   0      51  250001622 1  0.52  7 7      350  175000 1 2
15-35-28-353833-001-05 6 321  11KUBWA                                           2    11   112    0           2 1  0.52  6 6      100  120000 1  
37-71-99-363834-001-01 1 111  12KIENYEJI                                        2  1.51 1.512    0           151 0.252  5 5      100   50000 1  
37-71-99-363834-001-01 1 341  12KIENYEJI                                        2  0.51 0.512    0           151 0.252  8 8       20   14000 1  
37-71-99-363834-001-01 2 4222112KIENYEJI                                        2    11   0      11   5000 212 1  1.52  7 7       45   67000 1  
54-43-79-143834-001-02 1 111  12KIENYEJI                                        2    14   142    0           2 1 0.252  5 5       40   10000 1  
54-43-79-143834-001-02 1 341  12KIENYEJI                                        2    13   132    0           2 1 0.252  7 8       20   10000 1  
54-43-79-143834-001-02 2 3423412KIENYEJI                                        2    51   512    0           2 1 0.752  7 8       40   20000 1  
54-43-79-143834-001-02 2 4322412KIENYEJI                                        2    31   312    0           2 1  0.52  4 5       30   21000 1  
54-43-79-143834-001-02 3 111  12KIENYEJI                                        2  4.51 4.512    0           2 1    12  5 5      100   25000 1  
54-43-79-143834-001-02 3 341  12KIENYEJI                                        2  4.51 4.512    0           2 1    12  7 8      120   60000 1  
48-62-80-163835-001-01 1 1122112MBEGU KUBWA                                     2  1.51   0    1.51   5000 212 26                               
48-62-80-163835-001-01 39981  2 MIKOROSHO                                       2    0    0      0           151    12  910       70  100000 1  
17-92-85-183836-001-01 1 111  12MBEGU ZA KIENYEJI                               2    11   112    0           131 0.252  4 4       30   15000 1 2
17-92-85-183836-001-01 1 341  12MBEGU ZA KIENYEJI                               2  0.51 0.512    0           1326                               
17-92-85-183836-001-01 1 921  12MBEGU ZA KIENYEJI                               2    13   132    0           181 0.252  3 4       25   25000 1 2
17-92-85-183836-001-01 2 111  12MBEGU ZA KIENYEJI                               2  4.51 4.512    0           131    32  4 4       60   30000 1 2
17-92-85-183836-001-01 2 321  12MBEGU ZA KIENYEJI                               2  0.51   0    0.51   15001611826                               
17-92-85-183836-001-01 2 331  12MBEGU ZA KIENYEJI                               2    21   0      21   6000161181    32  6 6        6    4800 1 2
17-92-85-183836-001-01 2 341  12MBEGU ZA KIENYEJI                               2    11   112    0           181    32  8 8      2.5    2500 1 2
85-03-08-423837-001-01 1 111  12MBEGU NDEFU                                     2  1.51 1.512    0           2 1  0.52  3 4       20    7000 1 2
85-03-08-423837-001-01 39981  2 MBEGFU YA MDA MFUPI                             2 38005380052    0           2 1  0.12  7 7       30   30000 1 2
09-79-49-523838-001-01 1 111  2 MAHINDI                                         2    31   312    0           2 1  0.32  7 7      144   64000 1 2
09-79-49-523838-001-01 2 111  2 MAHINDI                                         2   101  1012    0           131  3.52  6 7      108   48000 1 2
09-77-56-913850-001-01 1 111  12MBEGU YA ASILI                                  2    31   312    0           2 1 0.252  3 4      120   25000 1 2
09-77-56-913850-001-01 1 3621112MBEGU YA ASILI                                  2  1.51 1.512    0           2 1 0.252  5 6       30   60000 1 2
09-77-56-913850-001-01 1 4321112MBEGU ZA KAWAIDA                                2    51   512    0           2 1 0.2517 4 4       12   24000 1 2
18-86-63-893851-001-02 4 3621112KIENYEJI                                        2    61   0      61   9000 412 1 0.252  6 6       45   45000 2  
18-86-63-893851-001-02 4 4321413SERENA MBEGU FUPI                               2    51   0      51  15000 93131 0.252  5 5       30   60000 2  
83-95-24-143852-001-01 1 111  12MBEGU YA KIENYEJI                               2    11   112    0           2 1 0.752  2 3       50   25000 1 2
83-95-24-143852-001-01 2 111  12MBEGU YA KIENYEJI                               2    21   212    0           2 1    12  3 4      100   50000 1 2
83-95-24-143852-001-01 2 3621312MBEGU YA KIENYEJI                               2   201  2012    0           2 1  0.52  4 4      180   90000 1 2
83-95-24-143852-001-01 2 4321312MBEGU YA KIENYEJI                               2   101  1012    0           2 1  0.52  3 3      120   60000 1 2
83-95-24-143852-001-01 4 112132 MBEGU YA KIENYEJI                               2    21   212    0           2 26                               
22-52-97-753854-001-01 1 111  12MBEGU ZA KIENYEJI                               2 2.2512.2512    0           1826                               
22-52-97-753854-001-01 1 941  12MBEGU ZA ASILI                                  2    13   132    0           2 1    12  1 4       30   30000 1  
22-52-97-753854-001-01 2 1122112MBEGU ZA KIENYEJI                               2    81   812    0           1826                               
22-52-97-753854-001-01 2 3621112MBEGU ZA KAWAIDA                                2    91   0      91  300001611826                               
22-52-97-753854-001-01 2 4322112MBEGU ZA SELENA                                 2    61   0      61  200001611826                               
83-08-74-843855-001-02 1 1121112MAHINDI                                         2    42   412    0           2 1 0.252  5 6       36   14400 1  
83-08-74-843855-001-02 1 1321112MTAMA                                           2    11   112    0           111  0.219 6 7       45  112500 1  
83-08-74-843855-001-02 4 1122112MAHINDI                                         2    11   112    0           181  0.211 6 7       10    4000 1  
95-93-01-713856-001-01 1 112212 MAHINDI                                         2  0.51 0.512    0           2 1 0.042 1010        9    1200 1  
95-93-01-713856-001-01 3 3621112NJUGU MAWE                                      2    61   612    0           1826                               
72-66-88-883859-001-01 1 112212 SERENA                                          2 0.2510.2512    0           121 0.052  3 3       50   25000 4  
72-66-88-883859-001-01 2 1122112SERENA                                          2    11 0.512    0           121  0.42  6 6      100   50000 4  
72-66-88-883859-001-01 2 432112 ASILI                                           2    51   512    0           2 1  0.22  5 5       40  180000 4  
72-66-88-883859-001-01 3 362232 KUBWA                                           2    81   812    0           121  0.52  4 4       80  160000 4  
84-24-16-373869-001-01 1 112112 MBEGU KUBWA                                     2    21   0      21   2000 922 1  0.214 4 5       18    7000 2  
84-24-16-373869-001-01 2 1121112MBEGU KUBWA                                     2    51   0      31   5000 922 1 0.2514 4 4       45   21000 1  
84-24-16-373869-001-01 2 3321112MBEGU YA ASILI                                  2  0.51   0    0.51   1500 922 1 0.2514 5 5       17   17000 1  
84-24-16-373869-001-01 2 4221112MBEGU YA ASILI                                  2 0.251   0   0.251   1000 922 1 0.252  5 6       15   12500 1  
77-48-36-643870-001-01 1 111  2 MAHINDI                                         2    51   512    0           2 1    12  7 8      126   70000 1 2
77-48-36-643870-001-01 2 111  2 MAHINDI                                         2   151  1512    0           2 1    22  7 8      378  210000 1 2
38-68-55-543871-001-01 1 3321312MBEGU YA KIENYEJI                               2    11   0      11   30001612 1  0.52  5 6       24   36000 1 2
38-68-55-543871-001-01 1 3421312MBEGU YA KIENYEJI                               2    11   0      11   1000 212 1  0.52  7 8       21   10500 1 2
38-68-55-543871-001-01 1 4321312JOHARI                                          1    41   0      41  20000 212 1  0.52  4 5       12   60000 1 2
38-68-55-543871-001-01 2 1121312MBEGU YA KIENYEJI                               1    81   0      81  16000 412 1  1.52  5 6       56   28000 1 2
38-68-55-543871-001-01 2 3421312MBEGU YA KIENYEJI                               2    21   0      21   20001612 1  1.52  6 7       19    9500 1 2
38-68-55-543871-001-01 2 4221312MBEGU YA KIENYEJI                               1  0.51 0.511    0           2 1  1.52  7 8       21   25200 1 2
38-68-55-543871-001-01 3 111  2 MBEGU YA KIENYEJI                               2 0.251   0   0.251    5001612 1  0.52  6 7        6    3000 1 2
71-09-27-793871-001-03 1 111  2 MAHINDI                                         2    51   0      51  10000 912 1  0.52  7 9       54   27000 1 2
88-98-35-963872-001-01 2 1122112MAHINDI                                         2    51   512    0           181    611 5 5       72  864000 1 2
64-66-80-403872-001-03 1 111  11SERENA                                          2    81   0      81  10000 212 1    312 7 8      350  126000 1  
64-66-80-403872-001-03 1 3321411KIENYEJI                                        2    41   0      42   30001612 1    111 7 7      180  216000 1  
04-39-66-833874-001-01 1 111  12SERENA                                          2    51   512    0           2 1    22  7 8      200   60000 1  
04-39-66-833874-001-01 1 431  12KARANGA NJUGU                                   2   101  1012    0           2 1    22  4 5      100  120000 1  
04-39-66-833874-001-01 3 111  12SERENA                                          2   201  2012    0           171  2.512 7 8      200   60000 1  
01-05-27-433875-001-01 1 112212 NDEFU                                           2  1.51   0    1.51   1500 212 1 0.152  6 6      100   50000 1  
01-05-27-433875-001-01 2 112232 NDEFU                                           2   101   0     101  10000 21121    22  6 6      600  300000 1  
04-78-92-483876-001-01 1 4322112MBEGU YA JOHARI                                 2    31   0      31  150001622 1  0.52  6 7      300   75000 1 5
04-78-92-483876-001-01 2 1122112MBEGU ZA KIENYEJI                               2   121   0     121  120001621323                               
04-78-92-483876-001-01 2 4222112MBEGU YA MUDA MREFU                             2    11   0      11   20001622 1    12  6 6       31   37200 1 5
36-72-56-753876-001-02 1 111  12MBEGU ZA KIENYEJI                               2  5005 50052    0           131 0.752  6 6       80  560000 1 2
36-72-56-753876-001-02 1 341  12MBEGU ZA KIENYEJI                               2  2505 25052    0           2 1 0.752  6 6       15    7500 1 2
36-72-56-753876-001-02 2 1122112MBEGU ZA KIENYEJI                               2   101  1012    0           2 1    22  6 6      500  250000 1  
36-72-56-753876-001-02 2 1222112MBEGU ZA KIENYEJI                               2    31   312    0           2 1    22  6 7      300  360000 1  
36-72-56-753876-001-02 2 3422112MBEGU ZA SUPA                                   2    21   212    0           2 1    22  7 7      100  130000 1  
36-72-56-753876-001-02 4 3222112MBEGU ZA KIENYEJI                               2    11   0      11   10001622 1  0.52  5 5       22   22000 1  
95-35-64-973889-001-01 1 1121312MAHINDI                                         2    21   212    0           131    111 6 6      120   60000 1 2
95-35-64-973889-001-01 1 3421312MBAAZI                                          2  1.51 1.512    0           131    111 7 7       36   50400 1 2
18-23-18-313889-001-02 1 111  12MBEGU FUPI ZA ASILI                             2  0.51 0.511    0           2 1 0.162  5 6       16   12000 2  
18-23-18-313889-001-02 1 921  12MBEGU ZA ASILI                                  2  0.53 0.532    0           2 1 0.162  3 5      172   51000 2  
18-23-18-313889-001-02 5 111  12MBEGU ZA ASILI                                  2    21   212    0           2 1    12  6 6      128   40000 2 6
18-23-18-313889-001-02 5 341  12MBEGU BORA                                      1    23   231    0           2 1    12 1010       16   20000 2 6
18-23-18-313889-001-02 6 321  2 MBEGU ZA ASILI                                  2  0.51 0.512    0           2 1    12  5 5       18   36000 2 6
18-23-18-313889-001-02 6 341  12MBEGU ZA ASILI                                  2  0.51 0.512    0           2 1    12  7 8       17   21300 2 6
66-99-22-633890-001-01 1 111  2 MAHINDI                                         2    11   112    0           2 1  0.52  5 5       50   50000 1 2
66-99-22-633890-001-01 2 3421712MBAAZI                                          2    21   0      21   2000 912 1    12  7 8      120  144000 1  
66-99-22-633890-001-01 2 3621712NJUGU MAWE                                      2    51   512    0           2 1 0.752  7 8      100   60000 1  
66-99-22-633890-001-01 3 3421712MBAAZI                                          2    31   312    0           2 1 0.752  7 8       80   96000 1  
47-80-77-243891-001-01 4 3321112MBEGU ZA ASILI                                  2    11   0      11   2000 432 1 0.252  4 5       60   72000 1 2
47-80-77-243891-001-01 5 111  12MBEGU ZA ASILI                                  2    21   212    0           2 1  1.52  6 6      134   40200 1 2
23-60-48-433892-001-01 1 111  12MBEGU  FUPI                                     2    11   0      11   2000 212 1  0.52  5 6       65   15000 1  
23-60-48-433892-001-01 1 9121112MCHICHA   BWASI                                 2    11   0      0           2 1 0.252  1 3       35   13000 1  
23-60-48-433892-001-01 5 111  12MBEGU  FUPI                                     2    21   0      21   4000 212 1    12  5 5      110   30000 1  
97-44-20-973892-001-02 1 1122112MBEGU ZA ASILI                                  2    11   0      0           2 1  0.512 5 5      180   90000 1  
97-44-20-973892-001-02 1 421  12MBEGU BORA                                      1    11   0      11   5000 222 1    114 6 7       94  159800 1  
69-11-38-353893-001-01 1 3621212NBEGU ZA ASILI                                  2    21   212    0           2 1  0.22  4 5      105  147000 1 2
69-11-38-353893-001-01 1 4321412MBEGU ZA BORA                                   1    11   0      11   5000 212 1  0.211 3 3       28   28000 1 2
69-11-38-353893-001-01 2 1122112MBEGU BORA                                      1    11   111    0           2 1  0.511 5 5      100   80000 1 2
69-11-38-353893-001-01 4 122252 MBEGU BORA                                      1    41   0     171  10000 112 1  0.511 6 6      136  136000 1 2
69-11-38-353893-001-01 5 3621112MBEGU BORA                                      1    31   0      0           2 1  0.22  6 6      100  140000 1 2
88-69-14-993894-001-01 1 342212 ASILI                                           3    13   133    0           2 1 0.2514 7 7        7   11200 2  
54-17-82-963895-001-01 4 112142 MBEGU YA MAHINDI                                2    71   712    0           2 1    22  6 7      560  280000 1 2
54-17-82-963895-001-01 4 342112 MBEGU YA MBAAZI                                 2    51   512    0           2 1    22  7 7      192  192000 1 2
54-17-82-963895-001-01 4 362112 MBEGU YA NJUGUMAWE                              2    71   712    0           2 1    22  6 7      448  448000 1 2
65-31-91-123909-001-01 1 111  12MBEGU FUPI                                      2 0.2510.2512    0           2 1  0.12  3 4       15    7500 1 2
65-31-91-123909-001-01 1 321  12MBEGU YA KIENYEJI                               2  0.51 0.512    0           2 1  0.12  3 3        5   10000 1 2
65-31-91-123909-001-01 1 341  12MBEGU YA KIENYEJI                               2  0.51 0.512    0           2 1  0.12  7 7        5    2500 1 2
65-31-91-123909-001-01 3 1121812MBEGU YA KIENYEJI                               2    51   512    0           2 1  1.52  5 6      135   67500 1 2
65-31-91-123909-001-01 3 3221712MBEGU YA KIENYEJI                               2    21   212    0           2 1  0.52  3 3       15   30000 1 2
65-31-91-123909-001-01 3 3421712MBEGU YA KIENYEJI                               2    41   0      41  120001612 1    32  7 8      293  146500 1 2
65-31-91-123909-001-01 3 4321712MBEGU YA KIENYEJI                               2   101   0     101  300001612 1    22  5 6      144  144000 1 2
65-31-91-123909-001-01 3 9521812MBEGU YA KIENYEJI                               2 0.2510.2512    0           2 1  0.22  3 4      350  120000 1 2
63-37-64-223913-001-01 1 1121312DK                                              1    41   0      41  240001612 1    12  6 6      700  210000 1  
63-37-64-223913-001-01 1 332132 KIENYEJI                                        2  1.51 1.512    0           131  0.52  5 5      200  300000 1  
63-37-64-223913-001-01 1 3421312NYEUPE                                          2  0.11 0.112    0           2 1    12  6 7      150  120000 1  
63-37-64-223913-001-01 1 422232 LINDI WHITE                                     1    11   0      11   70001612 1  2.52  5 6      800 1640000 1  
66-41-39-813914-001-01 1 111  12MBEGU YA NJANO                                  2  0.51 0.512    0           151 0.252  5 6       35   21000 1  
66-41-39-813914-001-01 1 431  2 MBEGU FUPI                                      2    11   0      11   2000 942 1 0.252  4 4       12   24000 1  
37-57-85-403926-001-01 1 111  12ASILI                                           2    31   312    0           1826                               
25-53-39-243930-001-01 1 221  12VIAZI NJANO                                     2   301   0     301      0 212 1 0.252  3 5      120   24000 1  
20-41-14-613931-001-01 3 112112 KIENYEJI                                        2    21   0      0           171    12  5 5       16   10000 2  
69-79-60-613932-001-01 3 111  12MBEGU BORA                                      1    31   0      31  15000161171  0.52  5 5      108   52000 1  
43-94-10-023946-001-01 1 222282 KIENYEJI                                        2    45   452    0           2 1 0.252  5 6      240   47500 110
38-79-29-913947-001-01 1 221  12MBEGU ZA KIENYEJI                               2  1201 12012    0           131 0.022  3 6      240   10000 1  
14-63-58-263949-001-01 4 121  2 MBEGU YA ASILI YA MPUNGA                        2   201  2012    0           2 1  0.42  6 6      180  130000 1  
10-36-95-743951-001-01 1 111  12SIMBA                                           1    41   0      41  28000 412 1  1.12  6 6      240  110000 1  
26-84-75-253951-001-11 1 111  12ASILI                                           2    41   412    0           2 1  0.72  5 6       90   45000 1  
89-61-25-193966-001-01 1 111  2 SEEDCO                                          3    81   813    0           2 1    12  6 6      180   90000 1  
89-61-25-193966-001-01 2 121  2 UHURU                                           2   121  1212    0           2 1    12  4 4      372  186000 1  
99-03-56-383970-001-03 1 112212 MAHINDI                                         2    81   812    0           121  0.312 5 6      400  160000 1  
99-03-56-383970-001-03 1 122212 MPUNGA                                          2   121  1212    0           111    112 6 7     1000  600000 1  
99-03-56-383970-001-03 2 112112 MAHINDI                                         2    41   412    0           2 1  0.112 5 6      120   45000 1  
14-51-55-673972-001-01 3 111  2 MBEGU BORA                                      1    11   0      11   6000 93171  0.52  5 5       60   45000 1  
40-83-11-313988-001-01 1 121  2 SUKARISUKARI                                    2    61   0      61  10000 932 1 0.252  5 5      300  180000 5  
31-70-53-033990-001-01 1 111  12MAHINDI                                         1    61   0      61  35000 41151  0.62  6 6      150   11000 1 3
31-70-53-033990-001-01 1 2221112VIAZI                                           1    21   0      21   7000 912 1  0.12  7 7       70   45000 1  
31-70-53-033990-001-01 1 3122112MAHARAGE                                        1    21   0      21  12000 41131  0.414 6 6       35   22500 1 3
89-64-05-584002-001-01 2 121  2 SUPER                                           2   201  2012    0           2 1    42  5 6     1500 1400000 1  
89-64-05-584002-001-01 3 111  12ASILI                                           2    81   812    0           2 1    22  4 5      500  150000 1  
82-51-14-664002-001-02 1 112232 KILIMA                                          1    81   0      81  24000 912 1  0.82  5 6      300  105000 1  
82-51-14-664002-001-02 2 121  2 SUPER                                           2   161  1612    0           2 1  0.52  6 7      240  150000 1  
15-44-50-114003-001-01 3 111  12TEMBO                                           1    41   0      41  20000 912 1    12  6 6      240   60000 1 2
15-44-50-114003-001-01 3 321  12NDULU                                           2    41   412    0           2 1    12  5 5       80   12000 1 2
21-77-05-564004-001-01 1 111  12MBEGU YA ASILI YA MAHINDI                       2   101  1012    0           171    112 5 5      100   35000 1 2
21-77-05-564004-001-01 1 131  12MBEGU YA ASILI YA MTAMA                         2   101  1012    0           2 1    112 5 5       80   20000 1 2
21-77-05-564004-001-01 5 121  2 MBEGU YA ASILI YA MPUNGA                        2   201  2012    0           2 1    12  5 5      375   75000 1 2
95-46-77-554005-001-01 1 122312 KIENYEJI                                        2   261  2612    0           2 1    12  5 5      780  360000 1  
95-46-77-554005-001-01 2 131  2 KIENYEJI                                        2    51   512    0           2 1    12  6 6      360   90000 1  
71-92-23-114006-001-01 3 121  2 MBEGU YA ASILI YA MPUNGA                        2   131  1312    0           2 1    12  5 6     1350   70000 1 2
41-08-71-954008-001-01 4 121  2 MBEGU ZA KIENYEJI                               2   101   0     101  20000 412 1    22  5 5     4500   60000 1 2
27-44-99-194012-001-01 1 131  2 KIENYEJI                                        2    31   0      31   3000 512 1    22  5 5      720  180000 1  
27-44-99-194012-001-01 2 121  2 KIENYEJI                                        2   201   0     201  10000 512 1  2.52  5 5      980  392000 1  
90-00-90-294012-001-04 1 122112 MBEGU ZA KIENYEJI                               2   131  1312    0           2 1    12  4 4       11   60000 1 2
17-42-17-194023-001-01 1 111  2 ASILI                                           2   101  1012    0           171  0.312 3 4       20   12500 1 2
50-45-96-784024-001-01 1 111  2 SIDCO                                           1    41   0      41  22000 412 1  0.52  6 5       60   15000 1 2
50-45-96-784024-001-01 2 501  2 MBEGU YAKISASA YA PAMBA                         3   171  1713    0           1725                               
27-81-82-904024-001-03 1 112112 KIENYEJI                                        2  1001 10012    0           2 1    32  5 5     1200  300000 1 2
27-81-82-904024-001-03 1 122312 KIENYEJI                                        2   401  4012    0           2 1    72  6 6     2200  840000 1 2
18-34-45-054026-001-01 4 121  2 MBEGU ZA KIENYEJI                               2   161   0     161  20000 422 1  1.52  6 6     4000   60000 1 2
18-34-45-054026-001-01 5 351  12MBEGU ZA KIENYEJI                               2   401   0     401  60000 422 1    32  5 5      360  150000 1 2
63-66-25-234027-001-01 2 321  2 KIENYEJI                                        2    81   812    81   8000 912 1    32  6 6      720  576000 1  
60-71-29-584028-001-01 2 222242 KIENYEJI                                        2    55   552    0           2 1  0.52  5 7      375   45000 1  
91-25-48-934032-001-01 1 111  2 SEEDCO                                          1   201  2011    0           131    42  5 6     1920  672000 1  
91-25-48-934032-001-01 2 1122112SEEDCO                                          1   201  2011    0           131    22  5 6     1680  588000 1  
91-25-48-934032-001-01 2 2221112MAGUNYHI                                        1   201  2011    0           131  0.514 6 6      720   72000 1  
18-01-59-534032-001-06 1 111  12MAHINDI                                         2    12   122    0           2 1    32  6 6     1100  300000 9  
18-01-59-534032-001-06 1 2221112VIAZI VITAMU                                    2    71   0      71      0 112 1  0.52  5 5       35    4000 1 9
18-01-59-534032-001-06 1 4321112KARANGA                                         2    41   412    0           2 1  0.52  5 5       50   25000 1 9
55-39-56-434032-001-07 1 112212 ASILI                                           2   401  4012    0           121    215 5 5      600   75000 1 2
55-39-56-434032-001-07 2 411  2 ASILI                                           2    41   0      41   5000 211223                               
55-39-56-434032-001-07 3 221  2 ASILI                                           2  1201 12012    0           121 0.752  5 5      900  180000 1 2
29-58-09-234040-001-01 1 111  12KIENYEJI                                        2    23   232    0           2 1  0.32  6 7       50   15000 1  
29-58-09-234040-001-01 2 111  12KIENYEJI                                        2    11   112    0           2 1  0.52  6 7      100   30000 1  
87-00-93-354040-001-06 1 111  12DK                                              3    41   0      41  10000 922 1    12  6 6      700  150000 1  
87-00-93-354040-001-06 1 311  12MAHARAGE YA NJANO                               2    81   0      81  20000 512 1    12  5 5       80  160000 1  
87-00-93-354040-001-06 2 121  12SUKARISUKARI                                    2   151  1513    0           2 1  1.52  6 6      450  420000 1 2
12-61-17-854041-001-01 1 111  12DK777                                           1    21   0      21  13000 912 1  0.62  6 6      480      96 1 2
12-61-17-854041-001-01 1 2221112VIAZ VITAMU                                     2    51   512    0           2 1  0.22  6 6       85   45000 1 2
12-61-17-854041-001-01 1 311  12MAHARAGE YA NJANO                               2    21   0      21   5000 412 1  0.62  5 5       20   40000 1 2
12-61-17-854041-001-01 2 1123112DK777                                           1    41   0      41  26000 912 1  2.52  6 6      280  192000 1 2
12-61-17-854041-001-01 2 1221112MPUNGA                                          2   301  3012    0           2 1 0.252  6 7     1500 1000000 1 2
12-61-17-854041-001-01 2 3121112MAHARAGE YA NJANO                               2   251   0     101  25000 412 1  0.12  5 6      100     200 1 2
12-61-17-854041-001-01 3 111  12DK777                                           1   201   0     201 130000 912 1    42  7 8     1080  480000 1 2
12-61-17-854041-001-01 3 2222112VIAZI                                           2   401  4012    0           2 1    32  7 8      420  245000 1 2
12-61-17-854041-001-01 3 3122112MAHARAGE                                        2   201  2012    0           2 1  3.52  5 6      216  480000 1 2
12-61-17-854041-001-01 5 111  12DK777                                           1    81   0      81  260001912 1    32  6 7      648  288000 1 2
12-61-17-854041-001-01 5 3122112MAHARAGE                                        2   151   0     151  37500 412 1  1.52  6 7      108  240000 1 2
86-10-26-314041-001-03 1 111  2 PUNDAMILIA                                      1    31   0      31  140001611522                               
84-50-65-924043-001-01 1 221  12TUNZA FAMILIA YAKO                              2  1801   0      0           2 1  1.52  6 8      650  240000 1 2
84-50-65-924043-001-01 2 221  2 TUNZA FAMILIA YAKO                              2   501  5012    0           2 1    12  6 8      250  100000 1 2
84-50-65-924043-001-01 49981  12NYANYA CHUNGU                                   3 0.251   0   0.251   3000 932 1  1.52  5 060    130   24000 2  
84-50-65-924043-001-01 5 121  2 KARAMATA                                        2   361  3612    0           2 1  1.52  4 7     1800  960000 1 2
84-50-65-924043-001-01 6 121  2 KARAMATA                                        2   301  3012    0           2 1  1.52  4 6     1575  840000 1 2
08-74-51-594044-001-01 1 222212 VIAZI VITAMU                                    2    25   252    0           2 1  0.32  5 6      450  150000 1  
42-06-56-074044-001-02 1 222112 VIAZI VITAMU                                    2    25   252    0           2 1  0.312 5 6      360   45000 1  
42-06-56-074044-001-02 2 122112 KARAMATA                                        2   121  1212    0           111  0.112 6 7      144   96000 1  
86-84-40-044045-001-02 1 111  2 LUBANGO                                         1    31   0      31  125001632 1  0.52  2 3      240   84000 3  
86-84-40-044045-001-02 2 111  2 LUBANGO                                         1    31   0      31  125001632 1  0.52  2 3      240   84000 3  
32-39-94-054046-001-01 1 111  12OBANGO                                          1    61   0      61  18000 912 1    22  6 6      600  288000 1  
32-39-94-054046-001-01 1 311  13YA KIENYEJI                                     2    61   512    0           2 1    12  6 6       60   90000 1  
32-39-94-054046-001-01 3 121  2 SARO                                            3   151  1513    0           2 1    12  5 5     1500  840000 1  
79-73-56-174078-001-01 1 111  12TUMBILI                                         1    21   0      21  12000 922 1    32  5 7      500   3125015  
93-25-73-374079-001-01 1 111  12KIENYEJI                                        2    21   212    0           2 1  0.32  5 5       80   24000 1 2
93-25-73-374079-001-01 1 331  12CHOROKO                                         2  1.51 1.512    0           2 1  0.32  4 4       20   20000 1  
93-25-73-374079-001-01 2 331  121                                               2    11   112    0           1826                               
93-25-73-374079-001-01 3 121  2 SUKARI SUKARI                                   2    21   212    0           2 1  0.52  6 6      120   70000 1  
20-21-91-334080-001-01 1 111  2 MAHINDI                                         2   141  1412    0           2 1    112 5 5      400  300000 1 2
20-21-91-334080-001-01 2 111  2 MAHINDI                                         2    41   412    0           2 1  0.512 4 5      300  225000 1 2
20-21-91-334080-001-01 3 121  2 MPUNGA                                          2    81   812    0           111  0.52  4 5      420  300000 1  
96-18-51-614081-001-01 1 111  12SEEDCO                                          3    11   113    0           2 1    12  6 6       20   12000 1  
96-18-51-614081-001-01 1 311  12MAHARAGE MEIKUNDU                               3  1.51   0    1.51   3500 912 1  0.512 6 6        4    8000 1 3
96-18-51-614081-001-01 4 111  12SEEDCO                                          3    41   413    0           2 1  1.52  3 3      300  180000 1 3
96-18-51-614081-001-01 4 331  12CHOROKO NYENJE                                  2    41   412    0           2 1  1.52  4 4      100   60000 1 3
96-18-51-614081-001-01 4 431  12KARANGA NYEUPE                                  2    61   612    0           2 1  1.52  3 3       75  105000 1 3
06-55-51-274082-001-01 1 111  12SIDIKO                                          3   301  3011    0           121    119 3 4      140  120000 1  
06-55-51-274082-001-01 2 111  12SIDIKO                                          3    31   313    0           2 25                               
62-64-26-584083-001-01 2 1123111MAHINDI                                         2    51   512    0           2 1    12  6 6       70   30000 1 2
62-64-26-584083-001-01 2 2222112VIAZI                                           2    71   712    0           2 1    12  6 6       45    5000 1 2
30-19-73-484084-001-01 1 111  2 SEEDCO                                          1    61   0      61  360001612 1    12  2 2      140  120000 1 7
30-19-73-484084-001-01 2 121  2 SUKARI SUKARI                                   1   201   0     201  340001622 1  1.52  7 7     2100  787500 1 7
30-19-73-484084-001-01 3 111  12SEEDCO                                          1    41   0      41   80001612 1    22  4 4      420  210000 1 7
42-26-57-764085-001-01 1 1122112MBEGU YA ASILI                                  2  0.51 0.512    0           171    02  2 2       60   18000 1 3
42-26-57-764085-001-01 1 3222112MBEGU YA ASILI                                  2 0.2510.2512    0           2 1  0.12  2 2        3    3000 1 3
42-26-57-764085-001-01 1 3322112MBEGU YA ASILI                                  2 0.251   0   0.251    700161171  0.12  2 2        4    4000 1 3
42-26-57-764085-001-01 3 1123112MBEGU YA ASILI                                  2 3.251   0   3.251   4000161171 0.752  2 2      240   72000 1 3
42-26-57-764085-001-01 3 222112 ASILI                                           2   501  5012    0           2 1 0.252  2 2      300   30000 1 3
42-26-57-764085-001-01 3 3223112ASILI                                           2    21   212    0           2 1 0.752  2 2       20   20000 1 3
42-26-57-764085-001-01 3 3323112ASILI                                           2    31   312    0           2 1 0.752  2 2      400  400000 1 3
42-26-57-764085-001-01 3 4323112ASILI                                           2    31   312    0           2 1 0.752  2 2       90   60000 1 3
42-26-57-764085-001-01 4 121  2 ASILI                                           2   121  1212    0           2 1    12  6 6      520  600000 1 3
04-41-69-294097-001-01 1 111  12MBEGU ZA KIENYEJI                               2    11   112    0           2 1  0.12  9 8       54   18000 1  
12-33-52-634100-001-01 1 111  2 MBEGU YA ASILI                                  2    51   0      0           2 1  0.52  6 6      800  240000 1  
25-99-47-094100-001-02 1 161  2 NJOMBE 7                                        3  1.52 1.523    0           2 1 0.752  8 8      140  105000 2  
25-99-47-094100-001-02 3 111  2 KIENYEJI                                        2    21   212    0           2 1 0.252  6 8      210   31500 2  
11-60-09-724116-001-01 1 111  12MBEGU ZA KIENYEJI                               2    41   412    0           2 1  0.52  8 8      360  100000 1  
11-60-09-724116-001-01 1 311  12SALUNDU                                         2    41   412    0           1725                               
11-60-09-724116-001-01 2 111  2 PANAR                                           1    21   0      21  12000 912 1  0.52  8 8      720  200000 1  
17-66-26-344118-001-01 1 111  2 MAHINDI                                         1    31   0      31  36000 912 1    12  7 7      480  120000 1 2
69-13-58-824120-001-01 1 1122112PANA                                            1    61   611    61  240001612 1    22  5 7     3080 4500054 1 2
69-13-58-824120-001-01 1 3121112LESKOKU                                         2   101  1012    0           2 1    112 2 4       20   20000 1 2
69-13-58-824120-001-01 1 4121112KIENYEJI ALIZETI                                2    13   132    0           2 1    12  6 6       55   36000 1 2
85-78-30-984120-001-03 1 111  12TEMBO                                           1    21   0      21  120001612 1 0.252  3 7      200   50000 1  
85-78-30-984120-001-03 1 3122312SELUNDU                                         2    21   0      21   40001612 1 0.1512 2 3       10   20000 1  
99-38-87-714121-001-02 1 111  2 KIENYEJI                                        2    44   442    0           2 1    12  4 7      300   75000 2  
99-38-87-714121-001-02 2 111  12SEED CO TEMBO                                   1    81   0      81  48000 922 1  0.519 4 7      560  140000 2  
99-38-87-714121-001-02 2 3122112SOYA                                            2   101  1012    0           2 1    12  2 4       80  120000 2  
99-38-87-714121-001-02 3 112282 KIENYEJI                                        2    31   312    0           2 1    12  7 7      120   60000 2 3
22-45-82-054122-001-01 1 111  12PANNA                                           1    61   0      61  30000 932 1    12  7 7      600   90000 1  
22-45-82-054122-001-01 1 311  12SALUNDU                                         2    51   512    0           1624                               
26-75-76-204123-001-01 1 111  2 MBEGU  BORA                                     1   101   0     121  60000 512 1    72  3 8     1800  900000 1 2
26-75-76-204123-001-01 1 3121812MBEGU BORA                                      1   101   0     101   5000 312 1  0.42  8 8       50   85000 1 2
82-88-76-784136-001-01 19981  2 MUHOGO                                          2 10005100052    0           2 22                               
82-88-76-784136-001-01 3 111  2 MAHINDI                                         2    31   312    0           121  1.52  7 8      400  200000 1 2
19-64-20-934137-001-01 1 111  12KANJEWARA                                       2    11   112    0           2 1  0.52  7 7      180   90000 1  
19-64-20-934137-001-01 1 311  12NJANO                                           2    21   0      21   5000 432 1  0.52  3 3       20   50000 1  
19-64-20-934137-001-01 1 411  12ALIZETI NYEUPE                                  2 0.2510.2512    0           2 1  0.52  7 7       14    6000 1  
19-64-20-934137-001-01 4 112212 KIASILI                                         2    31   312    0           2 1  0.52  6 7      220  140000 1  
19-64-20-934137-001-01 4 222112 MBATATA                                         2   301  3012    0           131 0.252  4 5      200   50000 1  
53-43-54-844137-001-06 19982112 ASILI                                           2    55   552    0           2 22                               
53-43-54-844137-001-06 2 112112 KIENYEJI                                        2    71   712    0           2 1  1.52  3 7      180   63000 1 2
83-49-56-574139-001-01 1 111  12MBEGU ZA KIENYEJI                               2    31   312    0           2 1    12  8 8      540  210000 1  
83-49-56-574139-001-01 1 311  12MAHARAGE YA NJANO                               2   101  1012    0           171    112 2 2       20   32000 1  
83-49-56-574139-001-01 2 111  12MBEGU ZA KIENYEJI                               2  3.51 3.512    0           171  1.512 8 8      270  105000 1  
66-95-65-174140-001-01 2 1123812MBEGU  YA ASILI                                 2   201  2012    0           2 1    12  9 9      800 1600000 1 2
66-95-65-174140-001-01 3 111  2 MBEGU YA ASILI                                  2    51   512    0           2 1    02  6 6      100   80000 1  
61-45-39-144140-001-03 2 111  12KIENYEJI MALOMBI                                2    21   0      0           2 1 0.752  5 7      360  160000 1 2
45-74-24-364141-001-01 1 3122112NJANO FUPI                                      2    51   0      51  250001032 1  0.52  3 4       60  150000 1 2
45-74-24-364141-001-01 2 1122112MBEGU NDEFU                                     2    51   512    0           121  0.52  3 6     1400  350000 1 2
11-85-36-844142-001-01 2 1122312MAHINDI YA ASILI                                2   101  1012    0           2 1    22  4 7      320  210000 1 2
17-60-45-744154-001-01 1 1122112MBEGU BORA                                      1    41   0      41  120001612 1    12  8 8      204  120000 1 2
17-60-45-744154-001-01 1 3221112MBEGU ZA ASILI                                  2  0.51 0.512    0           2 1  0.52  7 7       18   36000 1 2
17-60-45-744154-001-01 4 111  12MBEGU ZA ASILI                                  2    41   412    0           1826                               
62-89-78-464158-001-01 1 111  12ASILI                                           2    41   0      41   4000 412 1    22  5 5      144   80000 1  
06-97-45-524159-001-01 4 111  2 STAR                                            2   101   0      0           181    211 7 7      840  420000 2 3
75-63-76-424161-001-01 2 112312 MBEGU YA MAHINDI YA KIENYEJI                    2   101  1012    0           121  2.52  6 7       80   28000 7 8
75-63-76-424161-001-01 3 112282 MBEGU YA MAHINDI YA KIENYEJI                    2    41   412    0           1226                               
57-63-62-504178-001-04 1 111  2 MBEGU YA MDAMFUPI                               1  0.51   0    0.51    500 912 26                               
30-35-93-514192-001-01 2 121  2 SUPPER                                          2   221  2212    0           2 1    12  6 7       80   80000 1  
98-25-88-294193-001-01 1 111  12MAHINDI                                         2    51   512    0           2 1  2.52  6 6      300  150000 1  
98-25-88-294193-001-01 1 321  12KUNDE                                           2    11   112    0           2 1 0.752  6 6       80   80000 1  
98-25-88-294193-001-01 2 111  2 MAHINDI                                         2   101  1012    0           2 1    419 6 6      500  250000 1  
01-53-37-234195-001-01 0 2222112KANADA                                          2    21   212    0           2 1  0.52  6 7       50   23000 2  
01-53-37-234195-001-01 0 9221112NENE                                            2  3005 30052    0           2 1  0.22  3 6        7   14000 2  
01-53-37-234195-001-01 099821112MATEMBELE  MANENE                               2    31   312    0           2 1  0.22  3 6       10    6000 2  
25-39-51-764197-001-01 0 1121112MBEGU ZA ASILI                                  2    14   0      14    300 522 1 0.2511 6 6       10   15000 1 2
25-39-51-764197-001-01 1 111  12MBEGU ZA ASILI                                  2    21   0      21   2000 422 1    211 6 6       30   30000 1  
17-78-73-004198-001-01 09982372 MUHOGO                                          2  2101   0      0           161    312 7 9      420  175000 1  
91-79-97-084199-001-01 0 122382 MBEGU YA MPUNGA                                 2    21   212    0           2 1    22  6 6      300  120000 2  
62-29-18-134211-001-01 1 111  12MBEGU  FUPI                                     2    31   0      31   3000 41121    215 6 6      160  160000 1  
62-29-18-134211-001-01 1 321  12KUNDE  NDOGO                                    2  5005   0    5005   1000 41121  0.42  2 4       40   40000 1  
62-29-18-134211-001-01 1 9221112MABOGA  YA  MDUARA                              2  2505   0      0           2 1  0.22  2 4       55   25000 1  
24-61-09-854211-001-02 1 111  12MBEGU   FUPI                                    2    21   0      21   2800161121    215 6 6       90   80000 1 3
24-61-09-854211-001-02 1 3221112KUNDE  NDOGO                                    2  5005   0    5005   1000161121  0.315 2 5       27   16000 1 3
24-61-09-854211-001-02 1 421  12NENDELE                                         2    11   0      0           2 1    22  6 6      140  280000 1 4
24-61-09-854211-001-02 1 9221112BOGA                                            2  2505   0      0           2 1  0.22  2 3       35   13000 1 3
24-61-09-854211-001-02 2 111  12MBEGU   FUPI                                    2    21   0      21   2800161121    215 6 6       85   90000 1  
24-61-09-854211-001-02 2 421  12NENDELE                                         2    11   0      0           2 1    22  6 6      120  240000 1  
45-29-72-644212-001-02 5 111  12MBEGU ZA ASILI                                  2  0.51 0.512    0           121  0.515 6 7       20   14000 2  
45-29-72-644212-001-02 5 241  12MBEGU ZA ASILI                                  2  1.52 1.522    0           2 1  0.52  612      124   62000 2  
45-29-72-644212-001-02 5 3221412MBEGU ZA ASILI                                  2  0.53 0.532    0           2 1  0.52  5 5       13   15600 2  
45-29-72-644212-001-02 5 3421112MBEGU ZA ASILI                                  2    13   132    0           2 1  0.12  7 7        5   10000 2  
45-29-72-644212-001-02 510021112MBEGU ZA ASILI                                  2  0.53 0.532    0           2 1  0.12  6 6       12    9600 2  
15-03-38-514213-001-01 2 422112 LINDI -1                                        1    21   0      21  20000 912 1    32  5 6      480 1200000 1 2
15-03-38-514213-001-01 3 112232 KIENYEJI                                        2    51   0      51  10000 912 1    22  7 7      400  200000 1 2
18-95-24-274214-001-02 3 421  2 MBEGU ZA ASILI                                  2    11   112    0           121    115 6 6      200  400000 1  
84-29-09-244216-001-01 2 121  2 MBEGU ZA ASILI                                  2    15   152    0           111  1.52  6 6      300  168000 1 2
10-54-43-564217-001-01 3 241  11MBEGU ZA ASILI                                  2    25   252    0           2 1    22  6 060    463   40000 1 2
83-33-51-914232-001-01 1 122212 MBEGU ZA ASILI                                  2   201  2012    0           2 1  1.52  6 7      470 1820000 7 8
40-02-49-454234-001-01 1 112282 MAHINDI                                         2 0.2510.2512    0           2 1 0.252 1212       20   12000 2  
40-02-49-454234-001-01 2 121  2 MPUNGA                                          2    51   512    0           2 1 0.252  6 6      150   45000 2  
00-45-18-144249-001-01 2 221  2 MBEGU YA ASILI                                  2   801   0      0           2 1 0.452  4 4      400  150000 1  
40-28-44-004250-001-01 3 311  2 WHITE AU MAHARAGE MEUPE                         2   201  2012    0           121  1.515 6 6      240  160000 1 2
37-53-47-864251-001-01 1 111  12SIDICO                                          1    32   0      32  15000 212 1    42  6 7     1500  525000 1 2
37-53-47-864251-001-01 1 3122112MBEGU NYEUPE                                    2    31   312    0           2 1    22  6 7      300  270000 1 2
37-53-47-864251-001-01 2 312212 MBEGU NYEUPE                                    2    32   322    0           2 1    32  6 7      200  180000 1 2
62-59-88-184251-001-04 1 112212 MCHANGANYIKO                                    2   201  2012    0           2 1    22  2 6     1320  275000 1  
62-59-88-184251-001-04 1 312212 KALIMA                                          2   601  6012    0           2 1    22  2 3      480  480000 1  
62-59-88-184251-001-04 1 412142 ALIZETI YA KIENYEJI                             2    11   0      11      0 112 1    12  6 6       45   24000 1  
31-68-16-834252-001-01 2 1123812KIMAMBWE                                        2    62   622    0           2 1    42  4 7     6000 1000000 1 2
31-68-16-834252-001-01 2 3123412KIENYEJI                                        2    62   622    0           2 1    42  4 6     2520  630000 1 2
91-89-73-124252-001-03 1 311  2 MBEGU YA MAHARAGE  MEUPE                        2    62   622    0           171    412 6 6      600  500000 1 2
49-80-80-494253-001-01 1 312142 MAHARAGE (KABALIMA)                             2    52   522    0           131    12  5 6      360  270000 3 4
69-54-12-634254-001-01 3 111  2 8                                               2    81   812    0           171  0.512 3 5      300   30000 1  
69-54-12-634254-001-01 4 311  2 KABALIMA                                        2    12   122    0           2 1  0.514 3 6       80   40000 1  
57-75-82-484255-001-01 1 111  12KIENYEJI                                        2    81   812    0           171 0.7519 6 6      480  108000 1  
57-75-82-484255-001-01 1 311  12MEUPE                                           2    42   422    0           171  0.519 2 3      140   70000 1  
30-61-10-204270-001-01 4 111  2 SIMBA                                           1    21   0      21  12500 912 1  0.52  4 4      240   60000 3 6
30-61-10-204270-001-01 4 3122312KIGOMA                                          2    41   0      41  10000 412 23                               
30-61-10-204270-001-01 5 121  2 JEHA                                            2   201   0     201  10000 412 1    12  5 6      560  210000 3 6
80-41-93-594271-001-01 1 112212 MBEGU ZA KIENYEJI                               2    11   112    0           2 1 0.122  4 4       72   20000 1 2
80-41-93-594271-001-01 2 121  2 GEHA                                            2   151  1512    0           2 1  1.52  5 6     3240 1260000 1 2
80-41-93-594271-001-01 3 112312 MBEGU ZA KIENYEJI                               2   181  1812    0           111    419 4 4     1080  400000 1 2
43-23-22-294271-001-02 1 111  2 KIASILI                                         2    11   112    0           2 1  0.12  5 5       60   15000 2  
43-23-22-294271-001-02 2 121  2 GYEHA                                           2   301  3012    0           2 1    12  5 6      525  175000 2  
43-23-22-294271-001-02 3 1121312SIDICO                                          1    41   0      41  480001632 1    212 5 5      600  150000 2  
43-23-22-294271-001-02 3 4321312KIASILI                                         2   201   0     201  18000 43171    112 3 3       80   80000 2  
67-84-80-744272-001-01 1 1121112SIDICO                                          1    11   0      11   5000 412 1  0.42  3 4      108   35000 1 3
67-84-80-744272-001-01 1 3121112KABLANGETI                                      1  0.51   0    0.51   2000 412 1  0.42  2 3        4    8000 1  
67-84-80-744272-001-01 2 1121112SIDICO                                          1    21   0      21   7500 412 1  0.42  3 4      108   35000 1 3
67-84-80-744272-001-01 2 3121112KABALIMA                                        1    21   0      21   3000 412 1  0.42  3 3        8   36000 1  
67-84-80-744272-001-01 3 121  2 GEHA                                            2    12   0      12   5000 112 1    12  5 6     1485  571666 1 3
10-28-66-794273-001-01 1 111  2 KIENYEJI                                        2    12   122    0           161    112 1 4     1200  300000 1 2
10-28-66-794273-001-01 1 222112 KIENYEJI                                        2    75   752    0           2 1  0.52  2 5      800  180000 1 2
10-28-66-794273-001-01 3 121  2 GEHA                                            2    12   122    0           2 1    12  5 5     2520  980000 1 2
42-50-43-004274-001-01 1 111  2 MBEGU YA ASILI                                  2   201  2012    0           171    212 7 7      500  200000 1  
42-50-43-004274-001-01 1 2221813MBEGU YA ASILI                                  2  1001 10012    0           2 1    02  6 7      425   75000 1  
42-50-43-004274-001-01 2 121  2 MBEGU YA ASILI                                  2   401  4012    0           2 1    12  6 6     3200 1200000 1  
31-50-94-424275-001-01 1 1122112MAHINDI                                         3    61   0      61   4000 212 1    22  4 4      580  145000 1  
31-50-94-424275-001-01 1 3122112MAHARAGE                                        2    11   0      11   3000 422 1    12  2 014     26   10000 1  
96-41-62-544287-001-01 1 111  12MBEGU ZA KIENYEJI                               2    51   512    0           2 1  0.22  6 6      180   50000 2  
96-41-62-544287-001-01 1 311  12KIGOMA                                          2    41   412    0           2 1  0.22  3 3       40   50000 2  
87-52-88-384288-001-01 1 1122112PANA                                            1    81   0      81  48000 932 1    22  3 6      840  168000 1  
87-52-88-384288-001-01 1 3122112KIENYEJI                                        2   101  1012    0           171 0.2514 2 2       30   25000 1  
58-09-19-584289-001-01 1 311  12KIGOMA                                          2    21   0      21   4000 43171  0.22  3 3        2    3000 1  
58-09-19-584289-001-01 3 111  12MBEGU ZA KIENYEJI                               2    41   412    0           2 1  0.52  6 6       72   20000 1  
58-09-19-584289-001-01 3 311  12KIBLANKETI                                      2    41   412    0           2 1  0.52  3 3       20   25000 1  
91-36-93-284290-001-01 2 1122312MBEGU BORA                                      1   201   0     201 1000002012 1    52  3 7     2000  600000 1 2
91-36-93-284290-001-01 2 3121812MBEGU YA KIENYEJI                               2   401   0     401  50000 32131    114 4 4      200  300000 1 2
91-36-93-284290-001-01 2 4122312MBEGU YA KIENYEJI                               2   151  1512    0           2 1    12  3 4      120  100000 1 2
91-36-93-284290-001-01 2 4321312MBEGU YA KIENYEJI                               2   201  2012    0           2 1    12  3 4      250  225000 1 2
89-06-08-544292-001-01 1 111  2 PAYONEA                                         1   101   0     101  500001612 25                               
89-06-08-544292-001-01 1 311  2 KIGOMA                                          2    15   0      15  40000 412 1  0.511 6 7       80  140000 1  
68-60-12-214306-001-01 1 111  2 MBEGU ZA ASILI                                  2    21   0      21   1200 922 1    12  5 6       90   72000 1 2
68-60-12-214306-001-01 2 1122112MBEGU KUBWA                                     2    21   0      21   1200 922 1    12  5 6      108   36000 1 2
68-60-12-214306-001-01 2 122212 KALIMA WANGU                                    1   201   0     201  10000 922 1    12  6 7      300  300000 1 2
68-60-12-214306-001-01 3 1122112MBEGU KUBWA                                     2    21   212    21   1200 922 1    12  5 6      120   36000 1 2
68-60-12-214306-001-01 3 4321112UPENDO                                          1    11   0      11   5000 932 1 0.252  5 6       15   24000 1 2
54-41-93-394306-001-04 1 122342 MITALIMA WANGU                                  2    22   0      22  30000 21111 1.752  5 6      600  252000 1  
27-81-46-114307-001-01 1 422112 MBEGU ZA KIENYEJI                               2    14   142    0           2 1    12  5 5       34   50000 1 2
27-81-46-114307-001-01 2 121  2 MBEGU ZA KIENYEJI                               2    12   0      12  10000 122 1    12  5 6      420  126000 1 2
27-81-46-114307-001-01 3 111  12MBEGU ZA KIENYEJI                               2   101  1012    0           171    22  8 8      180   63000 1 2
27-81-46-114307-001-01 3 341  12MBEGU ZA KIENYEJI                               2    31   0      31   1500 31171    22  6 6       10    3000 1 2
48-26-35-364308-001-01 3 111  12MBEGU YA KIENYEJI                               2  0.51 0.512    0           2 1  0.22  2 4       85   17000 1  
48-26-35-364308-001-01 3 341  12MBEGU YA KIENYEJI                               2 0.2510.2512    0           2 1  0.22  5 6       40   12000 1  
48-26-35-364308-001-01 4 1122312MBEGU YA KIENYEJI                               2    51   0      51   5000 21171  1.52  6 6       51   20400 1 7
48-26-35-364308-001-01 4 3422312MBEGU YA KIENYEJI                               2    11   0      11   1000 21121  1.52  7 6       40   12000 1 7
48-26-35-364308-001-01 4 422132 TATU MBILI                                      1  0.51   0    0.51   2500 21131    12  5 6       84  109200 1 7
48-26-35-364308-001-01 5 112232 MBEGU YA KIENYEJI                               2    11   112    0           2 1    12  7 7       68   27200 1 7
48-26-35-364308-001-01 5 422332 TATU MBILI                                      1    11   0      11   5000 212 1    22  5 6      420  546000 1 7
31-91-85-564309-001-01 1 1122112MAHINDI                                         2   201  2012    0           131    114 6 7      180   45000 1 2
31-91-85-564309-001-01 1 2221112VIAZI VITAMU                                    2   301   0      0           2 1  0.52  6 7       45   25000 1 2
31-91-85-564309-001-01 1 3421113MBAAZI                                          2   101  1012    0           2 1  0.52  8 9       80   40000 1 2
31-91-85-564309-001-01 3 1121112MAHINDI                                         2   101  1012    0           2 1    32  6 7      900  225000 1 2
31-91-85-564309-001-01 3 3221112KUNDE                                           2    11   112    0           131    12  4 5       68   54400 1 2
31-91-85-564309-001-01 3 3321112CHOROKO                                         2    11   112    0           131    22  4 5       72   72000 1 2
31-91-85-564309-001-01 3 3421112MBAAZI                                          2   101  1012    0           2 1    52  7 8      500  250000 1 2
29-82-56-654310-001-01 1 1123112KATUMBILI                                       2    11   0      11   1200 212 1  0.12  7 7       80   48000 1 2
29-82-56-654310-001-01 1 9222112MANJANO                                         2  0.11 0.112    0           2 1 0.072  3 6      100   50000 1 2
29-82-56-654310-001-01 2 1121112KATUMBILI                                       2   101   0     101  12000 21121    22  7 7      700  420000 1 2
29-82-56-654310-001-01 2 3321311DUARA                                           2  0.51 0.512    0           2 1 0.252  6 6      100   80000 1 2
29-82-56-654310-001-01 2 3422112NYEUPE                                          2  0.51 0.512    0           2 1    22  5 8      200   60000 1 2
29-82-56-654310-001-01 2 4321112NYEKUNDU                                        2    41   412    0           2 1 0.252  6 6      150  300000 1 2
29-82-56-654310-001-01 2 9221112MANJANO                                         2  0.51 0.512    0           2 1    22  3 8      200  100000 1 2
29-82-56-654310-001-01 2 9321312RANGI MBILI                                     2  0.11 0.112    0           121  0.52  3 6      100   30000 1 2
75-82-37-584310-001-02 1 112212 KULUNGWA                                        2    61   0      61   6000 112 1  2.52  6 6     1200  600000 2  
75-82-37-584310-001-02 1 122112 NTALIMA WANGU                                   2   151  1512    0           111    12  5 5      500  500000 2  
28-05-92-534310-001-04 1 321  2 NDOGO                                           2  0.51   0    0.51    600 11111  0.22  5 5       18   18000 1  
81-38-99-764312-001-01 1 111  12MBEGU KUBWA                                     1   201   0     201  30000 932 1    118 6 6      238   98000 1  
81-38-99-764312-001-01 1 341  2 MBEGU NYEKUNDU                                  2    41   0      41   6000 211826                               
66-68-73-914313-001-01 3 1122112KIENYEJI                                        2  7.51   0    7.51   4000 212 1    32  6 6       60   30000 1 2
66-68-73-914313-001-01 3 3421413NYEUPE                                          2    11   0      0           2 1    12  6 6       20    3000 1 2
35-71-26-254325-001-01 2 111  2 TEMBO                                           1   241   0     241 144000164131    22  5 7     6912 1344000 1  
72-50-64-154325-001-04 1 111  2 TEMBO                                           1    91   0      91 1080001642 1    22  6 6     5328 2220000 1 2
56-83-61-514326-001-01 2 111  12MAHINDI                                         2   161  1612    0           2 1    12  8 8     1440  336000 1  
29-42-96-404328-001-01 2 112132 DK                                              1   241   0     241 288000 922 1    42  5 6     5400 1350000 1  
71-27-07-534328-001-02 1 111  12MBEGU YA FARU                                   1   101   0     101   4000 422 1    02  3 7      500  150000 1  
71-27-07-534328-001-02 1 221  2 MBE YA KIENYEJI                                 2    25   0      25      0 212 1    02  4 8      150   60000 1  
86-93-88-714329-001-01 1 112232 TEMBO                                           3   161  1613    0           151  1.52  7 7      880  220000 1  
86-93-88-714329-001-01 2 221  12VIAZI JESHI                                     2   155  1552    0           131  0.12  4 6      250   30000 1  
13-46-89-174330-001-01 3 112312 PANNAR                                          1   361   0     361  12000 922 1  0.52  3 8     1540  385000 1  
13-46-89-174330-001-01 3 222112 KIENYEJI                                        2    15   152    0           2 1 0.252  3 6      480  120000 1  
85-15-73-244330-001-02 1 112232 KIENYEJI                                        2    21   212    0           2 1  0.12  2 7      120   30000 1  
35-76-82-174331-001-02 1 111  2 MBEGU YA TEMBO                                  1    51   0      51  500001612 1    12  5 8      500  175000 1  
41-79-32-394332-001-01 1 111  2 MBEGU BORA                                      4   121   0     121 144000 912 1    42  7 7     5000 2000000 1 2
41-79-32-394332-001-01 3 311  2 MBEGU                                           2  1001 10012    0           2 1  2.42  6 6      500  750000 1 2
41-79-32-394332-001-01 4 111  2 MBEGU BORA                                      1   201   0     201 120000 912 1    22  3 8     4000 1200000 1 2
11-69-06-894345-001-02 1 111  2 TEMBO                                           1   481   0     481 288000 93151    62  6 6    12600 4284000 1  
11-69-06-894345-001-02 1 412112 KIENYEJI                                        2    41   412    0           2 1    12  6 6      240  300000 1  
11-69-06-894345-001-02 2 1123112DK                                              1    31   0      31  20000 932 1 0.752  5 6      240   79200 1  
11-69-06-894345-001-02 2 222112 MAJESHI                                         2   101   0     101   50001632 1 0.252  3 3      180   35000 1  
28-58-98-634346-001-01 1 111  2 MAHINDI                                         2    81   813    81   3000 312 1    22  7 7      840  154000 1 2
22-29-95-004348-001-01 1 231  2 MBEGU BORA PANNER SEED                          1  1201   0    1201  45000 412 1    12  2 3      720   96000 1  
22-29-95-004348-001-01 1 311  2 MBEGU ZA ASILI                                  2   201   0     201  30000 412 1    12  6 6       80  180000 1  
87-23-03-174349-001-01 1 111  2 SABASABA                                        1   121   0     121  72000 922 1    22  8 8     3000  525000 2  
95-89-60-914363-001-01 1 111  2 MBEGU YA KIENYEJI                               2    41   412    0           131  0.22  4 5      200  300000 1 2
95-89-60-914363-001-01 2 361  12MBEGU YA KIENYEJI                               2  4.51 4.512    0           2 1    12  4 5       50   75000 1 2
95-89-60-914363-001-01 3 111  12MBEGU YA KIENYEJI                               2    81   812    0           2 1    12  4 5      420  630000 1 2
95-89-60-914363-001-01 3 431  12MBEGU YA KIENYEJI                               2    41   0      41   4000 922 1    12  4 4       60  120000 1 2
95-89-60-914363-001-01 3 4722412MBEGU YA KIENYEJI                               2    13   0      0           2 1  0.52  4 4       16   32000 1 2
47-02-15-084364-001-01 1 111  12MBEGU ZA KIENYEJI                               2    31   0      31   3000 12131    12  3 3       25   10500 1 6
47-02-15-084364-001-01 1 321  12MBEGU ZA KIENYEJI                               2   205   0      0           2 1    12  3 3        3    3000 1 6
47-02-15-084364-001-01 1 921  12MBEGU ZA KIENYEJI                               2    13   0      0           131    12  3 4       45   45000 1 6
47-02-15-084364-001-01 11001  12MBEGU ZA KIENYEJI                               2    13   0      0           2 1    12  3 3       10    2500 1 6
47-02-15-084364-001-01 29981  2 MBEGU ZA KIENYEJI                               2   105   0     105 100000 122 22                               
47-02-15-084364-001-01 3 111  12MBEGU ZA KIENYEJI                               2    31   0      31   3000 122 1 0.752  3 3       50    7500 1 6
47-02-15-084364-001-01 3 921  12MBEGU ZA KIENYEJI                               2    13   0      0           2 1 0.752  3 3       50   50000 1 6
28-07-25-294364-001-02 2 121  2 MBEGU ZA MCHANGANYIKO                           2   151   0     151  10000 122 1  0.52  6 6       45  150000 1  
15-35-50-034365-001-01 2 1122112MAHINDI                                         2    51   512    0           2 1 0.252  5 5      120  150000 1  
15-35-50-034365-001-01 299822112MABOGA                                          2  0.51 0.512    0           2 1 0.252  4 5      120   30000 1  
15-35-50-034365-001-01 3 121  2 15                                              2   151  1512    0           181  0.511 6 6       30   45000 1  
15-35-50-034365-001-01 7 121  2 MPUNGA                                          2    12   122    0           171  0.32  6 6       50   75000 1  
50-28-33-064365-001-03 1 111  2 MAHINDI                                         2    11   0      11   2000 212 1 0.252  6 6       80   40000 1  
50-28-33-064365-001-03 4 121  2 MPUNGA                                          2    12   0      12  10000 21171 0.2512 6 6       90   60000 1  
77-14-05-264367-001-01 2998                                                                                                                     
77-14-05-264367-001-01 3998                                                                                                                     
14-89-23-384367-001-02 1998                                                                                                                     
14-89-23-384367-001-02 2998                                                                                                                     
14-89-23-384367-001-02 3998                                                                                                                     
85-29-98-904368-001-02 2 121  2 KAMOTO                                          2   151   0     151  30000 11111 0.152  6 6      200  280000 1  
17-01-34-494368-001-03 19982282 KIBANDA.                                        2  1001 10012    0           2 22                               
17-01-34-494368-001-03 2 121  2 KAMOTO                                          2   201   0     201  40000 31111 0.252  6 6      250  375000 1  
38-11-78-454369-001-01 3 111  2 MBEGU ZA ASILI                                  2    41   0      41   4000 441725                               
38-11-78-454369-001-01 4 111  2 MBEGU ZA ASILI                                  2    41   0      41   4000 441725                               
38-11-78-454369-001-01 5 121  2 MBEGU YA ASILI                                  2   121  1212    0           2 1 0.142  6 6       75  100000 2  
55-17-89-694383-001-01 1 221  2 ASILI                                           2    45   0      45   8000 212 1  0.52  7 6      288   54000 1  
55-17-89-694383-001-01 2 142312 ASILI                                           2   201  2012    0           2 1    22  6 6      384  408000 1  
36-88-48-324384-001-01 1 111  12MBEGU YA BORA YA MAHINDI                        1    51   0      51  160001612 1    12  6 6      216   90000 1  
36-88-48-324384-001-01 1 431  12MBEGU YA ASILI YA KARANGA                       2    71   0      71   5000 512 1    12  6 6      312  200000 1  
87-23-37-094385-001-01 1 112242 MBEGU BORA                                      1    41   0      41  24000163131  0.52  5 5      300   40000 1 2
87-23-37-094385-001-01 2 131  2 MBEGU ZA KIENYEJI                               2   101  1012    0           111  1.52  4 4      300   70000 1 2
87-23-37-094385-001-01 3 121  2 MBEGU ZA KIENYEJI                               2   401  4012    0           2 1    12  4 4     1800   45000 1 2
87-23-37-094385-001-01 4 221  2 MBEGU ZA KIENYEJI                               2   201  2012    0           2 1    12  6 6      180   35000 1 2
87-23-37-094385-001-01 8 361  2 MBEGU ZA KIENYEJI                               2    61   0      61  18000163131  0.82  5 5      100   80000 1 2
08-57-09-204386-001-02 3 112212 STUKA                                           1    11   0      11   7000 412 1  0.511 6 6      100   50000 2  
08-57-09-204386-001-02 4 121  2 KIENYEJI                                        2   201   0      0           2 1    111 5 6      840  420000 2  
44-26-26-334386-001-03 1 111  12YA KISASA                                       1    31   213    31   8000 912 1    12  5 6      100   40000 1  
44-26-26-334386-001-03 1 431  12ASILI                                           2   101  1012    0           2 1    12  5 6      170  300000 1  
63-15-23-804387-001-01 1 121  2 MBEGU YA ASILI YA MPUNGA                        2   321  3212    0           2 1    32  6 6     1620 1080000 1  
63-15-23-804387-001-01 6 121  2 MBEGU YA ASILI YA MPUNGA                        2   201  2012    0           2 1  0.12  6 6      450  300000 1  
63-15-23-804387-001-01 7 871  2 MBEGU BORA YA NYANYA                            1   505   0     505  15000 412 1  0.12  6 6      500  150000 1  
88-30-09-514388-001-01 1 1123812MBEGU BORA                                      1    51   0      51  26000 922 1    22  4 3      378  105000 1  
88-30-09-514388-001-01 1 3123812ASILI                                           2    31   0      31   6000 422 1    22  4 4       40   40000 1  
80-95-10-004390-001-01 1 112212 KIENYEJI                                        2    11   112    0           2 1  0.511 5 5       40   20000 1  
80-95-10-004390-001-01 5 121  2 KIENYEJI                                        2   151  1512    0           2 1  0.511 7 6      280   98000 1  
51-70-44-664401-001-01 1 111  12KIENYEJI                                        2    14   142    14   1000 511722                               
57-36-35-194402-001-01 1 111  2 STUKA                                           3   101  1013    0           2 1  1.52  4 4      400  144000 3  
57-36-35-194402-001-01 2 121  2 ILOMO                                           2   151   0     151   8000 312 1  1.52  6 6      600  336000 3  
98-50-13-744405-001-01 1 121  2 KANAMATA                                        2   101  1012    0           2 1    12  5 5      375  300000 1 2
08-30-76-814420-001-01 1 112142 YANGA                                           3   181  1813    0           2 1  0.52  5 5      288   96000 1  
08-30-76-814420-001-01 1 502242 PAMBA                                           1   301   0     301  18000 612 1    12  7 7      181  200000 1  
08-30-76-814420-001-01 2 121  2 BELENGE                                         2   151  1512    0           2 1    12  6 6      432  180000 1  
04-34-24-344421-001-01 1 501  12UK M08                                          1   151   0     151  25000 71121    32  3 7      470  423000 1 2
04-34-24-344421-001-01 4 331  12MBEGU BORA                                      1    11   0      11   2000161161  2.52  2 3       50   55000 1 2
16-13-69-074421-001-04 1 501  2 ASA                                             1   501   0     501  32500 612 1    42  7 7     1000  810000 1 2
16-13-69-074421-001-04 2 1122112STUKA                                           1    21   0      21  240001642 1 1.752  7 7      200  120000 1 2
16-13-69-074421-001-04 2 501  11PAMBA                                           1   501   0     501  65000 612 1  3.52  7 7      800  648000 1 2
47-76-35-154422-001-01 1 111  12ASILI                                           2   201  2012    0           2 1  1.52  6 6      140   56000 2 3
47-76-35-154422-001-01 1 431  12ASILI                                           2    51   512    0           2 1  1.52  6 6       80   60000 2 3
60-71-91-184422-001-04 1 111  12STUKA                                           1    51   0      51  18000 922 1    52  5 7      600  300000 5 6
98-11-62-454423-001-01 2 111  12STUKA                                           2   101   0     101  12000 912 1    12  7 7      200  120000 1  
98-11-62-454423-001-01 2 501  12YA ASILI                                        2   151   0     151   7000 612 1    12  6 6      147  161000 1  
98-11-62-454423-001-01 4 111  12STUKA                                           3   101   0     101  12000 912 1    12  7 7       60   30000 1  
98-11-62-454423-001-01 5 111  12STUKA                                           3   101   0     101  12000 912 1    22  7 7      200  120000 1  
98-11-62-454423-001-01 5 501  12PAMBA NYEUPE                                    3   151   0     151   7000 612 1    12  6 6      235  241000 1  
31-67-35-804424-001-01 2 412242 ALIZETI                                         2    41   412    0           2 1  0.711 5 5      240  120000 1  
31-67-35-804424-001-01 3 1121112STUKA                                           1    81   0      81  260001642 1  0.711 4 4      400  160000 1  
31-67-35-804424-001-01 3 1321112MTAMA                                           2    31   312    0           1826                               
31-67-35-804424-001-01 3 4121112ALIZETI                                         2    21   212    0           2 1  0.311 5 5      120   80000 1  
31-67-35-804424-001-01 3 5022112PAMBA                                           1   301   0     301  21000 612 1  0.511 5 6      290  319000 1  
10-05-75-774425-001-01 1 111  12MBEGU YA ASILI                                  2   121  1212    0           131   102  3 3     1440  864000 1 2
10-05-75-774425-001-01 1 411  12MBEGU YA ASILI                                  2    51   512    0           2 1   102  4 4      300  195000 1 2
10-05-75-774425-001-01 1 501  12MBEGU                                           1   301   0     301  18500 61131   102  5 7     1350  121500 1 2
10-05-75-774425-001-01 3 321  12MBEGU YA ASILI                                  2    11   112    0           2 1  3.52  4 5       54   54000 1 2
10-05-75-774425-001-01 3 331  12MBEGU YA ASILI                                  2   101  1012    0           131  3.52  3 3      365  365000 1 2
59-24-51-604426-001-01 1 1123112YANGA - MBEGU YA NJANO                          2    41   0      41   8000161131  3.514 6 6      160   72000 1  
59-24-51-604426-001-01 1 501  11PAMBA                                           1   151   0     151  11250 61121    415 7 7      100   85000 1  
80-33-32-254427-001-01 3 111  12MAHINDI                                         2    21   0      21   2500161151 0.042  6 6       72   40000 1  
80-33-32-254427-001-01 3 9222112BOGA                                            2    11   112    0           2 1 0.022  7 7       50   20000 1  
48-73-44-844439-001-01 1 1121112MBEGU BORA                                      1    21   0      21  12000 912 1    02  6 6       60   15000 1 2
48-73-44-844439-001-01 1 2221112MBEGU YA ASILI                                  2    0    0      0           2 1    02  6 6      120  120000 1 2
48-73-44-844439-001-01 1 431  12MBEGU ZA ASILI                                  2    21   0      21   2400 412 1    02  3 3       10   20000 1 2
48-73-44-844439-001-01 2 121  2 ZA ASILI                                        2   601   0      0           2 1    12  6 8     1020 1700000 1 2
48-73-44-844439-001-01 3 121  2 ZA ASILI                                        2    12   0      0           2 1    02  6 7      600  500000 1 2
05-77-19-484440-001-01 1 1122112ASILI                                           2    12   122    0           171    112 4 6      360  144000 1 2
05-77-19-484440-001-01 1 222112 KIENYEJI                                        2    25   252    0           2 1    12  2 6      768   64000 1 2
05-77-19-484440-001-01 1 4321112KIENYEJI                                        2   201  2012    0           171    212 5 5      180  180000 1 2
20-22-92-624441-001-01 1 1121112PANA                                            1    21   0      21  12000 922 1  0.312 2 3       40   34000 1  
20-22-92-624441-001-01 1 122312 MALAMATA                                        2   181   0      0           2 1  1.22  6 7     1040  320000 1  
20-22-92-624441-001-01 1 2221112LIOCHI                                          2    55   552    55  200002032 1  0.32  2 9      300   44200 1  
20-22-92-624441-001-01 1 4321112DAKI                                            2    11   0      11   3500 522 1  0.312 3 4       10   30000 1  
20-22-92-624441-001-01 2 121  2 MALAMATA                                        2   101   0     101   5000 522 1  0.52  4 5      255  210000 2  
20-22-92-624441-001-01 3 1122112PANA                                            1    21   0      21  12000 522 1  1.52  3 5      252   98000 2  
20-22-92-624441-001-01 3 122212 MALAMATA                                        2   101   0     101   5000 522 1  1.52  4 4      600  343000 5  
59-35-71-824442-001-01 1 111  12MBEGU YA ASILI                                  2    21   212    0           2 1 0.7512 4 4      120   30000 1 2
59-35-71-824442-001-01 1 431  12KIENYEJI                                        2    51   512    0           2 1  0.512 3 3       15   37500 1 2
59-35-71-824442-001-01 2 121  2 SUKARISUKARI                                    2   181  1812    0           2 1    12  6 7      864  288000 1 2
59-35-71-824442-001-01 3 111  12MBEGU ZA ASILI                                  2    61   612    0           1725                               
59-35-71-824442-001-01 3 331  12MBEGU YA ASILI                                  2    21   0      21   6000 411725                               
59-35-71-824442-001-01 4 221  2 MBEGU ZA ASILI                                  2  1001   0    1001  30000 222 1 0.252  6 7      630  220000 1 2
02-51-38-994443-001-01 1 121  12MPUNGA                                          2  0.52 0.522    0           2 1  0.52  7 7      162  150000 1  
02-51-38-994443-001-01 1 2222112VIAZI VITAMU                                    2    35   0      35  30000 212 1  0.52  7 7      480  288000 1 2
02-51-38-994443-001-01 3 111  2 MAHINDI                                         1    21   0      21  110001621725                               
18-84-57-804443-001-03 1 1122112MBEGU BORA                                      1    41   0      41  20000162171  0.312 4 4      120   60000 1  
18-84-57-804443-001-03 1 221  12MBEGU  YA ASILI                                 2   301  3012    0           131  0.32  6 7      560  105000 1  
18-84-57-804443-001-03 2 121  2 MBEGU BORA                                      1   401   0      0           2 1    12  5 6      750 1060000 1  
77-57-87-514443-001-05 1 121  2 MPUNGA                                          2  1201 12012    0           2 1  0.52  6 6      600  400000 1 2
43-79-07-184444-001-01 1 111  12KIENYEJI                                        3    21   213    0           2 1  0.312 3 4       40   30000 1 2
43-79-07-184444-001-01 1 2221312KIENYEJI                                        2   251  2522    0           2 1  0.22  4 6      100   20000 1 2
43-79-07-184444-001-01 1 431  12KARANGA                                         2    61   0      61  12000 512 1  0.72  3 3       25   45000 1 2
43-79-07-184444-001-01 2 111  12PANA                                            1    61   0      61  36000 922 25                               
43-79-07-184444-001-01 2 331  12CHOROKO                                         2    21   0      21   3000 922 25                               
43-79-07-184444-001-01 4 121  2 MACHINA                                         2   201   0     201  15000 422 1  0.52  5 6      600  300000 1 2
75-52-30-394445-001-01 1 111  12PIONEER                                         1    81   0      81  48000 912 1    12  6 7      432  144000 1 2
75-52-30-394445-001-01 1 431  12NDOGO NYEUPE                                    2   101   0     101  10000 512 1    12  4 4      100   84000 1 2
82-26-21-394445-001-03 1 111  2 PIONEER                                         3    13   133    0           2 1 0.042  5 5       40   12000 2  
82-26-21-394445-001-03 2 1123112PIONEER                                         1   141   0     141  84000 912 1    112 6 6      432  144000 2  
82-26-21-394445-001-03 2 222112 MBEGU ZA KIENYEJI                               2    15   152    0           2 1 0.252  6 7      320   60000 2  
82-26-21-394445-001-03 2 3323112MBEGU ZA KIENYEJI                               2   201  2012    0           2 1 0.7512 3 3      600  480000 2  
82-26-21-394445-001-03 2 4323112KARANGA NYEUPE                                  2   201  2012    0           2 1 0.7512 3 4      200  144000 2  
82-26-21-394445-001-03 3 121  2 KARAMATA                                        2   151  1512    0           2 1    12  6 6     1050  360000 2  
81-84-58-854445-001-04 1 111  2 DK                                              1   141   0     141  84000 922 1    92  5 6     276010104000 1  
81-84-58-854445-001-04 1 122212 KIENYEJI                                        2    32   322    0           2 1    22  6 6     1440  108000 1  
81-84-58-854445-001-04 2 121  2 KIENYEJI                                        2    62   622    0           2 1    42  6 6     3600 2520000 1 2
81-84-58-854445-001-04 3 121  2 KIENYEJI                                        2    32   322    0           2 1    22  6 6     1200  840000 5  
81-84-58-854445-001-04 4 121  2 KIENYEJI                                        2    32   322    0           2 1    32  6 6     3600 2520000 4  
84-67-96-954446-001-01 1 1122112LUBANGO                                         1    31   0    2.51  12000161131  0.52  4 5      300   60000 2  
84-67-96-954446-001-01 1 4322111MBEGU YA ASILI                                  2    31   312    0           2 1  0.52  3 3      150  180000 2  
84-67-96-954446-001-01 2 121  2 MBEGU YA KAWAIDA                                3   201  2013    0           2 1  0.52  5 6      600  320000 2  
63-30-74-354461-001-01 4 121  2 LUVUNA MATELA                                   2   301   0     301  40000 912 1    32  7 7     3600 2400000 1  
24-49-93-404462-001-01 3 871  2 NYANYA MWANGA                                   1   255   0     255  120001642 1    12  7 7     1080  350000 1 2
01-52-39-234463-001-01 2 111  2 SITUKA                                          1    21   0      21  10000 932 1  0.32  4 4      324  126000 1  
01-52-39-234463-001-01 4 121  2 BELENGE                                         2   151  1512    0           2 1    12  5 5      720  420000 1  
36-73-85-024463-001-02 1 111  12KIENYEJI                                        2    21   212    0           2 1    12  5 6      120    4800 1  
36-73-85-024463-001-02 2 121  2 KIENYEJI                                        2   201  2012   201   8000 212 1    12  5 6      600  240000 1  
86-27-46-334463-001-03 1 1121412DK                                              1   201   0     201 100000 932 1    32  4 4     2160  600000 1 2
86-27-46-334463-001-03 1 122132 UHURU                                           2   841  7212    0           2 1    52  4 5     6720 3360000 1 2
86-27-46-334463-001-03 1 2221411MALANDO                                         2  4501 45012    0           2 1    22  7 7     1700  510000 1 2
86-27-46-334463-001-03 1 4321412TILA                                            2   451  4512    0           2 1    52  6 6      750  450000 1 2
59-91-45-634463-001-06 1 111  12SITUKA                                          1    21   0      21  10000 932 26                               
59-91-45-634463-001-06 1 221  12UMEME (MASUGUTEE)                               2  1801 18012    0           2 26                               
99-76-98-434464-001-01 1 1122112MAHINDI                                         2   101   0     101   5000 422 1  0.511 4 5      480  144000 1  
99-76-98-434464-001-01 1 1222112MPUNGA                                          2    35   0      35  18000 42111  0.511 5 6      420  270000 1  
11-54-93-994464-001-04 1 111  2 MAHINDI                                         2    11   112    0           2 1  0.12  4 4       60   39000 4  
66-52-25-504464-001-05 1 111  12SEEDCO                                          3   101  1013    0           2 1    32  4 4      620  185000 1  
66-52-25-504464-001-05 19981  12MIHOGO MITAMU                                   2   801  8012    0           2 1    32  8 2     1600  600000 1  
88-09-11-144465-001-01 2 111  12KIENYEJI                                        2    11   112    0           2 1 0.252  6 7      280  112000 1  
35-05-57-384467-001-01 1 111  2 KIENYEJI                                        2 0.2510.2512    0           2 1 0.162  3 3       10    4000 1  
36-39-21-634478-001-01 1 1122812KIENYEJI                                        2   361  3612    0           2 1    212 6 6      540  250000 1 2
36-39-21-634478-001-01 2 111  2 MBEGU ZA KIENYEJI                               2   361  3612    0           2 1    212 6 6      216   60000 1 2
54-34-39-914478-001-03 1 111  12SIDIKO                                          1    41   0      41  12000 912 1    12  3 5      840  210000 1 2
54-34-39-914478-001-03 1 2221112KIENYEJI                                        2    45   452    0           2 1  0.22  4 6      100   50000 1 2
54-34-39-914478-001-03 1 311  12KITENGE                                         2    61   0      61  12000 512 1    12  2 4       40   80000 1 2
54-34-39-914478-001-03 1 4321112KARANGA                                         2    51   0      51  10000 512 1  0.22  5 5       80  100000 1 2
54-34-39-914478-001-03 1 9221112KIENYEJI                                        2    13   132    0           2 1  0.12 10 3       20   10000 2  
54-34-39-914478-001-03 2 121  2 UHURU                                           2   301  3012    0           2 1    12  6 6     1200  525000 1 2
25-88-33-814481-001-01 1 1122112MERU                                            1    61   0      61  360001612 1  1.52  3 5      600  360000 1 2
25-88-33-814481-001-01 1 3121112MBEGU ZA ASILI                                  2    11   112    0           171  0.212 2 2        5   10000 1 2
25-88-33-814481-001-01 1 4322112MBEGU ZA ASILI                                  2    32   322    0           171  0.412 3 3       50   36000 1 2
25-88-33-814481-001-01 2 121  2 KALAMATA                                        2    12   122    0           2 1  0.52  5 6      480  240000 1  
99-28-29-124482-001-03 1 111  2 MAHINDI                                         1    21   0      21   95001612 1    32  3 3      600  300000 3  
99-28-29-124482-001-03 2 121  2 MPUNGA                                          2    22   222    0           111    22  7 7      900  600000 3  
22-37-41-424482-001-06 1 111  2 SEEDCO CHAPA TUMBILI                            1    61   0      61  36000 52131 1.432  4 4      480  120000 1  
41-58-31-404483-001-01 1 1121112LUBANGO                                         1    81   0      81  96000164131  1.52  4 5     2400  600000 1 9
41-58-31-404483-001-01 1 122112 UHURU                                           2   121   0     121  150001652 1    22  5 7     1080  630000 1 9
41-58-31-404483-001-01 1 222112 KIASILI                                         2   301  3012    0           2 1 0.252  4 7      600  150000 9  
41-58-31-404483-001-01 1 3121412SOYA                                            2    11   0      11   2500161171    212 4 4       20   20000 9  
41-58-31-404483-001-01 1 432112 MBEGU ZA ASILI                                  2    51   0      51  10000 952 1 0.252  3 3       60   60000 9  
14-35-00-154484-001-01 1 1123112MBEGU BORA                                      1    41   0      41  24000 912 1    22  5 6     1000  660000 1  
14-35-00-154484-001-01 1 431  11MBEGU YA ASILI                                  2   202  2022    0           2 1    02  4 5      150  600000 1  
14-35-00-154484-001-01 2 122372 YA ASILI                                        2   601  6012    0           2 1    12  5 7     102071100000 1  
48-62-55-604496-001-01 1 111  12MAHINDI                                         1    21   0    1.51   90001612 1 0.252  5 5      360  120000 1  
48-62-55-604496-001-01 2 122272 MPUNGA                                          2    81   812    0           111  0.52  5 5      360  216000 1  
98-57-46-794497-001-01 1 111  12MBEGU ZA KIENYEJI                               2  1.51 1.512    0           2 1    112 5 6      108   30000 1  
98-57-46-794497-001-01 1 311  12MAHARAGE YA NJANO                               2  2.51 2.512    0           2 1    112 2 2       10   10000 1  
98-57-46-794497-001-01 2 1121112MBEGU ZA KIENYEJI                               2    21   212    0           2 1    12  5 6      162   45000 1  
98-57-46-794497-001-01 2 222112 MBEGU ZA KIENYEJI                               2    15   152    0           2 1    12  3 3     1000  180000 1 2
98-57-46-794497-001-01 2 3121112MAHARAGE YA NJANO                               2    31   312    0           2 1    12  2 3       40   40000 1  
98-57-46-794497-001-01 2 4321112KARANGA NYEUPE                                  2    41   412    0           2 1    12  3 3      150   90000 1 2
10-98-93-804498-001-01 1 111  2 MBEGU YA KISASA                                 1   181   0     181  35000 912 1    22  6 7      600  150000 1  
34-85-87-844498-001-03 2 111  2 DICAY                                           1    21   0      21  120002012 1    12  5 5      300   30000 7  
27-01-39-844499-001-02 1 111  2 DEKALB                                          1   161   0     161  96000 912 1    22  5 6     2808  780000 1 2
27-01-39-844499-001-02 2 511  2 KEI                                             3  1255 12553    0           2 1    22  3 3     1250 6700000 1  
27-01-39-844499-001-02 3 121  2 KARAMATA                                        2   151  1512    0           2 1    12  5 6     1125  450000 1 2
27-01-39-844499-001-02 4 431  2 KARANGA NYEKUNDU                                2    91   912    0           2 1  0.52  3 4      100   60000 1 2
05-19-84-164499-001-03 1 1122112SIDICO                                          1    51   0      51  500001612 1    12  5 5     2000   30000 3 5
05-19-84-164499-001-03 1 3122112MBEGU YA VITENGE                                2    61   0      61  12000 41171  0.512 5 5       40   20000 3 5
05-19-84-164499-001-03 1 4321112MBEGH NYEKUNDU                                  2    41   0      0           2 1  0.42  2 2       25   30000 3 5
05-19-84-164499-001-03 2 121  2 MBEGU YA MWANAMWALA                             2    15   152    0           2 1  1.52  6 5     1125  525000 3 5
05-19-84-164499-001-03 39981  2 MIZAO                                           2 10005   0      0           2 1  0.42 1112     1950    2000 3  
05-19-84-164499-001-03 5 1122112DIKEI                                           1    51   0      51  500001612 1    52  5 5     2000  840000 3 5
05-19-84-164499-001-03 5 3121112MAAHARAGE YA KITENGE                            2    51   0      51  10000 412 1  0.42  3 3       16  288000 3 5
05-19-84-164499-001-03 5 4321112MBEGU ZA KIENYEJI                               2    41   0      41   8000 412 1  0.42  3 3       24   15000 3 5
52-69-37-484500-001-01 1 111  2 MBEGU YA KIENYEJI                               2    21   212    0           2 1  0.32  5 5       80   20000 2  
52-69-37-484500-001-01 2 112132 MBEGU YA ASILI                                  2    31   312    0           161    019 5 5       40   10000 1 2
52-69-37-484500-001-01 2 122232 ZA KIENYEJI                                     2    31   312    0           2 1    02  5 6      150   60000 1 2
52-69-37-484500-001-01 2 2221312YA KIENYEJI                                     2   301   0      0           2 1    02  4 6      160   30000 1 2
07-40-17-944501-001-02 1 1122112MALAWI                                          2   101  1012    0           2 1    32  4 4      720  262000 1  
07-40-17-944501-001-02 1 1221112KALAMATA                                        2   201   0     201  12000 912 1  1.52  5 5     1190  510000 1  
07-40-17-944501-001-02 1 2221312WATOTO WA SHULE                                 2   105  1052    0           2 1  0.32  2 7      200   30000 1  
07-40-17-944501-001-02 1 3121312MITENGE                                         2    21   212    0           2 1    12  1 3       50   75000 1  
07-40-17-944501-001-02 1 4321112TILA                                            2   201   0     201  30000 912 1  1.52  4 5      300  160000 1  
10-94-44-734501-001-03 1 112312 DK 77                                           1    21   0      21  12000 912 1  0.52  3 3      480  120000 1 2
10-94-44-734501-001-03 1 222112 KIENYEJI                                        2    15   152    0           2 1 0.252  9 9      750   50000 1 2
10-94-44-734501-001-03 2 112312 DK77                                            1    81   0      81  48000 91121  1.515 6 6     1320  330000 1 2
10-94-44-734501-001-03 2 432112 KIENYEJI                                        2    12   122    0           1323                               
10-94-44-734501-001-03 3 121  2 KIENYEJI                                        2    22   222    25  20000 11171  2.512 7 7     3240 1080000 1 2
10-94-44-734501-001-03 4 121  2 KIENYEJI                                        2   101  1012    0           171 0.2512 6 6      450  150000 1 2
56-35-31-494501-001-04 1 1122112SABASABA                                        1    51   0      51  600001612 1    22  5 5     1440  552000 4  
56-35-31-494501-001-04 1 222112 UKIMWI                                          2   901  9012    0           2 1    12  5 6      480  36000026  
56-35-31-494501-001-04 1 3122112MANJANO                                         2   201  2012    0           2 1    22  4 4      180  108000 4  
56-35-31-494501-001-04 1 432112 NYEKUNDU                                        2   181  1812    0           131 0.752  3 3      180   45000 426
56-35-31-494501-001-04 3 121  2 MWANAMWALA                                      2   721  7212    0           2 1    22  5 6     1800 1050000 4  
75-25-78-644501-001-06 2 112312 DK 77                                           1   201   0     201 120000 912 1    22  3 5     1560  390000 1 2
75-25-78-644501-001-06 2 432212 KIENYEJI                                        2   201  2012    0           2 1    12  3 4        7     420 1 2
75-25-78-644501-001-06 3 121  2 KIENYEJI                                        2    62   622    0           171    212 5 6     3600 1440000 1 2
41-39-89-994501-001-07 1 1123113DK                                              1   101   0     101 120000161181    311 5 5     6580 1410000 1  
41-39-89-994501-001-07 1 122282 MWANAMWALA                                      2  1081 10812    0           151    32  4 6     7560 2700000 1 3
41-39-89-994501-001-07 1 222112 MALANDO                                         2    45   0      45  20000 21131    12  6 8     2000  999000 2 8
41-39-89-994501-001-07 1 3122812GOROLI                                          2    71   712    0           131    22  3 4      100  150000 1 2
41-39-89-994501-001-07 1 4122812ASILI                                           2    21   0      21   8000 412 1    211 4 6       70   29000 2 8
41-39-89-994501-001-07 1 432112 NYEKUNDU                                        2   281  2812    0           2 1  0.52  4 4      200  360000 2 8
79-90-44-824501-001-08 1 111  2 ZA KIENYE                                       2    12   122    0           2 1    22  4 7      900  270000 1 6
79-90-44-824501-001-08 2 1121112ZA ASILI                                        2    11   112    0           2 1    02  4 6      200   60000 1  
79-90-44-824501-001-08 2 1223112MBEGU YA ASILI                                  2   301  3011    0           2 1    12  4 6      900  432000 1  
79-90-44-824501-001-08 2 221  12MBEGU YA ASILI                                  2   501   0     501   6000 212 1    12  6 8      800   60000 1  
27-12-14-234501-001-15 2 121  2 MBEGU                                           2   601  6012    0           111    22  5 5     3150 1260000 1 2
46-06-74-344502-001-01 2 122282 KIENYEJI                                        2    82   822    0           2 1    42  5 6     1800  900000 1  
72-51-93-504503-001-01 1 112212 DK                                              1    81   0      81  48000 912 1  1.22  3 5      960  240000 1  
72-51-93-504503-001-01 1 512212 K 350                                           1   505   0     505   20001112 1    12  3 4      700 2000000 1  
72-51-93-504503-001-01 2 112112 DK                                              1    81   0      81  48000 912 1    12  4 5      720  180000 1  
72-51-93-504503-001-01 2 122212 NGWANANGWALA                                    2   201  2012    0           2 1    32  5 6      420  210000 1  
72-51-93-504503-001-01 2 222112 VIAZI VITAMU                                    2   205  2052    0           2 1    12  3 6     1000   30000 1  
72-51-93-504503-001-01 2 432112 KARANGA KIENYEJI                                2   101  1012    0           2 1    12  3 4      240  120000 1  
72-51-93-504503-001-01 2 512212 K350                                            1   505   0     505   20001112 1    22  3 4      700 2000000 1  
72-51-93-504503-001-01 3 511  2 K350                                            1   255   0     255   10001112 1 0.752  3 4      200  500000 1  
72-51-93-504503-001-01 4 111  2 DK                                              1    81   0      81  48000 912 1  1.52  4 6      840  210000 1  
72-51-93-504503-001-01 5 112212 DK                                              1    41   0      41  24000 912 1  0.52  4 6      240   60000 1  
72-51-93-504503-001-01 5 512212 K350                                            1   505   0      0           2 1  0.52  4 4      400 1000000 1  
79-13-46-574515-001-01 1 1122112MBEGU ZA KIENYEJI                               2    61   612    0           131 0.7518 5 5      300   48000 1  
97-88-90-364516-001-01 1 501  12MBEGU BORA YA PAMBA                             1   201   0     201  28000 612 1    22  6 6      356  427200 1  
42-13-45-354518-001-01 1 111  12MBEGU BORA                                      1   101   0     101  55000161131  1.52  5 5      400   30000 1 2
42-13-45-354518-001-01 2 111  1210                                              1   101   0     101  55000161131    12  5 5      336   30000 1 2
18-35-65-994519-001-01 1 112312 MBEGU YA ASILI                                  2   361  3612    0           2 1    62  4 6     2160  720000 1  
18-35-65-994519-001-01 1 322112 MBEGU YA ASILI                                  2    21   212    0           2 1 0.252  2 3      120   30000 2  
18-35-65-994519-001-01 2 121  2 MBEGU YA ASILI                                  2    71   712    0           2 1    22  6 7     1470  525000 1  
18-35-65-994519-001-01 3 221  2 MBEGU YA ASILI                                  2  1.55   0      0           2 1    12  6 7     1440  144000 2  
82-38-97-694519-001-05 1 111  2 TUMBILI                                         1   101   0     101  600001631225                               
82-38-97-694519-001-05 2 121  2 MBEGU YA ASILI                                  2   481  4812    0           1725                               
81-55-21-874520-001-01 2 111  12ASILI                                           2    51   512    0           2 1  0.52  4 4      324   90000 1 2
81-55-21-874520-001-01 2 131  12ASILI                                           2    81   812    0           2 1  0.52  4 4      360   72000 1 2
81-55-21-874520-001-01 3 111  2 ASILI                                           2    71   712    0           2 1 0.992  4 4      540  150000 1 2
20-44-65-064520-001-10 1 111  2 MBEGU YA ASILI YA MAHINDI                       2    21   0      21  25000 41131    114 7 7      500  150000 1  
66-05-47-214521-001-01 1 111  2 ASILI                                           2   401  4012    0           2 1    22  5 6     1600   37000 1  
67-86-47-254521-001-02 1 111  2 ASILI                                           2    61   612    0           2 1    12  5 6      600   37000 1  
68-16-27-734521-001-04 1 112312 TUMBILI                                         1   141   0     141  84000 912 1    22  4 4     1620  450000 1 2
68-16-27-734521-001-04 1 122312 ASILI                                           2   241  2412    0           2 1    22  6 6      702  486000 1 2
68-16-27-734521-001-04 2 111  2 ASILI                                           2   201  2012    0           2 1    42  4 5     3780 1050000 1 2
56-74-41-294534-001-01 3 111  12SEEDCO                                          1    61   0      61  34500 912 1  1.52  7 7     1600  768000 1 2
56-74-41-294534-001-01 4 121  2 MNATERA                                         2   151  1512    0           2 1  1.52  5 5     1125  720000 1 2
92-98-94-244535-001-01 1 131  12SERENA                                          2   101  1012    0           2 1    22  7 7      200   60000 1  
92-98-94-244535-001-01 1 221  12SAMA YA NYAMU                                   2  4801 48012    0           2 1  2.52  6 8     1200  360000 1  
92-98-94-244535-001-01 2 332132 CHOROKO                                         2  1.51 1.512    0           2 1  0.52  6 6       20   20000 1 2
92-98-94-244535-001-01 2 502312 PAMBA                                           3   201   0      0           2 1  1.52  6 8      432  432000 1 8
92-98-94-244535-001-01 3 131  2 SERENA                                          2    21   0      21   8000 742 1    12  6 6      324   90000 1 2
92-98-94-244535-001-01 4 121  2 BULUNGWA                                        2   301  3012    0           2 1    22  4 7     2232 1440000 1 2
54-75-27-274535-001-03 1 111  12SEEDCO                                          3    51   513    0           2 1 0.252  3 5       72   30000 1 2
54-75-27-274535-001-03 1 3221412KUNDE                                           2    13   0      13      0 212 1 0.252  2 3       12   12000 2  
54-75-27-274535-001-03 2 121  2 SHINYANGA                                       2    81   812    0           2 1    12  6 6      560  150000 1 2
60-91-64-874537-001-01 4 221  2 ASILI                                           2    85   852    0           2 1 0.252  8 8     1800  100000 1 7
79-89-73-454538-001-01 1 111  12SEEDCO                                          1    31   0      31  360001622 1    22  3 3      800  320000 2  
23-26-79-034539-001-02 1 131  2 MBEGU YA ASILI YA MTAMA                         2    81   812    0           111    12  6 6      100   30000 1  
97-63-24-274540-001-01 1 122112 MPUNGA                                          2   121   0     121   5000 21111  0.312 6 6      300   90000 1  
97-63-24-274540-001-01 1 502112 PAMBA                                           1   101   0      0           2 25                               
33-21-92-064543-001-04 1 121  2 KIENYEJI                                        2   202  2012    0           2 1    12  5 6     1800  960000 1  
33-21-92-064543-001-04 2 111  2 MEGU BORA                                       1   201  2011   201 110000 91131    12  6 7      200   60000 1  
33-21-92-064543-001-04 3 111  2 KIENYEJI                                        2    41   412    0           131    214 6 7      100   90000 1  
87-69-42-264572-001-01 1 111  2 TUMBIRI                                         1    61   0      61  33000161121  0.715 6 6      600  180000 1  
91-04-87-474573-001-01 4 131  12KIENYEJI                                        2    61   612    0           2 1  1.52  4 4      300   75000 2 5
98-51-76-864574-001-01 1 112312 TUMBILI NA GK                                   1    81   0      81  23000 922 1    32  6 6     2400 1200000 3 8
98-51-76-864574-001-01 1 132112 MTAMA MWEUPE                                    2   101   0      0           2 25                               
98-51-76-864574-001-01 2 122322 KALAMATA                                        2   301  3012    0           2 1    32  5 5      900  600000 1 3
98-51-76-864574-001-01 2 132112 MTAMA MWEKUNDU                                  2   201  2012    0           2 25                               
75-03-12-014574-001-11 1 1121412SEEDCO TUMBILI                                  1   141   0     141  84000 932 1    22  5 5     2160  600000 1  
75-03-12-014574-001-11 2 122142 MNULA                                           2   241  2412    0           2 1    12  6 6      936  624000 1  
75-03-12-014574-001-11 3 501  2 PAMBA                                           1    51   0      51   6500 732 1    12  7 7      200  135000 1  
14-12-24-894574-001-14 1 111  12MEGU ZA KIENYEJI                                2    51   512    0           2 26                               
14-12-24-894574-001-14 2 111  12KIENYEJI                                        2    51   512    0           2 1    12  5 5      600  150000 1 2
08-04-53-234575-001-01 1 1121812SEEDCO (TUMBILI)                                1    21   0      21  105001932 1 0.752  6 6      432  144000 2  
08-04-53-234575-001-01 1 3121412NJANO                                           2  1.51 1.512    0           2 1 0.752  2 2       40   40000 2  
08-04-53-234575-001-01 2 111  2 SEEDCO TUMBILI                                  1    61   0      61  33000193121    12  6 6      540  180000 2  
08-04-53-234575-001-01 3 111  2 SEEDCO TUMBILI                                  2    31   311    31  330001922 1    111 6 6      216   72000 2  
81-26-85-914576-001-01 1 1122112MBEGU YA ASILI                                  2   181   0     181   8000 51171  0.512 5 5      960  192000 1 2
81-26-85-914576-001-01 1 1221112MBEGU YA ASILI                                  2    51   0      51   5000 21171 0.2512 5 6      216   60000 1 2
81-26-85-914576-001-01 1 2221112MBEGU YA ASILI                                  2   601   0     601  20000 21171 0.2512 5 6     1800   15000 1 2
81-26-85-914576-001-01 1 4322112MBEGU YA ASILI                                  2    21   0      21   5000 51171  0.512 6 6       60   30000 1 2
17-67-12-914577-001-01 2 111  12TUMBIRI                                         1    41   0      41  24000161121  0.612 4 4      480  200000 1  
17-67-12-914577-001-01 2 431  12KARANGA                                         2    11   0      11   2000 21131  0.112 4 4       60   30000 1  
37-60-86-834579-001-01 1 112312 KIENYEJI                                        2    81   812    81  92000162121    215 3 4     1540  539000 6  
52-91-24-054591-001-01 1 1122112MBEGU YA KIENYEJI                               2    52   522    0           2 1    72  2 7     3000   84000 1 2
52-91-24-054591-001-01 1 2221112MBEGU YA KIENYEJI                               2   305  3052    0           2 1  7.52  4 9     4010  252000 1 2
52-91-24-054591-001-01 1 3222112MBEGU MCHANGANYIKO                              2    21   212    0           131 0.2514 3 6      120  520000 1 2
52-91-24-054591-001-01 1 3321112MBEGU YA KIENYEJI                               2   101  1012    0           131  0.414 3 6      100   60000 1 2
52-91-24-054591-001-01 1 4321112MBEGU YA 6                                      2   801  8012    0           2 1    62  3 4      400  450000 1 2
61-42-72-094593-001-01 1 501  11UK08                                            1   101   0     101 102000 93131    32  6 7     2000 1950000 2  
61-42-72-094593-001-01 2 131  2 KIENYEJI                                        2   201  2012    0           2 1    32  6 7      800  144000 2  
61-42-72-094593-001-01 3 111  2 PANA                                            1    41   0      41  14000 932 1    22  5 6      972  324000 1 2
61-42-72-094593-001-01 4 501  2 UK08                                            1   101   0     101 102000 932 1    32  6 7      840  900000 2  
61-42-72-094593-001-01 6 5022112UK08                                            1    51   0      51  51000 932 1  1.52  6 7       30   32150 2  
18-48-24-684594-001-01 1 112132 PUNDAMILIA                                      1   151   0     151 1560001632 1    42  6 6     2760  966000 1  
18-48-24-684594-001-01 1 132132 KIENYEJI                                        2    35   352    0           2 1   802  810    24000 6000000 1  
18-48-24-684594-001-01 1 222132 KIENYEJI                                        2   125  1252    0           2 1    12  4 4     2400   96000 2  
18-48-24-684594-001-01 1 502132 KIENYEJI                                        2   205  2052    0           2 1   502  7 8     1000  900000 1  
92-85-59-414595-001-01 1 112212 MBEGU ZA KURUDIA                                2   251   0     251  27500 312 1    22  5 5     1296    8000 9  
92-85-59-414595-001-01 1 131  2 MBEGU ZA ASILI ZA KURUDIA                       3   901   0     901  35000 31111    419 6 6     1188    5000 9  
92-85-59-414595-001-01 1 501  12UK                                              1   501  2511   501  320002032 1    62  7 7     1500 1650000 1  
34-86-75-054596-001-01 2 132212 SELENA                                          2   201  2012    0           2 1 3.252  7 7      500   47000 1  
34-86-75-054596-001-01 2 502212 MBEGU YA PAMBA                                  1   501   0     501  15000 712 1 3.252  7 7      500   48000 1  
34-86-75-054596-001-01 4 122212 MARAMATA                                        2   201  2012    0           2 1  0.52  5 6      525   42000 1  
34-86-75-054596-001-01 4 132312 SELENA                                          2   201  2012    0           2 1    62  7 7      600   42000 1  
34-86-75-054596-001-01 5 501  12MBEGU YA PAMBA                                  1  1001   0    1001  300002112 1    82  6 7     1000   48000 1  
06-13-33-114597-001-01 1 1122112MAHINDI                                         2    91   912    0           2 1    12  6 6      100   60000 1 2
06-13-33-114597-001-01 1 1322112MTAMA                                           2   541  5412    0           2 1    52  7 6      800  320000 1 2
06-13-33-114597-001-01 1 5022112MBEGU BORA                                      1   501   0      0           2 1    42  6 6      800  800000 1 2
96-37-81-904598-001-01 3 501  12YA KISASA                                       1   201   0     201  13000 912 1    42  5 9      700  700000 1  
96-37-81-904598-001-01 4 111  12ASILI                                           2   201  2012    0           2 1    62  6 7     2500 1000000 1  
26-21-26-624611-001-01 1 501  2 MBEGU YA KISASA                                 1   301   0     301      0 622 1    22  8 8    11000  920000 1  
26-21-26-624611-001-01 2 111  2 SEDECO                                          1    41   0      41  24000 922 1    22  6 6      324  180000 1  
32-04-36-834613-001-01 1 111  13MAHINDI                                         2    61   212    0           121  0.115 4 4       40   20000 1  
32-04-36-834613-001-01 1 3221812MBEGU YA KUNDE                                  2    13   132    0           1725                               
32-04-36-834613-001-01 1 4322812MBEGU ZA KARANGA                                2    11   112    0           2 1 0.052  6 6       10    8000 1  
59-40-38-534614-001-01 1 501  2 UK08                                            1   121   0     121  385001622 1    22  7 7     2650 2308150 1  
59-40-38-534614-001-01 2 111  2 KIENYEJI                                        2   181  1812    0           2 1    22  6 7      756  294000 1  
59-40-38-534614-001-01 3 112112 KIENYEJI                                        2    51   512    0           2 1  1.52  6 7      240   60000 1  
59-40-38-534614-001-01 3 502112 UK08                                            3   201  2013    0           2 1    212 6 6     1148 1000000 1  
64-20-85-604615-001-01 1 1122112TUMBILI                                         1    51   0      51  12000 93171    112 6 7      300   54000 1 2
64-20-85-604615-001-01 1 5022112UK08                                            1   101   0     101  18000 93171    112 6 6       20   16200 1  
29-51-90-804616-001-01 1 112112 YANGA                                           2    15   152    0           2 1    12  5 5      400   30000 1  
29-51-90-804616-001-01 1 5023112MBEGU ZA PAMBA                                  2   241   0      0           2 1    312 6 6      100   40000 1  
63-32-21-814616-001-03 1 112212 KAKUYU                                          1   301   0     301  72000 92171  2.52  6 6      162   54000 1  
63-32-21-814616-001-03 1 502212 UK 08                                           1    51   0      51   9000 912 1  2.52  6 7      110   89100 1  
20-68-50-494616-001-04 1 111  2 ZA ASILI                                        2   361  3612   361  20000 212 1    62  5 6     1944  756000 1 2
20-68-50-494616-001-04 2 501  2 ILIYOBORESHWA                                   1   321   0     321 121000 622 1    82  7 7     3210 3852000 1 2
51-70-53-074618-001-01 1 111  12MBEGU ZA MAHINDI ASILI                          2   801  8012    0           131    314 6 7      840   70000 1  
51-70-53-074618-001-01 1 3122312MBEGU ZA MAHARAGE ASILI                         2   301  3012    0           2 1    22  7 7      300  120000 1  
35-88-72-584618-001-02 1 501  2 KIENYEJI                                        2   391   0     391  21000 51171  1.512 6 7       45   38250 1  
35-88-72-584618-001-02 2 111  2 PUNDA                                           1   401   0     401  36000 512 1    12  6 6      324  108000 1  
60-43-11-364629-001-01 1 112112 PIONEER                                         1   101   0     101  600001612 1  0.212 4 5      120   54000 1  
60-43-11-364629-001-01 1 122112 TULIANI                                         2   201  2012    0           111    22  4 5     2100 1440000 1  
60-43-11-364629-001-01 3 112252 PIONEER                                         1    41   0      41  240001612 1  0.112 4 5      120   54000 1  
64-80-76-154630-001-01 1 111  2 DK                                              1   101   0     101  50000 431825                               
64-80-76-154630-001-01 2 112342 DK                                              1   121   0     121  60000 431725                               
64-80-76-154630-001-01 3 121  2 TANGA                                           2   181  1812    0           2 1    12  6 7     1296  540000 2 3
64-80-76-154630-001-01 4 221  2 REGINA                                          2  1751 17512    0           2 1    12  7 7     2000  240000 2 3
85-63-13-874631-001-01 1 112112 STUKA                                           3   501  5013    0           2 1    12  4 4      300  180000 1 5
85-63-13-874631-001-01 1 122112 TANGA                                           2   151  1512    0           2 1 1.252  5 5      375  200000 1 2
85-63-13-874631-001-01 1 132112 MTAMA MWEUPE                                    2   101  1012    0           2 1    12  7 7      200  120000 1 2
85-63-13-874631-001-01 1 222212 MCHANGANYIKO                                    2  1601 16012    0           2 1    22  6 6     1800  540000 1 2
67-40-05-014631-001-07 1 121  2 MBAWA MBILI                                     2    12   122    0           2 1    12  6 7      550  222000 1 2
91-36-32-574633-001-01 1 111  2 KIENYEJI                                        2    21   212    0           2 1  0.52  4 4       80   24000 1  
91-36-32-574633-001-01 2 122112 KIENYEJI                                        2   401  4012    0           2 1    12  5 6     2400  960000 1  
42-20-92-374633-001-06 1 1122112KIENYEJI                                        2    61   612    0           171    32  4 5      840  210000 1  
42-20-92-374633-001-06 2 111  12KIENYEJI                                        2   201  2012    0           2 1    42  4 6      360   90000 1  
42-20-92-374633-001-06 3 111  12KIENYEJI                                        2   241  2412    0           1725                               
45-15-69-234635-001-01 1 112282 KIENYEJI                                        2   201  2012    0           2 1    22  3 3      300  150000 1  
45-15-69-234635-001-01 2 111  2 KIENYEJI                                        2   401  4012    0           1725                               
45-15-69-234635-001-01 3 121  2 TANGA                                           2   401   0     401  20000 312 1    22  5 5     1350  630000 1  
45-15-69-234635-001-01 4 501  2 KIENYEJI                                        2   601   0     601  32500 612 1    42  6 7      133  160000 1  
45-15-69-234635-001-01 5 111  2 SEEDCO                                          1   241   0     241 1500001612 1    42  3 3      960  400000 1  
45-15-69-234635-001-01 7 222212 KIENYEJI                                        2   501  5012    0           2 1    12  5 5     1800  180000 1  
49-97-30-764636-001-01 1 111  12PILIONEA                                        3    81   0      81  120001622 1  3.52  5 6      900  180000 1  
30-42-65-654640-001-01 1 111  2 TUMBILI                                         1    31   0      31  165001632 1    12  5 5      120   42000 1 2
30-42-65-654640-001-01 2 1122112TUMBILI                                         1    41   0      41  220001621725                               
30-42-65-654640-001-01 2 501  12PAMBA                                           1   101   0     101   50001611725                               
30-42-65-654640-001-01 3 111  12TUMBILI                                         1    21   0      21  110001621725                               
30-42-65-654640-001-01 3 5023112PAMBA                                           1   101   0     101   50001621725                               
30-42-65-654640-001-01 4 111  2 TUMBILI                                         1    41   0      41  220001631725                               
02-23-53-224648-001-01 4 121  2 KARAMATA                                        2    81   812    0           2 1  0.52  6 6      180  168000 1 2
35-41-66-584649-001-04 2 1123112MBEGU YA KIENYEJI                               2  0.51 0.512    0           151 0.252 12 3       40   10000 5  
35-41-66-584649-001-04 3 111  2 MBEGU ZA KIENYEJI                               2    51   512    0           151  0.52 12 3      140   35000 5  
38-73-88-634650-001-01 1 112312 SEEDCO                                          3    31   313    0           2 1    12  7 7      300  144000 1  
38-73-88-634650-001-01 1 122112 SUPER                                           3    51   513    0           2 1    12  5 5      225  144000 1  
63-63-73-114651-001-01 1 111  12KIENYEJI                                        2  0.54 0.542    0           2 1 0.252  6 7      100   50000 1  
63-63-73-114651-001-01 1 311  12KIENYEJI                                        2    11   112    0           2 1 0.252  5 6       20   20000 1  
63-63-73-114651-001-01 1 431  12KIENYEJI                                        2  0.54 0.542    0           2 1 0.252  6 7       10   24000 1  
63-63-73-114651-001-01 2 111  2 KIENYEJI                                        2    31   312    0           2 1    22  6 7      240  220000 1 2
00-91-88-384652-001-01 2 111  2 ASILI                                           2    21   212    0           2 1    12  6 6      140   70000 2  
21-63-11-414653-001-01 1 221  2 VIAZI VITAMU                                    2   201   0     201   5000 212 1 0.042  6 6       90    7000 1 2
92-11-72-844655-001-01 1 112212 SIDIKO                                          1    81   0      81  28000 52121  1.512 5 6      960  384000 1  
92-11-72-844655-001-01 1 502212 PAMBA                                           1   101   0     101   70002112 1  0.212 4 6       30   15000 1  
92-11-72-844655-001-01 2 111  12SIDIKO                                          1    21   0      21   7000 522 1  0.312 6 6      120   48000 1  
92-11-72-844655-001-01 2 3121412MAHARAGE                                        2  0.51   0    0.51   1000 522 25                               
78-40-70-974667-001-01 1 112282 ASILI                                           2    41   412    0           2 1  0.52  6 7       72    7000 1  
78-40-70-974667-001-01 2 122182 SUPER ZAMBIA                                    3   101  1013    0           2 1    12  5 6      144   84000 1  
31-94-25-674667-001-02 1 122232 TURIANI                                         2   201   0     201  30000 11111  0.52  7 7      250  250000 1  
27-44-96-424667-001-03 1 121  2 MWENDA MBIO                                     2   201  2012    0           2 1    12  5 6      720    7000 1  
89-60-64-184668-001-01 1 121  2 MBEGU ZA ASILI                                  2   201  2012    0           2 1 0.7519 6 7     5600   70000 1 2
89-60-64-184668-001-01 2 111  2 MBEGU ZA ASILI                                  2    11   112    0           2 1 0.252  5 5      108    1200 1 2
89-60-64-184668-001-01 3 431  2 MBEGU ZA ASILI                                  2    51   0  150001  15000 212 1 0.252  5 5       80    8000 1 2
17-03-15-714669-001-01 1 122142 SUPER ZAMBIA                                    2   101   0      0           171  0.512 6 6       20    8000 1  
55-86-26-384670-001-01 1 131  2 MBEGU YA MTAMA                                  2    51   512    0           1125                               
55-86-26-384670-001-01 2 432272 MBEGU ZA KARANGA ASILI                          2    71   712    0           2 1  0.52  3 4      100  120000 1 2
55-86-26-384670-001-01 3 122182 MBEGU YA ASILI YA MPUNGA                        2   401  4012    0           2 1    22  5 6      750  480000 1 2
55-86-26-384670-001-01 4 221  2 VIAZI VITAMU ASILI                              2  3801 38012  3801  80000 211725                               
64-93-12-244671-001-01 1 122342 SUPER ZAMBIA                                    1    12   0      12  10000 212 1    12  6 6      600   48000 1  
51-54-67-864672-001-01 3 121  2 MBEGU ZA ASILI                                  2    51   0      51   5000 21111    12  6 6     1080   60000 1 2
03-89-93-604673-001-01 2 122182 SUPER ZAMBIA NA MWENDA MBIO                     2   401   0     401  40000 212 1    22  5 6     1560 1440000 1  
03-89-93-604673-001-01 3 111  12ASILI                                           2    51   0      51  26000 912 1  0.52  6 7      540  225000 1  
03-89-93-604673-001-01 3 4321312MBOLEO                                          2   101  1012    0           2 1  0.32  6 6       40   20000 1  
19-56-77-124673-001-02 1 121  2 SUPER ZAMBIA                                    2   221   0     221  20000 11171  0.412 5 6      480  192000 1  
34-09-21-584674-001-01 1 111  12ASILI                                           2    41   412    0           161    12  6 7      198  110000 1  
34-09-21-584674-001-01 1 131  12ASILI                                           2    41   412    0           111    12  6 7       80   40000 1  
34-09-21-584674-001-01 2 121  2 SUPER ZAMBIA                                    2   161  1612    0           2 1    12  6 7      720  600000 1  
22-96-03-484674-001-02 1 121  2 SUPER ZAMBIA                                    2   201   0     201  10000 212 1  0.52  6 6      600  240000 1  
11-39-76-334686-001-01 2 1122812DK                                              1    61   0      61  300001612 1  0.514 5 5     1080  270000 1 2
11-39-76-334686-001-01 2 3122812KIENYEJI, NJANO                                 2    51   0      51  10000 41161  0.52  5 5      120  120000 1 2
11-39-76-334686-001-01 2 362112 NYEUPE                                          2    31   0      31   7500 412 1  0.52  5 5       80  200000 1 2
64-29-64-164687-001-01 2 901  2 MBEGU BORA                                      1  1005   0    1005  300001632 1  0.52  3 7     5000 4000000 1  
49-12-55-494690-001-01 2 121  2 SUPER TANGA                                     2   451   0     151  60000 342 25                               
72-25-71-424705-001-01 1 1121112DK                                              1    81   0      81  600001612 1    22  7 7     1620  360000 1 2
72-25-71-424705-001-01 1 132112 NYEUPE                                          2   101  1012    0           2 1    22  6 6      148   56000 1 2
72-25-71-424705-001-01 1 3621112NJUGU MAWE                                      2   101  1012    0           2 1    12  6 6      120   35000 2  
72-25-71-424705-001-01 1 412112 NYEUSI                                          2   221  2212    0           2 1    22  7 7      700  700000 1 2
72-25-71-424705-001-01 1 4321412KARANGA                                         2   101  1012    0           2 1    22  5 6      120   50000 2  
86-76-02-114706-001-01 1 112112 MBEGU ZA KIENYEJI                               2    42   422    0           2 1   102  7 7     2700  750000 1 2
86-76-02-114706-001-01 1 122112 SUPER                                           2    62   622    0           2 1    72  6 6     6300 2100000 1 2
86-76-02-114706-001-01 2 122132 SUPER                                           2    62   622    0           2 1   102  7 8     5400 2100000 1 2
22-03-76-214707-001-01 1 112112 ASILI                                           2    22   222    0           2 1    612 6 6     1944  648000 1  
22-03-76-214707-001-01 1 412112 ASILI                                           2    22   222    0           111    42  6 6      180  270000 1  
22-03-76-214707-001-01 1 432112 ASILI                                           2    12   122    0           2 1    414 6 6      250  240000 1  
96-02-86-114709-001-01 2 112312 MBEGU YA ASILI                                  2   181  1812    0           131    32  6 6      378  168000 1  
96-02-86-114709-001-01 2 362112 MBEGU YA ASILI                                  2   201  2012    0           2 1  0.52  6 6      700  175000 1  
96-02-86-114709-001-01 2 432212 MBEGU YA ASILI                                  2    51   512    0           131    12  5 5      392  196000 1  
96-02-86-114709-001-01 3 112112 MBEGU ZA ASILI                                  2    51   512    0           2 1    12  6 6      378  168000 1  
96-02-86-114709-001-01 3 412312 MBEGU YA ASILI                                  2   481  4812    0           2 1    42  7 7     1530  735000 1  
34-31-41-494710-001-01 1 112112 DKY803                                          1    61   0      61  450001612 1    32  5 6     1400  420000 1 2
34-31-41-494710-001-01 1 412312 PUNDAMILIA                                      2    92   0      92  90000 212 1   102  6 7     2250 2550000 1 2
34-31-41-494710-001-01 2 141  2 DODOMA                                          2    32   0      32  21000 212 1   152  5 6     3220 1127000 1 2
66-92-85-394710-001-03 2 1123112MBEGU YA ASILI                                  2   101  1012    0           121    215 6 6      324   60000 1  
66-92-85-394710-001-03 2 132112 MBEGU YA ASILI                                  2   101  1012    0           2 1    22  7 7      240  115000 1  
66-92-85-394710-001-03 2 4323112MBEGU YA ASILI                                  2    81   812    0           2 1    42  4 5      525  400000 1  
48-54-38-194711-001-01 1 1421112MBEGU ZA ASILI                                  2    62   622    0           2 1    72  7 7     1440  360000 1  
48-54-38-194711-001-01 1 4121112MBEGU ZA ASILI                                  2  1281 12812    0           2 1    52  6 7     1344  840000 1  
48-54-38-194711-001-01 1 4321112MBEGU ZA ASILI                                  2   151   0     151  16000 512 1  0.52  4 4      144   72000 1  
48-54-38-194711-001-01 2 1421112MBEGU ZA ASILI                                  2    62   622    0           181    411 7 7      360   90000 1  
48-54-38-194711-001-01 2 4121112MBEGU ZA ASILI                                  2   361  3612    0           1826                               
13-80-32-634724-001-01 1 112112 MBEGU ZA ASILI                                  2    51   512    0           2 1    12  7 7      600  180000 1  
13-80-32-634724-001-01 1 122112 SALO                                            2   151  1512    0           2 1    12  6 6      630  252000 1  
46-46-75-674725-001-01 1 111  2 MBEGU ZA KIENYEJI                               2    41   412    0           2 1  0.52  5 5      108   36000 1 2
46-46-75-674725-001-01 5 111  2 MBEGU ZA KIENYEJI                               2    61   612    0           2 1    12  6 6      432  144000 1 2
46-46-75-674725-001-01 6 121  2 KARAMATA NA SAPI                                2   901  9012    0           2 1    32  6 7     4320 1728000 1 2
46-46-75-674725-001-01 7 111  12MBEGU ZA KIENYEJI                               2   201  2012    0           2 1    42  6 6     2160  720000 1 2
46-46-75-674725-001-01 7 4321812KUBWA NYEUPE                                    2    51   512    0           2 1    12  3 4      400  228000 1 2
20-41-67-774725-001-03 1 112182 MBEGU BORA                                      1   301  3011    0           2 1    12  4 5      500  150000 1 2
20-41-67-774725-001-03 3 121  2 PALAMATA                                        2   401   0     401  22000 212 1    12  6 7     1500  600000 1 2
97-39-50-714727-001-01 1 111  12MBEGU YA ASILI                                  2   201  2012    0           2 1    02  7 7     1000   30000 1 2
97-39-50-714727-001-01 2 1123812YA KIENYEJI                                     2   101  1012    0           121    115 7 7      500  180000 1 2
97-39-50-714727-001-01 2 4323312MBEGU YA ASILI                                  2  1001 10012    0           171 0.4512 3 3      500  300000 1 2
97-39-50-714727-001-01 4 121  2 MBEGU YA ASILI                                  2   401  4012    0           2 1    22  6 7      900   30000 1 2
14-54-41-374728-001-01 1 111  2 SIDICO                                          1    21   0      21  240001632 1    22  5 5      864   42000 1  
14-54-41-374728-001-01 2 121  2 SUPER                                           2    22   222    22  20000 212 1    22  6 6     1800   36000 1  
14-54-41-374728-001-01 3 111  2 SIDICO                                          1  1.51   0    1.51  160001632 1  1.52  6 6      216   42000 1  
69-36-12-774730-001-01 1 1121312KATUMAINI                                       2    81   812    0           171  2.52  2 4     1080  300000 1  
69-36-12-774730-001-01 1 4321112MBEGU ZA KIENYEJI                               2    21   212    0           171  0.412 3 4       50   30000 1  
69-36-12-774730-001-01 2 1221112MUHULO                                          2    42   422    0           171    22  5 6     2550  900000 1  
47-67-32-844730-001-03 1 111  2 KIENYEJI                                        2   151  1512    0           161    212 2 6     1560  455000 1 2
47-67-32-844730-001-03 1 222112 KIENYEJI                                        2    45   452    0           2 1  0.52  3 5      672  196000 1 2
47-67-32-844730-001-03 2 121  2 KIENYEJI                                        2    12   122    0           2 1  0.52  6 5      900  360000 1  
37-63-74-984731-001-01 1 1122112MAHINDI                                         2   101  1012    0           171    22  3 3      108   30000 1 3
37-63-74-984731-001-01 1 411  12ALIZETI                                         2    31   312    0           171    12  5 5       78   30000 1 3
37-63-74-984731-001-01 2 122172 MPUNGA                                          2  0.52 0.522    0           2 1    22  7 7      450  210000 1 3
99-24-15-134731-001-02 1 111  2 KIENYEJI                                        2    51   512    0           2 1  0.512 3 5      480  120000 1 2
99-24-15-134731-001-02 2 121  2 KIENYEJI                                        2    12   122    0           171 0.7512 6 6     1350  450000 1 2
99-24-15-134731-001-02 3 221  2 KIENYEJI                                        2    45   452    0           2 1  0.52  3 6      600  108000 1 2
68-16-68-794743-001-01 1 111  2 ASILI                                           2    61   612    0           2 1  0.52  6 6      236  120000 1  
72-19-32-094744-001-01 1 111  2 MBEGU ZA ASILI                                  2    61   0      61   3600 41171  0.52  7 7       40    6000 1  
72-19-32-094744-001-01 2 111  2 MBEGU ZA ASILI                                  2    21   0      21   1200 411725                               
72-19-32-094744-001-01 3 111  2 MBEGU ZA ASILI                                  2    31   0      31   1800 411725                               
15-21-88-534745-001-01 1 1123112MBEGU YA ASILI                                  3    61   413    61   6000 212 1  1.52  6 6      216   60000 1 2
15-21-88-534745-001-01 2 121  2 MBEGU YA ASILI                                  2   181   0     181  20000 912 1    22  6 7      756  294000 1 2
62-43-51-594745-001-04 1 111  2 PIONEER                                         1    11   0      11  120001632 1  0.52  6 7      216  120000 1  
32-60-45-234746-001-01 1 111  2 PIONEA                                          1  0.51   0    0.51   2750162171 0.2512 6 6       60   24000 1 2
32-60-45-234746-001-01 2 111  2 PIONEA                                          1    21   0      21  110001622 1  0.512 6 6      400  176000 1 2
68-11-89-034747-001-01 1 1122112TMV1                                            3    51   513    0           2 1  0.52  6 6      864  288000 1 2
68-11-89-034747-001-01 1 4322112MBEGU ZA KIENYEJI                               2   101  1012    0           2 1  0.22  6 7      360  126000 1 2
68-11-89-034747-001-01 2 1122112TMV1                                            3    21   213    0           2 1  0.52  6 6      108   30000 1 2
68-11-89-034747-001-01 2 2221112MBEGU YA KIENYEJI                               2   101  1012    0           2 1  0.22  4 4       80   48000 1  
68-11-89-034747-001-01 2 4321112MBEGU ZA KIENYEJI                               2    31   312    0           2 1  0.22  6 6       60   42000 1 2
68-11-89-034747-001-01 3 121  2 MBEGU YA KIENYEJI                               2   201  2012    0           2 1  0.52  7 8     1470  420000 1 2
82-63-17-224748-001-01 1 111  2 MATUMBILI                                       2    11   112    0           2 1  0.22  4 4       60   36000 1 2
82-63-17-224748-001-01 2 111  2 CHAPA TUMBILI                                   1    61   0      61  360001632 1  0.52  6 6      140  168000 1 2
82-63-17-224748-001-01 5 121  2 KIENYEJI                                        2    44   442    0           2 1  0.52  6 6     2400 1000000 1 2
54-20-65-814749-001-01 5 111  12PANNA                                           3    14   143    0           2 1 0.252  3 5       40   14000 3 4
54-20-65-814749-001-01 5 921  12MABOGA  MSUSA                                   2    13   132    0           2 1 0.252  4 6       66   42000 3 4
54-20-65-814749-001-01 6 111  2 PANNA                                           3    61   0      61   5000 511725                               
54-20-65-814749-001-01 7 111  2 PANNA                                           3    41   0      41   4500 512 1  0.512 6 6      100   35000 3 4
54-20-65-814749-001-01 9 121  2 BISHORI                                         2   121  1212    0           131 0.7514 6 6     1792  975000 3 4
86-91-07-434750-001-01 1 111  2 MAUKIRIGURU                                     2    31   312    0           131  1.52  5 3      600  150000 1  
86-91-07-434750-001-01 4 121  2 MBERENGE                                        2   171  1712    0           2 1    12  5 6     1326  343000 1  
49-76-86-824750-001-08 1 111  12MAHINDI                                         2    81   0      81   7000 92171    112 5 5      218  120000 1  
49-76-86-824750-001-08 1 921  12MABOGA                                          2    13   132    0           171  1.212 3 5       86   12000 1  
49-76-86-824750-001-08 2 111  2 MAHINDI                                         2   151   0     151  10500 91171  1.512 6 6       60   30000 1  
49-76-86-824750-001-08 3 121  2 MMANO                                           2   101  1012    0           2 1    12  6 6      960  420000 1  
50-66-78-064762-001-01 1 112132 KILIMA                                          2   721  7212    0           131    414 6 7     2646  735000 1  
50-66-78-064762-001-01 2 121  2 MWANA NGW'ALA                                   2   301  3012    0           2 1    12  5 6     2520 1260000 1  
81-71-44-084762-001-02 1 111  12KATUMBILI                                       2   251  2512    0           131    214 7 7      550  150000 2  
81-71-44-084762-001-02 1 222112 NYEKUNDU                                        2  1351   0    1351  20000 212 1  0.22  5 6      220   45000 2  
81-71-44-084762-001-02 1 3222412KUNDE  NYEUPE                                   2   101   0     101  10000 212 1  1.52  6 7       70   60000 2  
47-55-39-754762-001-03 1 111  2 MBEGU ZA ASILI                                  2    11   0      12   7000 522 1    12  8 8      600  300000 1  
47-55-39-754762-001-03 2 111  2 MBEGU ZA ASILI                                  2   301   0     301  10500 52181  0.211 8 8      130   32500 1  
44-87-32-804763-001-01 1 1123312KIENYEJI                                        2    12   122    0           121  1.515 7 8     1200  300000 1 2
44-87-32-804763-001-01 1 431  12WATOTO WAWILI                                   2   104  1042    0           121 0.2515 4 4       60   60000 1 2
33-63-56-624763-001-03 1 111  2 MBEGU ZA ASILI                                  2    21   212    0           2 1    12  7 7      162   45000 1  
33-63-56-624763-001-03 2 121  2 MBEGU ZA ASILI                                  2   101  1012    0           2 1  0.52  6 6      624  195000 1  
51-90-57-304764-001-01 1 112132 CHAPA NGAMIA                                    1   301   0     301 360000 912 1    42  2 7     4800 1200000 1 2
51-90-57-304764-001-01 1 432132 KIENYEJI                                        2    22   222    0           2 1    22  3 3     1200    6000 1 2
51-90-57-304764-001-01 1 512132 KISASA                                          1 10005   0      0           2 1    22  2 4      600 2200000 1 2
37-78-08-274764-001-03 1 111  12KIENYEJI                                        2   101  1012    0           171    112 3 6      240   48000 1  
37-78-08-274764-001-03 1 311  12KIPAPI                                          3    12   123    0           2 1    112 2 3       40   50000 1  
66-00-46-864764-001-04 1 112112 MBEGU BORA PIONEER                              1   201   0     201 1200001632 1    12  5 5     2160  720000 4  
66-00-46-864764-001-04 1 122312 MBEGU YA ASILI                                  2   301  3012    0           2 1    22  4 4     2700 1260000 4  
66-00-46-864764-001-04 3 121  2 MBEGU YA ASILI                                  2   301  3012    0           2 1    22  4 4     2700 1260000 4  
15-53-81-324764-001-08 1 112212 MBEGU BORA SEED CO                              1   201   0     201 120000 512 1    12  4 6      540  150000 1  
15-53-81-324764-001-08 1 432212 MBEGU YA ASILI NYEUPE                           2   161  1612    0           2 1    12  3 3      600 1050000 1  
15-53-81-324764-001-08 2 111  2 MBEGU ZA ASILI                                  2   181  1812    0           2 1    12  6 6      216   84000 1  
95-95-14-854765-001-01 1 112312 ASILI                                           2    12   122    0           131    22  6 6      424  120000 1  
95-95-14-854765-001-01 1 432112 ASILI                                           2    12   122    0           2 1    12  5 5      180  180000 1  
89-76-80-984765-001-02 1 112312 ASILI                                           2    22   222    0           131    414 6 7     1080  300000 1 3
00-38-32-834766-001-01 1 111  2 MBEGU YA ASILI                                  2   401  4012    0           2 1    82  5 6     3240  900000 1  
00-38-32-834766-001-01 2 112312 MBEGU YA ASILI                                  2   551  5512    0           2 1    42  5 6     2700  750000 1  
00-38-32-834766-001-01 2 222112 MBEGU YA ASILI                                  2   301  3012    0           2 1    12  6 8     1125  450000 1  
00-38-32-834766-001-01 4 121  2 MBEGU YA ASILI                                  2   401  4012    0           2 1    32  6 6      975  546000 1  
00-31-35-004766-001-03 1 111  2 MBEGU YA ASILI                                  2   181  1812    0           2 1    12  6 6      540  150000 1  
00-31-35-004766-001-03 2 432312 MBEGU YA ASILI                                  2   301  3012    0           2 1    22  4 4     1125  450000 1  
00-31-35-004766-001-03 3 121  2 MBEGU YA ASILI YA KATANI                        2   751  7512    0           2 1    22  7 7     2250  900000 1  
00-31-35-004766-001-03 4 111  2 MBEGU YA ASILI                                  2   451  4512    0           2 1    32  7 7     3240  900000 1  
66-94-14-014766-001-04 1 111  2 MBEGU YA ASILI                                  2    22   0      22  16000 212 1  2.52  5 5     1944  540000 1  
66-94-14-014766-001-04 2 121  2 MBEGU YA ASILI                                  2    71   0      71   5000 212 1  0.52  5 6      200  120000 1  
29-34-78-174766-001-05 1 111  2 KIENYEJI                                        2    12   122    0           2 1    318 5 6     1000  600000 1 2
29-34-78-174766-001-05 2 121  2 KIENYEJI                                        2    22   222    0           2 1    42  6 6     2000 1200000 1 2
13-09-88-204766-001-10 1 112212 MBEGU YA ASILI                                  2    61   612    0           2 1  0.52  5 5      432  192000 1 2
13-09-88-204766-001-10 1 2222112MBEGU YA ASILI MUNGENI                          2   601  6012    0           2 1  0.52  5 6     1120  168000 1 2
13-09-88-204766-001-10 4 112312 MBEGU YA ASILI                                  2    12   122    0           2 1  1.52  5 5     2052  912000 1 2
13-09-88-204766-001-10 4 222212 MBEGU YA ASILI MUNGENI                          2   601  6012    0           2 1  0.52  5 6      720  108000 1 2
13-09-88-204766-001-10 4 432212 MBEGU YA ASILI JAPE                             2   151  1512    0           2 1 0.752  4 4      350  245000 1 2
13-09-88-204766-001-10 5 411  2 MBEGU YA ASILI                                  2   171  1712    0           2 1    12  5 5     1920  600000 1 2
64-03-28-394767-001-01 1 111  2 ASILI                                           2    32   322    0           131    414 6 7      864  352000 1  
38-76-84-394768-001-01 1 1121112MAHINDI                                         2   101  1012    0           121    115 4 5      400  240000 1  
38-76-84-394768-001-01 1 1322112MTAMA                                           2    15   152    0           121    215 6 7     2000 1200000 1  
38-76-84-394768-001-01 1 4222112UFUTA                                           2    15   152    0           121    215 5 6      800 1600000 1  
66-09-01-844768-001-02 1 111  2 MBEGU  NDEFU                                    2    51   412    0           2 1  0.52  6 6      115   42000 1 2
66-09-01-844768-001-02 2 121  2 SALO                                            2   101   0     101   7000 212 1  0.52  6 6      648  324000 1 2
33-30-46-034769-001-01 1 111  2 MBEGU ZA ASILI                                  2    22   222    0           2 1    12  5 5      864  336000 1  
33-30-46-034769-001-01 2 1123112MBEGU ZA ASILI                                  2   541  5412    0           2 1   142  5 5     1080  360000 1  
33-30-46-034769-001-01 2 4321112MBEGU ZA ASILI                                  2    12   122    0           2 1    32  4 4      420  180000 1  
33-30-46-034769-001-01 3 121  2 MBEGU ZA ASILI                                  2   161  1612    0           2 1    12  7 7     2592 1134000 1  
33-30-46-034769-001-01 4 111  2 MBEGU ZA ASILI                                  2    12   122    0           2 1    22  7 7      756  252000 1  
10-29-22-884781-001-01 1 111  2 TUMBILI                                         2    21   0      11  11000 922 1 0.252  4 5      216   60000 1 2
10-29-22-884781-001-01 2 122242 MBEGU YA ASILI                                  2    81   0      81   5000 322 1  0.52  6 6      200   60000 1 2
06-17-87-544782-001-01 1 111  12ASILI                                           2    41   0      41   12001612 1    12  6 6      600  150000 1  
06-17-87-544782-001-01 1 4322112ASILI                                           2    81   0      81  100001612 1  0.52  4 4       90   90000 1 2
46-91-21-084782-001-02 4 112212 ASILI                                           2    41   412    0           121  0.515 5 5      108   36000 2  
46-91-21-084782-001-02 4 431  2 ASILI                                           2   101  1012    0           171  0.512 3 3      120  120000 2  
89-56-35-034782-001-03 1 121  2 ASILI                                           2    41   412    0           2 1  0.52  5 6      750  600000 1  
09-72-48-744783-001-01 1 111  2 SEEDCO                                          1   241   0     241 1440001632 1    42  5 6     4000 1200000 1 2
09-72-48-744783-001-01 4 111  2 KIENYEJI                                        2    12   122    0           2 1    219 6 7     1000  300000 1 2
09-72-48-744783-001-01 5 121  2 SALO                                            2    22   0      22  30000 212 1    22  6 6     3200 1216000 1 2
77-16-73-054783-001-04 1 111  2 SEED CO                                         1    41   0      41  240001642 1  0.52  4 4      432  120000 1  
77-16-73-054783-001-04 2 222212 MBEGU YA ASILI                                  2   601  6012    0           2 1    12  7 8     1100  300000 1 2
77-16-73-054783-001-04 2 432212 MBEGU YA ASILI                                  2   101   0     101  10000 222 1    12  4 4      150   60000 1 2
77-16-73-054783-001-04 3 121  2 MBEGU YA ASILI                                  2   301  3012    0           2 1    12  6 7     1200  480000 1  
79-66-60-704783-001-06 1 111  2 MBEGU BORA                                      1    61   0      61  36000164181    211 4 5     1728  576000 1  
79-66-60-704783-001-06 2 221  2 MBEGU ZA ASILI                                  2  1.55   0    1.55  60000 212 1 0.252  7 7      390  240000 1  
79-66-60-704783-001-06 3 3622112MBEGU ZA ASILI                                  2   101   0     101  10000 21131    114 4 4      360   90000 1 2
79-66-60-704783-001-06 3 4322112MBEGU ZA ASILI                                  2   201  2012    0           131    114 4 4      280  120000 1  
79-66-60-704783-001-06 4 121  2 MBEGU ZA ASILI                                  2    42   422    0           2 1    32  5 6     4032 1764000 1  
21-21-00-334785-001-01 2 111  2 MBEGU YA ASILI                                  2    21   212    0           2 1  0.52  6 6      126   42000 1  
21-21-00-334785-001-01 3 111  2 MBEGU YA ASILI                                  2    41   412    0           2 1    22  6 6      126  108000 1  
18-38-75-744786-001-01 1 111  2 ASILI                                           2  0.52 0.522    0           131    22  7 7      432   96000 1  
18-38-75-744786-001-01 2 122132 ASILI                                           2    12   122    0           2 1    12  7 8      360  300000 1  
83-91-44-864788-001-01 1 112112 FARU                                            2   201  2012    0           2 1  1.52  3 7     2142  476000 1 2
83-91-44-864788-001-01 2 121  2 FAYA                                            2   521  5212    0           2 1    32  6 7     5628 2680000 1 2
74-79-96-154789-001-01 1 111  2 SHOKA                                           1    61   0      61  360001622 1    111 4 5      648  180000 1 2
74-79-96-154789-001-01 2 3622112MBEGU ZA ASILI                                  2   201   0     201  20000 212 1  0.52  5 6      300   75000 1 2
74-79-96-154789-001-01 2 4322112MBEGU ZA ASILI                                  2    12   122    0           2 1  0.52  4 4      140   72000 1 2
29-77-71-614800-001-01 1 111  12NDEFU                                           2   301  3012    0           2 1  1.52  4 6     1350  375000 142
29-77-71-614800-001-01 1 3121412NJANO                                           2    11   112    0           2 1 0.252  3 3       12   12000 1  
29-77-71-614800-001-01 2 111  12NDEFU                                           1    61   0      61  36000164171 1.2512 6 7      378  105000 142
29-77-71-614800-001-01 2 431  12NYEKUNDU                                        2    81   812    0           171  1.512 3 3      150  110000 142
29-77-71-614800-001-01 3 121  2 MAULUNGWA                                       2   151  1512    0           2 1    12  5 6     1800  880000 142
35-86-44-704800-001-02 1 112312 ASILI                                           2   201  2012    0           2 1    12  6 7      648  288000 1  
35-86-44-704800-001-02 1 222112 ASILI                                           2   501  5012    0           2 1  0.52  8 9      960  240000 1  
35-86-44-704800-001-02 2 121  2 ASILI                                           2   281  2812    0           2 1    12  7 8     1080  420000 1 2
04-03-40-974800-001-10 2 111  12KD                                              3  4.51 4.513    0           2 1  0.52  6 6      432  120000 1 2
04-03-40-974800-001-10 2 431  12KARANGA                                         2    31   312    0           171  0.312 3 3       18    5000 1 2
04-03-40-974800-001-10 3 112112 DK                                              3    31   313    0           151 0.0216 6 6       20    6000 1 2
04-03-40-974800-001-10 3 122312 INDIA RANGI                                     2   151  1512    0           2 1  0.22  6 6      210   70000 1 2
66-94-03-174800-001-19 1 1121312KIENYEJI                                        2    21   212    0           171 0.2512 6 6      240   72000 1 2
66-94-03-174800-001-19 1 222132 MASIANI                                         2   105  1052    0           2 1 0.2512 6 8      120   60000 1 2
66-94-03-174800-001-19 1 3121312SOYA                                            2    21   212    0           171 0.2512 2 2       20   40000 1 2
66-94-03-174800-001-19 2 111  12DKEY                                            1    31   0      31  180001642 1    112 6 6      480  144000 1 2
66-94-03-174800-001-19 2 431  12SILIA                                           2    81   812    0           2 25                               
66-94-03-174800-001-19 3 121  2 BEHENGE                                         2    32   0      32  24000 44151    216 6 7     2160  648000 1 2
87-21-08-094801-001-01 1 111  12KATUMBILI                                       2  1.51 1.512    0           151    12  6 6       60      39 1  
87-21-08-094801-001-01 1 311  12SOYA                                            2    11   112    0           2 1    12  5 5        8   16000 1  
87-21-08-094801-001-01 1 431  12WATATUWATATU                                    2    31   312    0           2 1    12  4 4       40   80000 1  
84-03-14-864802-001-01 1 1121112DK                                              3    51   513    0           2 1 0.252  5 5       40   24000 1  
08-11-25-784803-001-02 1 111  2 ASILI                                           2   101  1012    0           2 1    22  4 5      180   70000 2  
08-11-25-784803-001-02 1 222112 ASILI                                           2   401  4012    0           2 1  0.52  811      240   60000 3  
73-49-56-134804-001-01 1 111  2 MBEGU YA ASILI                                  2    41   412    0           2 1    22  6 6      648  180000 1  
73-49-56-134804-001-01 2 361  2 MBEGU YA ASILI                                  2    22   222    0           2 1  1.52  5 5      480  240000 1  
73-49-56-134804-001-01 3 1123112MBEGU YA ASILI                                  2    41   412    0           2 1 0.752  6 6      432  120000 1  
73-49-56-134804-001-01 3 4322112MBEGU YA ASILI                                  2   151  1512    0           2 1  0.52  3 3      240  120000 1  
73-49-56-134804-001-01 4 1123112MBEGU YA ASILI                                  2    41   412    0           2 1 0.752  6 6      648  180000 1  
73-49-56-134804-001-01 4 4321112MBEGU YA ASILI                                  2   111  1112    0           2 1 0.252  3 3      180   90000 1  
73-49-56-134804-001-01 5 221  2 MBEGU IITWAYO HARAKA                            2    72   722    0           1725                               
73-49-56-134804-001-01 6 121  2 MBEGU YA ASILI                                  2    22   222    0           2 1    12  6 6     1536  480000 1  
24-67-34-654805-001-01 1 111  2 MBEGU ZA ASILI                                  2    41   412    0           2 1    112 6 6      648  180000 1  
24-67-34-654805-001-01 2 111  12MBEGU YA ASILI                                  2    61   612    0           2 1    22  6 6     1080  300000 1  
24-67-34-654805-001-01 2 431  12MBEGU ZA ASILI                                  2   151  1512    0           2 1    22  4 4      640  240000 1  
24-67-34-654805-001-01 3 111  12MBEGU YA ASILI                                  2    31   312    0           2 1    12  6 6      240  120000 1  
24-67-34-654805-001-01 3 311  12MBEGU YA ASILI                                  2    21   212    0           2 1    12  2 2       20   40000 1  
24-67-34-654805-001-01 4 221  2 MBEGU YA ASILI                                  2  1501 15012    0           2 1    12  6 7     1280  480000 1  
24-67-34-654805-001-01 5 121  2 MBEGU YA KIENYEJI                               2   301  3012    0           2 1  1.52  7 7     1950  780000 1  
24-67-34-654805-001-01 69981  2 MBEGU YA ASILI                                  2 10001100012    0           1222                               
24-67-34-654805-001-01 8 122252 MBEGU YA ASILI                                  2  2401 24012    0           2 1   162  5 7    15450 4500000 1  
87-26-62-634805-001-05 1 111  2 MBEGU YA ASILI                                  2    21   211    0           2 1  0.52  7 8      400  240000 1 2
87-26-62-634805-001-05 2 111  2 MBEGU YA ASILI                                  2    11   111    0           2 1  0.42  7 8       80   20000 1  
87-26-62-634805-001-05 3 111  2 MBEGU ASILI                                     2  0.51 0.512    0           2 1  0.52  7 8       40   10000 1  
78-46-80-074806-001-01 1 111  12LUBANGU                                         1    21   0      21  120001642 1 0.2512 4 4      120   36000 1 2
78-46-80-074806-001-01 1 311  12SOYA                                            2    21   212    0           2 1 0.2512 2 2       40   80000 1 2
78-46-80-074806-001-01 4 1123312LUBANGO                                         3   301  3013    0           2 1    32  5 5     1600  480000 1 2
78-46-80-074806-001-01 4 3122112NJANO                                           2   101  1012    0           2 1    22  2 2      100  200000 1 2
78-46-80-074806-001-01 4 4321112NYEUPE                                          2    41   0      41  10400 44151  0.516 3 3       40   60000 1 2
78-46-80-074806-001-01 5 121  2 SUPA                                            2    52   0      52  50000 912 1  1.52  6 6     2200  660000 1 2
60-52-94-104807-001-01 1 111  12MBEGU DUKANI                                    1   101   0     101  60000 432 1    52  6 6      900  324000 1  
60-52-94-104807-001-01 1 311  12MBEGU YA ASILI                                  2   121  1212    0           2 1    52  6 6      100  240000 1 2
31-26-29-144807-001-05 1 111  12MBEGU BORA                                      1   101   0     101  600001032 1  1.52  6 8      300   90000 1  
31-26-29-144807-001-05 1 311  12MBEGU YA ASILI                                  2   111  1112    0           171    112 2 2       80  160000 1  
31-26-29-144807-001-05 1 431  11MBEGU ZA ASILI                                  2    31   0      31   6000 112 1  0.52  3 4       40   36000 1  
84-78-41-064820-001-01 1 111  2 DK89                                            1    41   0      41  48000 91171    22  6 6      300   30000 1  
84-78-41-064820-001-01 1 431  2 MBEGU ZA ASILI                                  2    91   912    0           171    22  4 4      100   30000 1  
37-89-07-714821-001-01 2 111  2 MBEGU ZA ASILI                                  2   201   0     201     10 31131    114 5 5      216    7000 1 2
83-88-14-904821-001-07 1 111  2 STUKA                                           1    41   0      41  160001612 1    12  5 6      324    5000 1 2
83-88-14-904821-001-07 2 122242 MBEGU YA ASILI                                  2    81   0      81  22000 412 1  0.52  5 5      960    5000 1 2
29-50-42-334822-001-01 1 111  12MBEGU YA ASILI                                  2   401  4012    0           131    314 4 5     1400  420000 1 2
29-50-42-334822-001-01 1 2423412MBEGU YA VIAZI ASILI                            2   401  4012    0           2 1    12  7 8      800  240000 1 2
29-50-42-334822-001-01 1 4322412MBEGU YA ASILI                                  2   601  6012    0           2 1    32  4 5      900  540000 1 2
29-50-42-334822-001-01 4 121  2 . MBEGU ZA HASILI                               2  2221 22212    0           2 1    62  5 6     9000 3600000 1 2
85-73-80-994822-001-06 1 111  2 KATUMBIRI MBEGU BORA                            1   101  1011    0           2 1  0.52  5 5      400  276000 1 2
85-73-80-994822-001-06 2 111  12MBEGU ZA TUMBIRI BORA                           1    51   511    0           2 1    12  6 7      220  156000 1 2
85-73-80-994822-001-06 2 432112 KARANGA MBEGU ASILI                             2    51   512    0           2 1 0.012  4 4       50   90000 1 2
39-17-25-574823-001-01 1 111  2 PUNDAMILIA                                      1    41   0      41  16000 922 1  0.52  6 6       60   15000 2  
39-17-25-574823-001-01 3 111  2 PUNDAMILIA                                      1   161   0     161  64000 92171    112 6 7      216   32000 2  
01-34-80-684824-001-01 1 111  2 PUNDAMILIA                                      1    41   0      41  16000 92171  0.812 6 6      480  144000 1  
58-67-39-474825-001-01 1 111  2 KIENYEJI                                        2   101  1012    0           2 1 0.752  7 7        8   78000 6  
58-67-39-474825-001-01 3 411  2 MBEGU ZA ASILI                                  2    31   312    0           2 1 0.252  6 6       96   24000 6  
58-67-39-474825-001-01 4 121  2 KALAMATA                                        1    12   0      12  13000 412 1    12  7 8      900   30000 6  
58-67-39-474825-001-01 5 431  2 MBEGU ZA ASILI                                  2    51   512    0           2 1    12  4 4      100   30000 1 6
91-09-61-374826-001-02 1 112312 LUPANGO                                         1    51   0      51  55000 412 1   102  5 6     1920  480000 2  
91-09-61-374826-001-02 1 512112 KEI                                             1    21   0      21   6000 412 1  1.52  5 6      100  240000 2  
91-09-61-374826-001-02 2 111  2 LUPANGO                                         1    31   0      31  33000 411725                               
91-09-61-374826-001-02 3 121  2 KIENYEJI                                        2  1001 10012    0           2 1    42  5 6     4800 1440000 2  
51-20-55-514826-001-11 1 112112 KIENYEJI                                        2   101  1012    0           2 1    52  6 6     2100  420000 1 4
51-20-55-514826-001-11 1 122112 KARAMATA                                        2   361  3612    0           2 1    22  5 6     1200  240000 1 4
51-20-55-514826-001-11 1 222112 KIENYEJI                                        2    55   0      0           2 1    12  5 6      960   48000 1 4
51-20-55-514826-001-11 1 432112 KIENYEJI                                        2   201  2012    0           2 1    12  4 5      700     210 1 4
98-17-39-894829-001-01 1 112312 STUKA                                           3   151  1513    0           2 1 0.752  6 7     1836    5000 1 2
98-17-39-894829-001-01 1 222112 MBEGU YA ASILI                                  2   271   0     271   5000 212 1 0.252  5 7      648   72000 1 2
98-17-39-894829-001-01 1 432112 MBEGU YA ASILI                                  2   101  1012    0           2 1 0.252  3 3      252    5000 1 2
98-17-39-894829-001-01 1 502212 UKM 08                                          1   151   0     151  18000 93171 0.252  6 6       35     810 1 2
98-17-39-894829-001-01 2 121  2 KARAMATA                                        2   201  2012    0           2 1    22  6 7     1440    5000 1  
17-85-72-984838-001-01 1 111  12STUKA                                           1    11   0      11   55001632 1 0.252  6 6      240   60000 1  
17-85-72-984838-001-01 1 9221412MSUSA                                           2  0.21 0.212    0           2 1  0.22  7 7       60   60000 1  
17-85-72-984838-001-01 3 112312 DIKEY                                           1    21   0      21  110001632 1    12  6 6      480  120000 1  
17-85-72-984838-001-01 3 432112 MAMBOLEO                                        2    41   412    0           2 1 0.2512 4 4       96  120000 1  
17-85-72-984838-001-01 4 112312 DIKEY                                           1    21   0      21  110001632 1  0.512 6 6      120   30000 1  
17-85-72-984838-001-01 4 432112 MAMBOLEO                                        2   121  1212    0           2 1 0.2512 3 3      144  180000 1  
17-85-72-984838-001-01 5 431  2 MAMBOLEO                                        2   121  1212    0           2 1    112 2 1      168  240000 1  
33-87-11-244839-001-01 1 111  12SEEDCO                                          3    61   613    0           2 1    212 6 7      648  144000 1  
33-87-11-244839-001-01 1 4321412MAMBO LEO                                       2    41   0      41   6000 24121    115 3 3      240   54000 1  
17-43-17-874841-001-01 1 1122312DK                                              3    71   713    0           171  2.512 5 5      500   88000 1 2
17-43-17-874841-001-01 1 4322112KIENYEJI                                        2   101   0     101  30000 211725                               
92-94-33-394841-001-03 1 431  2 UPENDO                                          2   241   0     241  30000 212 1    12  3 4      240  300000 1 2
92-94-33-394841-001-03 2 111  2 DK                                              3   101  1013    0           2 1    12  5 6      840  210000 1 2
76-69-80-584842-001-01 1 1122112DK                                              1    81   0      81  48000163171    112 5 6      324   90000 1 9
76-69-80-584842-001-01 1 4322112MBEGU ZA ASILI                                  2    12   122    0           171    112 4 4      125  225000 1  
76-69-80-584842-001-01 3 3621112MBEGU YA KIENYEJI                               2    41   412    0           171  0.512 4 4       80  160000 1  
76-69-80-584842-001-01 3 4123112MBEGU ILIYOTUMIKA                               3  0.52 0.523    0           171    312 6 6      216  108000 1  
76-69-80-584842-001-01 5 112212 MBEGU YA KIENYEJI                               2   301  3012    0           171    312 6 6     1200  300000 1  
15-67-33-214843-001-01 1 111  12MBEGU BORA                                      1    61   0      61  72000 92171    22  7 7     1200  360000 1 2
15-67-33-214843-001-01 1 431  2 MBEGU ZA ASILI                                  2   301  3012    0           171    212 3 3      450  270000 1 2
15-67-33-214843-001-01 2 511  2 MBEGU BORA                                      1   105   0      0           2 1    22  2 4     1260 2000000 1 2
15-67-33-214843-001-01 4 111  2 MBEGU YA ASILI                                  2  0.51   0      0           2 1  0.22  7 7        5    1000 1 2
15-67-33-214843-001-01 5 121  2 MBEGU YA ASILI                                  2    11   112    0           2 1 0.252  6 6      600  180000 1 2
35-77-92-814844-001-02 1 111  2 MBEGU YA ASILI                                  2    11   112    0           2 1  0.52  2 2      216   60000 2  
35-77-92-814844-001-02 39981  2 MBEGU YA ASILI                                  2    15   152    0           2 22                               
35-77-92-814844-001-02 4 111  2 MBEGU YA ASILI                                  2    41   412    0           2 1  1.52  6 6     1620  450000 2  
35-77-92-814844-001-02 5 431  2 MBEGU YA ASILI UPENDO                           2   101  1012    0           2 1  1.52  3 3      600  300000 2 3
01-60-16-754845-001-01 1 1121112ASILI                                           2   201   0     201  200001622 1    22  6 7     1944  540000 1  
01-60-16-754845-001-01 1 4321112ASILI                                           2   301  3012    0           2 1    12  3 4      864  691200 1  
01-60-16-754845-001-01 1 512112 BORA                                            1    13   0      0           181  1.511 2 5     1100 2860000 1  
36-89-46-824858-001-01 1 111  2 KIENYEJI                                        2    23   232    0           2 1  0.32  6 6       40      16 1 2
36-89-46-824858-001-01 2 121  2 KIENYEJI                                        2   101  1012    0           2 1  0.52  6 6      400  120000 1 2
93-91-00-814859-001-01 1 111  12MBEGU YA KIENYEJI                               2    11   112    0           171    112 6 6       60   24000 1 2
93-91-00-814859-001-01 1 311  12MBEGU YA KIENYEJI                               2    31   312    0           1725                               
93-91-00-814859-001-01 2 221  2 MBEGU YA KASINIA                                2    51   512    0           1725                               
11-13-37-424860-001-01 5 111  2 MBEGU BORA                                      1  0.51   0    0.51   60001612 1 0.252  5 5       60   18000 1  
84-10-16-274861-001-01 1 111  12ASILI                                           2    11   112    0           2 1 0.2311 6 6      108   42000 1  
84-10-16-274861-001-01 199821112ASILI                                           2    12   122    0           151 0.012  910      250  300000 1  
84-10-16-274861-001-01 3 121  2 ASILI                                           2   181  1812    0           151  0.516 4 6      735  315000 1  
92-40-07-944862-001-01 1 111  2 MAHINDI                                         2    13   0      13      0 212 1  0.22  3 4       18    6000 1 4
92-40-07-944862-001-01 3 1122112PANNA                                           1    11   0      11   8000161151  0.216 3 3      186   78000 1  
92-40-07-944862-001-01 3 122212 SUPA                                            2   321  3212    0           2 1  0.52  5 6      768  288000 1  
92-40-07-944862-001-01 3 3122112YA NJANO                                        2    31   0      31   7500161151  0.316 3 4       20   40000 1  
65-63-93-474863-001-01 1 111  2 PANNER SEED                                     1    21   0      21  180001632 1 0.252  5 5       60   30000 2  
37-83-99-234864-001-01 1 111  12KIENYEJI                                        2  0.51   0    0.51    600 412 1  0.52  4 4       10    4500 1  
37-83-99-234864-001-01 2 121  2 YAKIENYEJI                                      2    51   512    0           2 1  0.52  6 6      153   72000 1  
80-07-40-894864-001-04 1 121  2 RANGI MBILI                                     2   161   0     161   7000 22151 1.2516 5 5      630  210000 1 2
63-09-12-734864-001-05 1 431  2 ASILI                                           2    31   312    0           2 1  0.52  4 4       80  200000 1  
61-20-48-064877-001-01 1 1122312MBEGU YA ASILI YA MAHINDI                       2   401  4012    0           161    52  5 6     2000   30000 1  
61-20-48-064877-001-01 1 332232 MBEGU YA ASILI YA CHOROKO                       2   501  5012    0           2 1    52  3 4      300  150000 1  
02-39-87-314878-001-01 2 121  2 KALAMATA                                        2    65   652    0           2 1    32  7 7     2250   30000 1  
02-39-87-314878-001-01 3 112112 SIDCO                                           1    81   0      81  24000 91171    12  6 6     1080   42000 1  
80-02-63-904879-001-01 1 221  2 MBEGU ZA ASILI                                  2  6001 60012    0           2 1  1.52  2 8      800    4000 1 2
78-15-30-224880-001-01 2 1121312ASILI                                           2   201  2012    0           161    112 5 6      420  140000 1  
78-15-30-224880-001-01 2 4322112ASILI                                           2   301  3012    0           2 1    12  3 4      240  240000 1  
87-00-29-744880-001-03 1 121  2 KIENYEJI                                        2    61   0      0           2 1 0.0112 6 6      140   35000 1  
15-09-89-024881-001-01 1 112212 KIENYEJI                                        2    31   0      31   2000 212 1    219 6 6      240   84000 1  
20-18-08-464882-001-01 1 1122112PUNDAMILIA                                      3   201  2011    0           171    412 5 6      360   90000 1  
20-18-08-464882-001-01 1 3121112MAHARAGE YA KIGOMA                              1    61   611    61  14400 412 1  0.32  4 5       30   35000 1  
20-18-08-464882-001-01 1 4121112ALIZETI                                         2   201   0     201  15000 311826                               
58-98-10-284883-001-01 1 111  13ASILI                                           2    91   912    0           2 1    42  5 6      378    5000 1  
58-98-10-284883-001-01 1 3121413NJANO                                           2    31   312    0           131 0.252  4 4       20   30000 1  
58-98-10-284883-001-01 1 3221813ASILI                                           2    11   122    0           2 1 0.252  3 4       30   30000 1  
58-98-10-284883-001-01 1 3321813KIENYEJI NYEKUNDU                               2  1.51 1.512    0           2 1 0.252  3 4       60   10000 1  
58-98-10-284883-001-01 1 4321413NYEUPE                                          2    81   812    0           2 1 0.252  3 3       80    5000 1  
58-98-10-284883-001-01 2 121  2 KARAMATA                                        2   141  1412    0           2 1    12  6 7     1080    5000 1  
74-65-01-514883-001-04 1 112312 KIENYEJI                                        2   301  3012    0           2 1 0.752  5 6     2400    5000 1 2
74-65-01-514883-001-04 1 121  2 MBEGU YA KIENYEJI                               2  1201 12012    0           2 1 0.752  7 8     4200 1050000 1 2
83-48-46-444895-001-03 1 232142 OBAMA                                           2   201   0     201  15000 422 1  0.212 7 7      120   72000 1 2
83-48-46-444895-001-03 2 111  2 DEKA                                            1    21   0      21   12001622 1  0.119 7 7       40   16000 1 2
83-48-46-444895-001-03 2 311  12ROZIKOKO                                        2    21   0      21   2400 422 1  0.112 6 6        3    4500 1 2
83-48-46-444895-001-03 3 111  12PANA                                            1    21   0      21  120001622 1  0.112 6 6       40   16000 1 2
83-48-46-444895-001-03 3 311  12ROZIKOKO                                        2    51   0      51   6000 422 1  0.112 5 5        5    9000 1 2
83-48-46-444895-001-03 4 111  12DEKA                                            1    21   0      21  120001622 1  0.112 7 8       80   32000 1 2
83-48-46-444895-001-03 4 311  12ROZIKOKO                                        2    21   0      21   3600 422 1  0.112 6 6        4    4000 1 2
06-47-27-704896-001-01 1 311  2 ROSE COCO                                       1   151   0     151  200001622 1 0.252  5 5      190  190000 1  
06-47-27-704896-001-01 2 111  2 BEKABI                                          1    41   0      41  480001622 1  0.52  6 6      300  210000 1 2
06-47-27-704896-001-01 3 111  2 BEKABI                                          1    41   0      41  480001622 1 0.752  5 5      350  245000 1  
06-47-27-704896-001-01 4 111  2 BEKABI                                          1    31   0      31  360001622 1 0.252  5 5      100   90000 1  
06-47-27-704896-001-01 5 931  2 MBEGU BORA                                      3    81   811    0           2 1 0.252  7 7       80   40000 1  
55-37-33-834897-001-01 1 1121112DEKAB 8053                                      1    21   0      21  220001622 1 0.2511 9 9       90   35000 1  
55-37-33-834897-001-01 1 311  12ROSEKOKO                                        3    21   213    0           2 1 0.2511 8 8        4    4500 1  
55-37-33-834897-001-01 2 861  2 HIGH BRIDGE GLORIA                              1   505   0     505  600001622 1  0.52 1010     1050   70000 1  
55-37-33-834897-001-01 4 861  2 HIGH BRIDGE GLORIA                              1   255   0     255  290001622 1 0.252 1010     2160   42000 1  
87-09-78-694898-001-01 1 112282 DK777                                           1    21   0      21  110001612 1  0.12  8 8      108   72000 1 2
87-09-78-694898-001-01 5 111  2 DK777                                           1    21   0      21  11000161121  0.115 8 8       54   36000 1 2
87-09-78-694898-001-01 7 111  2 DK777                                           1    41   0      41  220001612 1  0.52  8 8      648  432000 1 2
87-09-78-694898-001-01 9 111  2 DK777                                           1    21   0      21  110001612 1  0.52  8 8      180  100000 1 2
87-09-78-694898-001-0111 111  2 DK777                                           1    11   0      11   5500161121  0.115 8 8       90   50000 1 2
87-09-78-694898-001-0113 111  2 DK777                                           1    11   0      11   55001612 1 0.252  8 8       90   50000 1 2
11-30-27-894899-001-01 1 111  2 DECAB8053                                       1    21   0      21  120001632 1 0.252  8 8      540   50000 1  
11-30-27-894899-001-01 3 111  2 DECAP8053                                       1    11   0      11   60001632 1 0.2512 8 8        3   30000 1  
44-11-06-044901-001-01 4 111  2 DECAB                                           1    21   0      21  12000 922 1  0.52  7 7      300  126000 1  
66-05-57-514902-001-01 1 261  2 MBEGU YA VITUNGUU                               2    31   0      31  300001612 22                               
66-05-57-514902-001-01 5 111  12MBEGU YA HEBRID                                 1    11   0      11  120001612 22                               
66-05-57-514902-001-01 6 111  2 MBEGU YA SABASABA                               1    21   0      21  220001612 22                               
84-99-81-334916-001-01 1 222282 KIENYEJI                                        2   901   0      0           2 1  0.22  6 6      360  144000 1 2
84-99-81-334916-001-01 4 221  2 KIENYEJI                                        2  1501   0      0           2 1  0.22  5 6      600  240000 1 2
70-83-81-894917-001-01 1 1121112MBEGU YA DEKA                                   3    21   213    0           2 22                               
70-83-81-894917-001-01 3 112112 MBEGU YA DEKA                                   3    31   313    0           2 22                               
70-83-81-894917-001-01 4 111  2 MBEGU YA DEKA                                   3    31   313    31  180001612 22                               
50-74-04-804919-001-02 1 2621112MBEGU ZA VITUNGUU MAJI                          1    21   0      21  500001622 1 0.252  7 8      225  450000 1  
50-74-04-804919-001-02 1 3122112NJANO MAHARAGE                                  2    21   212    0           2 1    12  6 6     2400  540000 1  
31-32-27-894934-001-02 2 111  2 MBEGU ZA ASILI                                  2    51   512    0           2 1    22  4 4      432  160000 2  
31-32-27-894934-001-02 3 111  12MBEGU ZA ASILI                                  2    21   212    0           2 1 0.2512 4 4       54   24000 2  
18-03-94-104935-001-01 2 112312 STUKA                                           2   101   0     151  15000 912 1    22  8 8      108   42000 1  
18-03-94-104935-001-01 2 222172 NYEUPE                                          2   501   0     501   4000 212 1  0.52  8 9      200  125000 1  
63-74-76-284936-001-01 1 111  2 STAR                                            3    51   513    0           2 1    12  7 7      432  120000 1  
20-59-92-394938-001-01 2 111  2 MBEGU NDEFU                                     2    21   0      21   30001612 1  0.52  7 8      324  135000 1 4
16-74-03-084938-001-05 1 111  2 KIENYEJI                                        2    41   0      41   4000 312 1  0.512 7 7      360  144000 1 2
63-25-21-504939-001-01 3 1121112MBEGU YA CHAKITO                                1    11   0      21   20001622 1  0.12  7 7       20   12000 1  
03-44-97-894940-001-01 1 111  2 KAPTURA                                         3    81   813    0           2 1    22  8 8     1700  612000 1  
03-44-97-894940-001-01 2 111  2 KAPTURA                                         3    21   213    0           2 1  0.52  8 8      400  144000 1  
03-44-97-894940-001-01 3 111  2 KAPTURA                                         3    81   813    0           2 1    22  8 8     1000  360000 1  
27-50-87-344971-001-01 2 111  2 KIENYEJI                                        2    51   512    0           2 1  0.511 7 7      600  180000 1  
39-26-01-864972-001-01 1 112232 TUMBILI                                         1    41   0      41  200001612 1  0.512 7 7       72   20000 1 2
30-25-28-774973-001-02 1 321  12ASILI                                           2    21   212    0           2 1    12  8 8       80   80000 910
30-25-28-774973-001-02 1 341  12ASILI                                           2    21   212    0           2 1    12  8 8      100  100000 910
30-25-28-774973-001-02 2 111  12ASILI                                           2   101  1012    0           2 1    12  8 8     1000  400000 910
30-25-28-774973-001-02 2 321  12ASILI                                           2    21   212    0           2 1    12  9 9       40   40000 910
30-25-28-774973-001-02 3 111  12ASILI                                           2   121  1212    0           2 1    12  8 8     2000  800000 910
30-25-28-774973-001-02 3 321  12ASILI                                           2    31   312    0           2 1    12  9 9       35   40000 910
30-25-28-774973-001-02 4 111  2 ASILI                                           2    51   512    0           2 1    12  8 8      500  200000 910
97-70-48-754974-001-01 1 111  2 MBEGU NDOGO YA MAHINDI                          2   101  1012    0           1725                               
13-71-79-354975-001-01 1 111  2 STUKA                                           1    81   0      81  16000 952 1    12  7 7      500  150000 1  
69-14-01-644978-001-01 1 111  12SITUKA                                          1   201   0     201  200001612 1    22  7 7      200  100000 1  
69-14-01-644978-001-01 1 3223112KAPUTULA                                        2    21   0      21   4000 112 1 0.2514 6 6       36   72000 1  
77-11-61-744978-001-03 1 111  2 YANGA                                           2    71   712    0           2 1    22  7 7      280   70000 1 2
84-34-29-434990-001-02 2 111  2 KISASA                                          1   101   0     101  25000211151    22  8 9     1680  504000 2  
56-79-04-464991-001-01 1 112132 DK                                              3   101   0      0           2 1 0.252  8 9     1008  300000 1 2
56-79-04-464991-001-01 2 112222 DK                                              3   101  1013    0           171    312 9 9      504  150000 1 2
85-74-34-934992-001-01 3 112382 D.K                                             1   241   122   241 1560001622 1    62  7 8     3024 1400000 1  
85-74-34-934992-001-01 4 111  2 MBEGU ZA ASILI                                  2   181  1812    0           2 1    22  9 9     1296  600000 1  
85-74-34-934992-001-01 5 111  2 MBEGU ZA ASILI                                  2   271  2712    0           2 1    22  9 9     1944 1080000 1  
59-59-77-064993-001-01 1 111  2 MBEGU ZA ASILI                                  2   401  4012    0           121    62  8 9     2400  600000 1 2
29-14-89-654994-001-01 2 112332 YA SERIKALI                                     3   121  1213    0           2 1    22  7 8     1800  450000 1  
22-03-21-614995-001-01 1 111  2 DIKEI                                           2   101   0     101   5000 21131    114 7 7      200  120000 1 2
82-93-80-804996-001-01 1 111  2 MBEGU YA ASILI                                  2    12   122    0           2 1    32  7 8     1890  630000 4 7
69-02-98-204997-001-01 1 111  2 MBEGU YA GUZI NYEKUNDU                          2  1801 18012    0           2 1   132  8 9     2200  880000 2 5
91-35-17-355009-001-01 1 111  12MBEGU YA ZAMBIA                                 1    41   0      41  200001622 1  0.52  6 7      100   55000 1  
91-35-17-355009-001-01 1 3122112MAHARAGE MEKUNDU                                1   201  2013    0           1725                               
88-31-04-505009-001-03 1 1122112MBEGU YA MAHINDI                                3   101  1013    0           2 1  2.512 6 6      200   70000 2  
88-31-04-505009-001-03 1 3122112MAHARAGE MEKUNDU                                3   101  1013    0           2 1  2.512 6 6      100   35000 2  
59-98-24-365011-001-01 1 111  12KATUMAI                                         2    81   812    0           2 1    12  7 7      200  110000 1  
59-98-24-365011-001-01 1 311  12NJANO                                           2   181  1812    0           2 1 0.2512 6 6       54   54000 1  
59-98-24-365011-001-01 11011  12NGWALA                                          2    11   112    0           2 1    12  8 8       80   60000 1  
10-20-55-115012-001-01 1 1122112SYDICO                                          1    31   0      31  360001632 1  0.52  7 7      720  300000 1 2
66-02-80-915013-001-01 1 111  12KIENYEJI                                        2    61   612    0           2 1    12  7 7      720  300000 1 2
66-02-80-915013-001-01 1 311  12MBEGU NYEKUNDU                                  2    15   0      15  30000 522 1  0.211 6 6      140  110000 1 2
87-78-39-465014-001-01 1 111  12STUKA                                           1   101  1012    0           2 1    22  8 8      432  168000 1  
87-78-39-465014-001-01 1 311  12NJANO                                           2    12   0      12  30000 522 1    22  6 6      360  540000 1  
87-78-39-465014-001-01 2 111  12STUKA                                           2    61   612    0           2 1  0.52  8 8      108   42000 1  
87-78-39-465014-001-01 2 311  12NJANO                                           2   101  1012    0           2 1  0.52  6 6      120  180000 1  
94-34-19-215015-001-01 1 111  13SEED CO                                         1    41   0      41  24000 522 1  0.111 8 9      140   55000 1  
94-34-19-215015-001-01 1 311  13NJANO                                           2    15   0      15  38000 522 1  0.211 6 8      160  280000 1  
94-34-19-215015-001-01 11011  13KIENYEJI                                        2    14   0      14   1000 522 1  0.411 7 7       60   75000 1  
18-94-40-075016-001-01 1 111  2 DK                                              2   101  1012    0           2 1    22  9 9      324  144000 1 2
18-94-40-075016-001-01 1 311  12NJANO                                           2   201   0     201  42000 922 1    111 7 6       60  150000 1 2
25-26-48-115034-001-01 3 111  2 STUKA                                           1    41   0      41  16000 922 26                               
53-32-10-735050-001-01 1 411  2 PUNDAMILIA                                      2    21   212    0           2 1    12  2 2       90   35000 4  
12-54-70-115051-001-05 1 111  2 MBEGU PANA                                      1    21   0      21   6000 932 1    22  6 7      600  180000 1  
85-92-56-865066-001-01 1 112232 KAGILI                                          1    81   0      81  54000 912 1    211 7 7      324  120000 1 2
29-03-15-915067-001-01 1 111  2 MBEGU YA TUMBILI                                1   181   0     181 1170001612 1    312 5 5     1800  106000 1  
44-59-43-785068-001-01 1 112132 ZEBRA                                           1    81   0      81  52000 912 1    22  7 7     2160  800000 1 2
72-69-78-165069-001-01 1 1122211TUMBULI                                         3    91   913    0           2 1    22  7 7     1200  480000 1  
72-69-78-165069-001-01 1 1322212ASILI                                           2    41   412    0           2 1    22  7 7      480  720000 1  
14-01-19-875071-001-01 1 111  12NGAMIA                                          1    41   0      41  270001612 1 0.752  7 7      600  300000 1 2
14-01-19-875071-001-01 1 341  12KIENYEJI                                        2    11   112    0           2 1  0.514 6 6      180  300000 1 2
14-01-19-875071-001-01 110121812KIENYEJI                                        2    11   0      11   3000 212 1  0.12  8 8      120  300000 1 2
14-01-19-875071-001-01 2 112282 PUNDAMILIA                                      1   101   0     101  67500 942 1    32  7 7     3480 1450000 1 2
14-01-19-875071-001-01 3 112282 NGAMIA                                          1   201   0     201 1000001642 1    212 7 7     1920  800000 1 2
14-01-19-875071-001-01 3 312282 CANADA                                          2    25   252    0           2 1    412 7 7     1920 2400000 1 2
14-19-72-275072-001-01 1 112312 NGAMIA                                          1   201   0     201 1000001612 1    32  6 7     3600 3600000 1 2
14-19-72-275072-001-01 1 312112 CANADA                                          2   401   0     401      0 312 1  0.512 6 7      360  720000 1  
83-01-69-835085-001-01 1 111  12KIENYEJI                                        2    11   0      0           2 1  0.111 7 7       10    5000 1  
83-01-69-835085-001-01 1 311  12NYAYO                                           2    31   0      31   7000 522 1 0.252  7 7       40   70000 1  
98-44-73-355086-001-01 1 111  12ASILI                                           2    41   412    0           2 26                               
98-44-73-355086-001-01 1 311  12NYAYO                                           1    81   0      82   8000 432 26                               
25-85-02-565087-001-01 1 111  12ASILI                                           2    81   812    0           121 0.132  7 7       36   15000 1  
25-85-02-565087-001-01 1 311  12ENGICHUMBA                                      2    81   812    0           2 1 0.132  7 7       36   30000 1  
55-38-00-935088-001-01 2 511  2 MBEGU YA KIENYEJI                               2  1.51   0      0           2 22                               
56-66-54-795090-001-01 2 111  2 SEED-CO                                         2   401  4012    0           171  0.512 9 9      240  120000 1 5
83-51-28-255092-001-01 1 111  2 KIENYEJI                                        2    21   0      21   5000 31181  0.111 8 8       20   10000 1 2
83-51-28-255092-001-01 1 311  2 KICHUMBA                                        2    15   0      15   4000 51181  0.111 6 6       20   16000 1 2
13-54-48-285127-001-01 1 121  2 MBAWA   MBILI                                   2  2301 23012    0           2 1    52  5 6     4640 4060000 1 2
41-85-46-235183-001-01 1 122112 MBEGU CHOTARA                                   2  1601   0    1601 2000002112 25                               
84-26-77-425202-001-01 1 1122112MAHINDI                                         2   301   0     301   8000 911223                               
84-26-77-425202-001-01 1 4222112UFUTA                                           2    11   0      11  10000 91181  2.511 4 5       12   26000 1 2
94-55-33-915228-001-02 2 121  2 MBEGU ZA ASILI                                  2    11   112    0           2 26                               
86-02-89-525278-001-01 1 1121212MBEGU ZA ASILI                                  2    11   0      0           2 1    112 6 6       30   30000 1  
43-47-25-485313-001-01 1 111  12MBEGU YA KIENYEJI                               2    21   212    0           181  0.52 1111       27   13500 1 2
71-29-17-945397-001-01 1 111  2 MBEGU BORA                                      1 0.751   0   0.751   7500163141 0.0314 5 5       10    7000 2  
05-64-34-945433-001-01 1 2222112VIAZI   VYEKUNDU                                2   251   0     251   8000 212 1    12  5 7     1200  640000 1  
47-48-66-405476-001-01 1 1122112SITUKA                                          2    21   0      21   2400 43161    119 5 5       70   65000 1  
47-48-66-405476-001-01 1 3222112KUNDE  NDOGO                                    2    11   0      11   1600 432 1  0.52  2 4       35   25000 1  
47-48-66-405476-001-01 199821112MABOGA                                          2  5005   0      0           2 1  0.32  2 4       15    9000 1  
22-58-79-145529-001-01 2 1122412DK                                              1   101   0     101    1201642 1    12  7 7      300   80000 1 2
84-98-35-825544-001-02 1 111  12MBEGU BORA                                      1    61   0      61  180001922 1    112 7 7      100   80000 7 8
81-69-84-395547-001-01 299822111MBEGU ZA ASILI                                  2   105   0     105  90000 21131    118 812     3000  600000 1 2
95-18-99-895581-001-01 1 111  12MBEGU YA KAWAIDA                                2    11   112    0           2 1    12  6 6       50   25000 1  
95-18-99-895581-001-01 1 321  12MBEGU ZA KAWAIDA                                2  0.51 0.512    0           2 1    12  6 6       25   28000 1  
95-18-99-895581-001-01 1 341  12MBEGU YA KAWAIDA                                2  0.51 0.512    0           2 1    12  6 6       25   28000 1  
86-58-89-005581-001-02 1 322212 KUNDE                                           2  0.51 0.512    0           2 1  0.511 5 6       20   40000 1 2
86-58-89-005581-001-02 2 1122112MAHINDI                                         2  1.51 1.512    0           121  0.415 5 6       75   52000 1 2
86-58-89-005581-001-02 2 3222112KUNDE                                           2  0.51 0.512    0           121  0.315 6 7       20   40000 1 2
86-58-49-115582-001-08 1 111  12MBEGU BORA                                      1    31   0      31   7500 15131    214 5 5     2940  808500 1 2
86-58-49-115582-001-08 199821112MBEGU ZA ASILI                                  2    11   0      11   2000165131    114 5 5       21   36000 1 2
40-01-55-035584-001-01 1 111  12SEED CO                                         1   121   0     121  720001612 1  1.52  9 9     1200  500000 1  
38-68-59-135602-001-02 1 421  2 UFUTA                                           2 15005   0      0           2 1    12  4 5      350  700000 1 2
91-10-13-905608-001-01 2 121  2 SUPPER                                          2    32   0      32  60000 912 26                               
56-98-08-805659-001-01 1 121  2 MBEGU BORA                                      1   601   0     601 2200002112 1   132  5 8     845059150000 1  
99-90-90-775664-001-04 1 112142 DEKALB  NA MAHINDI YA KIENYEJI                  4   141  1414    0           2 1    22  7 7     3000  500000 1 2
99-90-90-775664-001-04 1 432142 KARANGA  NYEKUNDU KUBWA                         2   121  1212    0           2 1  0.52  6 6      187  150000 1 2
82-25-26-415693-001-01 19981  12MBEGU YA MUHOGO                                 2   151   0     151  10000 212 1 0.252 10 2       50   50000 1 2
82-25-26-415693-001-01 4 121  2 MBEGU YA MPUNGA                                 2 37.5137.512    0           2 1 1.252  7 8    137.5  153000 1  
94-78-24-505695-001-01 1 111  12MBEGU BORA                                      1    41   0      41  24000 412 1  0.715 5 6      200  100000 1  
94-78-24-505695-001-01 11001  12MBEGU BORA                                      1    44   0      44  68000 412 1 0.852  5 7     1080  360000 1  
53-17-72-605696-001-01 1 3221112KUNDE  NDOGO                                    2  5005   0    5005   14001612 1 0.252  4 5       12   12000 2  
53-17-72-605696-001-01 19981  12BAMIA  NDEFU                                    1    11   0      11  20000 942 1    22  5 7      200  200000 1  
37-78-83-385697-001-01 3 2222512MBEGU ZA ASILI                                  2   101   0     101  10000 23131  0.214 8 8       75   30000 1  
17-53-58-105699-001-02 1 4321412KARANGA NDOGO                                   2 15005   0   15005   30001612 1  0.22  6 8       50    3000 2  
17-53-58-105699-001-02 199822412CHEUSI NA NYEKUNDU                              1   201  2013    0           2 1  0.52  6 7      200    1000 2  
17-95-04-885700-001-02 1 1221112MBEGU ZA ASILI                                  2    15   0      15  10000 41111  0.311 8 9       30   30000 2  
67-56-06-175719-001-01 2 111  2 ASILI                                           2    31   0      31   1800 922 1  0.52  6 6      216   60000 1  
96-24-36-025739-001-01 1 1122112MAHINDI   YA  ASILI                             2   321   0     321   6500 212 1    42  4 5     4800 3360000 1  
96-24-36-025739-001-01 1 1221112MBAWA   MBILI                                   2   601  6012    0           2 1    12  4 5     1200 1050000 1  
96-24-36-025739-001-01 1 3221112KUNDE  NENE                                     2    21   0      21   2000 212 1  0.52  2 4       55   40000 1  
33-71-00-285769-001-01 1 431  2 ASILI                                           1   401  4012    0           2 1    52  4 4     2300 1380000 1 2
33-71-00-285769-001-01 2 431  2 ASILI                                           2    32   322    0           2 1  3.52  4 4     3000 1800000 1 2
92-79-67-435770-001-01 1 131  2 MBEGU YA ASILI                                  2  0.51 0.512    0           2 1 0.252  6 6        4     500 1  
92-79-67-435770-001-01 2 131  2 MBEGU YA ASILI                                  2  9.51 9.512    0           171    22  6 6      360  100000 1  
94-45-36-565770-001-02 1 1323112MBEGU BORA SEED CO                              1  2.51   0    2.51   4000181111 0.752  6 6      180   60000 1 2
94-45-36-565770-001-02 1 4122112MBEGU BORA ILIYOTUMIKA TENA                     3    21   213    0           111  0.52  6 6      208   39000 1 2
53-27-69-225771-001-02 1 111  12SEEDCO                                          1    11   0      11      0 11171  0.112 6 6       26   14000 2  
53-27-69-225771-001-02 1 131  12SAIDIA                                          2    11   0      11   2000 212 1 0.252  7 7       54   24000 2  
53-27-69-225771-001-02 1 411  12NYEUSI                                          2    11   0      11      0 212 1 0.1812 3 3       14    3000 2  
53-27-69-225771-001-02 4 1122112MBEGU NDEFU.                                    2    61   612    0           131  0.214 6 6       30   15000 2  
53-27-69-225771-001-02 4 1322112SAIDIA                                          2    41   412    0           171    112 5 6      160   50000 2  
53-27-69-225771-001-02 4 4122112MBEGU  NYEUSI                                   2    11   112    0           2 1  1.52  3 4       28   10000 2  
53-27-69-225771-001-02 4 4322112MBEGU  NYEUPE                                   2   121  1212    0           2 1  1.52  4 4      168   42000 2  
07-56-66-105771-001-03 1 111  12SEEDCO                                          3    21   0      21      0 112 1  0.52  3 4       54   18000 1  
07-56-66-105771-001-03 1 131  12SAIDIA                                          2    11   112    0           2 1  0.52  6 6       36   12000 1  
07-56-66-105771-001-03 2 111  12SEEDCO                                          3   101  1013    0           2 1    22  3 5       80   25000 1  
07-56-66-105771-001-03 2 1322112SAIDIA                                          2   101   0     101      0 112 1    12  7 7      540  210000 1  
07-56-66-105771-001-03 2 411  12MBEGU  NYEUSI                                   2    11   112    0           2 1    22  7 7      240  100000 1  
07-56-66-105771-001-03 2 4322412KARANGA  NYEUPE                                 2   101  1012    0           2 1    12  3 3      500  400000 1  
79-00-92-685772-001-01 1 112282 MBEGU ZA ASILI                                  2    12   122    0           151    22 1010      360   80000 1  
79-00-92-685772-001-01 2 131  2 MBEGU ZA ASILI                                  2   101  1012    0           2 1    22  5 5      540   90000 1  
79-00-92-685772-001-01 3 131  2 MBEGU ZA ASILI                                  2    61   612    0           2 1    12  6 6       90   15000 1  
79-00-92-685772-001-01 3 432212 MBEGU ZA ASILI                                  2    51   512    0           2 1  0.52  4 4       27    9000 1  
47-78-47-795772-001-02 1 411  2 ALIZETI                                         2    22   222    0           2 1    42  5 6      750  280000 1 2
47-78-47-795772-001-02 2 431  2 KARANGA                                         2    22   222    0           2 1    52  3 4      700  350000 1 2
68-92-99-575772-001-04 1 1122112MBEGU YA ASILI                                  2    51   512    0           2 1  0.52  6 6      252   84000 1  
68-92-99-575772-001-04 1 1323112MBEGU YA ASILI                                  2   101  1012    0           2 1  2.52  6 6      540   90000 1  
68-92-99-575772-001-04 2 131  2 MBEGU YA ASILI                                  2   201  2012    0           2 1    62  6 6      630  105000 1  
02-53-46-615773-001-01 3 131  2 SANDALA                                         2    51   512    51   2000 212 1  0.119 6 6      120   30000 1  
05-37-40-065774-001-01 1 1322112MBEGU YA ASILI                                  2    81   812    0           2 1    12  6 6      200   80000 1  
05-37-40-065774-001-01 1 431  12MBEGU YA ASILI                                  2    84   842    0           2 1    12  4 4      150  150000 1  
18-79-73-945775-001-01 1 131  2 MBEGU YA ASILI                                  2    24   242    0           171  0.512 6 6       36   12000 2  
18-79-73-945775-001-01 2 131  2 MBEGU YA ASILI                                  2   101  1012    0           171  0.512 6 6      216   72000 2  
18-79-73-945775-001-01 4 411  12MBEGU YA ASILI                                  2    64   642    0           2 1    12  6 7      105   35000 2  
18-79-73-945775-001-01 4 431  12MBEGU YA ASILI                                  2   151  1512    0           2 1    12  4 4      450  150000 2  
84-53-36-535775-001-03 1 132312 SANDALA                                         2    12   122    0           2 1    32  5 6     1200  300000 1 2
84-53-36-535775-001-03 1 412112 ALIZETI                                         2    71   712    0           2 1    12  5 5      240  100000 1 2
84-53-36-535775-001-03 1 432112 NYEUPE                                          2   104  1042    0           2 1    12  3 3      280  140000 1 2
37-14-46-625776-001-03 1 131  2 ASILI                                           2    12   122    0           111    316 6 6      160   78000 1  
28-56-69-975788-001-01 1 131  12MESIYA                                          2    21   212    0           2 1    12  6 6      110   60000 1 2
28-56-69-975788-001-01 1 431  11NYEUPE                                          2   101  1012    0           2 1    12  4 4      140   70000 1 2
28-56-69-975788-001-01 2 111  2 STAR                                            2   151  1512    0           2 1  2.32  6 6      504  140000 1 2
28-56-69-975788-001-01 3 112312 STAR                                            2    71   712    0           2 1    12  3 6      120   35000 1 2
23-80-10-385789-001-01 1 111  2 MBEGU ZA ASILI                                  2    21   212    0           2 1    12  6 6      216   60000 1  
23-80-10-385789-001-01 1 411  2 MBEGU ZA ASILI                                  2  1.51 1.512    0           2 1    12  5 5       72   30000 1  
23-80-10-385789-001-01 3 112112 MBEGU ZA ASILI                                  2  0.51 0.512    0           2 1 0.252  4 4       18    5000 2  
23-80-10-385789-001-01 3 431  2 MBEGU ZA AILI                                   2   101  1012    0           2 1    12  4 4       90   90000 1 2
23-80-10-385789-001-01 4 132112 MBEGU ZA ASILI                                  2  0.51 0.512    0           2 1 0.252  6 6       36   10000 2  
23-80-10-385789-001-01 4 411  2 MBEGU ZA ASILI                                  2    21   212    0           2 1    12  6 6      144   60000 1 2
35-74-54-215790-001-01 1 1122112MBEGU ASILI                                     2   101  1012    0           2 1    12  5 6      882  245000 1 2
35-74-54-215790-001-01 1 4123112MBEGU ZA ASILI                                  2   101  1012    0           2 1 2.752  6 7      252  105000 1 2
35-74-54-215790-001-01 1 4221112MBEGU ZA ASILI                                  2    51   512    0           2 1 0.252  4 4      140  175000 1 2
35-74-54-215790-001-01 1 4322112MBEGU YA ASILI                                  2   101  1012    0           2 1    12  4 4      196   70000 1 2
22-28-98-695792-001-01 1 411  2 ASILI                                           2   101  1012    0           111  1.52  5 5      300  150000 1  
67-04-67-565793-001-02 2 112112 MBEGU ZA ASILI                                  2    11   112    0           2 1 0.252  4 4       18    5000 2  
67-04-67-565793-001-02 2 412212 MBEGU ZA ASILI                                  2    41   0      41   4000 21131    12  5 5      144   60000 2  
67-04-67-565793-001-02 2 432212 MBEGU ZA ASILI                                  2    31   0      31   90001622 1  0.52  4 4       27   15000 2  
68-80-66-675794-001-01 1 111  12NJANO                                           2    12   122    0           131    114 5 6      120   60000 1 2
68-80-66-675794-001-01 1 411  12ZEBRA                                           2   104  1042    0           2 1    12  5 6      216  109000 1 2
68-80-66-675794-001-01 2 321  12KUNDE                                           2  0.51   0    0.51   1000 412 1    12  6 6       60   60000 1 2
68-80-66-675794-001-01 2 361  12NYEKUNDU                                        2    21   0      21   4000 412 1    118 6 6       20   30000 1 2
68-80-66-675794-001-01 2 411  12ZEBRA                                           2    54   542    0           2 1    12  6 6       36   24000 1 2
83-43-16-345795-001-01 1 431  2 MBEGU YA ASILI                                  2   151  1512    0           1725                               
83-43-16-345795-001-01 2 131  2 MBEGU YA ASILI                                  2   101  1012    0           1725                               
83-43-16-345795-001-01 3 111  2 MBEGU YA ASILI                                  2   181  1812    0           1725                               
83-43-16-345795-001-01 5 111  2 MBEGU YA ASILI                                  2   181  1812    0           131    12  5 6      324   90000 1 2
83-43-16-345795-001-01 6 111  2 MBEGU YA ASILI                                  2   181  1812    0           1725                               
83-43-16-345795-001-01 7 111  2 MBEGU YA ASILI                                  2   181  1812    0           1725                               
61-37-81-585809-001-01 1 1122112HYBREED                                         1    21   0      21  10000162131  0.214 8 8      240  120000 1  
61-37-81-585809-001-01 1 311  12KIENYEJI                                        2    21   212    0           131  0.214 7 7       20   30000 1  
61-37-81-585809-001-01 1 431  12KIENYEJI                                        2    31   312    0           131  0.214 9 9       60  120000 1  
61-37-81-585809-001-01 2 111  12HYBREED.                                        1    61   611    61  36000162181  0.511 9 9      480  240000 1  
61-37-81-585809-001-01 2 311  12KIENYEJI                                        2    15   152    0           131  0.211 8 8       60   60000 1  
24-24-46-685813-001-01 1 112132 ASILI                                           2    21   0      21   4000 21151    116 4 4       42   24000 1  
63-25-00-935826-001-01 1 121  2 MBEGU ZA ASILIL                                 2    12   122    0           141    117 6 6      384  168000 1 2
63-25-00-935826-001-01 2 111  12MBEGU ZA ASILI                                  2    21   212    0           171  0.512 4 4      324   90000 1 2
63-25-00-935826-001-01 2 431  12MBEGU ZA ASILI                                  2    51   512    0           171  0.512 4 4       90   60000 1 2
63-25-00-935826-001-01 3 121  2 MBEGU ZA ASILI                                  2    11   122    0           2 1    12  6 6      480  210000 1 2
37-34-49-635826-001-03 1 121  2 MBEGU YA ASILI                                  2   151  1512    0           2 1    12  5 6      900  600000 1 2
37-34-49-635826-001-03 2 121  2 MBEGU YA ASILI                                  2    12   122    0           2 1  1.52  5 6     1725 1150000 1  
37-34-49-635826-001-03 3 121  2 MBEGU YA ASILI                                  2   301  3012    0           2 1    12  5 6     1875 1250000 1  
08-26-71-405827-001-01 1 1322112MBEGU BORA SEED CO                              1    11   0      11   2500163171  0.512 4 5      126   21000 1  
08-26-71-405827-001-01 1 4322112MBEGU YA ASILI                                  2    31   312    0           171  0.512 3 3        8    6000 1  
08-26-71-405827-001-01 2 121  2 MBEGU ZA ASILI                                  2   601  6012    0           171    412 5 7     2520 1260000 1 2
92-97-95-535827-001-04 1 111  12KIENYEJI                                        2    61   0      61      0 112 1  0.519 6 7       80   24000 1 2
92-97-95-535827-001-04 1 131  12KIENYEJI                                        2    25   0      25      0 112 1  0.519 5 5      120   36000 1 2
48-13-95-645828-001-01 1 131  2 ASILI                                           2    51   512    0           111    111 4 4      300  120000 1  
48-13-95-645828-001-01 2 121  2 ASILI                                           2    12   122    0           111    115 5 5      750  450000 1  
48-13-95-645828-001-01 3 121  2 ASILI                                           2    12   122    0           131    114 6 5      450  270000 1  
21-65-22-885829-001-01 1 112112 KATUMAN                                         1    31   0      31  12000163171 0.1312 5 5      240   84000 1 2
21-65-22-885829-001-01 1 132212 MTAMA MWEUPE                                    2   101  1012    0           171 0.7512 6 6      720  270000 1 2
21-65-22-885829-001-01 1 362112 KIENYEJI                                        2    21   212    0           171 0.1312 5 5       60   60000 1 2
21-65-22-885829-001-01 1 432112 MWEZI MMOJA                                     2   101  1012    0           2 1  0.52  3 4      180  180000 1 2
21-65-22-885829-001-01 5 121  2 MANYARA                                         2    12   122    0           171 0.7512 6 6     1000  500000 1 2
94-76-69-885829-001-03 1 121  2 BAWAMBILI                                       2   101  1012    0           2 1    12  6 6     1000  400000 1 2
94-76-69-885829-001-03 2 121  2 BAWAMBILI                                       2    51   512    0           2 1  0.52  5 5      200   80000 1 2
94-76-69-885829-001-03 3 121  2 MBAWAMBILI                                      3    71   712    0           2 1  0.52  6 6      500  200000 1 2
72-88-82-085829-001-04 1 131  2 MBEGU YA ASILI                                  2    31   312    0           2 1 0.2514 5 5       90   25000 1  
72-88-82-085829-001-04 2 121  2 MBEVU ZA ASILI                                  2    81   812    0           2 1 0.752  7 7      672  384000 1  
72-88-82-085829-001-04 3 121  2 MBEGU YA ASILI                                  2    51   512    0           2 1 0.252  6 6      840  420000 1  
72-88-82-085829-001-04 4 121  2 MBEGU YA ASILI                                  2    71   712    0           2 1  0.52  6 6      588  294000 1  
72-88-82-085829-001-04 5 121  2 MBEGU ZA ASILI                                  2    81   812    0           2 1  0.52  5 5      588  252000 1  
72-88-82-085829-001-04 6 121  2 MBEGU YA ASILI                                  2   121  1212    0           2 1    12  5 5      924  396000 1  
74-91-94-845830-001-01 1 131  2 MBEGU YA ASILI                                  2    81   812    0           171    112 5 5      100  100000 1  
74-91-94-845830-001-01 2 131  2 MBEGU YA ASILI                                  2    12   122    0           2 25                               
74-91-94-845830-001-01 3 121  2 MBEGU YA ASILI                                  2   201  2012    0           171    212 4 4      900  600000 1  
74-91-94-845830-001-01 4 431  2 MBEGU YA ASILI                                  2   201  2012    0           171    212 3 3      150  180000 1  
74-91-94-845830-001-01 5 121  2 MBEGU YA ASILI                                  2   101  1012    0           2 1  0.52  5 5      450  300000 1  
74-91-94-845830-001-01 6 131  2 MBEGU YA ASILI                                  2    71   712    0           2 1    112 5 6      150  140000 1  
20-78-60-485831-001-01 1 121  2 MBEGU BORA                                      1    81   0      81   9000163111    12  5 5     1125  600000 2  
20-78-60-485831-001-01 2 121  2 ASILI                                           2    51   0      51   2000 31111  0.52  3 3      375  200000 2  
30-83-13-845832-001-01 1 1121112MBEGU ZA ASILI                                  2    21   212    0           2 1 0.252  6 6      108   42000 1 2
30-83-13-845832-001-01 1 1223112MBEGU ZA ASILI                                  2    22   222    0           2 1  9.52  6 6    14400 6300000 1 2
30-83-13-845832-001-01 1 1321112MBEGU ZA ASILI                                  2    61   612    0           2 1 0.252  6 6      720  360000 1 2
30-83-13-845832-001-01 1 4321112MBEGU ZA ASILI                                  2    12   122    0           2 1 0.252  4 4       30   20000 1 2
30-83-13-845832-001-01 2 111  12MBEGU ZA ASILI                                  2    31   312    0           2 1    12  6 6      216   84000 1 2
30-83-13-845832-001-01 2 131  12MBEGU ZA ASILI                                  2    31   312    0           2 1    12  6 6      360  180000 1 2
52-82-77-115832-001-03 1 121  2 MBAWA MBILI                                     2   101  1012    0           2 1    22  6 6     1920 1000000 1 2
32-42-68-555833-001-01 1 121  2 MBAWA  MBILI                                    2   161  1612    0           2 1 0.252  6 6      192   84000 1  
32-42-68-555833-001-01 2 121  2 MBAWA  MBILI                                    2   161  1612    0           2 1 0.252  6 6      208   91000 1  
32-42-68-555833-001-01 3 131  12USIYA                                           2    21   212    0           171  0.412 5 5       45   25000 1  
32-42-68-555833-001-01 3 4322412MWEZI MMOJA                                     2    21   0      21   6000162171  0.212 3 3       36   15000 1  
32-42-68-555833-001-01 4 111  12SEEDCO                                          3    31   313    0           2 1 0.212  5 5       72   40000 1  
32-42-68-555833-001-01 4 321  12KUNDE                                           2  0.51 0.512    0           2 1  0.22  2 3       15   15000 1  
32-42-68-555833-001-01 4 431  12MWEZI MMOJA                                     2    11   112    0           2 1 0.232  4 4       48   20000 1  
58-84-38-085845-001-01 4 121  2 MBEGU ZA KIENYEJI                               2   201  2012    0           111    12  4 4      750   50000 1 2
11-39-67-375846-001-01 1 112112 KIENYEJI                                        2    31   312    0           2 1    12  6 6      360  126000 1  
00-04-51-535847-001-03 1 111  2 KIENYEJI                                        2   201   0     201   8000 412 1    12  3 4      480  168000 1  
19-13-10-225848-001-04 2 1222112MBEGU ZA KIENYEJI                               2   101  1012    0           2 1  0.52  4 4      500   50000 7 8
44-93-96-145851-001-01 1 111  12MAHINDI                                         2   101   0     101  10000 512 1    112 6 6      400  120000 1 2
44-93-96-145851-001-01 1 2521412MAGIMBI                                         2   505  5052    0           2 1  0.32  5 9       70   70000 1 2
44-93-96-145851-001-01 1 3122412,MAHARAGE                                       2    51   0      51   5000 512 1  0.112 6 7       10   10000 1 2
70-86-81-135851-001-03 1 311  2 MAHARAGE                                        1    12   0      12  30000 212 1    32  5 6      400  432000 1 2
91-80-40-095851-001-04 1 111  12KIENYEJI                                        2   151  1512    0           2 1    22  5 6      800  240000 1  
52-17-86-975851-001-09 1 121  2 MBEGU YA ASILI YA MPUNGA                        2    91   912    0           2 1  0.32  5 5      225   80000 1 2
03-67-88-375852-001-01 1 111  2 KIENYEJI                                        2    31   312    0           2 1  0.52  3 4      150   60000 1  
77-63-66-905869-001-01 1 111  12SEEDCO                                          1    41   413    0           2 1    119 4 5       80   35000 1  
77-63-66-905869-001-01 1 221  12ASILI                                           2    21   0      0           2 26                               
28-63-80-025870-001-01 4 871  12MBEGU YA ASILI YA NYANYA                        2    11   0      11   3000 412 1  0.12  4 6      900  450000 1 2
20-23-28-815871-001-02 1 112182 KILIMA                                          2    21   212    0           2 1    12  5 5       60   15000 2 4
20-76-31-705883-001-01 1 111  12MBEGU BORA YA MAHINDI SEED CO                   1    41   0      41   90001612 1    12  2 3      960  210000 1  
20-76-31-705883-001-01 1 3122112MBEGU YA ASILI YA MAHARAGE                      2    11   112    0           131  0.414 1 1       40   40000 1  
20-76-31-705883-001-01 1 3721112MBEGU YA ASILI YA NJEGERE                       2    11   112    0           2 1  0.32  1 1       20   10000 1  
20-76-31-705883-001-01 3 121  2 MBEGU YA ASILI YA MPUNGA                        2   101  1012    0           2 1    12  6 6      700  500000 1  
36-17-87-865884-001-01 1 1123112DK                                              1    21   0      21  130001612 1 0.252  2 2      180   54000 1 2
36-17-87-865884-001-01 1 2221112UMEME                                           2   201  2012    0           2 1 0.062  4 9      240   36000 1 2
78-86-78-615886-001-01 2 121  2 ASILI                                           2   201  2012    0           2 1    12  6 6     1260  750000 1  
78-86-78-615886-001-01 3 351  2 ASILI                                           2   191  1912    0           2 1    12  8 8      120   96000 1  
75-03-15-465887-001-01 1 1122812SEEDCO                                          1    21   0      21  120001632 1    22  5 5      360   45000 1  
75-03-15-465887-001-01 1 2221412KIBUYU                                          2    25   0      0           2 1 0.252  4 7      240   37500 1 7
43-75-62-755887-001-02 1 121  2 KARAMATA                                        3   181  1813    0           2 1    12  5 5     1080  300000 1 2
79-80-98-585890-001-01 2 122212 KIENYEJI                                        2   201  2012    0           2 1    42  4 5     1200  360000 2 3
79-80-98-585890-001-01 3 122112 KIENYEJI                                        2   201  2012    0           2 1    52  5 6      600  180000 2  
79-80-98-585890-001-01 3 502112 KISASA                                          1   501   0     501  12000 61171    512 6 6       44   40000 2  
12-84-18-265890-001-05 1 111  12MBEGU ZA KIENYEJI                               2  1.51 1.512    0           131    12  5 5      144   30000 1  
93-71-44-485891-001-02 1 1222112MBEGU ZA KIENYEJI                               2   201   0     201  10000 31111    22  5 5     1800   35000 3  
22-22-59-955902-001-01 1 1123112PANA                                            1    31   0      31  36000161131    22  5 6      960  288000 1 2
22-22-59-955902-001-01 1 5021112MBEGU BORA                                      1   101   0     101  100001612 1    12  4 5      150  195000 1 2
03-84-91-665903-001-01 1 1121312ASILI                                           2   401  4012    0           2 1    42  4 4     1320  330000 1 2
03-84-91-665903-001-01 1 2221312ASILI                                           2  2401 24012    0           2 1 0.752  7 014    300   18000 1 2
03-84-91-665903-001-01 1 502132 MBEGU BORA                                      1   151   0     151      0 612 1    12  5 5       53   58300 1 2
03-84-91-665903-001-01 4 121  2 MBEGU YA ASILI                                  2   101   0     101   5500 21181    111 4 4       90   25000 1 2
17-58-37-025903-001-09 1 112212 MAHINDI                                         2    51   512    0           2 1    12  5 5      150   45000 1  
17-58-37-025903-001-09 1 502212 PAMBA                                           1   151   0     151   9750161161  0.419 5 5       55   57750 1  
67-59-94-205906-001-01 1 1122112SEEDCO                                          2    54   0      54   5000 432 1    12  5 5      240   70000 1  
67-59-94-205906-001-01 1 2222112VIAZI MCHANGANYIKO VYEKUNDU NA VYEUPE           2    35   352    0           2 1    12  6 6      360   40000 1  
67-59-94-205906-001-01 2 112212 SEEDCO                                          2    64   0      64   6000 432 1    12  5 5       80   40000 1  
76-63-95-625907-001-01 1 111  12KIENYEJI                                        2   151   0     151  10000 93131    414 4 5      600  180000 1 2
25-11-43-665908-001-01 1 112112 MAHINDI                                         2    21   212    0           2 1  0.12  4 5       40   10000 2  
25-11-43-665908-001-01 2 111  2 MAHINDI                                         2    15   152    0           2 1    12  4 5      300   90000 2  
15-35-33-895909-001-01 1 111  2 KIENYEJI                                        2   104  1042    0           2 1    22  4 4      648  252000 1  
68-01-22-225909-001-02 1 121  2 MPUNGA                                          1    12   0      12  100001512 1    12  6 6      525  225000 1  
66-21-25-855911-001-01 1 111  12MAHINDI                                         2    31   312    0           2 1  0.52  4 4      200   50000 1 2
66-21-25-855911-001-01 1 311  12MAHARAGE                                        2    51   0      51   75001611725                               
04-94-42-315921-001-01 1 111  2 KILIMA                                          1    11   0      11   5000 412 1 0.122  4 5      240  120000 1  
38-93-36-285924-001-01 2 121  2 KIENYEJI                                        2   601  6012    0           2 1    32  6 6     4200 1680000 1 5
72-79-15-245927-001-01 3 111  2 MBEGU YA ASILI YA MAHINDI                       2    21   212    0           2 1    12  6 6      200   70000 1 2
57-81-79-875929-001-02 1 111  122                                               2    21   212    0           131 0.0114 6 6       20    8000 1 2
57-81-79-875929-001-02 2 121  12MBEGU YA ASILI YA MPUNGA                        2   201  2012    0           2 1  0.52  6 6      360  180000 1 2
47-03-39-285930-001-01 1 871  2 RIO GRAND IMPROVED                              1 0.251   0   0.251   8000 912 1 0.252  5 7     2880 3000000 1 2
63-22-91-285940-001-01 2 122112 SUPER                                           3    71   713    0           2 1  1.52  6 6      720     240 1  
96-92-79-065941-001-05 1 501  2 MBEGU YA ASILI YA PAMBA                         2   181   0     181  13000 412 1    12  6 6       98   88200 1  
20-34-67-305942-001-02 1 111  12KIENYEJI                                        2    61   612    0           2 1  0.52  3 4      220   80000 2  
20-34-67-305942-001-02 1 2521112ASILI                                           2   205  2052    0           2 22                               
20-34-67-305942-001-02 2 112212 ASILI                                           2   121  1212    0           2 1  0.72  4 4      120   45000 2  
23-96-25-195942-001-03 1 111  2 ASILI                                           2    11   112    0           2 1 0.152  4 4       60   18000 1  
23-96-25-195942-001-03 2 111  2 ASILI                                           2   121  1212    0           2 1    12  4 4      300  105000 1  
22-41-43-445945-001-01 1 502342 MBEGU YA PAMBA ILIYO BORA                       1    21   0      21   4000 412 1    12  6 6      240   80900 1 2
22-41-43-445945-001-01 3 1221312MBEGU YA ASILI YA MPUNGA                        2   401  4012    0           2 1    22  6 6     1440   48000 1 2
71-84-74-895949-001-01 1 121  2 MBEGU ZA KIENYEJI                               2   101  1012    0           2 1    12  5 5      420   35000 1 2
71-02-68-735959-001-01 1 111  13615DK                                           1    41   0      41  24000161151  0.52  9 9      360  180000 1 2
71-02-68-735959-001-01 1 3121113NJANO                                           2    24   0      24   30001612 1  0.114 3 3        5    6000 1 2
71-02-68-735959-001-01 2 111  2 615DK                                           1    11   0      11   6000 912 1  0.12  9 9       60   30000 1 2
90-97-94-285960-001-02 1 111  12MBEGU  NDEFU                                    2    31   312    0           2 1  0.22  5 8      126   56000 2  
90-97-94-285960-001-02 1 921  12TETELE                                          2    13   132    0           2 24                               
90-97-94-285960-001-02 2 112132 MBEGU  NDEFU                                    2    41   412    0           2 1 0.252  8 8       54   24000 2  
90-97-94-285960-001-02 3 111  2 MBEGU NDEFU                                     2   151  1512    0           2 1    12  8 8      756  336000 2  
75-97-06-905961-001-02 1 111  2 MBEGU ZA KIENYEJI                               2    41   412    0           2 1  0.52  7 8      500  250000 2  
75-97-06-905961-001-02 2 111  2 MBEGU YA ASILI                                  2   161  1612    0           2 1    22  7 8     1000  500000 2  
46-18-20-365962-001-01 1 1122112MBEGU YA ASILI                                  2    21   212    0           2 1 0.072  7 7       54   21000 1  
46-18-20-365962-001-01 1 3122112MBEGU YA ASILI                                  2  1.51 1.512    0           2 1 0.072  5 5        5    7500 1  
46-18-20-365962-001-01 2 1123112MBEGU YA ASILI                                  2   101  1012    0           2 1 1.752  8 8      972  378000 1  
46-18-20-365962-001-01 2 3121112MBEGU YA ASILI                                  2    51   0      51   7500 212 1 0.252  5 5       13   19500 1  
24-11-85-385963-001-01 1 111  2 ASILI                                           2   101  1012    0           2 1    117 6 6      378  210000 1 2
56-30-03-125963-001-02 1 111  12ASILI                                           2    51   512    0           2 1  0.52  7 8      252  140000 2  
56-30-03-125963-001-02 1 311  12ASILI                                           2    31   0      31   6000 212 1  0.512 3 3        9   18000 2  
60-11-48-655965-001-01 1 111  2 MBEGU YA ASILI                                  2    31   312    0           2 1  0.52  7 7       60   15000 1  
60-11-48-655965-001-01 1 311  12MBEGU YA ASILI                                  2    21   212    0           2 1  0.52  6 6       15   22500 1  
60-11-48-655965-001-01 2 111  12MBEGU YA ASILI                                  2    31   312    0           2 1  0.52  6 7       40   10000 1  
77-40-44-475966-001-01 1 111  2 KIENYEJI                                        2    44   442    0           2 1  0.319 8 8      280   98000 1 2
05-95-47-035978-001-02 1 111  2 MBEGU ZA ASILI                                  2   101  1012    0           2 1    12  8 8      900  500000 2  
05-95-47-035978-001-02 1 312112 MBEGU YA ASILI                                  2    21   212    0           2 1 0.252  4 4       20   20000 2  
05-95-47-035978-001-02 2 112312 MBEGU YA ASILI                                  2   121  1212    0           2 1 0.252  8 8      720  400000 2  
05-95-47-035978-001-02 2 312112 MBEGU YA ASILI                                  2   101  1012    0           171 0.252  4 4       40   40000 2  
36-27-61-515979-001-01 1 111  2 MBEGU ZA ASILI                                  2    41   412    0           2 1  0.52  9 9      162   54000 1  
36-27-61-515979-001-01 2 161  2 MBEGU ZA ASILI                                  2    42   422    0           2 1    12  9 9      400  300000 1  
36-27-61-515979-001-01 3 111  2 MBEGU ZA ASILI                                  2    61   612    0           1624                               
52-56-40-355980-001-01 1 112312 MBEGU ZA ASILI                                  2    51   512    0           2 1  0.42  8 8       72   60000 1 2
52-56-40-355980-001-01 1 922112 250                                             2  2503 25032    0           1724                               
52-56-40-355980-001-01 2 111  2 MBEGU YA ASILI                                  2   101  1012    0           121    115 8 8       54   45000 1 2
24-59-59-235983-001-01 1 111  2 KIENYEJI                                        2    44   442    0           2 1  0.52  9 9      280  112000 1  
60-33-80-915984-001-01 1 112212 PANNA                                           3    61   613    0           2 1  0.52  8 8      520  224000 1 2
60-33-80-915984-001-01 7 162242 NGANO.                                          2   381  3812    0           2 1    111 8 8      100  100000 1 2
46-74-15-535985-001-01 1 111  2 MBEGU YA ASILI                                  2    44   442    0           2 1  0.52  9 9      540  270000 1 2
46-74-15-535985-001-01 2 111  2 MBEGU YA ASILI                                  2    44   442    0           2 1  0.52  9 9      180   90000 1 2
46-74-15-535985-001-01 3 161  2 MBEGU BORA                                      3   601   0     601  51000 21111 0.2514 8 9      420  400000 1 2
46-74-15-535985-001-01 4 161  2 MBEGU  BORA                                     3   501  5013    0           2 1    12  810      315  300000 1 2
46-74-15-535985-001-01 5 161  2 MBEGU YA ASILI                                  2   401  4012    0           2 1    12  8 9      273  195000 1 2
46-74-15-535985-001-01 5 311  2 MBEGU YA ASILI                                  2   201  2012    0           2 1    114 3 4      120  150000 1 2
66-05-92-815997-001-01 1 111  2 SEEDCO                                          1   201   0     201  40000 932 1    22  8 9      900  500000 1 2
66-05-92-815997-001-01 2 111  2 SEEDCO                                          1   201   0     201  40000 932 1    22  8 8      720  400000 1 2
59-55-57-895998-001-01 1 111  2 SEEDCO                                          3    51   513    0           121  0.515 8 8      240   60000 1  
59-55-57-895998-001-01 2 111  12SEEDCO                                          3    23   233    0           2 1  0.12  8 8       60   30000 1  
93-05-23-975999-001-01 1 111  12MBEGU YA ASILI                                  2    21   212    0           2 1  0.52  9 9      108   30000 1  
93-05-23-975999-001-01 1 311  12MBEGU YA ASILI                                  2    11   112    0           2 1  0.52  8 9       36   50000 1  
02-23-99-716000-001-01 1 111  2 MBEGU YA ASILI                                  2    11   112    0           2 1  0.22  8 8       36   10000 1  
02-23-99-716000-001-01 2 311  2 MBEGU YA ASILI                                  2   201  2012    0           2 1  0.512 7 7       80  100000 1  
02-23-99-716000-001-01 3 111  2 MBEGU                                           2    41   412    0           2 1    12  8 9      648   30000 1  
64-89-37-396001-001-01 1 111  2 KIENYEJI                                        2    14   142    0           2 1  0.22  9 9       60   30000 1  
64-89-37-396001-001-01 2 112332 KIENYEJI                                        2    34   342    0           2 1 0.752 1010      200  100000 1  
13-03-41-286002-001-01 1 111  2 HIGH BRID                                       3    41   413    0           2 1  1.52  7 7      540  300000 1  
13-03-41-286002-001-01 3 111  2 HIGH BRID                                       3  2.51 2.513    0           2 24                               
13-03-41-286002-001-01 3 251  2 MBEGU ZA ASILI                                  2    12   122    0           2 22                               
13-03-41-286002-001-01 4 111  2 HIGH BRID                                       3    31   313    0           2 1  0.52  7 7      324  180000 1  
81-54-24-306003-001-01 1 111  2 ASILI                                           2  3.51 3.512    0           2 1    12  8 8      270  150000 1  
81-54-24-306003-001-01 3 1122112ASILI                                           2  4.51 4.512    0           2 1    12 1010      360  200000 1  
81-54-24-306003-001-01 3 3122112ASILI                                           2   181  1812    0           2 1  0.52  9 9      118  160000 1  
29-95-19-426016-001-02 1 231  2 SASAMUA                                         2  4001   0    4001 240000 342 1    12  6 6     2700 1200000 2 4
29-95-19-426016-001-02 2 111  2 ZAMSI                                           1   201   0     201 120000 942 1    22  7 7     3780 1500000 2 4
29-95-19-426016-001-02 3 231  2 SASAMUA                                         2  1401   0    1401  84000 942 1  0.52  6 6     1980  880000 2 4
09-64-88-486017-001-01 1 111  2 MBEGU YA 770                                    1    31   0      31  24000 412 1  0.52  5 6      840  350000 1  
53-68-94-866018-001-01 2 111  12CHAPA TEMBO                                     1    21   0      21  24000 93151    12  7 7      720  360000 2  
53-68-94-866018-001-01 2 311  12NYAMWANGA                                       2   121   0     121  30000 43171    12  5 5       30   45000 2  
53-68-94-866018-001-01 2 321  12ASILI                                           2    11   0      11   2000 43121    12  7 7       10   20000 2  
53-68-94-866018-001-01 2 4121112ARUSHA                                          1   255   0     255   6000 93131 0.252  7 7       28   48000 2  
83-05-08-186036-001-01 2 111  2 MBEGU ZA ASILI                                  2   101  1012    0           2 1    22  6 6      500  200000 3  
10-14-55-396037-001-01 1 111  12DK 831                                          3   201  2013    0           131    212 6 6     1260  350000 1 2
10-14-55-396037-001-01 1 411  12JIPTA                                           3    51   513    0           111    212 7 7      200  200000 1 2
10-14-55-396037-001-01 2 111  2 DK 90-89                                        3    21   213    0           2 1 0.252  2 6      180   50000 1 2
10-14-55-396037-001-01 3 1122312DK 90-89                                        3   301  3013    0           171    119 6 6      504  140000 1  
10-14-55-396037-001-01 3 4122312JIPTA                                           3    61   613    0           111  2.512 7 7      200  200000 1  
12-59-79-526038-001-01 1 111  2 DIKEI 53                                        3  2.54 2.513    0           2 1 0.752  7 7      280   84000 1  
02-10-69-096039-001-01 1 111  2 MBEGU AINA YA DK                                1   101   0     101 1200001612 1    12  6 6      665  175000 2  
02-10-69-096039-001-01 2 111  2 MBEGU AINA YA DK                                1   101   0     101 1200001612 1    12  6 6      523  140000 2  
62-44-54-156040-001-01 1 111  2 MBEGU ZA KIENYEJI                               2    22   222    0           2 1    32  7 7      500  150000 1 2
69-16-29-086042-001-01 1 1121312KAJILI                                          3   361  3613    0           2 1  3.52  3 7      540  150000 1 2
69-16-29-086042-001-01 1 3221312ZKIENYEJI                                       2    24   242    0           2 1 0.2514 3 4      100  180000 1 2
69-16-29-086042-001-01 1 4121313KIENYEJI                                        2    34   0      34   2100 212 1    32  7 8      185   76500 1 2
69-16-29-086042-001-01 1 9221812MASASA                                          2    13   132    0           2 1  0.52  4 7      360   60000 1 2
69-16-29-086042-001-01 2 112232 KIENYEJI                                        2   101  1012    0           151    316 6 7      400  105000 1 2
42-91-10-706042-001-03 2 111  12MBEGU YA ASILI                                  2    12   122    0           2 1    12  7 8      540  270000 1  
42-91-10-706042-001-03 2 411  12MBEGU YA ASILI                                  2    12   122    0           2 1    12  6 7      240  168000 1  
51-02-45-506057-001-01 1 1123112MBEGU YA ASILI                                  2    51   512    0           2 1    12  4 7      350  300000 1  
51-02-45-506057-001-01 1 3123111MBEGU YA ASILI                                  2    21   0      21   4000 912 1  0.52  4 6       40   80000 1  
88-88-77-016074-001-01 1 311  12KIENYEJI                                        2   601  6012    0           2 1  1.52 12 1      400  400000 1 2
47-51-56-856075-001-01 1 111  12SEED CO                                         1   101   0     101  10000 422 1    22  7 7      660  190000 1 2
47-51-56-856075-001-01 1 311  12MAHARAGE YA NJANO                               1   501   0     501 120000 42171    212 6 7      250  260000 1 2
03-51-56-446076-001-01 1 312232 GOLOLI                                          2   201   0     201  20000 21181 0.2511 5 3       10   20000 1 2
04-11-05-776077-001-01 1 111  12SEEDCO                                          3   101  1013    0           2 1    22  6 6      450  125000 1 2
04-11-05-776077-001-01 1 311  12CHIGOMOKILE                                     2   601  6012    0           2 1    22  6 6      300  300000 1 2
90-51-97-206078-001-01 1 1122112SEEDCO                                          1    51   511    0           181    111 1 3      120   18000 1 2
90-51-97-206078-001-01 1 2221112BEGU YA KIENYEJI                                2   101  1012    0           2 1 0.252  3 4      120   18000 1 2
90-51-97-206078-001-01 1 2521112VIKWALA                                         2   501   0      0           2 1 0.252  5 4      150   21000 1 2
90-51-97-206078-001-01 1 3121112SOYA (KIGOMOKILE)                               1   201  2011    0           171    11212 1      180  180000 1 2
90-51-97-206078-001-01 1 9021112MBEBU YA KIENYEJI                               2 0.251   0      0           2 1 0.252  5 060      1    1000 1 2
97-93-22-896080-001-01 1 1121112MAHINDI                                         2  2.51 2.512    0           2 1  0.112 6 6       40    6000 1  
97-93-22-896080-001-01 1 3122112CHAKUPONZA                                      2   201  2012    0           2 1  0.112 6 6       50   50000 1  
69-83-52-176081-001-01 2 111  12SEEDCO                                          3    21   213    0           2 1    12  6 6      100   60000 1  
69-83-52-176081-001-01 2 311  12MAHARAGE MEUPE                                  2    41   412    0           2 1    12  5 5      150  150000 1  
69-83-52-176081-001-01 3 111  12SEEDCO                                          3    21   213    0           2 1    12  6 6       50   30000 1  
69-83-52-176081-001-01 3 311  12MAHARAGE MEUPE                                  2    31   312    0           2 1    12  5 5       50   50000 1  
23-11-44-096095-001-01 2 1122112MAHINDI                                         2    21   0      21   20001612 1  0.112 5 5       20   15000 1  
23-11-44-096095-001-01 2 2521112MAGIMBI                                         2   405  4052    0           2 22                               
23-11-44-096095-001-01 2 3122112MAHARAGE                                        2    21   0      21   30001612 1  0.112 5 5        6   12000 1  
23-11-44-096095-001-01 3 2521112MAGIMBI                                         2   905  9052    0           2 22                               
23-11-44-096095-001-01 3 312212 MAHARAGE                                        2    21   0      21   30001612 1  0.112 5 5        5   10000 1  
67-38-97-816096-001-01 1 252112 ASILI                                           2   201  2012    0           2 1  0.52  8 1      150   42000 5  
54-69-37-596097-001-01 1 311  12KIENYEJI                                        2    31   0      31   6000 91121 0.25151112        5   12500 1  
82-38-88-876099-001-01 1 2222112VIAZI VITAM                                     2    61   612    0           111  0.52  6 6      100   30000 1 2
82-38-88-876099-001-01 1 2521112MAGIMBI                                         2   101  1012    0           2 1  0.52  6 6      220   50000 1 2
11-28-10-276111-001-02 1 1123412SEEDCO                                          3    21   213    0           2 1 0.752  7 6       20    8000 2  
11-28-10-276111-001-02 1 3123412MEUPE                                           2   121  1213    0           2 1 0.752  6 6       60   36000 2  
54-19-44-176114-001-01 1 111  12MBEGU BORA                                      1    41   0      41  16000162131 0.372  5 5      120   25000 1 2
57-19-84-556118-001-01 1 111  12ASILI                                           2    41   412    0           2 1 0.872  6 6      108   36000 1  
57-19-84-556118-001-01 1 311  12ASILI                                           2    31   312    0           2 1 0.872  6 6       30   45000 1  
57-19-84-556118-001-01 2 111  2 ASILI                                           2    41   412    0           2 1  0.32  6 6      162   54000 1  
62-45-14-046130-001-01 2 111  12MBEGU YA ASILI YA MAHINDI                       2   401  4012    0           2 1    12  5 6      960  285000 1  
43-13-81-136131-001-01 2 121  2 KIENYEJI                                        2  2521 25212    0           2 1    82  6 7    10320 3096000 1  
99-47-59-376132-001-01 1 112312 KIENYEJI                                        2   121   0      0           2 1    22  5 5      480  120000 1  
99-47-59-376132-001-01 2 112232 KIENYEJI                                        2   241   0      0           1826                               
27-72-81-606133-001-01 1 111  2 KIENYEJI                                        2    51   512    0           2 1  0.52  6 6      216   60000 1 2
27-72-81-606133-001-01 2 111  2 KIENYEJI                                        2   101  1012    0           2 1  0.52  6 6      432  120000 1 2
27-72-81-606133-001-01 3 111  2 KIENYEJI                                        2    51   512    0           2 1  0.52  6 6      216   60000 1 2
22-70-22-956135-001-01 1 111  2 SEEDCO                                          1    71   0      71  12500 912 1  1.52  4 5      120   30000 1  
78-07-69-386137-001-01 1 501  2 PAMBA                                           2  1001   0    1001  70000 62141    119 6 6       24   28800 1 2
78-07-69-386137-001-01 2 221  2 MBEGU ZA KIENYEJI                               2  1201   0    1201  20000 212 1    52  3 7      320   80000 1 2
65-97-14-246149-001-03 3 111  2 NYANDI                                          2    31   312    0           2 1  0.52  5 5      120   36000 4 5
21-27-12-896155-001-01 2 431  12KIENYEJI                                        2   101  1012    0           2 1    12  5 7      120   60000 1  
76-95-55-866156-001-01 1 311  12WIFI NYEGERA                                    2    81   0      81   64001622 1  0.52  5 5       22   25000 1  
12-92-21-926171-001-01 1 312242 MEUPE                                           2    71   712    0           2 1 0.252  6 6       20   20000 2  
51-60-23-276171-001-03 1 311  2 MBEGU YA ASILI YA MAHARAGE                      2    71   712    0           161  0.119 6 6        2    4000 1  
03-70-85-496172-001-01 3 111  2 MBEGU BORA                                      1    61   0      61  42000161131    12  4 4      270   25000 1 7
84-90-20-916172-001-06 1 111  12ASILI                                           2    41   0      41   3500 41121    115 4 4       60   15000 1 2
84-90-20-916172-001-06 1 331  12ASILI                                           2    31   0      31   7500 412 1    115 3 4       10   30000 1 2
99-88-87-926174-001-01 4 111  2 SEEDECO                                         1    51   0      51   5500 412 1  0.72  3 4      240   70000 1 2
99-88-87-926174-001-01 5 111  12SEEDECO                                         1    71   0      71   8000 412 1 1.492  3 4      360  105000 1 2
47-39-58-576175-001-01 1 111  13ASILI                                           2    21   0      21   2000 412 1 0.292  6 6       54   18000 2  
47-39-58-576175-001-01 1 311  13ASILI                                           2    21   0      21   2000 412 1 0.292  6 5       40   40000 2  
31-00-34-196187-001-01 1 131  2 KIENYEJI                                        2   101  1012    0           2 1  2.52  6 6      480  240000 1 2
31-00-34-196187-001-01 2 131  2 KIENYEJI                                        2   201  2012    0           2 1    32  6 7     1200  600000 1 2
01-26-99-776188-001-01 1 131  2 ASILI                                           2   201  2012    0           2 1    22  6 6      600  300000 1  
51-98-37-196188-001-05 3 131  2 ASILI                                           2   151  1512    0           2 1  0.52  6 6      240  120000 1  
51-88-82-056189-001-02 4 111  12ASILI                                           2    61   612    0           2 1 0.752  4 5      120   35000 3  
51-88-82-056189-001-02 4 131  12ASILI                                           2    41   412    0           2 1 0.752  7 8       50   15000 3  
61-54-05-566193-001-01 1 132242 GATUKU                                          2   101  1012    51   5000 212 1    32  7 7      360  108000 1  
79-89-89-376194-001-01 1 131  12MBEGU YA ASILI YA MTAMA                         2    24   242    0           2 1  0.52  6 7      520  520000 1  
79-89-89-376194-001-01 2 121  2 MBEGU YA ASILI YA MPUNGA                        2    51   512    0           2 1  0.52  6 6      180   80000 1  
37-52-14-906195-001-01 4 311  2 MBEGU ZA KIENYEJI                               2   801   0     801  80000 42131    42  3 3      300   10000 1 2
37-52-14-906195-001-01 5 311  2 MBEGU ZA KIENYEJI                               2   201   0     201  20000 42131  0.52  3 3      100   10000 1 2
54-09-11-756208-001-01 1 1123112MBEGU YA ASILI YA MAHINDI                       2   251  2012    0           2 1    42  6 6     2000 1000000 1  
54-09-11-756208-001-01 1 2223112MBEGU YA ASILI YA VIAZI VITAMU                  2   401  4012    0           2 1    12  7 7      700  450000 1  
54-09-11-756208-001-01 1 311  12MBEGU YA ASILI YA MAHARAGE                      2  1001 10012    0           2 1    42  6 6     1000  600000 1  
99-49-58-426210-001-01 1 111  12SEEDCO                                          3    53   533    0           2 1    12  6 6      100   25000 1  
99-49-58-426210-001-01 1 311  12MAHARAGE YA NJANO                               2    51   0      51   5000 912 1    12  4 4       40   80000 1  
52-94-78-516210-001-03 1 111  2 MAHINDI                                         2    21   0      21   12001612 1  0.111 5 5       70   14000 1  
26-39-50-186210-001-04 1 1121112MBEGU ZA KIENYEJI                               2    11   112    0           2 1 0.162  5 5       18    3600 1 2
26-39-50-186210-001-04 1 2521112MAGIMBI                                         2   101  1012    0           2 1 0.162  8 8       30    9000 1 2
26-39-50-186210-001-04 1 3121112MANYORANI                                       2    31   312    0           2 1 0.162  1 1        5    2500 1 2
26-39-50-186210-001-04 2 1122112MBEGU ZA KIENYEJI                               2    41   412    0           151    12  5 6      150   30000 1 2
26-39-50-186210-001-04 2 3122112MANYURA                                         2   201   0     201  160001612 1  0.52  1 1       80   32000 1 2
12-12-01-706211-001-01 2 111  12ASILI                                           2    71   712    0           2 1  0.32  6 6       54   18000 1  
12-12-01-706211-001-01 2 311  12ASILI                                           2    51   512    0           2 1  0.32  6 6       50   25000 1  
34-04-89-696212-001-02 1 112282 ASILI                                           2    31   312    0           2 1  0.52  6 6      216   72000 2  
33-59-62-206213-001-01 2 311  2 MCHANGANYIKO                                    2   301  3012    0           2 1    12  6 6      140  126000 2  
83-63-10-666225-001-01 1 311  12MCHANGANYIKO                                    2    31   0      31   7500 912 1 0.252 12 1       40  100000 2  
95-07-03-496227-001-01 1 111  12SEEDCO                                          3    11   113    0           2 1  0.12  2 2       36   16000 1 2
95-07-03-496227-001-01 2 2221412MALANDO                                         2  2501 25012    0           2 1  0.32  5 7      150   45000 1 2
95-58-90-606229-001-01 2 312132 NJANO                                           2   201   0     201  20000 41171  0.212 6 6      100  100000 1  
31-43-47-486232-001-02 2 1122112SEED CO                                         1   101   0     101  400001612 1    22  7 7      120  120000 2 4
31-43-47-486232-001-02 2 311  12MAHARAGE YA NJANO                               1   301   0     301  450001612 1    12  7 7      300  540000 2 4
42-99-08-386244-001-01 1 311  12ACHA ASOME                                      2   201  2012    0           2 1    22  6 6       80   40000 1 2
42-99-08-386244-001-01 3 311  12MWACHE ASOME                                    2   401  4012    0           2 1    12  7 6      160   80000 1 2
05-51-75-156245-001-01 1 111  12MBEGU ZA KIENYEJI                               2   101  1012    0           2 1    22  2 3      840  210000 1 2
05-51-75-156245-001-01 1 2521112MBEGU YA KIENYEJI                               2    0    0      0           2 1 0.252  8 093  40000    6000 1 2
05-51-75-156245-001-01 1 2721112MBEGU ZA KIENYEJI                               2    11   0      11   1500 412 22                               
05-51-75-156245-001-01 1 311  12ROSE KUKU                                       1   101  1011    0           171 0.252  1 2      140  140000 1 2
05-51-75-156245-001-01 2 111  12MBEGU ZA KIENYEJI                               2   201  2012    0           2 1    22  2 3      480  120000 1 2
05-51-75-156245-001-01 2 2521112MBEGU ZA KIENYEJI                               2    0    0      0           2 1 0.252  2 093     20    3000 1 2
05-51-75-156245-001-01 2 311  12ROSE KUKU                                       1   201  2011    0           2 1    12  1 2      160  120000 1 2
09-68-04-756246-001-01 1 1122112MAHINDI                                         2   101  1012    0           2 1  0.52  7 7      210   65000 1  
09-68-04-756246-001-01 1 3122112MAHARAGE                                        2   401   0     401  80000 412 1  0.52  6 6       80   80000 1  
66-91-47-616247-001-01 1 312312 ASILI                                           2   301  3012    0           2 1    112 6 6      150  130000 1 2
61-92-53-506248-001-01 1 111  12MBEGU YA KIENYEJI                               2   101  1012    0           121    215 2 5      360   72000 1 2
54-85-24-906249-001-01 1 111  12SEED CO                                         1    41   0      41  13000161111    22  7 7      236   70000 1  
54-85-24-906249-001-01 1 311  12MAHARAGE                                        2   271   0     271  300001612 1    22  6 6      150  180000 1  
79-54-29-986250-001-01 1 2521112MAGIMBI                                         2  1205 12052    0           2 22                               
79-54-29-986250-001-01 1 3122112MAHINDI                                         2   201  2012    0           2 1  0.212 7 7      140   70000 1  
29-42-49-586251-001-01 1 311  12KANZALA KANATEMBEA                              2   203  1012    0           2 1    22  5 5      100  100000 1  
29-42-49-586251-001-01 1 431  12KARANGA NYEKUNDU                                2   103  1033    0           2 1    22  3 3      240  180000 1  
29-42-49-586251-001-01 2 111  12SEEDCO                                          3    83   833    0           2 1    22  6 6      200   96000 1  
29-42-49-586251-001-01 2 251  12MAGIMBI MEUPE                                   2   201  2012  1001      0 312 1    211 4 5      150  140000 1  
29-42-49-586251-001-01 2 311  12ROSE COCO                                       3   123  1233    0           2 1    22  4 4      100   60000 1  
83-23-74-006251-001-02 1 241  2 ASILI                                           2  3251   0    3251 130000 432 1   252  6 6    3600036000000 1  
42-21-30-216263-001-01 2 312212 MEGU YA KIASILI                                 2    51   512    0           131 0.2514 5 7       60   60000 1  
42-21-30-216263-001-01 3 111  12KIENYEJI                                        2    31   312    0           2 1  0.52  6 6      180   45000 1  
77-10-93-706264-001-01 1 1121112MAHINDI                                         2    51   512    0           2 1  0.52  7 7      350  157000 1  
77-10-93-706264-001-01 1 3121112MAHARAGE                                        2   121  1212    0           2 1  0.72  6 7      150  220000 1  
77-10-93-706264-001-01 1 4322112KARANGA                                         2   101  1012    0           2 1    12  6 7      170  170000 1  
77-10-93-706264-001-01 2 1122112MAHINDI                                         2    51   512    0           2 1  0.32  6 6      150   67500 1  
77-10-93-706264-001-01 2 311  12MAHINDI                                         2    41   412    0           2 1  0.52  6 7      150  180000 1  
69-12-72-796264-001-03 1 1122112MAHINDI                                         2    31   312    0           151  0.216 6 6       54   25000 1 2
69-12-72-796264-001-03 1 311  12MAHARAGE                                        2    71   712    0           171  0.312 6 6       70   55000 1 2
58-29-18-126265-001-01 1 1123112ASILI                                           2    51   512    0           2 1  0.52  6 9      360  126000 1 2
58-29-18-126265-001-01 1 3123112ASILI                                           2   201  2012    0           2 1  0.52  6 7      180  180000 1 2
56-37-50-426266-001-01 1 1122112MAHINDI                                         2    21   0      21   2000 422 1  0.112 3 3       60   12000 1 2
56-37-50-426266-001-01 1 2522112MAGIMBI                                         2   505  5052    0           2 22                               
56-37-50-426266-001-01 1 3122112MAHARAGE                                        2   201   0     201  40000 312 1  0.212 5 5      120  120000 1 2
25-91-76-286267-001-01 1 311  12MWANA ASOME                                     2    51   512    0           2 1  0.42  3 3      120   72000 1 2
82-70-52-526268-001-01 1 111  12NYANDI                                          1    21   211    0           2 1    22  6 7      120   60000 1 2
82-70-52-526268-001-01 1 2522112MBEGU ZA ASILI                                  2   201  2012    0           2 1  0.52  5 4       20    4000 1 2
82-70-52-526268-001-01 1 311  12KEKUNDU                                         1    81   811    0           2 1    214 6 6      120   72000 1 2
82-70-52-526268-001-01 1 4321112MBEGU ZA KIENYEJI                               2    41   412    0           2 1  0.52  7 7       40   40000 1 2
11-88-00-956269-001-01 1 111  12SEEDC                                           1    41   411    0           2 1    12  2 5      360  216000 1 2
11-88-00-956269-001-01 1 251  12KIENYEJI                                        2    0    0      0           2 22                               
11-88-00-956269-001-01 1 311  12KEKUNDU                                         2   241  2412    0           111    22 12 1      480  552000 2  
11-88-00-956269-001-01 1 8821112MBEGU YA KIENYEJI                               2    13   132    0           2 1 0.252 12 1       20   15000 1 2
11-88-00-956269-001-01 1 9121112KIENYEJI                                        2    13   132    0           2 1    12 10 1       30  200000 1 2
11-72-84-766270-001-01 1 111  12PANNA                                           3    41   413    0           2 1    12  5 5      300  108000 1  
11-72-84-766270-001-01 1 311  12MAHARAGE MEKUNDU                                2   101  1012    0           2 1    12  6 6      100   60000 1  
11-72-84-766270-001-01 2 311  2 MAHARAGE MEKUNDU                                2   101  1012    0           2 1    12  6 6      200  120000 1  
05-90-43-766304-001-01 1 121  2 MBEGU ZA ASILI                                  2    61   612    0           2 1  0.52  7 7      250  200000 2  
58-60-80-366304-001-03 1 122212 BIANA                                           2    91   912    0           2 1  0.52  5 5      200  140000 2  
22-39-67-026305-001-01 1 121  2 BARAMATA                                        1   101  1011    0           2 1 0.252  7 7      105  105000 1  
27-39-94-016307-001-01 2 121  2 BARAMATA                                        1   251  2511    0           2 1  0.52  7 8      140  140000 1  
59-09-89-426308-001-01 2 122212 BARAMATA                                        2   211  2112    0           2 1    12  6 6      200   40000 1  
74-65-42-856320-001-01 2 121  2 MBEGU ZA ASILI                                  2   201  2012    0           2 1  0.52  8 8      300  210000 1 2
74-65-42-856320-001-01 3 121  2 MBEGU BORA                                      1    51   0      51   25001932 1  0.52  7 7      350  245000 1 2
53-68-21-896322-001-01 1 121  2 SARO                                            1    31   311    0           2 1 0.252  7 8      120  180000 2  
51-65-66-406324-001-01 1 121  2 MBEGU YA RINGA                                  3   101  1013    0           2 1  0.52  7 7      120  180000 1 4
51-65-66-406324-001-01 2 121  2 MBEGU YA SARO                                   3    21   213    0           2 1  0.52  7 7      350  525000 1 4
20-56-10-126326-001-01 1 121  2 SARO                                            2  1.51 1.512    0           2 1 0.252  7 7      150  180000 3  
85-15-11-196341-001-01 1 221  2 MBEGU  YA MBATATA                               1   301   0     301  30000 712 1  0.52  3 8      300  150000 1  
69-68-49-176343-001-01 1 221  2 MBEGU ZA VIAZI                                  2   701   0      0           2 1  0.52  6 7      560  140000 2  
16-07-21-726368-001-01 1 121  2 SUPER BC                                        1   251   0     251  37500 922 1  0.52  7 7      400   40000 2  
98-46-77-536377-001-01 1 1121112ASILI                                           2    21   212    0           131 0.252 1010       50   20000 2  
55-16-39-246403-001-01 1 111  12ASILI                                           2    81   0      81   4000 212 1    22  5 5      480  120000 1  
55-16-39-246403-001-01 1 431  12ASILI                                           2    91   912    0           2 1    22  3 3      110   77000 1  
72-27-29-336415-001-01 1 112312 KIENYEJI                                        2   601  6012    0           151   102  5 6    11800 3000000 1  
72-27-29-336415-001-01 1 512112 BLAZIRI                                         1   365   0      0           171    512 2 4     2000 4000000 1  
08-84-14-216416-001-01 3 1123112MBEGU YA KIENYEJI                               2    12   122    0           2 1    62  3 6     3360 1050000 1  
08-84-14-216416-001-01 3 3121112MBEGU YA KITENGE                                2    12   122    0           2 1    12  1 2     1160 1740000 1  
08-84-14-216416-001-01 3 4321112MBEGU YA KIENYEJI                               2    52   522    0           2 1    12  2 4      500  300000 1  
08-84-14-216416-001-01 4 1123112MBEGU YA KIENYEJI                               2    42   422    0           2 1    52  1 6     1000  348000 1  
08-84-14-216416-001-01 4 431  12MBEGU YA KIENYEJI                               2    22   222    0           2 1    12  2 4      250  150000 1  
08-84-14-216416-001-01 5 121  2 SUPER                                           2    22   222    0           2 1    22  6 6     1440  360000 1  
22-51-85-316417-001-01 2 111  12MBEGU ZA KIENYEJI                               2    71   712    0           171  0.512 6 6      108   24000 1  
22-51-85-316417-001-01 2 3122312MAHARAGE YA NJANO                               2    41   0      41   8000 921725                               
74-44-49-986418-001-01 1 111  12KIENYEJI                                        2   201  2012    0           171    22  5 5      252   70000 1  
74-44-49-986418-001-01 1 311  12NJANO                                           2   101  1012    0           171    22  3 3       60   56000 1  
74-44-49-986418-001-01 1 431  122                                               2    41   0      41  10000161171    22  4 4       30   10000 1  
74-44-49-986418-001-01 2 111  2 MAHINDI                                         2    11   112    0           2 1  0.22  6 5      0.2    8000 1  
82-86-40-336419-001-01 1 111  13MBEGU YA ASILI                                  2    51   512    0           2 1    02  4 5      100   20000 1  
82-86-40-336419-001-01 3 111  13MBEGU YA ASILI                                  1   301  1012    0           2 1    214 4 5     2250  600000 1  
82-86-40-336419-001-01 3 2221112UPUNGUFU WA ARDHI                               2   201  2012    0           2 1    02  2 4       80   24000 1  
82-86-40-336419-001-01 3 3121113MBEGU YA ASILI                                  2    51   0      51  10000 412 1    02  2 2       10   10000 1  
52-47-45-236420-001-01 1 111  2 MBEGU YA ASILI YA MAHINDI                       2   181  1812    0           161    219 6 6      600  18000014  
52-47-45-236420-001-01 2 111  12MBEGU YA ASILI YA MAHINDI                       2   181  1812    0           2 1    32  7 7      500  15000014  
52-47-45-236420-001-01 2 351  12MBEGU YA ASILI YA DENGU                         2   201  2012    0           2 1    32  7 7      200  30000014  
52-47-45-236420-001-01 3 111  2 MBEGU YA ASILI YA MAHINDI                       2   181  1812    0           2 1    219 7 7      200   6000014  
03-85-03-216420-001-04 1 111  2 LUBANGO                                         3    31   313    0           2 1 0.252  4 4      130   37000 1  
03-85-03-216420-001-04 2 111  2 LUBANGO                                         2   161  1613    0           171  1.612 6 6      882  245000 1  
03-85-03-216420-001-04 2 351  2 DENGU                                           2   301  3012    0           2 1    22  8 8      840 1050000 1  
54-54-62-596420-001-07 1 111  12DENGU YA ASILI                                  2    81   0      81   5000 512 1    12  5 5      216   60000 1 2
54-54-62-596420-001-07 1 351  12MBEGU ZA ASILI                                  2   121  1212    0           2 1    12  9 9      480  680000 1 2
54-54-62-596420-001-07 2 111  12MBEGU ZA KIENYEJI                               2    81   0      81   5000 212 1    12  5 5      216   60000 1 2
54-54-62-596420-001-07 2 351  12MBEGU ZA KIENYEJI                               2   121  1212    0           2 1    12  9 9       48  680000 1 2
99-09-27-496421-001-01 2 111  2 SIMBA                                           3    22   223    0           121    32  5 5     3000  750000 1 2
10-43-69-506422-001-01 1 1121712MAHINDI                                         2   161  1612    0           131    42  5 5      180  450000 1 2
10-43-69-506422-001-01 2 122112 MPUNGA                                          2    52   522    0           1725                               
14-09-16-456435-001-01 1 121  2 SUPER                                           2    12   0      12   5000 212 1  0.42  5 6     1920  480000 1 2
08-23-57-496436-001-01 1 121  2 MBEGU YA ASILI                                  2   201  2012    0           2 1    02  5 5      675  270000 1 4
24-41-64-866439-001-01 1 121  2 SUPER TEMBO                                     2   161  1612    0           2 1    12  5 6     2400  750000 1 2
24-41-64-866439-001-01 2 121  2 SUPER TEMBO                                     2   161  1612    0           2 1    12  5 6     1248  390000 1 2
24-41-64-866439-001-01 3 121  2 SUPER TEMBO                                     2   161  1612    0           2 1  0.82  5 6     2112  660000 1 2
15-86-79-436454-001-03 2 111  2 SHTUKA                                          1    41   0      41  24000 93171  0.512 7 7      240   84000 1  
15-86-79-436454-001-03 3 111  2 KIENYEJI                                        2    21   212    0           2 1  0.52  6 6      120   30000 1  
52-82-89-256454-001-04 1 111  12KIENYEJI                                        2   201   0      0           2 1    22  5 6      420  105000 1  
52-82-89-256454-001-04 1 431  12KIENYEJI                                        2    61   0      0           2 1    22  4 6       96  120000 1  
27-55-74-036455-001-01 1 112132 ASILI                                           2   401  4012    0           2 1    62  4 5     1700  612000 1  
46-23-09-376456-001-01 2 1123412MERU                                            1    41   0      41  24000 922 1    12  6 7      360   90000 1  
46-23-09-376456-001-01 2 4323412KIENYEJI                                        2    41   412    0           2 1    12  5 6      420  150000 1  
68-19-41-436457-001-01 1 121  2 MBEGU ZA KIENYEJI                               2   201  2012    0           111    22  4 4     2100   35000 1  
68-19-41-436457-001-01 2 1121112MBEGU ZA KIENYEJI                               2   251  2512    0           131    32  6 6     1080   30000 1 7
80-69-29-256458-001-01 1 111  2 MBEGU YA ASILI                                  2    41   412    0           2 1  0.52  6 6      120   35000 1 2
80-69-29-256458-001-01 1 432112 MBEGU YA ASILI                                  2    11   112    0           2 1 0.252  6 6       45   15000 1  
80-69-29-256458-001-01 2 121  2 MBEGU YA ASILI                                  2   101  1012    0           2 1    12  6 6       90   35000 1  
72-31-74-166464-001-01 1 1122312TEMBO                                           1   601   0     601  960001612 1    62  7 7     1200  300000 1  
72-31-74-166464-001-01 1 4322312KIENYEJI                                        2   321   0     321  30000 212 1    62  7 8      756  126000 1  
41-72-19-886472-001-01 3 121  2 MBEGU YA ASILI YA MPUNGA                        2   221  2212    0           2 1    22  5 6     1350  750000 1 2
94-69-24-296473-001-01 1 111  2 KATUMBILI                                       3    11   113    0           2 1  0.52  5 4      120   30000 1  
94-69-24-296473-001-01 2 121  2 MAKOTI                                          2   101  1012    0           2 1  0.52  5 7      525  350000 1  
94-69-24-296473-001-01 3 111  2 ASILI                                           2    81   812    0           2 1  0.92  5 6      600  150000 1  
02-59-27-086474-001-01 2 111  2 MBEGU BORA                                      1    41   0      41  200001612 1  0.52  5 6      396   25000 1 2
96-57-53-186476-001-01 1 111  2 PIRIONEA                                        3    11   0      11    500 92131 0.252  5 5       75   24000 1 2
96-57-53-186476-001-01 2 1122112PIRIONEA                                        3   101   0     101   3500 922 1  1.22  5 5      150   42000 1 2
96-57-53-186476-001-01 2 4222112TUNDUSITA                                       2    51   512    0           2 1    12  4 4       25   45000 2 3
33-57-29-676477-001-01 1 111  2 ASILI                                           2    11   112    0           2 1  0.32  4 5       40   10000 1  
33-57-29-676477-001-01 2 121  2 SUPER KYELA                                     2   301  3012    0           2 1  1.52  5 6      900  600000 1  
33-57-29-676477-001-01 3 111  2 ASILI                                           2   201  2012    0           2 1  1.52  5 6     1440  360000 1  
97-99-78-086478-001-01 3 121  2 MBEGU ZA KIENYEJI                               2   201   0     201  15000 31171    112 4 4      200   50000 1 2
77-95-84-346478-001-03 1 111  2 PIONNER                                         1    41   0      41  32000 91151 0.7516 6 6     1800  450000 1  
75-95-85-696479-001-01 1 111  2 KIENYEJI                                        2    31   312    0           2 1  0.52  5 5      240   36000 1  
75-95-85-696479-001-01 2 111  2 KIENYEJI                                        2    81   812    0           2 1    22  5 5     3000  450000 1  
20-79-25-446479-001-03 1 111  2 MBEGU YA ASILI YA MAHINDI                       2   101  1012    0           2 1    22  5 6      600  150000 1 2
20-79-25-446479-001-03 2 121  2 MBEGU YA MPUNGA YA ASILI                        2   411  4112    0           2 1    22  5 6     1050   60000 1 2
64-41-75-296483-001-01 1 412212 KIENYEJI                                        2   151   0      0           2 1 0.122  5 5      540  180000 1  
64-41-75-296483-001-01 2 121  2 KIENYEJI                                        2   401   0     401  16000 212 1    12  6 6     3000 1200000 1  
64-41-75-296483-001-01 3 112212 KIENYEJI                                        2   151  1512    0           2 1  0.52  5 5     1800  630000 1  
71-76-36-556483-001-03 1 121  2 KIENYEJI                                        2   101   0     101   4000 212 1  0.52  6 6     1320  330000 1  
63-18-65-676492-001-01 1 111  13ASILI                                           2    51   512    0           2 1  0.52  4 5      216   60000 1  
63-18-65-676492-001-01 2 112212 ASILI                                           2   101  1012    0           131    214 4 5      216   60000 1  
03-33-67-136492-001-03 1 111  2 MBEGU ZA KIENYEJI                               2    41   0      41   8000 41131  0.52  5 5      144   35000 1 2
03-33-67-136492-001-03 2 111  12MBEGU ZA KIENYEJI                               2    21   0      21   4000 31131 0.252  5 5       54   35000 1  
75-84-54-756492-001-04 1 111  13ASILI                                           2    21   212    0           2 1 0.252  5 5      144   40000 1  
36-33-33-866493-001-01 1 111  12ASILI                                           2    51   512    0           2 1    12  5 6      600   30000 1  
36-33-33-866493-001-01 2 111  12ASILI                                           2    21   212    0           2 1 0.182  5 6       80   16000 1  
95-01-55-686496-001-01 2 111  12NDEFU                                           2   151  1512    0           2 1  1.52  5 5      720  180000 1 2
95-01-55-686496-001-01 2 311  12NJANO                                           2   301  3012    0           2 1  1.52  2 2      360  360000 1 2
27-59-11-206497-001-01 1 111  12KJENYEJI                                        2    81   0      81   3000 42131    12  5 5      400  100000 1 2
27-59-11-206497-001-01 1 311  12KIENYEJI                                        2   201   0     201  30000 422 1    12  4 4      200  200000 1 2
71-41-76-146510-001-01 1 111  12SEED CO                                         3    31   313    0           2 1  0.52  6 6      110   35000 1 2
71-41-76-146510-001-01 1 311  12MAHARAGE                                        2   151  1512    0           2 1  0.52  5 5       40   45000 1 2
71-41-76-146510-001-01 4 1122112SEED CO                                         3    51   513    0           2 1    22  6 6      250   57000 1 2
71-41-76-146510-001-01 4 311  2 MAHARAGE                                        2    82   822    0           2 1    42  6 6      900  900000 1 2
71-41-76-146510-001-01 4 3421112MBAAZI                                          1    13   132    0           2 1  0.52  5 5       40   52000 1 2
51-46-98-396510-001-03 1 111  2 DK                                              3    11   113    0           2 1  0.22  5 5      136   37500 1  
51-46-98-396510-001-03 2 111  12DK                                              3    21   213    0           2 1 0.252  5 5      180   50000 1  
51-46-98-396510-001-03 2 311  12NJANO                                           2    51   512    0           2 1 0.252  3 3       20   20000 1  
51-46-98-396510-001-03 3 111  12DK                                              3    13   133    0           2 1 0.182  5 5       20    5000 1  
51-46-98-396510-001-03 3 431  12NYEKUNDU                                        2    91   0      91  13500 212 1 0.182  4 4      145   65000 1  
35-01-19-396512-001-01 1 431  12KARANGA                                         2   181   0     181  60000 412 1    12  5 5      210  168000 1 2
35-01-19-396512-001-01 2 111  2 BORA                                            2   181  1812    0           2 1    22  5 5     1260  350000 1 2
47-74-89-626513-001-01 1 111  2 ASILI                                           2    31   312    0           2 1  0.52  5 6      320   35000 1  
29-16-28-356515-001-01 1 111  2 MBEGU ZA KIENYEJI                               2    21   0      21   5000 41181 0.122  5 5       36   35000 1 2
29-16-28-356515-001-01 4 111  2 MBEGU ZA KIENYEJI                               2   101   0     101  15000 41181    12  5 5      324   35000 1 2
96-44-09-556517-001-01 1 111  12MBEGU YA ASILI YA MAHINDI                       2    51   512    0           171    12  6 6      300   90000 1  
96-44-09-556517-001-01 1 311  12MBEGU YA ASILI YA MAHARAGE                      2   101  1012    0           171    12  6 6      120  120000 1  
96-44-09-556517-001-01 2 111  12MBEGU YA ASILI YA MAHINDI                       2   201  2012    0           2 1    22  7 7    30000  900000 1  
96-44-09-556517-001-01 2 311  12MBEGU YA ASILI YA MAHARAGE                      2   451  4512    0           2 1    22  7 7      700  980000 1  
96-44-09-556517-001-01 3 1122112MBEGU YA ASILI YA MAHINDI                       2   601  6012    0           2 1    12  6 7    16000 4800000 1  
96-44-09-556517-001-01 3 1222112MBEGU YA ASILI YA MAHINDI YA MPUNGA             2  1301 13012    0           2 1    12  5 6     3200 4800000 1  
96-44-09-556517-001-01 4 121  2 MBEGU YA ASILI YA MPUNGA                        2   651  6512    0           2 1    12  6 6     1600 2400000 1  
96-44-09-556517-001-01 5 111  2 MBEGU YA ASILI YA MAHINDI                       2   201  2012    0           2 1    12  6 7      800  240000 1  
65-10-31-756519-001-01 1 111  2 MBEGU BORA ZILIZOTUMIKA                         3    21   213    0           2 1 0.272  6 6       90   17500 1  
65-10-31-756519-001-01 2 111  2 MBEGU BORA ZILIZOTUMIKA                         3    51   513    0           2 1    12  6 6      216   42000 1  
55-33-74-886534-001-01 1 112342 ASILI                                           2   101  1012    0           2 1    12  5 5      360  130000 1  
58-19-43-556535-001-01 1 871  2 MBEGU YA ASILI YA NYANYA                        2    21   212    0           131  0.212 4 4       30   21000 1 2
09-65-95-536551-001-01 1 111  13ASILI                                           2    71   712    0           2 1  0.52  4 5      216   60000 1  
09-65-95-536551-001-01 1 311  13ASILI                                           2    41   412    0           2 1  0.52  3 3       40   40000 1  
09-65-95-536551-001-01 3 121  2 KIENYEJI                                        2   261  2612    0           1725                               
37-90-35-556556-001-01 1 111  2 MBEGU ZA KIENYEJI                               2    41   412    0           161  0.52  4 4      270   36000 1  
36-93-31-666567-001-01 1 112312 MBEGU YA ASILI                                  2   151  1512    0           2 1    42  6 6     2160  480000 1 2
36-93-31-666567-001-01 1 122312 MBEGU YA ASILI                                  2   781  7812    0           2 1    52  6 6     3120 1440000 1 2
32-17-02-116568-001-01 1 112132 PUNDAMILIA                                      1    71   0      71  12000161171    312 4 4       60   21000 4  
32-17-02-116568-001-01 1 122132 KIENYEJI                                        2   401   0     401  24000 912 1    32  5 5     1800  540000 4  
91-18-16-936568-001-14 1 121  2 ASILI                                           2   391  3912    0           2 1  2.52  5 6     2106  972000 1  
91-18-16-936568-001-14 2 111  2 ASILI                                           2    51   512    0           2 1  0.52  5 6      324   72000 1  
97-15-23-636569-001-01 3 1121112MBEGU YA ASILI YA MAHINDI                       2   201   0     201  10000 412 1    32  6 6     1200  300000 1  
97-15-23-636569-001-01 3 121  2 MBEGU YA ASILI YA MPUNGA                        2   801  8012    0           2 1   172  5 7     6880 3612000 1  
97-15-23-636569-001-01 3 3121112MBEGU YA ASILI YA MAHARAGE                      2   121  1212    0           2 1    32  6 6      100   75000 1  
97-15-23-636569-001-01 3 4321112MBEGU YA ASILI YA KARANGA                       2    51   512    0           2 1    32  5 5       20   40000 1  
92-89-34-776570-001-01 1 112172 MBEGU ZA KISASA                                 1   101   0     101  46000162131    12  6 6      864   30000 1 2
92-89-34-776570-001-01 2 121  2 MBEGU ZA KIENYEJI                               2   301  3012    0           111    32  4 4     3330   37000 1 2
42-46-06-766572-001-01 1 112212 SEEDCO                                          3    22   223    0           2 1   102  6 6      800  288000 1  
42-46-06-766572-001-01 2 122212 KALAMATA                                        3    15   153    0           2 1   102  4 5     5250 2940000 1  
24-34-12-726572-001-06 1 111  2 MAHINDI                                         2    32   322    0           121    915 5 6     2900  696000 1  
24-34-12-726572-001-06 2 121  2 MPUNGA                                          2    25   252    0           111    52  5 6     2100  900000 1  
56-84-52-726574-001-01 2 121  2 SUPER                                           2   161  1412    0           2 1  2.72  4 5      150   35000 1  
56-84-52-726574-001-01 3 111  2 ASILI                                           2    21   212    0           2 1 3.782  4 5      480   35000 1  
56-84-52-726574-001-01 4 121  2 SUPER                                           2   221  2212    0           2 1    22  4 5     1500   35000 1  
43-24-92-926577-001-01 1 1122412BUNANE                                          2   101  1012    0           2 1    52  5 5      960  240000 1  
43-24-92-926577-001-01 1 3121412NYEUPE                                          2   201  2012    0           171    52  3 3       40   40000 1 5
43-24-92-926577-001-01 1 4321412KARANGA KIENYEJI                                2    51   512    0           2 1  2.52  3 3       60  150000 1  
43-24-92-926577-001-01 2 122272 KARAMATA                                        2   401  4012    0           2 1    82  6 6      320  168000 1 5
07-75-47-366577-001-02 1 1121112SEEDCO                                          3    21   213    0           2 1    12  4 4      720  180000 1 2
07-75-47-366577-001-02 1 1223112SINDANO                                         2   541  5412    0           2 1    22  5 5      480  252000 1 2
07-75-47-366577-001-02 1 3121112NYEUPE                                          2    81   812    0           2 1    12  3 3       80   40000 1 2
93-19-95-836577-001-03 1 111  12ASILI                                           2   101  1012    0           2 1    22  3 4     1200   35000 1  
93-19-95-836577-001-03 1 4322112ASILI                                           2   101  1012    0           2 1  1.52  3 4      100   70000 1  
93-19-95-836577-001-03 2 111  2 ASILI                                           2    41   412    0           2 1  0.52  3 4      520   35000 1  
93-19-95-836577-001-03 3 121  2 ASILI                                           2   301  3012    0           2 1    12  4 5     1725   35000 1  
32-45-09-376586-001-01 1 111  12YA KIENYEJI                                     2    61   612    0           2 1  0.52  5 5       60   30000 2  
32-45-09-376586-001-01 1 311  12MEKUNDU                                         2    51   512    0           2 1  0.52  4 4       60   45000 2  
32-45-09-376586-001-01 2 111  12NDEFU                                           2    51   512    0           111    12  5 5       60   21000 1 2
32-45-09-376586-001-01 2 2221412WATOTO WA SHULE                                 2    25   0      0           2 1 0.252  5 7      110   15000 2 7
32-45-09-376586-001-01 2 311  12NYEKUNDU                                        2   101  1012    0           151    12  4 5       30   35000 2  
32-45-09-376586-001-01 2 371  12NJEGERE                                         2    51   0      0           2 1    12  5 5       20   15000 2  
80-93-26-966590-001-01 3 111  12KIENYEJI                                        2   101   0      0           2 1    112 4 4      360  126000 1 2
80-93-26-966590-001-01 3 311  12KIENYEJI                                        2    51   0      0           2 1    112 6 6       60   63000 1 2
92-71-85-296592-001-01 1 111  12ASILI                                           2   151  1512    0           2 1    12  4 5      100   50000 1  
92-71-85-296592-001-01 2 111  2 ASILI                                           2   101  1012    0           2 1    12  4 5       30   30000 2  
92-71-85-296592-001-01 3 111  2 ASILI                                           3   101  1012    0           2 1    22  4 5       80   40000 1  
62-76-44-946593-001-01 1 311  12ASILI                                           2    41   412    0           2 1  0.52  7 7       40   80000 1  
88-82-06-536594-001-01 1 111  12PANAR                                           1    21   0      21  120001612 1  0.52  6 6      100   35000 1  
88-82-06-536594-001-01 2 111  12PANAR                                           1  1.31   0    1.31   90001612 1  1.32  6 6       60   21000 1  
88-82-06-536594-001-01 2 311  12KIENYEJI                                        2    21   0      21   3000 412 1  1.32  7 7       20   11000 1  
78-28-57-686605-001-01 1 111  12ASILI                                           2    11   112    0           2 1  0.52  5 5      220   35000 1  
78-28-57-686605-001-01 2 111  2 ASILI                                           2    41   412    0           2 1    12  5 6      480   35000 1  
72-27-12-346606-001-01 1 111  12MBEGU BORA                                      1    21   0      21  12000161181 0.242  5 5      108   30000 1 2
72-27-12-346606-001-01 3 111  12MBEGU BORA                                      1    61   0      61  36000161181 0.722  5 5      432   30000 1 2
72-27-12-346606-001-01 4 111  12MBEGU BORA                                      1   101   0     101  60000161181    12  5 6      648   30000 1 2
08-61-87-736607-001-01 1 111  12MBEGU AINA YA PAN                               1    51   0      51   3500 41141  0.314 5 5       40   11000 1  
08-61-87-736607-001-01 1 311  12MBEGU YA ASILI YA MAHARAGE                      2    51   0      51   3100 412 24                               
08-61-87-736607-001-01 3 111  12MBEGU YA ASILI YA MAHINDI                       2    51   0      51   2800 412 1  0.52  6 6       60   16500 1  
08-61-87-736607-001-01 3 311  12MBEGU YA ASILI YA MAHARAGE                      2    51   0      51   3800 412 1  0.52  6 6       80   95000 1  
62-43-05-956607-001-02 1 111  13ASILI                                           2  1.51   0    1.51   1500 412 1 0.252  6 6       30    7000 1  
62-43-05-956607-001-02 1 311  13ASILI                                           2    21   212    0           2 1 0.252  3 3      4.5    6500 1  
62-43-05-956607-001-02 1 341  13ASILI                                           2    21   0      21   1500 422 1 0.252  8 8       10    5000 1  
62-43-05-956607-001-02 1 431  13ASILI                                           2    31   312    0           2 1 0.252  5 5      1.5    2500 1  
62-43-05-956607-001-02 2 111  2 ASILI                                           2 10.51   0   10.51   7000 412 22                               
49-08-77-446608-001-01 1 111  12SEEDCO                                          3    91   0      91   72001622 1  0.52  4 4      280  105000 1  
49-08-77-446608-001-01 1 311  12NJANO                                           2    41   412    0           2 1  0.52  3 3       40   48000 1  
49-08-77-446608-001-01 1 3421412KIENYEJI                                        2  1.51 1.512    0           2 1 0.022  8 8       20   40000 1  
49-08-77-446608-001-01 3 1123112PANA                                            3   201  2013    0           2 1    22  4 4      700  262500 1  
49-08-77-446608-001-01 3 311  12NJANO                                           2   271  2712    0           2 1    22  6 6      140  182000 1  
49-08-77-446608-001-01 3 432112 PENDO                                           2   241  2412    0           2 1    12  5 5       84  140000 1  
09-64-72-226608-001-05 1 111  2 KIENYEJI                                        2    51   0      0           1323                               
83-54-05-596608-001-06 1 111  12DK                                              1    91   0      91  30000 922 1    32  5 5      900  270000 1 2
83-54-05-596608-001-06 1 431  12KABOLA                                          1    91   0      91  18000 922 1    32  3 3      175  140000 1 2
83-54-05-596608-001-06 2 111  12DK                                              2    31   0      31   6000 932 1    12  5 5      300   90000 1 2
83-54-05-596608-001-06 2 431  12KABOLA                                          1    21   0      21   4000 932 1    12  3 3       50   40000 1 2
78-81-71-506608-001-08 1 111  13ASILI                                           2    11   112    0           2 1 0.232  5 5       54   18000 1  
78-81-71-506608-001-08 1 311  13ASILI                                           2    11   112    0           2 1 0.232  5 5       60   72000 1  
78-81-71-506608-001-08 2 111  13ASILI                                           2    21   212    0           2 1  0.52  6 6      324  108000 1  
78-81-71-506608-001-08 2 341  13ASILI                                           2    21   212    0           2 1  0.52  6 6      180  100000 1  
71-87-57-156609-001-01 1 111  12MBEGU YA ASILI YA MAHINDI                       2    51   512    0           131  0.514 6 6       80   60000 1  
71-87-57-156609-001-01 2 111  2 MBEGU YA ASILI YA MAHINDI                       2    61   612    0           2 1  0.52  6 7      100   35000 1  
29-94-20-906610-001-01 1 311  2 MORO                                            2  4.51 4.512  4.51  12500 412 1 0.252  3 3       50   35000 1 2
29-94-20-906610-001-01 3 111  2 NDEFU                                           2  1.51 1.512    0           2 1 0.252  3 4       40   10000 1 2
44-75-42-746611-001-01 2 111  2 KIENYEJI                                        2    71   712    0           131  0.42  5 5       50   14000 1  
19-89-88-006612-001-01 2 111  2 MBEGU YA ASILI                                  2  1.51   0    1.51   1500 432 1 0.212  5 5      108   30000 1  
80-62-36-736624-001-01 1 111  2 ASILI                                           2    21   0      21   1000 412 1 0.252  6 6       72   24000 1  
14-86-77-336628-001-01 1 311  12KIENYEJI                                        2    31   312    0           2 1 0.252  5 6       30   60000 2  
14-86-77-336628-001-01 2 111  2 KIENYEJI                                        2  2.51 2.512    0           2 1 0.252  4 5       50   25000 1  
92-45-77-356629-001-01 1 111  2 ASILI                                           2    11   112    0           2 1  0.32  5 6      200   35000 1  
92-45-77-356629-001-01 2 111  12ASILI                                           2  2.51 2.512    0           2 1    12  5 6      420   35000 1  
70-18-79-876631-001-01 1 311  2 MBEGU YA ASILI YA MAHARAGE                      2   101   0     101   4000 211725                               
70-18-79-876631-001-01 3 111  12MBEGU YA ASILI YA MAHINDI                       2    41   412    0           131  0.42  5 5      180   60000 1  
31-39-32-156647-001-01 1 1121112MBEGU ZA KIENYEJI                               3    11   113    0           2 25                               
31-39-32-156647-001-01 1 311  12MAHARAGE MEKEUNDU                               3    11   113    0           2 1  0.112 3 3        2    4000 1  
69-54-89-686648-001-03 1 1122112HYBRID                                          1    41   0      41  24000 912 1 0.2512 3 4       40   40000 3  
26-99-67-446649-001-01 1 311  2 KIENYEJI                                        2    21   212    0           2 1  0.12  7 7       10    5000 1  
26-99-67-446649-001-01 2 111  12SEEDCO                                          1    41   0      41  240001622 1  0.211 8 8      120   30000 1  
26-99-67-446649-001-01 2 411  12KIENYEJI.                                       2   101  1012    0           2 1  0.211 9 9      100   60000 1  
14-03-63-516650-001-01 1 311  12MCHANGANYIKO                                    2    41   0      41   6000 52121  0.115 7 7       20   30000 1 2
14-03-63-516650-001-01 2 111  12KISASA                                          1    21   0      21  120001621826                               
14-03-63-516650-001-01 2 411  12KIENYEJI.                                       2    11   0      11      0 211326                               
14-03-63-516650-001-01 2 431  12KIENYEJI.                                       2    31   0      31   60001621826                               
59-89-96-376681-001-01 1 1122112MBEGU YA STUKA                                  1  1201   0    1201  200001612 1    12  7 8     1000  400000 1  
59-89-96-376681-001-01 1 311  12MBEGU YA COMBAT                                 1   161   0     161  40000161161    112 7 8       95  170000 1  
87-52-69-726683-001-01 1 111  12TITO KUBWA                                      2    61   612    0           2 1    111 7 7      350  105000 1 2
87-52-69-726683-001-01 1 311  12SOYA                                            2   161  1612    0           2 1    111 7 7       32   70000 1 2
87-52-69-726683-001-01 2 111  12TITO                                            2   401  4012    0           2 1  8.52  7 7     5000 1500000 1 2
87-52-69-726683-001-01 2 3321412ASILI                                           2    41   412    0           2 1    22  6 6      252  252000 1 2
51-83-22-176684-001-01 2 111  12KANYANI                                         2   101  1012    0           2 1    22  6 6     7200  720000 1 2
51-83-22-176684-001-01 2 3121112SOYA YA NJANO                                   1   101   0     101  10000 41131  0.52  7 7       20   40000 1 2
51-83-22-176684-001-01 3 111  2 KANYANI                                         2    51   512    0           2 1    12  6 6     1200  420000 1 2
51-83-22-176684-001-01 4 111  2 KANYANI                                         2   341  3012    41  480001612 1    72  7 7     3360 1008000 1 2
57-83-63-176686-001-01 1 111  12SEEDCO                                          1    41   0      41  240001642 1  0.111 7 7       40   10000 1  
57-83-63-176686-001-01 1 321  12KIENYEJI                                        2    51   0      51   5000 512 1  0.111 6 6       40   20000 1  
57-83-63-176686-001-01 1 331  12KIENYEJI                                        2    41   0      41   8000 512 1  0.111 6 6       20   40000 1  
57-83-63-176686-001-01 2 111  2 SEEDCO                                          1    41   0      41  48000164151  0.52  6 6      960  240000 1  
76-24-20-646688-001-01 2 111  2 TUMBILI                                         1    41   0      41  26000161121  1.52  9 9     1080  360000 1  
18-01-61-836700-001-01 1 251  2 KIENYEJI.                                       2  1001 10012    0           2 1  0.22  9 9      140   28000 1  
18-01-61-836700-001-01 2 111  2 KISASA                                          1    21   0      21  12000 522 1  0.214 8 8      240  180000 1  
26-96-01-746706-001-01 1 111  12DKEI                                            1    11   0      11   6000 922 1    12  1 1       72   32000 1  
26-96-01-746706-001-01 1 251  12ASILI                                           2   601  6012    0           2 1 0.252  6 7       75   15000 1  
26-96-01-746706-001-01 1 311  12MWANAMKE MWEMA                                  2    41   0      41   8000 412 1    12 1010       44   36000 1  
84-59-97-106720-001-01 2 111  2 PAYONIA                                         1    51   0      51  150001612 1 0.2519 910     1800  135000 1  
35-74-20-296722-001-01 1 1121812DK 89                                           1    21   0      21  120001622 1 0.252  9 9      108   48000 1  
35-74-20-296722-001-01 1 3121812NYEKUNDU                                        2    21   0      21   2600 522 1 0.252  6 6       40   40000 1  
14-77-09-086723-001-01 1 111  12SEED CO                                         1    21   0      21  140001642 1  0.119 8 8      120   48000 1  
14-77-09-086723-001-01 1 311  12DAMU MZEE                                       2    31   0      31   70001622 1  0.112 8 8       20   35000 1  
92-19-80-246724-001-02 1 111  12PANA                                            1    41   0      41  30000 912 1  1.52  8 8      864  480000 2  
92-19-80-246724-001-02 1 311  12ASILI                                           2   161   0     161  41600 912 1  1.52  8 8      180  600000 2  
43-31-36-036738-001-01 1 312112 CANADA                                          1    41   0      0           2 1 0.252  9 9       50   90000 1  
72-04-45-836738-001-02 1 1121112PANA                                            1    21   0      21   20001612 1 0.252  8 8      360  180000 1 2
73-10-24-176739-001-02 2 111  12PUNDAMILIA                                      1   101   0     101  62500164151    116 9 9      480  120000 2 3
73-10-24-176739-001-02 2 311  12BUKOBA                                          2    81   812    0           151  0.516 7 7       60  108000 2 3
51-44-38-206740-001-01 1 311  2 BUKOBA                                          2    15   152    0           2 1  0.52  8 8       40   40000 1  
49-49-65-836741-001-01 2 111  2 SIDOCO                                          1    81   0      81  48000 932 1 0.752  8 8      540  450000 1  
73-80-63-696744-001-01 4 311  2 BUKOBA                                          2   251  2513    0           2 1    12  8 8     2880  400000 1 2
70-73-79-516745-001-01 1 311  12SOYA                                            3   201  2013    0           121  0.5151010       20   10000 1 2
70-73-79-516745-001-01 2 1121112PUNDAMILIA                                      1    41   0      41  24000164121  0.215 8 9      100   35000 1 2
70-73-79-516745-001-01 2 3121111SOYA                                            1    51   0      51   8000161121  0.215 6 6        8   16000 1 2
90-88-19-106778-001-01 2 121  2 SARO                                            3   201  2013    0           2 1    12  7 7     2400 1440000 1  
01-42-95-746795-001-01 2 112182 SIMBA                                           1    61   0      61  33000 912 1  0.32  8 8      108   45000 1 2
54-22-97-326797-001-01 1 111  2 SIDICO                                          3    61   613    0           2 1    112 9 9       25   10500 1  
66-84-66-136798-001-01 1 111  2 MBEGU YA DK                                     1    31   311    31  360001612 1  1.52  7 7      100   30000 1  
58-57-11-796799-001-01 1 111  12DK777                                           1   101   0     101  60000 93141    12  8 8     1800  750000 1 2
58-57-11-796799-001-01 1 311  12SOYA NJANO                                      1   201   0     201  40000 932 1    12  6 6      390  450000 1 2
58-57-11-796799-001-01 2 111  12HYBEAD                                          1    61   0      61  36000 93121    22  9 9      760  400000 1 2
58-57-11-796799-001-01 2 311  12ROSE KOKO                                       1   101   0     101  40000 93121    22  7 7      260  280000 1 2
44-13-78-446801-001-01 1 1122112KITALI                                          1   401   0     401  40000 212 1    22  8 9      560  240000 3  
31-28-73-836802-001-01 2 1123812SEEDCO                                          1    61   0      61  23000 91151    22  9 9      594  330000 1  
31-28-73-836802-001-01 2 3123812KARIAS                                          2   201   0     201  20000 512 1  0.511 6 6       50   75000 1  
85-23-86-976802-001-02 1 111  2 HYBREED                                         1    81   0      81  480001612 1  0.519 8 8      600  250000 1  
50-00-81-786833-001-01 1 111  12ASILI                                           2    11   0      11   2500 42131    12  7 7       60   90000 1  
50-00-81-786833-001-01 1 431  12KUBORESHA                                       1   101  1012    0           2 1    12  8 8      168  420000 1  
17-74-85-106835-001-01 1 431  2 KARANGA NYEKUNDU                                3   101  1013    0           2 1    12  6 6       40   40000 2  
82-57-40-446836-001-01 1 121  2 UREA                                            3    51   0      51   25001942 23                               
41-17-69-736838-001-01 3 121  2 IRI                                             2    21   212    0           111 0.252  6 6      100  160000 1  
27-51-88-026840-001-01 1 111  12MBEGU ZA ASILI                                  2  1.51   0    1.51   6000 212 1 0.252 1212      150  105000 1 2
27-51-88-026840-001-01 1 4321712NJUGU NYASA                                     2    51   512    0           2 1 0.252 1212      200  240000 1 2
53-89-26-216856-001-01 1 322132 MBEGU NYEUSI                                    2    11   112    0           2 1 0.2514 5 5       10   20000 1  
47-87-67-896872-001-01 2 121  2 BARAMATA                                        3   151   0     151   30001912 1    12  7 8      150  150000 3  
15-81-85-386874-001-01 1 121  2 RINGA NA PAULINA                                2   251  2512    0           1122                               
56-38-85-256875-001-01 1 121  2 KIA NENE                                        2   241  2412    0           2 1 0.252  5 5      100  100000 1  
56-38-85-256875-001-01 2 121  2 BARA MATA                                       1   181   0      0           2 1 0.252  5 5       75   75000 1  
67-50-49-396878-001-02 1 121  2 RINGA                                           2   211  2113    0           2 1  0.52  6 6      350  539000 2  
67-50-49-396878-001-02 2 121  2 RINGA                                           2   181  1813    0           2 1  0.52  6 6      300  462000 2 5
10-69-53-456888-001-02 1 111  2 MBEGU BORA                                      1    11   0      11   7000 412 1  0.32  5 5       72    5000 2  
65-82-46-026890-001-01 1 111  2 TUMBILI                                         1    21   0      21  14000 422 1    12  6 6      150   48000 1  
71-69-22-916893-001-01 1 112312 MBEGU YA ASILI                                  2   101  1012    0           2 1    12  6 6      324   90000 1 2
71-69-22-916893-001-01 1 312112 NYEKUNDU                                        2    21   0      21   4000 522 1 0.252  5 5       40   80000 1 2
11-93-82-766894-001-02 2 121  2 CHEUSI NA KIARA KONDOO                          2   381  3812    0           2 1  1.52  5 6      550  495000 1 2
25-16-88-576909-001-01 1 422112 MBEGU YA LIENDELE                               1    11   0      11   1000 412 1  0.52  4 4      100  150000 1  
25-16-88-576909-001-01 3 421  2 MBEGU YA LIENDELE                               1  0.51   0    0.51   1000 412 25                               
69-09-51-686910-001-01 1 422132 MALADA                                          2    11   0      11   2000 412 1    12  5 5      150  285000 1 2
69-09-51-686910-001-01 3 121  2 ALFA                                            2   201  2012    0           121    115 5 6      300  187500 1 2
38-40-83-556911-001-01 1 112132 KIENYEJI                                        2    11   0      0           2 1 0.252  6 6      100   50000 1  
38-40-83-556911-001-01 1 422132 KAHAWIA                                         2 0.2510.2512    0           2 1 0.252  5 6       70  105000 1  
67-09-23-976911-001-02 1 111  2 MBEGU NDOGO                                     2   101   0     101   7500 92171    317 5 5      100   50000 1 2
67-09-23-976911-001-02 1 131  12KIENJEYEJI MANYOYA                              2    11   0      11   5000 42171    312 5 5       40   80000 1 2
67-09-23-976911-001-02 1 421  12KIENYEJI                                        2   201  2012    0           2 1    32  6 6      400  400000 1 2
33-10-71-266915-001-01 1 4222112KIROBA                                          2    11   112    0           131    114 4 5       80  160000 1 2
56-21-00-906916-001-01 1 111  2 SELENA                                          2    31   312    0           2 1    114 4 4        5    2500 1  
56-21-00-906916-001-01 1 422112 MBEGU YA KIENYEJI                               2    11   0      11   10001612 1    12  5 5       50   75000 1  
68-33-35-376919-001-01 1 1221112MBEGU YA ALPHA                                  2    41   0      41   4000 21121  1.52  3 3      150  225000 1 2
68-33-35-376919-001-01 1 1321112MBEGU ZA KAWAIDA                                2    61   612    0           2 1  1.52  4 4       50   62500 1 2
68-33-35-376919-001-01 1 3221112MBEGU ZA KAWAIDA                                2    11   112    0           121  1.52  6 6       25   20000 1 2
01-47-28-756928-001-01 3 131  2 MBEGU ZA ASILI                                  2    21   212    0           121    32  7 8      150   90000 1 2
01-47-28-756928-001-01 49981  2 MBEGU YA HAMADI RASHIDI                         2   501  5012    0           151    12  8 8      100   20000 1 2
72-25-82-386930-001-01 2 191  2 MBEGU YA KIENYEJI                               2    51   512    0           2 1  0.52  2 4      100  120000 1  
72-25-82-386930-001-01 3 132212 MBEGU YA KIENYEJI                               2    41   412    0           121    12  6 6      120   60000 1  
72-25-82-386930-001-01 3 422212 SELENA                                          2    11   112    0           121    12  5 5       65   84500 1  
06-76-01-176931-001-01 1 421  2 UFUTA                                           2    21   212    0           131    214 5 7      150  255000 1 2
06-76-01-176931-001-01 2 131  2 MTAMA                                           2    81   812    0           121    115 6 7      280   98000 1 2
70-02-66-386931-001-04 1 132212 MBEGU YA KAWAIDA                                2    21   212    0           131    12  8 8      150  150000 1 2
99-84-80-486932-001-01 2 132132 MKUBWA                                          2  2.51   0      0           111    12  8 8      300  150000 1 2
99-84-80-486932-001-01 2 222112 KAROTI                                          2  1001 10012    0           2 1 0.122  4 8      300  300000 1 2
99-84-80-486932-001-01 2 422252 MARADA                                          3    41   413    0           2 1    52  5 6      900 1350000 1  
99-84-80-486932-001-01 2 9221812KIENYEJI                                        2  0.11 0.112    0           121    12  3 8      200  100000 1 2
31-46-55-706933-001-01 2 191  2 MWANI                                           2  0.51   0      0           2 1  0.52  7 7       50   50000 1 2
31-46-55-706933-001-01 4 422212 UFUTA                                           2  1.51 1.512    0           2 1    12  5 5       75  157500 1 2
25-70-77-906935-001-02 1 1321112MBEGU YA KIENYEJI                               2    21   212    0           121  1.52  7 7      125  156250 1  
63-09-67-796947-001-01 1 132112 MBEGU NDEFU                                     2    41   412    0           121  1.52  7 7      300  166667 1 2
63-09-67-796947-001-01 1 322112 MBEGU YA KIENYEJI                               2   101  1012    0           121    22  7 8      300  210000 1 2
63-09-67-796947-001-01 2 341  12MBEGU YA KIENYEJI                               2    11   112    0           2 1    12  7 8       36   18000 1 2
70-60-21-696950-001-01 1 3221412KIENYEJI                                        2    21   212    0           2 1 0.252  6 6       20   10000 1  
60-97-00-276950-001-02 1 132212 KAHAWIA                                         2  0.11 0.112    0           111 0.122  6 6       70   35000 1 2
60-97-00-276950-001-02 2 421  2 LINDI WHITE                                     2  0.21   0      0           2 1  0.52  5 6      150  300000 1  
88-90-24-326951-001-01 1 421  2 SERENA                                          2    21   212    0           2 1    32  4 7      160  240000 1  
88-90-24-326951-001-01 2 342212 MBAAZI                                          2    11   112    0           2 1  0.22  7 7       20   10000 1  
52-64-08-676952-001-01 1 111  2 MBEGU NDEFU                                     2  0.51   0    0.51    750 912 1  0.12  2 3       20   10000 1 4
52-64-08-676952-001-01 2 112132 MBEGU YA MDA MFUPI                              2    61   0      61   6000 912 1    22  5 5      100   50000 1 4
46-99-43-266953-001-01 1 421  12MBEGU YA ASILI                                  2    21   212    0           2 1    22  5 6      380  570000 1 2
02-72-68-136954-001-02 2 112212 MBEGU ZA KAWAIDA                                2    41   412    0           131    12  3 3      165   82500 2 3
50-75-79-746954-001-04 1 111  12SELENA                                          2    41   412    0           121  1.52  4 4       50   25000 1 2
50-75-79-746954-001-04 1 421  12SELENA                                          1    41   411    0           151  1.52  5 7      350  525000 1 2
66-44-70-236966-001-01 1 1122112ZAKIENYEJI                                      2    21   212    0           2 1  0.42  6 6      150   45000 1  
66-44-70-236966-001-01 1 3422112ZAKIENYEJI                                      2 0.2510.2512    0           2 1  0.42  6 8      100   30000 1  
66-44-70-236966-001-01 2 112212 ZAKIENYEJI                                      2   151  1512    0           121    32  6 6     1000  300000 1  
66-44-70-236966-001-01 2 132132 MWEUPE                                          2    11   112    0           111    12  7 7      200  100000 1  
66-44-70-236966-001-01 2 422112 LINDI WHITE                                     1    11   0      11   60001622 1    12  6 6      200  460000 1  
37-06-23-146966-001-02 1 1122112MAHINDI                                         2    15   152    0           121  0.511 6 7      240   60000 1  
37-06-23-146966-001-02 1 1221112MPUNGA                                          2    61   612    0           111  0.111 6 7      120   48000 1  
83-11-49-916966-001-03 1 112312 ZAKIENYEJI                                      2    51   512    0           121    12  6 6      350   70000 1  
83-11-49-916966-001-03 1 422112 LINDI WHITE                                     1  0.21   0    0.21   12001622 1  0.52  5 6      200  460000 1  
62-22-46-876967-001-01 2 112212 MAHINDI MAKUBWA.                                2   101  1012    0           131 1.7514 4 4      224   70000 1 2
62-22-46-876967-001-01 2 422112 LULINDI.                                        2    41   412    0           2 1    12  5 6      140  196000 1 2
50-56-53-186968-001-01 1 1122112STUCA                                           3    21   213    0           131 0.7514 6 7      153   24000 1 2
50-56-53-186968-001-01 1 3422112MBAAZI                                          2    31   312    0           131  0.514 7 8       35   14000 1 2
50-56-53-186968-001-01 3 1121112STUCA                                           3   101  1013    0           131    114 6 7      187   44000 1 2
50-56-53-186968-001-01 3 1321112MTAMA                                           2    21   212    0           111  0.619 7 7       90  135000 1 2
50-56-53-186968-001-01 3 3421112MBAAZI                                          2    31   312    0           2 1    12  7 8      216   86400 1 2
50-56-53-186968-001-01 3 4221112NALIENDELE                                      1    21   0      21   7000 31131  0.514 6 7      100  200000 1 2
15-13-25-316970-001-01 1 111  12MBEGU ASILI                                     2   201  2012    0           2 1    42  5 6     2300  483000 5  
15-13-25-316970-001-01 1 421  12LINDI WHITE                                     1    51   511    0           2 1    42  4 5     1400 1960000 5  
15-13-25-316970-001-01 2 111  12MBEGU ZA ASILI                                  2    12   122    0           2 1    42  5 6     2000  420000 5  
15-13-25-316970-001-01 2 341  12MBEGU YA NDEFU                                  2    51   512    0           2 1    42  7 8      400   40000 1 5
60-66-83-586971-001-01 2 1121112MBEGU YA KIENYEJI                               2   481   0     481  24000162131    32  5 5      350   70000 1 2
60-66-83-586971-001-01 2 322112 MBEGU YA KIENYEJI                               2    21   0      21   40001622 1  0.52  4 4       32   48000 1 2
60-66-83-586971-001-01 2 3421112MBEGU YA KIENYEJI                               2   101  1012    0           2 1    12  8 8      120   12000 1 2
65-25-95-946972-001-01 1 421  12MBEGU FUPI                                      1    21   211    0           151    52  5 7      300  500000 1 4
53-85-21-066973-001-01 2 111  12MBEGU ZA KAWAIDA                                2   101  1012    0           131    32  6 6      300  150000 1 2
53-85-21-066973-001-01 2 341  12MBEGU ZA KAWAIDA                                2    21   0      21   1600161131    32  7 7      120   12000 1 2
53-85-21-066973-001-01 2 421  12MBEGU ZA KAWAIDA                                2    11   112    0           2 1    32  6 6      240  312000 1 2
35-21-67-116986-001-01 1 112312 MAHINDI                                         2  1.51   0      0           2 1  0.22  5 5       19    9500 1  
35-21-67-116986-001-01 4 112212 MAHINDI                                         2    41   0      0           1223                               
35-21-67-116986-001-01 4 422212 UFUTA.                                          2    21   0      0           1223                               
99-49-91-346988-001-01 2 111  12MBEGU ZA KAWAIDA                                2   101  1012    0           131    12  5 5      480  144000 1  
99-49-91-346988-001-01 2 341  12MBEGU ZA KAWAIDA                                2    21   212    0           2 1    12  8 8      480  240000 1 7
99-49-91-346988-001-01 5 111  12MBEGU ZA KAWAIDA                                2    61   612    0           2 1    12  6 6      120  360000 1 7
99-49-91-346988-001-01 5 341  12MBEGU ZA KAWAIDA                                2    31   312    0           2 1    12  8 8      120   60000 1 7
99-49-91-346988-001-01 6 131  12MBEGU ZA KAWAIDA                                2    11   112    0           2 1    32  7 7      120   60000 1 7
99-49-91-346988-001-01 6 321  12MBEGU YA KAWAIDA                                2    91   0      91  180001612 1    32  6 6      120  180000 1 7
99-49-91-346988-001-01 6 341  12MBEGU ZA KAWAIDA                                2    31   312    0           2 1    32  8 8      120   60000 1 7
99-49-91-346988-001-01 6 421  12MBEGU ZA BLUU                                   2    21   212    0           2 1    32  7 7      360  180000 1 7
87-64-23-476989-001-03 1 1121112MBEGU YA KIENYEJI                               2    31   0      31   24001622 1    22  5 5      120   24000 3 4
87-64-23-476989-001-03 1 3421112MBEGU YA KIENYEJI                               2    21   212    0           2 1    12  7 7       80    8000 3 4
87-64-23-476989-001-03 1 4121112MBEGU YA KIENYEJI                               2    51   0      51  10000 212 1    12  5 5       81  162000 3 4
80-39-14-716990-001-02 1 1123112MAHINDI                                         2    21   0      0           131  0.52  6 7      162   63000 2  
80-39-14-716990-001-02 1 4221112LINDI WHITE                                     1    31   0      31   6000 112 1 0.252  6 7       45   67500 2  
40-09-63-236991-001-01 2 111  12KIENYEJI                                        2    51   512    0           2 1 0.752  6 6      700  210000 1 3
40-09-63-236991-001-01 2 341  12KIENYEJI                                        2 0.2510.2512    0           2 1 0.752  6 8      200  200000 1 3
94-41-63-626991-001-06 3 1122312KIENYEJI                                        2    51   512    0           121    12  5 5      500  100000 1  
94-41-63-626991-001-06 3 3422312KIENYEJI                                        2 0.2510.2512    0           121    12  6 8      200   60000 1  
25-50-62-806992-001-01 1 421  12BLUE MALADA                                     1    21   211    0           2 1    42  4 5      700 1400000 1  
25-50-62-806992-001-01 2 111  12MBEGU ZA ASILI                                  2   101  1012    0           2 1    42  4 5      400  200000 1  
25-50-62-806992-001-01 3 111  12MBEGU YA ASILI                                  2   101  1012    0           2 1    42  6 5      400  200000 1 2
43-19-97-256994-001-01 1 342212 MBEGU YA KIENYEJI                               2    11   112    0           2 1  0.72  8 8       80    8000 1  
43-19-97-256994-001-01 2 111  2 MBEGU YA KIENYEJI                               2   101  1012    0           2 1  1.52  5 5      324  162000 1  
04-63-36-487007-001-01 29981  2 MBEGU ZA ASILI                                  2    0    0      0           2 22                               
94-11-91-897023-001-01 1 1123112SIDICO                                          1   161   0     161  960001632 1  1.52  7 7      480  240000 1 4
18-92-38-967025-001-01 2 111  12MBEGU YA PIONIA                                 1    61   0      61  360001632 1 0.352  6 6      400  120000 1  
18-92-38-967025-001-01 2 3121112MARAGE YA NJANO NA PUNDAMILIA                   1   201   0     301  45000163161 0.2519 6 6      100  180000 1  
94-03-29-907026-001-01 1 111  2 MBEGU BORA                                      3   181  1813    0           2 1    42  7 7      648  180000 1  
94-03-29-907026-001-01 1 342312 MBEGU YA ASILI                                  2   301   0     301  15000 312 1    32  9 9      600  300000 1  
94-03-29-907026-001-01 1 412112 MBEGU ZA ASILI                                  2    51   512    0           2 1 0.252  7 7      176   77000 1  
94-03-29-907026-001-01 2 411  2 MBEGU ZA ASILI                                  2   801  8012    0           2 1   142  8 8     2240  980000 1  
24-12-46-547026-001-04 1 111  2 KIENYEJI                                        2   101  1012    0           151  0.112 5 5       20    5000 1  
24-12-46-547026-001-04 2 111  2 DK                                              1    21   0      21  12000 512 1 0.252  4 4      360   90000 1  
53-69-30-267027-001-01 1 111  12PAYONIA                                         1    81   0      81  48000 922 1    12  7 7      648  180000 1 2
53-69-30-267027-001-01 1 341  12BABATI WHITE                                    2    51   512    0           2 1    12  8 9      360  270000 1 2
53-69-30-267027-001-01 2 111  12PAYONIA                                         1    81   0      81  48000 922 1    12  7 7      648  180000 1 2
53-69-30-267027-001-01 2 341  12BABATI WHITE                                    2    61   612    0           2 1    12  9 9      360  270000 1 2
12-01-68-847027-001-03 1 121  2 MBEGU YA ASILI                                  2    31   312    0           111 0.252  6 6      420  300000 1  
62-00-77-337027-001-06 1 131  12EAGLE                                           2   101   0     101   3000 212 1    12  7 7      600  150000 1 2
62-00-77-337027-001-06 1 341  12NYEUSI                                          2    71   0      71   5000 212 1    12  8 8      480  240000 1 2
19-85-87-437028-001-01 1 112212 HYBREED                                         1   101   0     101 120000 932 1    32  7 7     2400  600000 1 2
19-85-87-437028-001-01 1 412212 MCHANGANYIKO                                    2   171   0     171  190001612 1    32  6 7      750  500000 1 2
19-85-87-437028-001-01 2 111  12KIENYEJI                                        2   101  1012    0           2 1  1.52  7 7     1200  300000 1 2
19-85-87-437028-001-01 2 341  12KIENYEJI                                        2    61   612    0           2 1  0.512 9 9      240   96000 1 2
19-85-87-437028-001-01 2 411  12KIENYEJI                                        2    21   212    0           111  0.512 9 9      225  150000 1 2
19-85-87-437028-001-01 3 342212 10                                              2   101  1012    0           161    22  9 9     1200  480000 1 2
19-85-87-437028-001-01 3 412212 10                                              2   101  1012    0           111    32  9 9      975  650000 1 2
10-97-71-757028-001-04 1 111  2 HYBRID                                          1    51   0      51  700001612 1  0.52  5 5      558  432000 1 2
10-97-71-757028-001-04 1 311  2 MBEGU YA ASILI                                  2    51   0      51  13000 412 1  0.52  4 4       20   52000 1 2
41-41-06-727029-001-01 1 1121312PAONIA                                          1    81   0      81  24000 912 1    22  6 6      480  120000 1  
41-41-06-727029-001-01 1 3121312IRINGA                                          1   101   0     101  25000 912 1    22  9 6      220  240000 1  
41-41-06-727029-001-01 1 3421312MBAAZI                                          2   201  2012    0           2 1    22  9 9      180  180000 1  
45-81-24-077030-001-01 1 111  2 SIMBA                                           1    61   0      61  360001642 1    12  6 6     1320  330000 1 2
45-81-24-077030-001-01 1 341  12SALIANI                                         2    51   512    0           131    12  9 9       50   20000 1 2
45-81-24-077030-001-01 4 111  12PUNDA                                           1    31   0      31  180001642 1  0.52  6 6     1200  300000 1 2
45-81-24-077030-001-01 4 311  12SOYA                                            2   301  3012    0           2 1  0.52  7 7       60   60000 1 2
45-81-24-077030-001-01 5 311  2 SOYA                                            2   401  4012    0           2 1    12  7 7      100  125000 1 2
42-67-95-587042-001-01 1 111  12DK                                              1   121   0     121  72000 922 1    22  7 7      432  120000 1  
42-67-95-587042-001-01 1 341  12MBEGU NYEUPE                                    2    81   812    0           2 1    22 1010      240  200000 1  
42-67-95-587042-001-01 2 111  12DK                                              1   181   0     181  10800 922 1    32  7 7     1944  540000 1  
42-67-95-587042-001-01 2 341  12NYEUPE                                          2   121  1212    0           2 1    32 1010      600  500000 1  
56-43-18-627042-001-02 1 111  12DK                                              1   101   0     101  60000 932 1    22  7 7     1620  525000 1 2
56-43-18-627042-001-02 1 311  12NYEKUNDU                                        2    51   512    0           2 1    111 4 5       40   20000 1 2
56-43-18-627042-001-02 1 341  12NYEUPE                                          2    51   512    0           2 1    22  9 9      240  120000 1 2
41-71-43-397043-001-01 1 111  12ZAMZED                                          1   101   0     101  60000 522 1    22  7 7     1200  300000 1  
41-71-43-397043-001-01 1 341  12KIENYEJI                                        2   101  1012    0           2 1    22  9 9      600  300000 1  
20-12-38-437044-001-01 1 1123112DK 31                                           1   901   0     901 5400001622 1   122  7 8     9600 2400000 1 2
20-12-38-437044-001-01 2 411  2 ZABRA                                           2   101  1012    0           2 1    22  4 4      420  240000 1  
09-53-61-527045-001-01 1 111  2 DKA                                             1   241   0     241 2280001622 1    42  8 8     4800 1200000 1 2
09-53-61-527045-001-01 2 111  12DKA                                             1   301   0     301 1800001622 1    52  8 8     3600  900000 1 2
09-53-61-527045-001-01 2 341  12MBAAZI                                          2   101  1012    0           2 1    52  910     2250  900000 1 2
09-53-61-527045-001-01 3 351  2 DENGU                                           3   401  4013    0           2 1    32  9 9     2480 1450800 1  
58-22-33-937045-001-02 2 111  12DK 31                                           1   161   0     161  960001622 1    22  7 7      100  240000 1  
58-22-33-937045-001-02 2 341  12KIENYES                                         2    51   512    0           2 1    22  9 9       80  160000 1  
21-93-66-057045-001-03 1 111  12DKA                                             1   161   0     161  960001612 1    22  6 7     4200 2100000 1  
21-93-66-057045-001-03 1 311  12SOYA                                            1   401   0     401  40000 412 1    22  4 4      240  240000 1  
98-87-18-537046-001-01 1 1123112MBEGU YA DK                                     3   101  1013    61  36000 41171  0.62  6 7      100   35000 3  
98-87-18-537046-001-01 1 3423112MBEGU YA MBAAZI                                 3   201  2013    0           2 22                               
98-87-18-537046-001-01 1 4121112MBEGU YA PUNDAMLIA                              3   201  2013    0           2 1  0.62  6 6      400  320000 3  
95-99-51-827047-001-01 2 111  12DK                                              1    81   0      81  480001622 1    12  7 7      960  336000 2  
95-99-51-827047-001-01 2 321  12KIENYEJI                                        2    11   112    0           2 1  0.219 5 5       60   60000 2  
95-99-51-827047-001-01 2 341  12KIENYEJI                                        2    21   212    0           2 1    12  8 8      360  300000 2  
95-99-51-827047-001-01 2 411  12KIENYEJI                                        2    11   0      11   9000 212 1 0.7519 7 7      300  160000 2  
95-99-51-827047-001-01 2 921  12KIENYEJI                                        2    13   132    0           2 1    12 1111      200  100000 2  
68-30-88-277047-001-04 1 111  1310                                              2   101  1012    0           2 1    22  7 7      600  350000 1 2
68-30-88-277047-001-04 1 311  13ROZIKOKO                                        2  3.55 3.552    0           2 1  0.219 5 5      300  250000 1 2
68-30-88-277047-001-04 1 341  13KIENYEJI                                        2    25   252    0           2 1    119 8 8     6000  275000 1 2
80-06-63-067048-001-01 1 1122111DK                                              1    81   0      81  480001622 1    12  7 7      840  245000 1  
58-51-78-077049-001-01 1 111  12DIKEI                                           1   731  3612   271 224000 922 1    62  8 8     1800  540000 1  
58-51-78-077049-001-01 1 341  12MBAAZI                                          2   181  1812    0           2 1    3141010      720  360000 1  
83-87-76-407049-001-02 1 111  12KATUMAINI                                       2   101  1012    0           2 1 1.252  8 8     2100  630000 1 2
83-87-76-407049-001-02 1 341  12MBAAZI                                          2   101  1012    0           2 1 1.252 1010      360  180000 1 2
83-87-76-407049-001-02 2 111  12DIKEI                                           1   161   0     161 104000 922 1    22  8 8     1600  480000 1 2
83-87-76-407049-001-02 2 341  12MBAAZI                                          2   201  2012    0           2 1    22 1010      720  360000 1 2
82-38-27-787062-001-01 1 111  12KIENYEJI                                        2  3001 30012    0           2 1   2011 9 9     6000 1500000 1  
82-38-27-787062-001-01 1 311  12KIENYEJI                                        2  2501 25012    0           2 1   2011 8 8     4200 2100000 1  
15-26-83-147066-001-01 1 121  2 MAZIKU                                          1    51   0      51  16000 912 1 0.252  4 6      300  300000 1  
21-89-88-287085-001-01 1 111  13STUKA                                           1    41   0      41  12000 93151    12  5 5      250  180000 1  
21-89-88-287085-001-01 1 2221813VIAZI LISHE                                     1    51   312    21   3000 112 24                               
21-89-88-287085-001-01 2 112142 STUKA                                           1 0.251   0   0.251   1500 932 1 0.252  5 5       36    6000 1  
61-49-29-247087-001-01 1 1122111PAINIA NA DK                                    1   161   0     161  960001612 1    22  7 8     3600 1800000 1  
61-49-29-247087-001-01 1 311  11SOYA NJANO                                      1   401   0     401  60000 212 1 0.752  6 6      240  480000 1  
61-49-29-247087-001-01 199821111NGWARA                                          2   101  1012    0           2 1 0.752  9 9      480  440000 1  
83-75-68-607099-001-01 2 111  2 KIENYEJI                                        2    81   0      0           2 1    112 6 7      120   30000 1  
64-20-56-277100-001-01 2 111  12MBEGU ZA KIENYEJI                               2    21   212    0           131  0.52  8 8       45   30000 1  
73-92-63-517102-001-01 1 1121312ASILI                                           2    51   0      51   3000 412 1  0.52  5 6      120   60000 1  
16-14-07-747105-001-02 4 111  2 MBEGU YA ASILI YA MAHINDI                       2    81   812    0           2 1 0.012  6 6       80   32000 2  
16-14-07-747105-001-02 5 121  2 MBEGU YA ASILI YA MPUNGA                        2   451  4512    0           2 1    22  6 7     1800  900000 2  
13-96-85-807106-001-03 1 111  2 MBEGU BORA                                      3   151  1513    0           2 1    32  6 6      450  175000 1  
13-96-85-807106-001-03 2 121  2 ASILI                                           2   211  2112    0           2 1  1.52  7 7      560  400000 1  
34-73-33-017108-001-01 2 111  2 MBEGU ZA KIENYEJI                               2    41   0      41   4000 412 1    12  7 7      162   40000 1  
29-40-20-767110-001-01 1 111  2 ASILI                                           2    51   512    0           2 1  1.52  6 6      180   80000 1  
31-77-10-507118-001-01 1 112312 KIENYEJI                                        2    61   612    0           1826                               
31-77-10-507118-001-01 2 112232 KIENYEJI                                        2   121  1212    0           181    22  6 6      980  367500 1 2
78-35-45-177119-001-01 1 1122112ASILI                                           2   201  2012    0           141    22  3 7      280   70000 1  
78-35-45-177119-001-01 1 5021112ASA                                             1   161   0     161   95001112 1    12  4 7       40   42000 1  
10-98-13-237119-001-04 1 112212 MCHANGANYIKO                                    2   541   0     541  36000 921725                               
90-38-56-467120-001-01 1 111  126                                               2    61   612    0           2 1    12  6 6      400  120000 1  
90-38-56-467120-001-01 1 311  125                                               2    51   512    0           2 1    12  6 6       40   60000 1  
72-66-97-487122-001-06 1 111  2 KIENYEJI                                        2    41   412    0           1725                               
84-92-39-367122-001-07 1 111  2 ASILI                                           2   101  1012    0           2 1    22  6 6      972  405000 1  
21-63-86-537124-001-01 1 501  2 KISASA                                          1    81   0      81  25000 612 1    12  6 6       50   40000 1  
21-63-86-537124-001-01 2 111  2 ASILI                                           2   121  1212    0           2 1  1.52  6 6      540  225000 1  
70-58-84-847125-001-02 1 121  2 MPUNGA WA KIENYEJI                              2   901  9012    0           2 1    62  6 6      640  480000 3 4
13-52-97-317143-001-01 1 221  12KIENYEJI                                        2    45   0      0           2 1    12  810      100   70000 1 2
13-52-97-317143-001-01 1 3121412FWENYE                                          2    11   112    0           2 1 0.252  8 8       20   20000 1 2
70-94-18-577156-001-01 1 2223112MBEGU YA ASILI YA VIAZI                         2   401  4012    0           171  0.412 6 6      300  135000 1  
89-15-40-327156-001-07 1 1322112MBEGU ZA KIENYEJI                               2   151  1512    0           111  0.52  5 5      300  120000 1 2
82-99-49-707157-001-01 1 112312 KIENYEJI                                        2    21   212    0           2 1    211 7 7       60   15000 1  
48-98-09-927159-001-01 3 111  12MBEGU ZA KIENYEJI                               2    81   812    0           131    12  6 6      540   45000 1 3
15-99-79-887162-001-01 1 111  2 ASILI                                           2   101   0     101   5000 412 1  0.52  6 6      324  180000 1  
23-95-13-937163-001-01 1 111  12ASILI                                           2    31   312    0           2 1  0.52  7 8      280   90000 1  
23-95-13-937163-001-01 1 131  12ASILI                                           2    21   211    0           2 1  0.52  6 8      140   50000 1  
45-44-01-967166-001-01 1 112242 SEEDCO                                          3    11   0      0           2 1    12  7 7       40   30000 1 2
45-44-01-967166-001-01 29981  2 MICHUNGU                                        2   901  9012    0           2 22                               
00-30-59-557185-001-01 3 112312 DK                                              1    61   0      61  360001612 1    12  7 7      800  240000 1  
00-30-59-557185-001-01 3 312112 NJANO NDOGO                                     3   101   0     101  250001612 1 0.252  7 8      250  500000 1  
33-35-59-817194-001-02 2 311  2 KIPAPI                                          2    12   0      12  40000 41171  0.512 2 5      220  259000 2  
77-00-39-767195-001-01 1 111  12TEMBO                                           1   101   0     101  60000 922 1    12  6 6     1800  500000 1 2
77-00-39-767195-001-01 1 311  12BLANKETI                                        2   301  3012    0           2 1    12  6 6      300  450000 1 2
63-50-84-217196-001-01 1 3122112KIPAPI                                          3    51   0      51   7500 432 1 0.122  3 6      100  150000 1  
63-50-84-217196-001-01 1 872212 ASILI                                           2  1005   0    1005  30000 212 1 0.122  3 4      290  348000 1  
63-50-84-217196-001-01 2 311  2 KIPAPI                                          3    12   0      12  350001632 1  0.52  3 6      200  180000 1 2
63-50-84-217196-001-01 3 111  2 PANNA                                           1    81   0      81  480001632 1    12  7 7      600  240000 1 2
00-59-89-487198-001-01 1 111  12TEMBO                                           1    21   0      21  12000 912 1  0.82  2 5      400  280000 1 2
00-59-89-487198-001-01 1 311  12KIPAPI                                          2   201   0     201  50000 432 1  0.82  2 3      200  420000 1 2
00-59-89-487198-001-01 2 111  12TEMBO                                           1    21   0      21  12000 632 1  0.82  5 5      200  140000 1 2
00-59-89-487198-001-01 2 311  12KIPAPI                                          2   201   0     201  45000 432 1  0.82  5 5      140  294000 1 2
36-27-12-337200-001-01 2 111  2 MBEGU BORA                                      1    21   0      21  12000 412 1    02  6 6      120   42000 1  
36-27-12-337200-001-01 3 1123111MBEGU BORA                                      1    41   0      41  48000 412 1    02  6 6      300   60000 1  
36-27-12-337200-001-01 3 311  12MBEGU YA ASILI                                  2   101  1012    0           2 1    02  7 7       54      75 1  
82-43-40-067214-001-01 1 252182 KIENYEJI                                        2   105  1052    0           2 22                               
94-63-12-267217-001-01 1 1121112SEDECO                                          1    51   0      51   2500 212 1  0.42  1 3       80   32000 1  
33-93-15-017218-001-01 1 1122112MAHINDI                                         2    81   811    0           2 1 0.252  4 4      600   72000 1 2
55-07-80-347219-001-01 1 1121112UYOLE                                           1    21   0      21  12000 912 1 0.252  4 4      432   96000 1  
55-07-80-347219-001-01 2 111  12UYOLE                                           1    41   0      41  24000 912 1  0.52  4 4      648  144000 1  
92-02-31-707220-001-01 1 111  12MBEGU BORA                                      1   201  2011   201  12000 212 1    12  4 4      300   96000 1  
68-11-80-277232-001-01 1 111  2 MAHINDI                                         2    54   542    0           2 1 0.252  4 4      100   25000 1  
68-11-80-277232-001-01 2 1123112MAHINDI                                         2    34   342    0           2 1 0.252  4 4       60   15000 1  
68-11-80-277232-001-01 2 3121112MAHARAGE                                        2    55   0      55   5000 422 1 0.252 1212       10    7000 1  
68-11-80-277232-001-01 3 111  2 MAHINDI                                         2    35   352    0           2 1  0.22  4 4       60   15000 1  
68-11-80-277232-001-01 4 1123112MAHINDI                                         2    25   252    0           2 1  0.22  4 4       40   10000 1  
68-11-80-277232-001-01 4 3121112MAHARAGE                                        2    25   0      25   2000 422 1  0.22 1212       10    7000 1  
03-88-81-187233-001-02 1 1121112ASILI                                           2    51   512    0           2 1    12  3 4      350  140000 2  
03-88-81-187233-001-02 1 3121112SPENJELE                                        2   105   0     105   8000 422 1 0.252 12 1       60   48000 2  
03-88-81-187233-001-02 2 111  2 ASILI                                           2    31   312    0           2 1  0.52  3 4      200   70000 2  
03-88-81-187233-001-02 3 1123112ASILI                                           2   101  1012    0           2 1 0.752  3 4      300  112000 2  
03-88-81-187233-001-02 3 312112 MWASPENJE                                       2   205   0     205  16000 422 1 0.252 12 1       80   64000 2  
03-88-81-187233-001-02 4 111  2 ASILI                                           2    51   512    0           2 1  0.52  3 3      150   58333 2  
50-03-21-927234-001-01 1 1123112MARUDIO                                         2    21   212    0           151 0.752  3 3       80   28000 1  
50-03-21-927234-001-01 4 112212 MARUDIO                                         2    41   412    0           2 1  0.52  3 3      360   96000 1  
50-03-21-927234-001-01 4 312212 KABLANKETI                                      2    21   0      21   1600 422 1  0.52  1 1      160  128000 1  
18-17-32-427235-001-01 1 111  12KIENYEJI                                        2    21   212    0           161 0.2519 1 4      240   60000 1 2
18-17-32-427235-001-01 1 3121812KIENYEJI                                        2    13   0      13   1000 422 1  0.12  2 4       40   64000 1 2
18-17-32-427235-001-01 3 111  2 KIENYEJI                                        2  1.51 1.512    0           161  0.119 2 4      100   25000 1 2
22-75-61-337236-001-01 1 111  12MBEGU ZA KIENYEJI                               2    41   412    0           2 1  0.52  4 4      108   30000 1  
22-75-61-337236-001-01 1 3122412MAHARAGE MEKUNDU                                2  1.51   0    1.51   2400 912 1 0.252  3 3       20   15000 1  
22-75-61-337236-001-01 2 111  2 MBEGU ZA KIENYEJI                               2    41   412    0           2 1  0.52  4 4      216   60000 1  
22-75-61-337236-001-01 3 111  2 MBEGU ZA KIENYEJI                               2    21   212    0           2 1 0.252  4 4      108   30000 1  
22-75-61-337236-001-01 4 111  2 MBEGU ZA KIENYEJI                               2    21   212    0           2 1 0.252  4 4      108   30000 1  
12-90-93-317237-001-01 1 111  2 MBEGU YA KISASA                                 2    41   412    0           2 1  0.512 2 3      160   36000 1  
12-90-93-317237-001-01 3 111  2 SEEDECO                                         1    41   0      41  12000 41131  0.414 2 4      100   18000 1  
41-63-57-787238-001-01 1 111  12KIENYEJI                                        3    44   443    0           2 1  1.52  3 6     1100  300000 1 2
41-63-57-787238-001-01 1 222112 IBEJU                                           2   105  1052    0           2 1  0.52 11 7      200   10000 2  
41-63-57-787238-001-01 1 2521112MAGIMBI KIENYEJI                                2  1005 10052    0           2 1  0.52  7 6      200   25000 2  
41-63-57-787238-001-01 1 3122112MWASIPENJELE                                    2    81   812    0           2 1    12 12 3       50   50000 2  
41-63-57-787238-001-01 1 4121112KIENYEJI                                        2    13   132    0           2 1  0.52  4 4       15    5000 2  
41-63-57-787238-001-01 2 111  2 KIENYEJI                                        2    33   332    0           2 1    12  4 5      100   25000 2  
39-75-73-737239-001-01 1 111  2 MBEGU YA KIENYEJI                               2    51   512    0           2 1    02  3 3      200   36000 2  
39-75-73-737239-001-01 2 311  2 MBEGU YA ASILI                                  2   201   0     201  22000 412 1    02 1212       40   64000 2  
39-75-73-737239-001-01 3 111  2 MBEGU YA KIENYEJI                               2    71   712    0           2 1    02  3 3      200   36000 2  
39-75-73-737239-001-01 4 111  2 MBEGU YA KIENYEJI                               2    51   512    0           2 1    02  3 3       80    6000 2  
18-80-43-117251-001-01 1 111  2 MBEGU BORA                                      1    41   0      41  48000 912 1  0.52  6 6      300  126000 1  
81-00-68-637251-001-02 1 111  12UYOLE                                           1    41   0      41  24000 912 1  0.52  7 7      396  132000 1 2
81-00-68-637251-001-02 1 311  12JKT                                             2    51   512    0           2 1  0.52  6 6       60   36000 1 2
66-77-07-597252-001-01 4 1122112SEEDECO                                         1   101   0     101  600001632 1  0.22  3 2     2400  360000 121
66-77-07-597252-001-01 4 3122112NJANO                                           2    22   0      22  50000 422 1  0.12  5 7      360  450000 1  
35-55-15-717252-001-09 2 111  2 MBEGU YA NYANI                                  1    41   0      41  36000 422 1  0.52  3 6     1200  300000 1 2
00-28-92-717252-001-13 2 1122112UYOLE                                           1    41   0      41  20000 922 1  0.52  6 7      590  210000 1 2
00-28-92-717252-001-13 2 4122112ALIZETI                                         2    13   132    0           2 1  0.52  7 7       30   10000 1 2
45-38-97-527252-001-15 2 121  2 SUPA KYELA                                      2   301  3012    0           2 1    12  5 5     1050  350000 1 2
97-32-03-217252-001-18 1 121  2 ZAMBIA                                          2   171   0     171   7000 21181  0.511 5 5      595  225000 1 2
97-32-03-217252-001-18 2 111  2 TEMBO                                           1    21   0      21  24000162151  0.52  5 5      260   60000 1 2
23-03-77-967253-001-01 1 111  13PANNA                                           1   101   0     101  50000 912 1    12  7 7     1820  318500 1 2
23-03-77-967253-001-01 1 311  13MWASHPENJELE                                    2    12   122    0           121    12  6 6      120   90000 1 2
23-03-77-967253-001-01 2 1122113PUNDA MILIA                                     1    61   0      61  30000 912 1  0.52  7 7      980  171500 1 2
23-03-77-967253-001-01 2 3122113JKT                                             2  0.52 0.522    0           121  0.52  6 6       60   36000 1 2
60-19-64-977254-001-01 3 311  2 MAHARAGE YA NJANO                               2   101  1012    0           2 1 0.252  7 7      100  125000 1  
89-93-63-097254-001-02 2 111  11MBEGU BORA                                      1   401   0     401  60000 912 1    12  6 6     1800  864000 1  
89-93-63-097254-001-02 2 311  11MBEGU YA ASILI                                  2   401   0     401  60000 912 1    12  6 6      360  504000 2  
13-78-92-737255-001-01 1 112212 DECA                                            1    11   0      11  12000 932 1  0.52  7 7      840  168000 1  
13-78-92-737255-001-01 1 3121112KABLANKETI                                      2   101  1012    0           2 1 0.252  2 2       60   33000 1  
13-78-92-737255-001-01 1 432112 ASILI                                           2    12   122    0           2 1 0.252  6 6       50   60000 1  
52-66-54-877255-001-02 1 111  12MAHINDI                                         1    61   0      61  36000 922 1    12  7 7     1200  360000 1 2
27-28-31-487256-001-01 1 112212 NYANI                                           1    31   0      31  18000 932 1  0.52  4 7      740  168000 1 2
27-28-31-487256-001-01 1 312212 MACHO(NJANO)                                    2   201  2012    0           2 1  0.52  3 7      100  150000 1 2
27-28-31-487256-001-01 1 432212 SIMAMA                                          2   201  2012    0           2 1  0.52  5 6      560  343000 1 2
27-28-31-487256-001-01 3 111  2 PANA                                            1    51   0      51  30000 932 1    12  6 7     1780  410000 1 2
27-28-31-487256-001-01 4 111  2 PANA                                            1    51   0      51  30000 932 1    12  6 7     2100  520000 1 2
15-61-79-537257-001-01 1 112212 PANA NA SIDIKO                                  1    81   0      81  48000 932 1    22  7 8     2430  675000 1 2
15-61-79-537257-001-01 1 312112 MAINI NA JKT                                    2   201  2012    0           2 1  0.52  3 6      120   60000 1 2
15-61-79-537257-001-01 1 432112 SIMAMA                                          2   101  1012    0           2 1  0.52  5 6      500  486000 1 2
15-61-79-537257-001-01 2 431  2 SIMAMA                                          2   201  2012    0           2 1  0.82  5 6      280  270000 1 2
49-28-25-587258-001-01 1 311  11MBEGU YA ASILI                                  2   201  2012    0           2 1    02  5 5       80  100000 1  
49-28-25-587258-001-01 2 1122112MBEGU BORA                                      1    21   0      21  240001112 1    02  4 5      700  210000 1  
86-48-55-227270-001-01 2 121  2 KARAMATA                                        2   301  3012    0           171    12  7 7     2520 1200000 1  
86-48-55-227270-001-01 3 121  2 KARAMATA                                        2   301  3012    0           171    12  7 7     1890  900000 1  
77-81-42-637271-001-01 1 112332 KIENYEJI                                        2    12   122    0           2 1  3.52  3 4     2660  950000 1  
77-81-42-637271-001-01 3 111  2 KIENYEJI                                        2  1.52 1.522    0           1725                               
20-15-14-217271-001-02 1 121  2 MPUNGA                                          2    42   0      42  32000 31111    22  6 6     3780 1800000 1  
21-72-59-457272-001-01 1 1123112MAHINDI                                         3    22   221    0           131    62  5 6     1120  336000 1 2
21-72-59-457272-001-01 1 4321112KARANGA                                         2    12   122    0           111    12  5 5       80  160000 1 2
21-72-59-457272-001-01 2 121  2 MPUNGA                                          2    62   622    0           2 1    32  6 6      720 3000000 1 2
83-24-43-627273-001-01 3 121  2 KALAMATA                                        2    62   622    0           2 1    32  5 6     8400 4000000 1 2
83-24-43-627273-001-01 4 111  2 SIDIKO                                          1    41   0      41  360001632 1    12  3 5      520  175000 2  
83-24-43-627273-001-01 5 111  2 SIDIKO                                          1    11   0      11  120001622 1  0.32  3 4      100   25000 2  
54-14-06-277274-001-01 1 111  2 SEEDECO                                         1    81   0      81  48000 412 1    12  2 5      420  105000 1 2
54-14-06-277274-001-01 3 121  2 KALAMATI                                        1    22   221    0           2 1  1.52  6 7     6000 1295000 1  
50-87-73-807275-001-01 1 111  2 MBEGU BORA                                      1   201   0     201 150000 212 1    22  3 7      600  720000 1  
50-87-73-807275-001-01 2 111  12MBEGU BORA                                      1   201   0     401 150000 212 1    12  3 7      200  220000 1  
50-87-73-807275-001-01 2 4321112MBEGU YA ASILI                                  2   201   0     201  50000 21161    117 3 3       40   20000 1  
93-43-36-447276-001-01 1 111  2 SIMBA                                           1    21   0      21  13000 922 1 0.252  6 6      126   42000 1  
93-43-36-447276-001-01 2 111  2 SIMBA                                           1    81   0      81  52000 92171    32  6 6      882  294000 1  
93-43-36-447276-001-01 3 121  2 SARO                                            2   601  6012    0           2 1    22  5 5     3150 1200000 1  
70-90-36-857277-001-01 1 112372 MBEGU ZA ASILI                                  2   601   0     601  18000 212 1    32  6 7     2640  660000 1 2
70-90-36-857277-001-01 1 222132 SINIA                                           2    65   0      65  12000 912 1  0.52  6 7      700  175000 1 2
70-90-36-857277-001-01 1 432142 KARANGA ZA WATOTO WATATU                        2    12   0      12  30000 52131    12  5 6      420  567000 1 2
82-35-63-017277-001-03 1 121  2 SARO                                            2   301  3012    0           2 1    12  5 5     1575  630000 1 3
82-35-63-017277-001-03 2 111  2 MBEGU ZA KIENYEJI                               2   361  3612    0           2 1    42  6 6     3024 1000800 1 3
63-58-36-227289-001-01 1 111  12CHAPA YA SIMBA                                  1    41   0      41  260001622 1    22  4 6      480  192000 1  
63-58-36-227289-001-01 1 321  12TAMBAZI                                         2    21   212    0           2 1    22  4 6       60   60000 1  
63-58-36-227289-001-01 1 3321412CHOROKO YA KIENYEJI                             2    11   112    0           2 1  0.52  6 6       40   50000 1  
63-58-36-227289-001-01 1 3621412NJUGU MAWE                                      2    11   112    0           2 1  0.32  5 5       20   10000 1  
63-58-36-227289-001-01 1 4321412KAHABA                                          2    21   212    0           2 1  0.52  7 7       60   75000 1  
63-58-36-227289-001-01 2 111  2 CHASIMBA                                        1    11   0      11   60001722 1    12  4 6      120   48000 1  
77-66-23-237289-001-02 1 112112 SIMBA                                           1    81   0      81  48000 922 1    12  5 5      126   42000 1 2
77-66-23-237289-001-02 1 412312 ALIZETI NYEUSI                                  2   101  1012    0           2 1    32  6 6      490  392000 1 2
58-92-85-997290-001-01 1 4123112ALIZETI                                         2    81   0      81  16000 31111    12  4 4      180  120000 1 2
58-92-85-997290-001-01 1 4321112KARANGA                                         2   101   0     101  10000 212 1 0.252  3 3      108   72000 1 2
58-92-85-997290-001-01 2 1123112MAHINDI                                         2   101   0     101   8000 32121    22  6 6      360  126000 1 2
58-92-85-997290-001-01 2 4121112ALIZETI                                         2    51   0      51   5000 31111    12  4 4       63   42000 1 2
97-27-00-817291-001-01 1 112212 NGAMIA                                          1    31   0      31  30000 93131  1.52  4 5      420  147000 1 3
35-09-72-297293-001-01 1 1123111MBEGU YA KIENYEJI                               2   401  4012    0           2 1    32  3 6     1500 1200000 1  
35-09-72-297293-001-01 1 1323111MBEGU YA KIENYEJI                               2   301  3012    0           2 1    22  6 6      900  900000 1 2
35-09-72-297293-001-01 2 132352 MBEGU YA KIENYEJI                               2   301  3012    0           171    112 6 6      300  300000 1 2
27-63-10-527293-001-07 1 121  2 KIENYEJI                                        2    65   652    0           2 1   102  6 8    10500 8400000 2  
27-63-10-527293-001-07 2 1121112KIENYEJI                                        2    25   252    0           2 1    32  6 7     1320  330000 2  
27-63-10-527293-001-07 2 122312 KIENYEJI                                        2    45   452    0           2 1    62  6 7     7200 4800000 2  
27-63-10-527293-001-07 2 4321112KIENYEJI                                        2    12   122    0           2 1    12  6 6      600  250000 2  
12-77-98-507294-001-01 2 121  12MBEGU YA ASILI (FAYA DUME NA SALO)              2  2001   0    2001 200000 212 1    42  7 7     2730 1404000 1  
36-47-69-257295-001-01 1 111  2 MBEGU NDEFU                                     2   101  1012    0           2 1    32  3 5      600  150000 1  
36-47-69-257295-001-01 1 1322112MBEGU YA COCOA                                  2    12   122    0           111  1.514 6 6      600  150000 1  
73-59-70-207296-001-01 1 121  2 FAYA DUME                                       2  3.52 3.522    0           2 1    22  6 7     3500 2100000 1 2
73-59-70-207296-001-01 2 121  2 FAYA DUME                                       2  3.52 3.522    0           2 1    22  6 7     4000 2400000 1 2
73-59-70-207296-001-01 3 111  2 KIENYEJI                                        2    12   122    0           2 23                               
26-24-63-127338-001-03 1 122212 MBEGU YA ASILI                                  2 12.5112.512    0           2 1 0.252  5 5      250  200000 1  
02-14-73-117338-001-04 1 121  2 MBEGU ZA ASILI                                  2    31   0      0           131    12  7 7      200  160000 1  
11-89-03-917366-001-01 1 111  2 STAA                                            1    21   0      21   60001612 1    12  6 6      600  360000 1  
35-07-68-117368-001-01 2 121  2 SALO                                            2   251   0     251  100001912 1 0.752  8 8      250  175000 1 2
49-96-42-287631-001-03 3 121  2 MPUNGA                                          2   321  3212    0           2 1    22  6 6     1260  450000 3 5
63-23-04-537635-001-01 1 121  2 KIKOTI                                          2   151  1512    0           2 1 0.752  6 6      315  150000 1  
16-31-01-007636-001-01 29981  2 MBEGU FUPI                                      1    31   0      31  150002022 1 0.7512 7 7      700  375000 1 2
16-31-01-007636-001-01 3 121  2 SUPER                                           2   401  4012    0           161 0.7512 7 7      630  240000 1 2
72-11-98-017650-001-01 1 3222112KUNDE  NENE                                     2  2505   0    2505   1000 412 1  0.22  2 4       13    9000 2  
72-11-98-017650-001-01 1 9221112MABOGA   LISHE                                  2  2505   0      0           2 1 0.022  2 4       11    6000 2  
72-11-98-017650-001-01 199821112MATEMBELE  MANENE                               2  2505   0      0           2 1 0.032  1 4       14    7000 2  
72-11-98-017650-001-01 2 122212 MBAWA  MBILI                                    2   401   0     401  20000 912 1    111 6 6      240  210000 1  
44-04-92-357651-001-01 1 121  2 MBAWA MBILI                                     2   201   0     201  30000 212 1    12  6 6      360  180000 2  
44-04-92-357651-001-01 2 111  2 MERU                                            1    41   0      41  24000 112 1  0.52  5 5      300  160000 1  
05-80-88-367652-001-01 19981  2 MBEGU YA ASILI                                  2    31   0      0           2 22                               
62-17-78-367653-001-01 1 1121112KETUMANI                                        2    11   112    0           2 1  0.22  5 5       20   12000 1 2
62-17-78-367653-001-01 1 3221112KUNDE ZA ASILI                                  2    13   132    0           2 1  0.12  5 5        2    4000 1 2
62-17-78-367653-001-01 1 8721112MBEGU ZA ASILI                                  2    13   0      0           2 1  0.22  6 7       40   16000 1 2
62-17-78-367653-001-01 1 9221112MBEGU ZA ASILI                                  2    13   0      13   1000 212 1  0.22  6 6       30   10000 1 2
38-38-42-787655-001-01 2 111  2 MBEGU YA KISASA                                 1    41   0      41  32000 912 1 0.752  6 6      200  160000 1 2
38-38-42-787655-001-01 3 122182 KALIMATA                                        2   201  2012    0           2 1    12  7 7      360  400000 1  
38-38-42-787655-001-01 4 111  2 MBEGU YA KISASA                                 1    11   0      11   3000 912 1 0.252  3 3       80   32000 2  
38-38-42-787655-001-01 6 121  2 KALIMATA                                        2   501  5012    0           2 1    22  7 7      900  720000 2  
68-19-91-607656-001-01 3 121  2 MBEGU YA MPUNGA KALIMATA                        2    32   322    0           121    12  7 7     1400  350000 2  
68-19-91-607656-001-01 4 121  2 MBEGU YA MPUNGA KALIMATA                        2    32   322    0           2 1    12  8 8      280   7000012  
64-69-57-407657-001-01 2 1122112MAHINDI                                         2    21   212    0           2 1  0.52  5 4      200  160000 1  
64-69-57-407657-001-01 2 1221112MPUNGA                                          2   601  6012    0           2 1    32  5 6     3200 1600000 1  
17-20-31-197657-001-03 2 121  2 MBAWA MBILI                                     1   401  4011    0           2 1    12  6 6      700  400000 1  
48-48-39-867674-001-01 1 111  2 PIONEER                                         1    11   0      11   6000 912 1 0.252  5 5       36   12000 1  
48-48-39-867674-001-01 2 111  2 MBEGU ZA KIENYEJI                               2    91   912    0           2 1  0.52  5 5      144   48000 1  
48-48-39-867674-001-01 3 121  2 RANGI MBILI                                     2 22.5122.512    0           2 1    22  6 6     1650  660000 1  
27-77-08-527675-001-01 1 121  2 MBAWA MBILI                                     2    22   0      22  20000 212 1  1.52  7 7     1000  600000 1  
27-77-08-527675-001-01 2 121  2 MBAWA MBILI                                     2    22   0      22  20000 212 1    12  7 7     1200  600000 1  
48-25-81-237688-001-01 1 111  2 TUMBIRI                                         2    51   512    0           2 1  0.52  6 7      200  100000 1  
37-27-82-447689-001-01 1 422382 MBEGU YA ASILI                                  2    51   0      51  10000 412 1    22  5 5      700  875000 1 2
32-21-84-787690-001-02 2 111  2 MBEGU NDEFU                                     2   101  1012    0           131    12  5 5      140   28000 3 4
32-21-84-787690-001-02 3 111  2 MBEGU ZA KAWAIDA NDEFU                          2    81   812    0           121 0.752  5 5      100   20000 3 4
73-28-16-657692-001-01 1 112132 ZAKIENYEJI                                      2   151  1512    0           121    32  7 8     1800  540000 1  
59-61-20-397693-001-01 1 111  13KIENYEJI                                        2    41   412    0           2 1 0.752  5 6      300  150000 1  
51-45-14-977694-001-01 1 421  2 MBEGU FUPI                                      1   101   0     101  50000 212 1    62  6 7      680 1156000 1 2
48-86-67-227695-001-01 1 111  2 MAHINDI                                         2   181  1812    0           2 1    22  5 6      900  250000 1 2
43-93-30-837709-001-01 1 1122112MAHINDI LISHE (YA NJANO) NA DEKALB              4    41   213    21  22000 93171 0.2512 7 7      198   88000 1  
00-98-54-117726-001-01 2 111  2 MAHINDI                                         2    12   0      12  10000162171    22  7 7      280   70000 1 2
00-98-54-117726-001-01 3 111  2 MAHINDI                                         2    12   0      12  100001622 1    22  7 7      300   85000 110
46-86-49-347727-001-01 1 111  12MBEGU NDOGO                                     2    31   0      31  18000162181  0.511 2 4       72   20000 1  
46-86-49-347727-001-01 1 411  12MBEGU NYEUSI                                    2    61   0      61   3000 21181  0.511 6 6       24   20000 1  
11-67-43-987727-001-02 1 1123312STAR                                            2   101  1012    0           2 1  2.52  6 6      640  224000 1 2
11-67-43-987727-001-02 1 3423312MBAAZI                                          3    31   313    0           131  2.52  8 9      200  150000 1 2
15-42-73-607728-001-01 1 111  13KIENYEJI                                        2   401  4012    0           181    52  8 8      560  280000 1 2
15-42-73-607728-001-01 1 411  13ASILI                                           2    31   312    0           1826                               
15-42-73-607728-001-01 2 111  2 ASILI                                           2    51   512    0           181    12  8 9      140   70000 1  
45-57-77-157728-001-04 1 111  2 KIENYEJI                                        2    31   312    0           181  0.22  6 6      100   25000 1 2
45-57-77-157728-001-04 2 111  12KIENYEJI                                        2    41   412    0           181    12  8 8      280   70000 1 2
45-57-77-157728-001-04 2 411  12KIASILI                                         2    31   312    0           1826                               
88-14-86-337729-001-01 2 111  2 MBEGU YA ASILI                                  2    61   0      61  12000 212 1  0.42  1 3      240   70000 1 4
88-14-86-337729-001-01 3 1122112MBEGU YA ASILI                                  2    22   0      22  30000 21171    22  1 2      480  210000 1 4
88-14-86-337729-001-01 3 3421112MBEU ZA KIENYEJI                                2    51   0      51  10000 21171  0.412 6 6       50   32000 1  
88-14-86-337729-001-01 3 4121212MBEGU NYEUSI                                    2    12   0      12   8000 211725                               
82-52-23-197730-001-01 1 221  2 YA ASILI                                        2    35   0      35  45000 212 1    12  7 8      240  365000 1  
82-52-23-197730-001-01 2 411  2 MBEGU YA ASILI                                  2   101  1012    0           2 1    22  7 7      120   84000 1 2
83-92-82-087732-001-01 1 111  12MBEGU ZA KIENYEJI                               2   101  1012    0           2 1  0.512 6 7       90   25000 1 2
83-92-82-087732-001-01 1 411  12PUNDAMILIA                                      2    21   212    0           2 1 0.2512 7 7       27   21000 2  
83-92-82-087732-001-01 2 111  12MBEGU ZA KIENYEJI                               2   201  2012    0           2 1  1.512 7 7      108   30000 1 2
83-92-82-087732-001-01 2 411  12PUNDAMILIA                                      2    41   412    0           171    212 7 7       70   45000 1 2
83-92-82-087732-001-01 2 431  12NDOGO NYEUPE                                    2    31   312    0           171  1.512 4 4       10    4000 1 2
83-92-82-087732-001-01 4 112312 MBEGU ZA KIENYEJI                               2   301  3012    0           171    72  6 7     1080  360000 1  
51-07-44-647732-001-05 1 111  2 KIENYEJI                                        2    12   122    0           161    32  5 7      480   85000 1 2
51-07-44-647732-001-05 1 411  2 KIENYEJI                                        2    51   512    0           2 1    32  8 8      144   60000 1 2
51-07-44-647732-001-05 2 411  2 KINEYEJI                                        2    12   122    0           151    116 7 7      168   70000 1 2
26-88-11-767732-001-06 1 111  2 STER                                            3    61   0      61   9000 212 1 1.252  4 4      200   70000 1 2
63-84-49-817732-001-09 1 111  12KIENYEJI                                        2    31   312    0           181  0.211 5 6       80   20000 2 4
63-84-49-817732-001-09 1 411  12KIENYEJI                                        2    21   212    0           111  0.211 6 6       60   12000 2  
63-84-49-817732-001-09 2 411  2 KIENYEJI                                        2   101  1012    0           181  0.511 6 6      140   28000 2  
94-29-07-237733-001-01 1 111  12STER                                            3   101   0     101   7000 11151    32  6 6      100   42000 1 2
94-29-07-237733-001-01 1 411  12ALIZETI NYEUSI                                  3    81   0      81   2000 11151    32  6 6       50   30000 1 2
94-29-07-237733-001-01 2 432132 MARIKA NDOGO                                    2   201   0     201  35000 21141    12  4 4      100   84000 1 2
94-29-07-237733-001-01 3 111  12STAR                                            3    81   0      81   3500 112 1  1.32  7 7      120   30000 1 2
94-29-07-237733-001-01 3 341  12MBAAZI YA KIENYEJI                              2    31   0      31   9000 432 1  1.32  710       60   30000 1 2
62-66-54-857745-001-02 2 111  2 MAHINDI                                         2    31   312    0           2 1    12  7 7      220   66000 2  
59-34-00-287746-001-01 1 111  12STAR                                            1  0.51   0    0.51   30001612 1  0.42  1 6       40    6000 1 2
59-34-00-287746-001-01 1 341  12MBEGU YA ASILI                                  2  0.41   0    0.41   12001612 1  0.42  7 9       20   16000 1 2
59-34-00-287746-001-01 2 111  2 STAR                                            1  1.51   0    1.51    9001612 1  0.52  1 6      200   50000 1 2
59-34-00-287746-001-01 3 111  2 MBEGU YA ASILI                                  2    41   412    0           181    211 1 6      140   35000 1 2
70-87-82-307746-001-04 1 111  12MBEGU YA ASILI                                  2    41   0      41   2000 41181  0.511 7 7      420  126000 4  
70-87-82-307746-001-04 1 341  12MBEGU NYEUPE                                    2    31   312    0           171  0.512 6 6       40   20000 4  
86-62-61-137747-001-01 1 111  2 MBEGU BORA                                      1    31   0      31   90001612 1    12  6 6      300  105000 1  
94-41-06-337749-001-01 1 111  12MAHINDI KIENYEJI                                3   101  1013    0           2 1    22  5 5      440  210000 1  
94-41-06-337749-001-01 1 411  12ALIZETI KIENYEJI                                2    71   0      71   7000 41151    216 6 5       50   24000 1  
81-04-14-297751-001-01 1 111  2 MAHINDI                                         2    21   212    0           2 1 0.252  3 6       60      15 1 4
96-06-39-807764-001-01 2 111  12MBEGU BORA                                      1    31   0      0           2 26                               
60-10-77-457765-001-01 4 122172 MBEGU YA KIENYEJI                               2    41   0      41   7000 21171 0.2512 6 6       70   52500 1  
09-26-56-737767-001-01 2 4222112MBEGU ZA MANYOYA                                2    33   0      32   6000 21161  0.52  6 6       60   84000 1  
36-91-08-387767-001-02 1 111  12MBEGU ZA KAWAIDA                                2    11   112    0           131 0.252  3 3       10    5000 2  
36-91-08-387767-001-02 2 421  12MBEGU FUPI                                      2    21   212    0           131    12  5 5      150   75000 1 2
82-38-34-767768-001-01 29981  2 MBEGU YA ASILI                                  2    0    0      0           2 1    52  910      150  400000 1  
66-99-05-827770-001-01 1 1121112KIENYEJI                                        2    11   112    0           2 1 0.252  4 4       30   22500 1  
66-99-05-827770-001-01 2 121  2 SUPER                                           2   151  1512    0           2 1    12  6 6      300  150000 1  
66-99-05-827770-001-01 3 121  2 SUPER                                           2    51   512    0           2 1    12  6 6      150   75000 1 4
66-99-05-827770-001-01 4 322212 KIENYEJI                                        2    11   112    0           2 1  0.52  5 5       20   20000 1  
11-76-93-907771-001-01 3 1122112SELENA                                          2    31   0      31   3000 21171  0.512 5 5      108   18000 1  
11-76-93-907771-001-01 3 4222112MABLUU                                          2  0.51   0    0.51   3000 212 1  0.52  5 5       39   58500 1  
19-27-38-767772-001-01 2 112112 MAHINDI                                         2    21   212    0           171 0.2512 5 5      100   60000 1  
19-27-38-767772-001-01 2 422312 UFUTA                                           1  0.51 0.511    0           2 1  1.52  5 5      300  660000 1  
39-02-43-057783-001-01 3 111  12SIHA YA KIBAHA                                  1    11   0      11   80001632 1  0.22  5 5       22    8800 1 3
39-02-43-057783-001-01 3 321  12MBEGU YA KIENYEJI                               2  1.51 1.512    0           2 1  0.22  5 5       20   20000 1 3
39-02-43-057783-001-01 4 112272 STAHA YA ARUSHA                                 2    21   0      21  120001632 1    22  6 7      400   80000 1 3
64-51-13-877784-001-01 1 111  12ZA KISASA.                                      1    41   0      41  16000 432 1  0.52  4 4     1500  126000 1 2
64-51-13-877784-001-01 1 3421112KIENYEJI                                        2    13   132    13    600 432 1  0.12  8 9       10    6000 1 2
64-51-13-877784-001-01 1 921  12KIENYEJI                                        2    13   132    0           2 1  0.52  2 3       80   15000 1 2
64-51-13-877784-001-01 2 321  12KIENYEJI                                        2    81   0      81  16000 412 1    42  3 4      300  170000 1 2
64-51-13-877784-001-01 3 111  2 KIENYEJI                                        2   121  1212    0           2 1    52  4 5     1000  600000 1  
64-51-13-877784-001-01 6 111  12KIENYEJI                                        2   161  1612    0           2 1    52  4 5     1200  432000 1 2
64-51-13-877784-001-01 6 321  12KIENYEJI                                        2    61   0      61  12000 412 1    52  4 5      100  120000 1 2
91-84-77-027784-001-05 1 321  2 KIENYEJI                                        2    11   0      11   2000 412 1  0.52  5 5       40   40000 1  
94-73-38-057785-001-01 4 112212 IFUPI                                           2    11   0      11   1500 212 24                               
07-40-14-617785-001-07 1 112212 NENE                                            2  0.51   0    0.51    600 212 1 0.062  7 7       30   15000 1  
07-40-14-617785-001-07 2 121  2 NYEUPE                                          2   101  1012    0           111 0.152  7 7      200  200000 1  
63-96-57-657789-001-01 1 111  12MBEGU KUBWA                                     2   181  1812    0           2 1  3.52  5 5      544   65000 1 2
37-79-76-007789-001-02 1 112112 MBEGU FUPI                                      2    11   112    0           2 1 0.252  4 4       60   15000 2  
37-79-76-007789-001-02 2 112212 MBEGU FUPI                                      2    31   312    0           151    22  5 5      100   30000 2  
37-79-76-007789-001-02 3 111  2 MBEGU FUPI                                      2    41   412    0           2 1    22  5 5      200   60000 2  
16-12-93-027790-001-02 2 112312 MAHINDI                                         2   101  1012    0           2 1  0.519 4 5       36   30000 2 3
16-12-93-027790-001-02 3 112212 MAHINDI                                         2   101  1012    0           2 1    114 4 5       54   45000 4  
16-12-93-027790-001-02 4 111  2 MAHINDI                                         2    71   712    0           2 1    12  4 5       39   30000 3 6
16-12-93-027790-001-02 5 112212 MAHINDI                                         2   201  1012    0           131    114 4 5      108   90000 3  
16-12-93-027790-001-02 6 112212 MAHINDI                                         2   101  1012    0           131    114 4 5      126  105000 2 5
16-12-93-027790-001-02 7 112112 MAHINDI                                         2    21   212    0           2 1  0.32  4 5       36   30000 2 3
16-12-93-027790-001-02 7 2421112VITUNDI                                         2    15   152    0           2 1  0.12  611       75   40000 2 3
40-64-10-347802-001-01 1 1122111MAHINDI                                         2    11   112    0           2 1  0.52  4 5       82   41000 1 2
40-64-10-347802-001-01 2 1122112MAHINDI                                         2    71   712    0           131    114 4 5      328     164 1 2
40-64-10-347802-001-01 2 1222112BUNGARA                                         2    31   312    0           2 1    22  4 5      150  150000 1 2
40-64-10-347802-001-01 2 4321112TABORA                                          2    82   0      81  10000 912 1  0.52  411       75  262500 1 2
17-90-17-267804-001-01 1 1122112MBEGU NENE                                      2    51   512    0           2 1  0.52  5 5      400  240000 1  
17-90-17-267804-001-01 2 111  2 MBEGU FUPI                                      2    11   0      11   1000 922 1    12  4 4       40   20000 1  
60-23-57-077805-001-01 1 1123112YAKIENYEJI                                      2  0.51 0.512    0           2 1 0.352  5 5      100   20000 1  
60-23-57-077805-001-01 1 3422112NYEUPE                                          2 0.2510.2512    0           2 1  0.32  6 7       50   25000 1  
60-23-57-077805-001-01 2 112212 KIENYEJI                                        2    31   312    0           2 1  0.52  6 6      600  180000 1  
60-23-57-077805-001-01 3 1123312KIENYEJI                                        2    51   512    0           2 1    12  6 6      900  270000 1 2
60-23-57-077805-001-01 3 222112 MANJANO                                         2  1001 10012    0           2 1  0.32  4 7      200  200000 1 2
60-23-57-077805-001-01 3 3223111ZAMBARAU                                        2 0.2510.2512    0           111    12  6 7       80   32000 1 2
17-34-94-887806-001-01 3 112312 MAHINDI                                         2 0.7510.7512    0           2 1 0.232  7 7       80   80000 1  
81-48-53-177806-001-02 1 111  12MBEGU YA SERENA                                 2    11   112    0           2 1  0.52  5 3       40   20000 1 2
81-48-53-177806-001-02 1 341  12MBEGU FUPI                                      2  1.51   0    1.51   2500 42131  0.52  6 6       60   30000 1 2
25-44-43-187807-001-01 1 111  12MBEGU NDEFU                                     2    51   0      51   7500 93141    12  3 4      100   50000 1 2
25-44-43-187807-001-01 1 341  2 MBEGU ZA ASILI                                  2    41   0      41   8000 932 1    12  7 8       10    6000 1 2
25-44-43-187807-001-01 3 111  12MBEGU NDEFU                                     2    81   0      81   8000 922 1 0.252  4 5      200  100000 1 2
95-48-94-617808-001-01 1 111  12KIENYEJI                                        2    51   512    0           2 1  1.52  3 3      300  162000 1 2
95-48-94-617808-001-01 1 2221112KIENYEJI                                        2    55   552    0           2 1 0.252  4 4       50   50000 1 2
95-48-94-617808-001-01 1 3421112KIENYEJI                                        2    11   112    0           2 1 0.252  6 6       10    4000 1 2
95-48-94-617808-001-01 2 111  12KIENYEJI                                        2    51   512    0           2 1    211 4 5      100   60000 1 2
95-48-94-617808-001-01 4 1121112KIENYEJI                                        2    31   312    0           2 1  0.511 4 5      100   50000 1 2
95-48-94-617808-001-01 4 1221112KIENYEJI                                        2    11   112    0           2 1  0.52  4 5       50   50000 1 2
95-48-94-617808-001-01 4 3622112KIENYEJI                                        2   151   0     151  30000 212 1    12  5 6      130  130000 1 2
16-78-00-157809-001-01 1 111  12MBEGU YA KIENYEJI                               2    11   112    0           2 1    32  5 5       85   25500 1  
16-78-00-157809-001-01 1 3422812MBEGU YA KIENYEJI                               2 0.2510.2512    0           2 1  1.52  7 8       14    4200 1 2
16-78-00-157809-001-01 2 1121112MBEGU YA KIENYEJI                               2    51   512    0           2 1    12  6 6      306   91800 1 2
16-78-00-157809-001-01 2 3221112MBEGU YA KIENYEJI                               2    31   312    0           131 0.252  5 6       10    5000 1 2
16-78-00-157809-001-01 2 3421112MBEGU YA KIENYEJI                               2    41   412    0           2 1    12  7 8       54   10800 1 2
16-78-00-157809-001-01 2 4321112MBEGU YA KIENYEJI                               2   101  1012    0           121    12  5 6      126  315000 1 2
16-78-00-157809-001-01 3 1121812MBEGU YA KIENYEJI                               2    31   312    0           2 1    12  5 6      216   64800 1 2
16-78-00-157809-001-01 3 3421112MBEGU YA KIENYEJI                               2    21   212    0           2 1  0.52  7 8       54   10800 1 2
16-78-00-157809-001-01 3 4321412MBEGU YA KIENYEJI                               2    41   412    0           121 0.252  5 6       27   67500 1 2
16-78-00-157809-001-01 4 1121112MBEGU YA KIENYEJI                               2    41   412    0           2 1    22  5 5      324   97200 1 2
16-78-00-157809-001-01 4 3421112MBEGU YA KIENYEJI                               2    21   212    0           2 1    22  7 8       54   10800 1 2
16-78-00-157809-001-01 5 111  12MBEGU YA KIENYEJI                               2    21   212    0           2 1    12  6 6      216   64800 1 2
16-78-00-157809-001-01 5 321  12MBEGU YA KIENYEJI                               2  0.51 0.512    0           2 1    12  6 7        9    4500 1 2
16-78-00-157809-001-01 5 341  12MBEGU YA KIENYEJI                               2    11   112    0           2 1    12  7 8       27    5400 1 2
33-34-92-887811-001-01 1 1121112MBEGU ZA KAWAIDA                                2    21   212    0           131  0.52  5 5      360  120000 1 2
33-34-92-887811-001-01 1 3421112MBEGU ZA KAWAIDA                                2    21   212    0           131  0.52  7 7       80   50000 1 2
33-34-92-887811-001-01 1 4321112MBEGU ZA KAWAIDA                                2    31   312    0           131  0.52  5 5      240  120000 1 2
74-19-50-757821-001-01 1 111  12MBEGU YA KIENYEJI                               2    21   212    0           2 1    12  5 5      378  210000 1  
74-19-50-757821-001-01 1 341  12MBEGU YA KIENYEJI                               2    11   112    0           2 1    12  7 8       50   22500 1  
74-19-50-757821-001-01 4 11217125                                               2    51   512    0           131    114 5 6      126   63000 1  
74-19-50-757821-001-01 4 322172 MBEGU YA KIENYEJI                               2 0.2510.2512    0           2 1  0.32  5 5        2    1000 1  
74-19-50-757821-001-01 4 3421712MBEGU YA KIENYEJI                               2    21   212    0           2 23                               
05-58-61-247821-001-02 1 112212 MAHINDI.                                        2    11   112    0           2 1 0.172  6 6       40   20000 1 2
05-58-61-247821-001-02 1 342112 MBAAZI.                                         2  0.51 0.512    0           2 1  0.22  8 8       20    6000 1 2
05-58-61-247821-001-02 2 112212 MAHINDI                                         2    51   512    0           2 1    12  5 5      150   60000 1 2
05-58-61-247821-001-02 29982282 MUHOGO                                          2   251  2512    0           2 22                               
05-58-61-247821-001-02 3 111  2 MAHINDI                                         2    31   312    0           2 1 0.172  6 6      100   40000 1  
16-78-25-517822-001-01 1 1121112MBEGU YA KIENYEJI                               2    21   212    0           2 1    12  5 5      324  162000 1  
16-78-25-517822-001-01 1 3421112MBEGU YA KIENYEJI                               2    11   112    0           2 1    12  8 8       50   25000 1  
16-78-25-517822-001-01 2 1121112MBEGU YA KIENYEJI                               2    41   412    0           2 1    12  5 5      540  270000 1 4
16-78-25-517822-001-01 2 3421112MBEGU YA KIENYEJI                               2    21   212    0           2 1    12  8 8       75   37500 1 4
32-99-12-857823-001-01 1 111  12MBEGU YA KAWAIDA                                1    21   0      21   2000 912 1  0.52  6 6       80   28000 1  
32-99-12-857823-001-01 1 341  2 MBEGU YA KAWAIDA                                1    11   111    0           2 1  0.52  8 8       60   30000 1  
32-99-12-857823-001-01 3 111  12MBEGU YA KAWAIDA                                1    11   111    11   1000 912 1 0.252  6 5       60   21000 1  
95-78-69-017823-001-02 1 121  2 MBEGU ZA MTALIMAWANGU                           2   321   0     321  160001632 1    22  6 6     1056  550000 1 2
95-78-69-017823-001-02 2 121  2 MBEGU ZA MTALIMAWANGU                           2   321   0     321  200001622 1    22  6 6      288  150000 1 2
63-30-99-247824-001-01 1 111  12MBEGU ZA KAWAIDA                                2    11   112    0           1424                               
63-30-99-247824-001-01 1 341  12MBEGU ZA 5                                      2    11   112    0           141  0.12  7 7       20   20000 1  
63-30-99-247824-001-01 4 111  12MBEGU ZA KIENYEJI                               2    21   212    0           141    12  4 4      136   47600 1  
63-30-99-247824-001-01 4 341  12MBEGU ZA KIENYEJI                               2    21   212    0           141    12  7 7       80   80000 1  
26-83-07-887825-001-01 3 121  2 MTALIMA WANGU                                   2    51   512    0           2 1 0.252  6 7      162  150000 1  
26-83-07-887825-001-01 4 341  2 MBEGU YA KAWAIDA                                2    51   512    0           2 1  0.52  7 8       32   16000 1  
19-13-36-447826-001-02 1 1122112MAHINDI                                         2    61   612    0           131 0.3514 5 5       50   25000 9  
19-13-36-447826-001-02 1 3421112MBAAZI                                          2    21   212    0           2 1 0.352  7 7       20   20000 9  
19-13-36-447826-001-02 2 121  2 MPUNGA                                          2   101  1012    0           2 1 0.252  6 6      120  120000 9  
11-01-62-717826-001-04 1 111  2 MBEGU YA KIENYEJI                               2    15   152    0           181 0.7511 8 8      120   60000 1 2
11-01-62-717826-001-04 2 111  2 MBEGU YA KIENYEJI                               2    15   152    0           181    311 8 8       60   30000 1 2
19-76-47-957827-001-01 1 111  12MBEGU ZA KAWAIDA                                2    21   212    0           131  0.22  5 5       96   42000 1 2
19-76-47-957827-001-01 1 341  12MBEGU ZA KAWAIDA                                2  0.51 0.512    0           2 1  0.22  8 8       20   10000 1 2
19-76-47-957827-001-01 2 111  12MBEGU ZA KAWAIDA                                2   101  1012    0           131    32  5 5      384  192000 1 2
19-76-47-957827-001-01 2 341  12MBEGU ZA KAWAIDA                                2    41   412    0           2 1    32  8 8       96   48000 1 2
18-60-12-927827-001-02 1 1122112SERENA                                          2    21   212    0           2 1  0.42  6 6      200   60000 2 4
18-60-12-927827-001-02 1 3422112MADOADOA                                        2  0.11 0.112    0           2 1  0.42  7 8      150   90000 2 4
18-60-12-927827-001-02 1 9222112LIMILWA                                         2  0.11 0.112    0           2 1  0.42  4 6      200  100000 2 4
18-60-12-927827-001-02 2 111  2 SERENA                                          2    41   412    0           2 1 0.752  6 6      400  120000 2 4
18-60-12-927827-001-02 3 1122112SERENA                                          2    61   612    0           2 1    12  6 6      450  135000 2 4
18-60-12-927827-001-02 3 341  12NYEUPE                                          2  0.11 0.112    0           121    22  6 7      200  120000 2 4
17-99-40-217840-001-01 1 321  12MBEGU NDOGO                                     2  2505 25052    0           2 1 0.252  3 3        8    8000 1 2
17-99-40-217840-001-01 299822112MBEGU ZA ASILI                                  2  5005 50052    0           2 22                               
17-99-40-217840-001-01 3 421  12LINDIWIDE                                       1    11   0      11   2500 112 1    12  5 6      250  500000 1 2
49-58-44-747841-001-01 1 111  2 MBEGU ZA KIENYEJI                               2    14   0      14    250161131 0.252  5 5       15    7500 1 2
29-74-60-147842-001-01 1 111  2 SELENA                                          1 0.2510.2513    0           2 1  0.22  6 6       36   14400 1  
29-74-60-147842-001-01 4 111  2 SELENA                                          1 0.251   0   0.251    200 212 1  0.22  5 5       72   28800 1  
22-67-43-597843-001-01 3 432282 KARANGA                                         2    21   212    0           131  0.514 4 5       12   24000 1 2
45-51-75-377844-001-01 1 111  12MBEGU ZA LONGA                                  2    21   0      21   50001631323                               
21-16-08-167846-001-01 1 222212 PANA                                            2  0.51 0.512    0           2 1  0.12  5 8      150  150000 1 2
21-16-08-167846-001-01 2 121  2 SUPA                                            2   301  3012    0           111  0.52  7 7      200  200000 1  
21-16-08-167846-001-01 3 921  2 MANJANO                                         2  0.11 0.112    0           2 1 0.252  4 6      200   50000 1  
08-12-65-707847-001-01 6 342212 MBAAZI                                          2    31   0      0           181 0.2511 5 5       24   72000 1  
83-27-07-277847-001-02 1 112212 KIENYEJI                                        2    11   0      11   1000 312 1 0.252  6 6      150   45000 1  
83-27-07-277847-001-02 1 222112 VYEUPE                                          2    15   0      0           2 1 0.122  4 7      200  100000 1  
83-27-07-277847-001-02 2 342232 KIENYEJI                                        2 0.2510.2512    0           2 1  1.52  6 7      200  200000 1  
13-86-84-697859-001-01 1 111  12MBEGU YA ILONGA                                 2    11   112    0           2 1  0.52  5 5       40   16000 1  
70-91-07-557860-001-01 1 1122112MAHINDI                                         2    11   112    0           2 1 0.252  6 6       15    6000 1  
70-91-07-557860-001-01 1 3422112MBAAZI                                          2    13   132    0           2 1 0.252  7 8       20   20000 1  
01-06-91-867860-001-02 1 1121112MBEGU YA KIENYEJI                               1    41   412    0           121    12  6 6      160   80000 1 2
01-06-91-867860-001-02 1 421  12MBEGU YA BLUE                                   2    61   612    0           181    32  6 6      320  448000 1 2
19-68-40-277860-001-04 1 1122112MAHINDI                                         2    11   112    0           2 1 0.252  5 6       54   16200 1 2
19-68-40-277860-001-04 2 1122112MAHINDI                                         2    21   212    0           181  0.514 5 6      126   37800 1  
19-68-40-277860-001-04 2 3621112NJUGU MAWE                                      2   101   0     201  20000 91131  0.514 6 7       20   20000 1 2
06-05-88-837861-001-01 2 111  2 MBEGU YA KIENYEJI                               2    21   212    0           2 1  0.22  6 6       10    3000 1 2
08-24-51-297863-001-01 1 1122112MBEGU ZA KAWAIDA                                2    11   112    0           2 1  0.52  7 7      100   30000 1 2
08-24-51-297863-001-01 3 421  2 MBEGU ZA BLU NA MBEGU ZA MALADA                 2    81   812    0           181    82  6 6      800 1772000 1 2
03-51-23-507865-001-01 1 222112 NYEUPE                                          2   201   0      0           2 1 0.082  5 8      200  100000 1  
03-51-23-507865-001-01 2 111  12SERENA                                          2    81   812    0           121  1.42  7 7      400  120000 1  
03-51-23-507865-001-01 2 341  12KIJIVU                                          2  0.51 0.512    0           121  1.42  6 8      120   96000 1  
03-51-23-507865-001-01 2 3622812ZAKIENYEJI                                      2    81   812    0           2 1    12  7 7      200  140000 1  
16-82-37-777866-001-01 4 421  2 UFUTA                                           2   101   0     101      0 94141    617 5 5      452  994400 1 2
14-97-67-177866-001-03 1 421  2 MANYOYA                                         1  1.51   0    1.51   90001652 1    32  5 6     1000 2200000 1  
88-88-83-397866-001-04 1 341  2 MBEGU ZA KAWAIDA                                2    21   212    0           131  0.52  7 7       20    2000 1 2
88-88-83-397866-001-04 2 421  2 MBEGU ZA BLU NA MANYOYA                         2   101  1012    0           171    62  5 6      180  324000 1 2
05-43-47-877881-001-02 1 432212 MBEGU FUPI                                      1  1.51   0    1.51   3000 932 1  0.52  4 4       18   18000 3  
05-38-38-517885-001-01 2 1122112MAHINDI                                         2   121  1212    0           131    314 6 7      540  105000 1 2
05-38-38-517885-001-01 2 3421112MBAAZI                                          2   121  1212    0           2 1  1.52  9 9      840  352800 1 2
05-38-38-517885-001-01 2 4221112UFUTA                                           2    81   812    0           131  1.314 6 8      360  504000 1 2
84-90-25-347897-001-01 1 111  12MBEGU FUPI                                      2    41   0      41  28000163131    12  4 4       45   18000 1 2
84-90-25-347897-001-01 1 131  12MBEGU NDOGO                                     2  0.51 0.512    0           131    12  7 7       15   15000 1  
84-90-25-347897-001-01 1 341  12MBEGU ZA KAWAIDA                                2    11   112    0           2 1    12  8 8      120   48000 1  
84-90-25-347897-001-01 2 1121112MBEGU ZA KAWAIDA                                2    11   0      11   2000 412 1    12  4 4       45   18000 1  
84-90-25-347897-001-01 2 3321112MBEGU KUBWA                                     2    11   0      11   40001611826                               
84-90-25-347897-001-01 2 3421112MBEGU ZA KAWAIDA                                2    11   0      11   2000 412 1    12  8 8       15    6000 1  
22-54-53-727898-001-01 1 1122112MAHINDI                                         2   101  1012    0           131    214 6 7      180  156000 1 2
22-54-53-727898-001-01 1 3421112MBAAZI                                          1    31   0      31   6000 91131  1.514 8 8       45   22500 1 2
22-54-53-727898-001-01 1 4221112BLUU                                            2    21   0      21  10000 91131  1.514 5 6       90  117000 1 2
22-54-53-727898-001-01 2 1122112MAHINDI                                         2    51   512    0           131    114 6 7       90   90000 1 2
22-54-53-727898-001-01 2 3421112MBAAZI                                          2    31   0      31   6000 91131  0.514 8 8       45   22500 1 2
34-13-06-647899-001-01 2 1122112FUPI                                            2  0.51 0.512    0           2 1 0.082  6 6       40   20000 1 2
34-13-06-647899-001-01 2 3422112NYEUPE                                          2  0.11 0.112    0           2 1 0.082  6 7       20   14000 1  
34-13-06-647899-001-01 3 421  2 FUPI                                            2    21   212    0           2 1    22  5 5      300  600000 1  
90-34-69-567901-001-01 1 421  12MBEGU YA MUDA MFUPI                             2    14   0      14   3000 912 1    22  5 5       20   30000 1  
62-09-95-837902-001-02 1 331  12MBEGU YA KIENYEJI                               2    61   0      61   78001632 1    22  4 4       54   70200 1 2
62-09-95-837902-001-02 1 341  12MBEGU YA KIENYEJI                               2   101   0     101  100001632 1    22  6 6      100  100000 1 2
23-91-99-717903-001-01 1 111  2 MAHINDI                                         2    31   312    0           2 1  0.52  5 5       18    6000 1  
23-91-99-717903-001-01 2 112312 MAHINDI                                         2    81   512    31   3000 212 1  1.92  6 6      162   54000 1  
23-91-99-717903-001-01 2 422112 UFUTA.                                          2  0.51 0.512    0           2 1  0.62  7 7       60   84000 1  
23-91-99-717903-001-01 3 432142 KARANGA                                         2    71   712    0           2 1    12  5 5       30  150000 1 2
23-91-99-717903-001-01 4 112182 MAHINDI                                         2   121   712    51   5000 222 1  2.52  5 5      216   72000 1  
71-25-97-717903-001-03 1 111  12MAHINDI                                         2    45   452    0           2 1    111 6 7      360  108000 1  
71-25-97-717903-001-03 1 341  12MBAAZI                                          2    35   352    0           2 1    111 7 8      300  390000 1  
71-25-97-717903-001-03 1 4221412UFUTA                                           2    15   152    0           2 1  0.211 6 7       39   66300 1  
71-25-97-717903-001-03 2 1122112MAHINDI                                         2    14   142    0           2 1  0.111 6 7       40   12000 1  
71-25-97-717903-001-03 2 3422112MBAAZI                                          2    14   142    0           2 1  0.111 7 8       60   78000 1  
87-80-72-977904-001-01 1 321  12MBEGU ZA KAWAIDA                                2  0.51 0.512    0           131  0.52  4 4       40   28000 1 2
87-80-72-977904-001-01 2 1121112MBEGU ZA KAWAIDA                                2   201  2012    0           131    32  4 4      960  288000 1 2
87-80-72-977904-001-01 2 3422112MBEGU ZA KAWAIDA                                2   201  2012    0           2 1    62  7 7      400  200000 1 2
87-80-72-977904-001-01 2 4321112MBEGU ZA KAWAIDA                                2   101  1012    0           131    32  4 4      600  210000 1 2
87-80-72-977904-001-01 3 4222211MBEGU ZA KAWAIDA                                2   201  2012    0           181    62  5 6     1600 2560000 1 2
08-08-88-137904-001-03 1 341  12MBEGU YA MDA MREFU                              2    23   232    0           2 1 0.252  7 8       15   15000 1  
08-08-88-137904-001-03 2 111  12MBEGU NDEFU                                     2    21   212    0           2 1    12  6 7       75   25000 1  
08-08-88-137904-001-03 3 331  12MBEGU NDEFU                                     2    61   0      61  18000 942 1    22  5 6       96   96000 1  
95-68-45-617917-001-01 1 1122112KATUMBILI                                       1    21   0      21   5000 932 1  0.52  6 6      240  160000 4  
95-68-45-617917-001-01 1 2222112VIAZI VITAMU VYEUPE                             2    15   152    0           2 1  0.52  7 7      360   30000 4  
80-27-00-227918-001-01 1 111  12MBEGU ZA KIENYEJI                               2    21   212    0           2 1    1141212       40   18000 1 2
80-27-00-227918-001-01 1 221  12WINI                                            2    51   512    0           131    12  1 2      192   30000 1 2
80-27-00-227918-001-01 2 221  2 WINI                                            2    71   712    0           2 1    12  1 2      140   30000 1 2
19-89-44-487919-001-01 1 1321112MTAMA                                           1    11   112    0           171 0.1512 7 7       30    9000 1 2
19-89-44-487919-001-01 1 221  12VIAZI VITAMU                                    2   251  2512    0           2 1  0.52  6 7      400   15000 1 2
19-89-44-487919-001-01 1 3321112CHOROKO                                         2  0.51 0.512    0           171 0.1512 6 6       10    2500 1 2
19-89-44-487919-001-01 2 221  12VIAZI VITAMU                                    2   151  1512    0           161  0.519 7 7       50    5500 1 2
71-33-08-657919-001-11 1 221  2 VIAZI VITAMU                                    2    51   512    0           2 1    22  6 7      220   25000 1 9
71-33-08-657919-001-11 2 121  2 MPUNGA                                          1   151   0     151  120001612 1  1.52  7 7      480  250000 9  
52-72-30-637920-001-01 1 221  2 ASILI                                           2  1001 10012    0           151    12  5 6      300   30000 4 5
52-72-30-637920-001-01 4 221  2 ASILI                                           2   901  9012    0           151 0.252  6 6      450   45000 1 4
52-72-30-637920-001-01 5 111  2 STUKA                                           1    21   0      21  12000162131  0.22  4 4       20   10000 4 5
53-96-23-777921-001-01 1 112212 DEBANGO                                         1  1.51   0    1.51  150001632 1  0.111 5 5      120   80000 1  
53-96-23-777921-001-01 2 1221112MPUNGA                                          2    41   412    0           2 25                               
53-96-23-777921-001-01 2 3221112KUNDE                                           2  0.51   0    0.51   10001612 1  0.112 4 5       20   25000 1  
53-96-23-777921-001-01 3 121  2 MPUNGA                                          2    51   512    0           2 25                               
32-16-83-617921-001-04 1 112212 LUBANGO                                         1    21   0      21  130001622 1  0.112 5 5      100   60000 1 5
32-16-83-617921-001-04 2 221  2 VIAZI VITAMU                                    2    65   652    0           2 1  0.42  3 6      600  200000 1 5
45-53-14-167922-001-01 1 111  12KIENYEJI                                        2    21   212    0           131  0.52  5 6      200  110000 1  
45-53-14-167922-001-01 2 122212 KIENYEJI                                        2   201  2012    0           2 1    12  5 6      800  400000 1  
43-53-42-887923-001-01 1 111  12KIENYEJI                                        2    31   0      31   20002012 1  0.22  5 5      108   50000 1 2
43-53-42-887923-001-01 1 221  12BELITA                                          2   301  3012    0           2 1  0.22  4 5      140   25000 1 2
43-53-42-887923-001-01 3 221  2 BELITA                                          2   601  6012    0           2 1  0.22  5 5      160   30000 1 2
43-53-42-887923-001-01 6 221  2 BELITA                                          2   601  6012    0           2 1  0.22  7 7      100   15000 1 2
17-46-58-997935-001-01 1 111  12TUMBILI                                         1    21   211    21  120001032 1    12  3 3      432   60000 1 2
17-46-58-997935-001-01 1 221  12ISAKA                                           2   801  8012    0           2 1    12  5 6      400  120000 1 2
17-46-58-997935-001-01 1 311  12KIENYEJI                                        2    21   0      21   4000 422 1    12  3 3       25   37500 1 2
17-46-58-997935-001-01 2 111  12TUMBILI                                         1    31   0      31  18000 932 25                               
17-46-58-997935-001-01 2 331  12CHOROKO                                         2    41   412    0           1725                               
17-46-58-997935-001-01 3 111  2 KIENYEJI                                        2    21   212    0           171    112 4 4      108   60000 1 2
17-46-58-997935-001-01 4 111  12KIENYEJI                                        2    31   312    0           1725                               
17-46-58-997935-001-01 4 221  12ISAKA                                           2   751  7512    0           2 1    12  6 6      400  120000 1 2
23-45-63-667935-001-06 1 121  2 SUPA                                            2    61   0      61   6000 212 1  0.52  6 6      180   72000 1 2
74-23-11-257935-001-07 1 1122112STUKA                                           2   121   0     121   6000 21151    22  5 6      540  300000 1 2
74-23-11-257935-001-07 1 3122112KITENGE                                         2    41   0      41   5000 212 1    22  4 4      120  120000 1 2
74-23-11-257935-001-07 1 502212 PAMBA                                           1   201   0     201  22000 61151    22  5 5      313  375500 2  
24-84-33-697935-001-08 1 111  12MBEGU YA KIENYEJI                               2    41   412    0           2 1  0.52  2 2      640  240000 1 2
24-84-33-697935-001-08 1 431  12DARK                                            1    21   211    0           2 1  0.52  3 3       90   42000 1 2
24-84-33-697935-001-08 2 121  2 MBEGU ZA KIENYEJI                               2   161  1612    0           2 1  0.52  5 5     1024  544000 1 2
38-93-20-827935-001-10 1 111  2 SITUKA                                          3    21   0      41      4 932 1    12  4 4      324  120000 1 2
38-93-20-827935-001-10 2 111  12KIENYEJI                                        2    41   412    0           2 1    12  4 4      234   90000 1 2
38-93-20-827935-001-10 2 431  12KARANGA                                         2    21   212    0           2 1    12  4 4      120   60000 1 2
38-93-20-827935-001-10 3 111  12KIENYEJI                                        2    41   412    0           2 1    12  4 4      270  110000 1 2
38-93-20-827935-001-10 3 221  12KIENYEJI                                        2  1801   0      0           2 1    12  6 4      500  150000 1 2
38-93-20-827935-001-10 5 121  2 SUKARI SUKARI                                   2   601  6012    0           2 1    12  4 5     2310 2310000 1 2
38-93-20-827935-001-10 5 221  2 MWANAMISALABA                                   2  1251 12512    0           2 1    12  4 5      400  130000 1 2
38-93-20-827935-001-10 7 111  2 SITUKA                                          3    21   213    0           2 1    12  4 4      144   56000 1 2
38-93-20-827935-001-10 7 121  2 SUKARI SUKARI                                   2   451  4512    0           2 1    12  4 4     2100 2100000 1 2
38-93-20-827935-001-10 8 131  12MTAMA                                           2    31   312    0           2 1    12  4 4      280  150000 1 2
38-93-20-827935-001-10 8 331  12CHOROKO                                         2    21   212    0           2 1    12  3 3      120   60000 1 2
31-35-06-217936-001-01 1 2222112VIAZI VITAMU                                    2    71   712    0           2 1    12  6 7      320  120000 1 2
31-35-06-217936-001-01 1 3321112CHOROKO                                         2    41   412    0           2 1 0.752  5 6       50   65000 1 2
31-35-06-217936-001-01 2 111  2 MAHINDI                                         2    71   712    0           2 1    12  6 7      100   42000 1 2
31-35-06-217936-001-01 4 121  2 MPUNGA                                          2   151  1512    0           2 1    12  5 6      900  540000 1 2
31-35-06-217936-001-01 7 121  2 MPUNGA                                          2   151  1512    0           2 1    12  5 6      500  300000 1 2
65-66-36-377936-001-07 1 111  12MBEGU ZA KIENYEJI                               2   151   0     151  15000 31131    22  5 5      540   30000 1 2
29-53-90-677937-001-01 1 121  2 ASILI                                           2   401  4012    0           171    12  5 7      300  300000 1 2
29-53-90-677937-001-01 2 121  2 ASILI                                           2   201  2012    0           2 1    12  5 5      480  480000 1 2
29-53-90-677937-001-01 3 1121112TUMBILI                                         1    41   0      41  240001632 1  0.52  3 3      240  120000 1 2
29-53-90-677937-001-01 3 122112 ASILI                                           2   101  1012    0           2 1  0.52  5 5      140  140000 1 2
29-53-90-677937-001-01 3 3221112ASILI                                           2    21   212    0           131  0.514 2 2       80   80000 1 2
29-53-90-677937-001-01 3 3321112ASILI                                           2  0.51 0.512    0           131  0.514 2 2       60   60000 1 2
29-53-90-677937-001-01 4 111  12TUMBILI                                         1    81   0      81  48000163131 1.252  3 3      640  320000 1 2
29-53-90-677937-001-01 4 431  12ASILI                                           2    81   812    0           2 1 1.252  1 3       92   46000 1 2
29-53-90-677937-001-01 5 111  12TUMBILI                                         1    81   0      81  480001632 1  0.52  3 3      640  320000 1 2
29-53-90-677937-001-01 5 431  12ASILI                                           2    81   812    0           2 1  0.52  3 3       96   96000 1 2
29-53-90-677937-001-01 7 222212 ASILI                                           2  1801 18012    0           171  0.51212 7      900   90000 1 2
29-53-90-677937-001-01 7 502212 MBEGU BORA                                      1   101   0     101  10000 71131  0.514 5 5       89   89000 1 2
61-07-26-107937-001-03 1 1121112SEED CO                                         1    11   111    0           2 1  0.22  7 8       20    6000 1 2
61-07-26-107937-001-03 1 871  12RIOGRAND                                        1   105   0     105   5000161151  0.32  6 6      540   90000 1 2
11-86-72-637937-001-06 1 111  12SEEDCO                                          3    81   813    0           2 1    22  5 5      800  400000 1  
11-86-72-637937-001-06 1 331  12CHOROKO ZA KIENYEJI                             2    61   612    0           2 1    22  5 6      150  187500 1  
11-86-72-637937-001-06 2 121  2 SUKARI                                          3   101  1013    0           2 1    12  7 7      900  960000 1  
11-86-72-637937-001-06 3 121  2 SUKARI                                          3    82   813    0           2 1 0.752  6 6      375  400000 1  
47-29-29-057938-001-01 1 121  2 KISUKARISUKARI                                  2   151  1512    0           111    22  4 7     5600 4000000 1  
47-29-29-057938-001-01 2 111  2 MAHINDI                                         2    51   512    0           2 1  0.512 4 5      300  225000 1  
47-29-29-057938-001-01 6 111  2 MAHINDI                                         2    51   512    0           2 1  0.512 5 5      300  225000 1  
47-29-29-057938-001-01 8 111  2 MAHINDI                                         2    71   712    0           2 1  0.612 6 6      620  420000 1  
47-29-29-057938-001-0111 112212 MAHINDI                                         2    51   512    0           2 1  0.712 5 6      600  450000 1  
47-29-29-057938-001-0114 121  2 KISUKARISUKARI                                  2   121  1212    0           111  0.912 6 7     1400 1000000 1  
57-06-25-307938-001-05 1 111  2 MAHINDI                                         2    41   412    0           2 1  0.312 4 5      300  195000 1  
66-44-37-767939-001-01 1 111  12SEEDCO                                          1    41   411    41  10000 932 1    22  6 6      600  240000 1  
66-44-37-767939-001-01 1 331  12CHOROKO YA ASILI                                2    31   312    0           2 1    22  5 5      120  144000 1  
66-44-37-767939-001-01 2 501  2 PAMBA                                           3   151  1513    0           2 25                               
66-44-37-767939-001-01 3 111  2 SEEDCO                                          1    31   0      31   9000 932 1  1.52  6 6      300  120000 1  
66-44-37-767939-001-01 4 121  2 BULUNGWA                                        3   355  3553    0           2 1    12  7 7     1125  750000 1  
66-44-37-767939-001-01 5 221  2 VIAZI VITAMU VYEKUNDU NA VYEUPE                 2    35  4512    0           2 1    12  6 6      130   60000 1  
66-44-37-767939-001-01 69981  2 MUHOGO  MWAKA                                   3   601  6012    0           2 1    12  7 7       80   40000 1  
82-22-68-187939-001-03 1 221  2 KIENYEJI                                        2   301  3012    0           2 1    12  1 6      200   56000 1  
82-22-68-187939-001-03 2 121  2 KIENYEJI                                        2   401  4012    0           2 1    22  5 6     3000 1350000 1 2
82-22-68-187939-001-03 3 111  2 KIENYEJI                                        2    81   812    0           2 1  1.52  4 5      380  168000 1 2
82-22-68-187939-001-03 4 121  2 KIENYEJI                                        2   251  2512    0           2 1    22  5 6      900  531000 1  
60-09-93-817939-001-11 1 111  12PANNA                                           3    21   213    0           2 1    22  5 5      300  120000 1  
60-09-93-817939-001-11 1 331  12CHOROKO ZA KISUKUMA                             2    31   0      31   6000 922 1    22  3 3      120  108000 1  
60-09-93-817939-001-11 2 121  2 BULUNGWA                                        3   124  1013    0           2 1    12  6 6      375  300000 1  
68-19-08-477941-001-01 1 111  12STUKA                                           1    61   0      61  24000 93131    32  5 6      540  180000 1 2
68-19-08-477941-001-01 2 121  2 KIENYEJI                                        2   181  1812    0           2 1  2.52  5 6     1400 1232000 1 2
68-19-08-477941-001-01 39981  12KIENYEJI                                        2   251  2512    0           2 1    315 5 7      165   50000 1 2
60-83-88-297942-001-01 1 111  12TUMBILI                                         1    61   0      61  360001632 1    12  2 3     1800  720000 1  
60-83-88-297942-001-01 1 331  12MBEGU YA KIENYEJI                               2   121  1212    0           2 1    12  2 4      400  640000 1 2
60-83-88-297942-001-01 1 4322112DARKIS                                          2    71   712    0           2 1    12  4 4      340  340000 1  
60-83-88-297942-001-01 2 121  2 GANDAMBILI                                      1   451  4511    0           2 1    22  3 4     5920 3700000 1  
60-83-88-297942-001-01 4 111  12TUMBILI                                         1   161   0     161  720001622 1    72  3 3     1760  704000 1 2
60-83-88-297942-001-01 4 4321112DARKIS                                          2   121  1212    0           2 1    32  2 3      640  880000 1 3
60-83-88-297942-001-01 5 221  2 MWANAMISALABA                                   2   301  3012    0           2 1  0.52 12 4     1600  560000 1 3
91-59-57-157942-001-06 1 121  2 SUKARI                                          2   101  1012    0           2 1    12  5 5      400  240000 1 2
91-59-57-157942-001-06 2 111  12ASILI                                           2    41   412    0           2 1    12  3 3      260   78000 1 2
91-59-57-157942-001-06 2 331  12ASILI                                           2    21   212    0           2 1    12  1 2       32   32000 1 2
91-59-57-157942-001-06 2 431  12ASILI                                           2    61   0     121  24000 212 1    12  2 2       96  128000 1 2
91-59-57-157942-001-06 3 221  2 ASILI                                           2   601  3012   301   5000 212 1  0.52  2 013    300   30000 1 2
91-59-57-157942-001-06 4 111  2 ASILI                                           2    41   412    0           2 1    12  2 3      320  128000 1 2
85-82-39-187942-001-09 1 111  12TUMBILI                                         1    21   211    0           2 1    12  3 4      400  120000 1 2
85-82-39-187942-001-09 1 2221112MWANAMISALABA                                   2   201  2012    0           2 1 0.252  1 8      200   48000 1 2
85-82-39-187942-001-09 1 331  12MBEGU YA KIENYEJI                               2    41   412    0           2 1    12  2 3      400  600000 1 2
85-82-39-187942-001-09 1 4321112DARK                                            1    21   0      21   50001622 1 0.252  4 5      120   12000 1 2
12-58-42-987974-001-01 1 112212 MAHINDI                                         2    41   0      41   5000 412 1    12  5 5      150   60000 1 2
12-58-42-987974-001-01 1 122312 MPUNGA                                          1    12   0      12  15000 412 1  1.52  6 6     1150  320000 1 2
73-85-16-747975-001-01 3 121  2 JULIANA                                         2   151  1512    0           2 1    12  4 5      720  360000 1 2
64-86-51-207976-001-01 1 121  2 SUBANA                                          3    55   0      55  12500 532 1    32  5 5     1125  900000 1  
64-86-51-207976-001-01 2 121  2 SUPANA                                          3    65   0      65  125002032 1    12  6 6     1500 1200000 1  
66-05-47-957977-001-01 1 122112 BAWAMBILI                                       2    81   812    0           111  0.512 5 6      600  270000 1 2
66-05-47-957977-001-01 2 112232 MAHINDI                                         2    51   512    0           1826                               
66-05-47-957977-001-01 4 121  2 MASIBANA                                        2   101  1012    0           111    12  6 6     2000  900000 1  
61-85-33-747978-001-01 1 111  12PUNDAMILIA                                      1    51   0      51  240001632 1    12  6 7     1440  550000 1 2
61-85-33-747978-001-01 1 2222112VIAZI VITAMU                                    2   101  1012    0           2 1  0.52  6 6      480   90000 1 2
61-85-33-747978-001-01 1 4322111KARANGA                                         1    41   0      41   64001612 1  0.52  5 5      150  150000 1 2
38-20-36-177978-001-04 1 121  2 MPUNGA                                          1   301   0     301  150001612 1    12  6 7     1620  810000 1 2
38-20-36-177978-001-04 2 111  12LUBANGO                                         1    61   0      61  36000 43111    12  5 6      480  120000 1 2
38-20-36-177978-001-04 2 3222112KUNDE                                           2    21   0      21   60001622 1    12  4 5      200   90000 1 2
38-20-36-177978-001-04 2 331  12CHOROKO                                         2    41   0      41      4 432 1  1.52  4 5      100  150000 1 2
38-20-36-177978-001-04 2 4323112KARANGA                                         1   101   0     101  30000162111  1.52  5 6      200  120000 1 2
30-07-36-267979-001-01 3 121  2 RUNGWA                                          1   201   0     201  20000 512 1    22  4 5     1080  270000 1 2
33-39-81-337980-001-01 1 221  12KIENYEJI                                        2   231  2312    0           2 1    12  6 7      580  450000 1 2
33-39-81-337980-001-01 2 131  2 MBEGU YA KIENYEJI                               2    81   0      81   4000 922 1    12  4 5      120   60000 1 2
33-39-81-337980-001-01 3 121  2 KIENYEJI                                        2    81   0      81   3500 212 1    12  5 6      900  400000 1 2
60-95-84-907993-001-01 1 121  2 KIENYEJI                                        2   601  6012    0           2 1    32  5 7     2100 1350000 1  
60-95-84-907993-001-01 2 111  2 KIENYEJI                                        2    21   212    0           2 1 0.252  6 7      240   90000 1  
39-16-24-827995-001-01 3 111  12STUKA                                           1    61   0      61  300001612 1  0.612 5 6      300  165000 1 2
39-16-24-827995-001-01 3 411  12ALIZETI                                         2    41   412    0           2 1  0.312 4 5      200  120000 1 2
39-16-24-827995-001-01 7 121  2 MPUNGA                                          2   101  1012    0           111  0.712 4 6     2000 1200000 1 2
39-16-24-827995-001-01 8 112312 STUKA                                           1    61   0      61  300001612 1  0.512 5 6      600  330000 1 2
39-16-24-827995-001-01 9 111  12LUBANGO                                         1    21   0      21  10000161151  0.512 5 6      160  105000 1 2
39-16-24-827995-001-01 9 2222112VIAZI VITAMU                                    2    25   252    0           151  0.512 3 6      300  120000 1 2
39-16-24-827995-001-01 9 4322112KARANGA                                         2    41   412    0           151  0.412 4 6      150   90000 1 2
61-18-82-897995-001-03 1 111  12DK                                              1    61   0      61  36000 522 1  0.712 5 6      800  360000 1 2
61-18-82-897995-001-03 1 2222112VIAZI VITAMU                                    2    25   252    0           2 23                               
61-18-82-897995-001-03 1 311  12NJANO                                           2    71   0      71  14000 512 1  0.112 3 4       40   20000 1 2
61-18-82-897995-001-03 1 431  12KARANGA                                         2   201  2012    0           2 1  0.612 4 5      250  225000 1 2
02-66-98-627997-001-01 1 121  2 SUKARI SUKARI                                   2    41   0      41   3000 212 1 0.252  4 5      448  210000 1  
31-14-12-167998-001-01 4 121  2 KISUKARI PAMOJA NA SUPA                         2   151  1512    0           2 1  0.52  5 6      800  320000 1 2
00-35-78-418000-001-01 1 121  2 SUPA                                            2    12   0      12  10000 412 1    12  5 6      990  650000 1  
38-93-28-418011-001-01 1 221  2 KIENYEJI                                        2  3001   0      0           2 1  0.52  5 7      300   90000 1 2
38-93-28-418011-001-01 2 221  2 KIENYEJI                                        2  1001   0      0           2 1  0.72  5 7      300   90000 1 2
50-40-29-948012-001-01 1 1123112MBEGU ZA KIENYEJI                               2   181   0     181  10000 41131    22  5 5      324   35000 1 4
50-40-29-948012-001-01 2 1122112MBEGU ZA KIENYEJI                               2   121   0     121   6000 41131  1.52  5 5      432   35000 1 4
03-53-78-348013-001-01 1 111  12MBEGU BORA YA MAHINDI                           1    91   0      91     39 41131    12  4 4      840    4000 1  
03-53-78-348013-001-01 2 111  2 MBEGU YA ASILI YA MAHINDI                       2   151  1512    0           2 1    12  4 5      480   40000 1  
14-68-38-978014-001-01 1 122312 ASILI                                           2   231  2312    0           2 1    22  6 6      910  450000 1  
14-68-38-978014-001-01 2 132312 ASILI                                           2    81   0      81   5000 41171  0.512 6 6       40   16000 1  
14-68-38-978014-001-01 2 502312 BORA                                            1   101   0     101  10000 92171    112 6 6       95   76000 1  
54-57-11-678015-001-01 2 121  2 KALAMATA                                        2   201   0     201  10000 212 1    12  6 7      780  432000 1  
29-86-51-868017-001-01 1 1122812GEMBE                                           2    51   512    0           2 1  0.52  4 4      480  168000 1 2
29-86-51-868017-001-01 1 3122412NJANO                                           2    21   0      21   4800 412 1  0.52  2 2       30   45000 1 2
29-86-51-868017-001-01 2 111  2 YANGA                                           2   101  1012    0           2 1    22  5 5      294  294000 1 2
55-10-45-608032-001-03 1 1123112ASILI                                           2    61   612    0           131  1.513 1 2      300   75000 1 2
55-10-45-608032-001-03 1 2221112ASILI                                           2   301  3012    0           2 1 0.252  2 3      300   20000 1 2
55-10-45-608032-001-03 1 3123112ASILI                                           2   101   0     101  20000 512 1  1.52  1 1       20   20000 1 2
55-10-45-608032-001-03 1 3223112ASILI                                           2    11   112    0           2 1  1.52  2 3       60   60000 1 2
55-10-45-608032-001-03 2 121  2 SUPA                                            1   101  1012    0           2 1  0.52  4 5      540  210000 1 2
68-35-72-168035-001-01 3 121  2 MBEGU YA ASILI YA MPUNGA                        2   141  1412    0           2 1    12  5 6     1092  520000 1 2
13-62-28-638036-001-01 1 111  12MBEGU BORA AINA YA LUBANGO                      1    21   0      21  120001622 1    12  5 5      324   30000 1 2
59-42-79-328068-001-02 1 111  12SEMPE                                           2    51   512    0           2 1    32  4 4      980  612500 2  
59-42-79-328068-001-02 1 311  12MBEGU YA KIENYEJI                               2    21   0      21   40001612 1    22  1 1      120  300000 2  
59-42-79-328068-001-02 1 3322112MBEGU ZA KIENYEJI                               2    31   0      31   90001612 1    12  4 4       60   75000 2  
59-42-79-328068-001-02 1 4322112MBEGU ZA KIENYEJI                               2    51   0      51   40001612 1    12  5 5      192   60000 2  
59-42-79-328068-001-02 3 121  2 MAREKANI                                        1    51   511    0           131  0.514 6 6       96   45000 2  
08-10-16-648068-001-04 2 121  2 MPUNGA                                          2   201  2012    0           2 1  1.52  6 7      660  330000 1 2
78-96-49-968069-001-01 1 111  12KIENYEJI                                        2    81   812    0           2 1    52  5 6     1000  360000 1  
78-96-49-968069-001-01 2 1122112KIENYEJI                                        2    71   712    0           2 1    52  5 6      500  180000 1 2
78-96-49-968069-001-01 3 121  12KIENYEJI                                        2   301  3012    0           2 1    22  4 6     1800 1350000 1 2
05-06-56-338069-001-04 1 111  2 TUMBILI                                         1    11   0      11  13000 912 1  0.52  5 6      120   45000 1 2
05-06-56-338069-001-04 2 121  2 KIENYEJI                                        2    61   612    0           2 1  0.52  5 7      240  240000 1 2
62-39-49-908070-001-01 1 122182 MPUNGA                                          2   101  1012    0           2 1    12  6 7      600  180000 1  
99-94-65-538071-001-01 1 111  12SEEDCO                                          1    41   0      41  200001612 1    12  4 4      360  180000 1 2
99-94-65-538071-001-01 2 111  12SEEDCO                                          1    61   0      61  300001612 1    32  4 4      480  240000 1 2
99-94-65-538071-001-01 2 2221112MBEGU YA KIENYEJI                               2   201  2012    0           2 1  0.52  2 4      378   45000 1 2
99-94-65-538071-001-01 2 311  12YA NJANO                                        1    31   0      31   60001612 1    32  2 2       40  100000 1 2
99-94-65-538071-001-01 2 4321112MBEGU YA KIENYEJI                               2    51   512    0           2 1    12  3 3      288  180000 1 2
39-63-64-448073-001-01 1 112112 MAHINDI                                         2    41   412    0           2 1  0.512 4 5      300   90000 1  
39-63-64-448073-001-01 1 142112 UWELE                                           2    21   212    0           2 1  0.52  7 7      300  135000 1  
39-63-64-448073-001-01 1 222112 VIAZI VITAMU                                    2    25   252    0           2 1    12  4 9      400  200000 1  
39-63-64-448073-001-01 2 501  2 PAMBA                                           1   201   0     201  13000 612 1    12  5 6      341  306900 1  
39-63-64-448073-001-01 3 121  2 MATERA                                          2   401  4012    0           111    12  5 6     1750 1125000 1  
17-46-97-578073-001-03 1 122132 KALAMATA                                        2    25   252    0           171    512 6 7     5100 1836000 1 2
17-46-97-578073-001-03 2 121  2 KALAMATA                                        2    22   222    0           171    112 6 6      900  324000 1 2
86-24-47-948074-001-01 1 1122112SIDCO                                           1    11   0      11   50001922 1  0.52  4 4      280   98000 1 2
86-24-47-948074-001-01 1 3122112ASILI                                           2    21   0      21   50001622 1  0.52  3 3       20   10000 1 2
86-24-47-948074-001-01 1 4322112ASILI                                           2    51   512    0           2 1  0.52  4 4       50   50000 1 2
86-24-47-948074-001-01 3 1123112ASILI                                           1    51   512    0           2 1 0.752  4 4      140   35000 1 2
86-24-47-948074-001-01 3 2221112ASILI                                           2   601  6012    0           2 1 0.252  3 7      350   30000 1 2
86-24-47-948074-001-01 4 121  2 SUKARI                                          2    51   512    0           2 1 0.252  5 5      252   90000 1 2
29-04-37-378076-001-02 1 111  2 TUMBILI                                         1    41   0      41 200000 132 1    311 4 4     1296  540000 2 4
29-04-37-378076-001-02 3 121  2 MATELA                                          2   151  1512    0           2 1    22  6 6     1800  600000 2 4
35-43-15-568076-001-03 1 111  12KIENYEJI                                        2    41   412    0           2 1  0.22  4 4      108   42000 1 2
35-43-15-568076-001-03 1 221  12CHAINISI                                        2  1251 12512    0           2 1  0.22  5 5      200   60000 1 2
35-43-15-568076-001-03 2 111  2 KIENYEJI                                        2    81   812    0           2 1    22  4 4      864  336000 1 2
35-43-15-568076-001-03 3 121  2 KISUKALI                                        2   151  1512    0           2 1    12  5 5      810  450000 1 2
33-01-35-908079-001-01 19981  2 MAGULU GA GHWALE                                3  1201 12013    0           2 1    22  7 7      280  200000 1  
33-01-35-908079-001-01 2 121  2 KALAMATA                                        3    22   0      22  20000 212 1    12  6 6      450  360000 1  
33-01-35-908079-001-01 3 111  2 SEEDCO                                          3    31   313    0           2 1    12  4 5      200   80000 1  
78-51-37-438087-001-01 1 1122112MAHINDI                                         2    12   122    0           2 1    22  6 6      720  252000 1 2
78-51-37-438087-001-01 1 3121112MAHARAGE                                        2   101  1012    0           131 0.252  3 3        7    7000 2  
78-51-37-438087-001-01 1 4122112ALIZETI                                         2    51   512    0           1122                               
37-69-71-688088-001-01 2 111  12DELEVENTI                                       2    61   612    0           2 1  0.52  3 5      140   42000 1  
37-69-71-688088-001-01 2 321  12KIENYEJI                                        2    31   0      0           2 1  0.52  4 4       20   23000 1  
37-69-71-688088-001-01 2 411  12KIENYEJI                                        2    21   0      0           2 1  0.52  6 6       50   15000 1  
37-69-71-688088-001-01 3 1122112KIENYEJI                                        2   101   0      0           2 1  0.52  5 5      400  120000 1  
37-69-71-688088-001-01 3 3223112KIENYEJI                                        2    61   0      0           2 1    12  7 6      180  207000 1  
37-69-71-688088-001-01 3 4123112KIENYEJI                                        2   101  1012    0           2 1    12  6 6      364  130000 1  
96-28-87-018089-001-01 1 111  2 MBEGU ZA KIENYEJI                               2    41   412    0           2 1  0.52  6 6     2020     108 1 2
96-28-87-018089-001-01 3 1121412MBEGU ZA KIENYEJI                               2   101  1012    0           2 1    112 6 6      270  150000 1 2
96-28-87-018089-001-01 3 3121412CROSSCORK                                       2    11   0      11   2000 312 1 0.2512 3 3       10   10000 1 2
41-20-70-698090-001-01 1 1122112MBEGU YA KIENYEJI                               2    12   122    0           171  1.512 3 6      420  200000 1  
41-20-70-698090-001-01 1 3221112MBEGU YA ASILI                                  2    21   212    0           171  0.212 4 4       20   15000 1  
41-20-70-698090-001-01 1 4121112MBEGU YA KIENYEJI                               2    15   152    0           2 1  0.42  5 5      120   50000 1  
41-20-70-698090-001-01 2 111  2 MBEGU YA ASILI                                  2    15   152    0           171  0.412 6 6      100   25000 1  
82-22-36-588091-001-01 1 111  2 MBEGU YA ASILI                                  2   101  1012    0           1723                               
08-11-10-008092-001-01 1 111  12DK 8031                                         1    61   0      61  36000 942 1  0.52  3 6      700  210000 1 2
08-11-10-008092-001-01 1 311  12ROZI KOKO                                       2    15   0      15  20000 44161 0.0119 3 3       16   19200 1 2
08-11-10-008092-001-01 2 321  12KIENYEJI                                        2    15   152    0           161  0.519 5 3      200  120000 1  
08-11-10-008092-001-01 2 411  12KIENYEJI                                        2    51   512    0           2 1    22  6 6      180   90000 1 2
08-11-10-008092-001-01 3 411  12KIENYEJI                                        2    31   312    0           2 1    22  6 6       72   30000 1 2
08-11-10-008092-001-01 3 431  12KIENYEJI                                        2   251  2512    0           181  1.511 6 6      250  150000 1 2
08-11-10-008092-001-01 4 111  2 DK 8031                                         1   121   0     121  72000 942 1  1.52  3 6     1100  330000 1 2
30-34-74-238093-001-01 3 112212 SIMBA                                           1    21   0      21  24000 94171  0.112 6 6      160   40000 1 2
30-34-74-238093-001-01 3 4122112KIENYEJI                                        2    11   112    0           171  0.112 5 6       72   36000 1 2
30-34-74-238093-001-01 4 111  12SIMBA                                           1  1.21   0    1.21  16000 94171  0.112 6 6       60   15000 1 2
30-34-74-238093-001-01 4 311  12ROSE KOKO                                       2 0.751   0   0.751   1500 91171 0.0112 6 6        1    2200 1 2
30-34-74-238093-001-01 4 411  12ASILI                                           2    11   112    0           171  0.52  5 6       96   48000 1 2
40-65-81-688094-001-01 1 111  12KIENYEJI                                        2   401  4012    0           2 1    32  2 6      300   90000 1 2
40-65-81-688094-001-01 1 411  12KIENYEJI                                        2   201   0     201  10500 222 1    32  6 6       90   90000 1 2
21-68-14-268106-001-02 1 111  2 MBEGU ZA KIENYEJI                               2   181  1812    0           2 1  1.52  8 8      882  269500 2  
21-68-14-268106-001-02 2 111  2 MBEGU ZA KIENYEJI                               2    21   212    0           2 1  0.52  8 8      378  115500 2  
58-04-46-168107-001-01 1 111  2 MBEGU YA KALOMBA                                2   181  1812    0           2 1    32  4 8     1200  300000 1  
82-38-92-088108-001-01 1 111  2 LOMBA                                           2    12   0      12   6000 212 1    22  7 7      800  160000 1  
04-52-77-928109-001-02 3 111  12PANA                                            1    11   0      11   60001612 1 0.252  4 8      480  108000 3  
04-52-77-928109-001-02 3 311  12JICHO LA KONDOO                                 2    21   212    0           2 1 0.252  3 4       25   50000 3  
04-52-77-928109-001-02 4 111  2 PANA                                            1  4.51   0    4.51  270001612 1    12  8 8     2160  486000 3  
08-91-66-168110-001-01 1 111  2 KIENYEJI                                        2    15   152    0           2 1    12  4 7      260  100000 1 3
08-91-66-168110-001-01 2 111  12KIENYEJI                                        2    12   122    0           2 1    22  7 7      300  150000 1 3
29-19-06-618110-001-02 1 111  2 KIENYEJI                                        2    15   152    0           2 1    12  4 7      480  120000 1 2
29-16-25-688111-001-01 1 111  2 MAHINDI                                         2  0.52 0.522    0           2 1    12  7 7      560   84000 1 2
91-73-79-238112-001-01 1 111  12MAHINDI KIENYEJI                                3    34   333    0           2 1  1.52  3 8      600  150000 1  
91-73-79-238112-001-01 1 3121412SALUNDI                                         2    21   0      21   30001612 1  1.52  2 4       20   24000 1  
91-73-79-238112-001-01 2 111  12MAHINDI KIENYEJI                                3    31   313    0           2 1  0.32  3 4      100   25000 1  
91-73-79-238112-001-01 2 311  12SALUNDI                                         2    21   212    0           2 1  0.32  2 3       20   24000 1  
80-61-59-888113-001-01 1 111  12MBEGU YA KIENYEJI                               2   201  2012    0           2 1    12  7 7      700  245000 1 2
62-27-70-088125-001-01 1 871  2 MBEGU BORA                                      1  1005   0    1005  50000 912 1    12  4 5      900 3000000 3  
62-27-70-088125-001-01 2 871  2 MBEGU BORA                                      1    25   0      25  15000 912 1    12  7 8      375  600000 3  
65-27-64-638130-001-01 1 111  12MBEGU ZA KIENYEJI                               2   121  1212    0           2 1  1.52  7 7      630  210000 1  
65-27-64-638130-001-01 1 3121812CROSSCORK                                       2  3.51   0    3.51   7000 312 1 0.252  4 4       60  105000 1  
31-02-55-838146-001-01 1 121  2 MBEGU YA MPUNGA-KAMPE                           2   201  2012    0           2 1    12  7 8      250  200000 4  
68-70-95-158164-001-01 1 111  12MAHINDI                                         2  0.52 0.522    0           131  1.514 8 8      432  120000 2  
06-57-77-898167-001-01 1 1121312WELEWELE                                        2   101   0     101  15000 522 1    12  5 8      200  120000 1  
06-57-77-898167-001-01 1 4221312KIENYEJI                                        2    51   0      51   5000 522 1    111 9 9       60   80000 1  
16-85-18-498169-001-01 1 1122112MBEGU YA ASILI                                  2    61   0      61   6000 212 1    12  2 2      300   56000 1  
87-50-63-898171-001-01 1 111  2 MBEGU YA KIENYEJI                               2   101   0      0           2 1    32  8 8     1200  420000 1  
73-73-81-468173-001-01 2 1123812MBEGU YA MSANDAWE                               2    81   812    0           151  1.52  7 7      216   60000 1  
73-73-81-468173-001-01 2 3222412MBEGU YA MAMLAKA                                2    21   0      21   4000 92151    12  6 6       60   60000 1  
08-21-18-738185-001-01 4 122232 KAMPE                                           1    31   0      0           2 1  0.111 6 6      125  125000 2  
64-14-59-038186-001-01 1 1121112MBEGU  FUPI                                     3  5005   0      0           2 1 0.252  2 4       40   20000 2  
64-14-59-038186-001-01 1 3221112KUNDE  NENE                                     2  2505   0      0           2 1 0.252  2 5       28   11000 2  
64-14-59-038186-001-01 199821112MATEMBELE                                       2 25005   0      0           2 1 0.252  2 4       25   13000 2  
64-14-59-038186-001-01 2 3221112KUNDE   NENE                                    2  5005   0      0           2 1 0.252  1 4       35   15000 2  
83-98-37-268187-001-01 3 111  12MAHINDI                                         2    31   312    0           121    12  5 5      450  315000 1  
83-98-37-268187-001-01 39981  12MIHOGO                                          2   251  2512    0           121    114 3 8     1500  250000 1  
83-98-37-268187-001-01 4 121  2 MPUNGA                                          2    51   512    0           2 1    12  6 6      600  900000 1  
01-27-92-618203-001-01 1 4223112NYALYENDELE                                     2    13   112    0           2 1    12  5 6       82   98400 1  
63-99-79-448204-001-01 4 121  2 MBEGU ZA ASILI                                  2   114  1142    0           111 0.7514 6 6      300  360000 3  
69-37-83-888205-001-01 1 321  12KUNDE  NDOGO                                    2  2505   0    2505    500 412 1 0.252  3 5       35   40000 4  
69-37-83-888205-001-01 2 1121112MAHINDI                                         2    61   612    0           2 1    22  3 4      420  200000 1  
69-37-83-888205-001-01 2 3221112KUNDE  NDOGO                                    2  5005   0    5005   1000 412 1    12  2 4       70   60000 1  
69-37-83-888205-001-01 2 421  12NANDIENDELE                                     2    31   312    0           2 1    22  6 7      500  750000 1  
69-37-83-888205-001-01 2 4321112KARANGA  NDOGO                                  2    21   212    21      2 412 1    12  6 7       30   35000 1  
69-37-83-888205-001-01 3 121  2 MACHALE                                         2   801  8012    0           2 1    32  6 7      210  180000 1  
75-64-92-778206-001-01 2 122272 MPUNGA                                          2   601  6012    0           141    117 6 7     3000  390000 1  
75-64-92-778206-001-01 4 422272 UFUTA                                           2    21   212    0           141  0.717 6 7       60  120000 1  
37-84-33-458213-001-01 2 421  2 MALADA                                          2    11   0      11   6000 912 1  2.52  6 6      100  150000 1 2
11-50-44-148220-001-01 1 111  2 MBEGU BORA                                      1    11   0      11  120002012 1    02  3 3      300   75000 1  
11-50-44-148220-001-01 2 111  2 MBEGU BORA                                      1    21   0      21  240001012 1    12  4 3      500  125000 1  
11-50-44-148220-001-01 3 121  2 MBEGU YA ASILI                                  2   401   0     401   8000 412 1    12  5 5      750  500000 1  
59-62-63-868220-001-04 1 121  2 SUPER ZAMBIA                                    2   151  1512    0           2 1    12  6 6     2250 1250000 1 2
59-62-63-868220-001-04 2 131  2 MTAMA MWEUPE                                    2    41   412    0           2 1    12  6 6      240   60000 1 2
07-12-36-518221-001-01 3 111  12ZAMSIDI                                         3    21   213    0           2 1  0.82  2 4      180   45000 2  
07-12-36-518221-001-01 3 321  12KUNDE KIENYEJI                                  2    13   132    0           2 1  0.82  2 4       20    5000 2  
07-12-36-518221-001-01 3 921  12MABOGA KIENYEJI                                 2    13   132    0           2 1  0.82  2 4       15    5000 2  
07-12-36-518221-001-01 31001  12BAMIA                                           2    13   132    0           2 1  0.82  2 4       20    8000 2  
07-12-36-518221-001-01 4 121  2 ZAMBIA                                          2  1001 10012    0           1725                               
07-12-36-518221-001-01 5 111  2 ZAMSIDI                                         3    41   413    0           121    12  4 4      420  120000 1 2
07-12-36-518221-001-01 6 111  2 ZAMSIDI                                         3    41   413    0           171    112 4 5      480  140000 1 2
37-27-39-028221-001-12 1 111  12MAHINDI YA KIASILI                              2    31   312    0           2 1    22  2 5      120   42000 1  
37-27-39-028221-001-12 1 131  12MTAMA WA ASILI                                  2    11   112    0           2 1    22  6 7       70   24000 1  
31-58-34-738222-001-01 2 121  2 ZAMBIA                                          2   181   0     181  12000 211725                               
31-58-34-738222-001-01 3 111  2 TEMBO                                           1    31   0      31  36000 92171 0.2512 3 3      480  120000 1 2
31-58-34-738222-001-01 4 121  2 ZAMBI                                           2   451   0     451  24000 21171 0.2512 5 5     1078  539000 1 2
31-58-34-738222-001-01 5 121  2 ZAMBIA                                          2   181   0     181  12000 211725                               
89-62-84-168223-001-01 1 111  2 MBEGU YA ASILI                                  2    31   312    0           2 1    12  6 6      108   30000 1  
50-15-97-058224-001-01 1 121  2 ZAMBIA                                          2    35   0      35   6000 212 1  0.52  5 5      375  300000 1 2
42-70-94-918225-001-01 1 111  2 MBEGU YA KIENYEJI                               2  4001   412    0           171    12 1110      400   60000 1 2
19-84-40-428227-001-01 1 111  12TEMBO                                           1   121   0     121 114000 412 1    22  2 4     1800  375000 1  
19-84-40-428227-001-01 2 121  2 MBEGU YA ZAMBIA                                 1    62   0      62  50000 112 1    42  4 5     7350 2500000 1 2
74-41-92-738227-001-03 1 121  2 SUPER ZAMBIA                                    2   151  1512    0           2 1    12  5 5      630  210000 1 2
74-41-92-738227-001-03 2 111  2 SAM SEED                                        1    21   0      21  12000 91161    12  5 4      324   90000 1 2
48-89-22-758228-001-03 2 121  2 MPUNGA                                          2    31   0      31   2000 212 1 0.252  5 5      105   35000 3 5
04-37-85-438240-001-01 1 111  2 SEEDCO                                          1    81   0      81  48000 91171    112 5 5      324  126000 1 5
75-29-65-678241-001-01 1 121  2 MBEGU YA ASILI                                  2   401  4012    0           2 1    011 5 5      375  175000 1 2
75-29-65-678241-001-01 2 111  2 MBEGU YA ASILI                                  2    51   512    0           131    014 3 4       90   25000 1 2
45-06-93-918242-001-01 1 111  2 MAHINDI                                         2    51   522    0           171  0.52  3 3       80   16000 1  
66-31-63-618244-001-01 1 111  2 SIDIKO                                          1    41   0      41  24000161171  0.512 2 4       60   15000 1  
69-24-30-068246-001-01 5 1121112MBEGU YA KIENYEJI                               2    11   112    0           2 1  0.414 2 3      100   15000 2  
33-13-26-348258-001-01 3 121  2 MBEGU YA KIENYEJI                               2   211   0     211  12000 212 1    22  6 6      280  140000 1 2
52-98-01-088260-001-01 1 1122312MAHINDI                                         2    72   0      0           131    114 7 7       51   18000 1 2
52-98-01-088260-001-01 3 111  2 MAHINDI                                         2  1.51   0      0           151  0.216 7 7       13    4600 2  
40-28-81-738261-001-01 1 112112 MBEGU KUBWA                                     2   201  2012    0           2 1    22  6 7      420  105000 1 2
40-28-81-738261-001-01 2 1121112MBEGU KUBWA                                     2    11   112    0           2 1 0.252  6 6       10    5000 1 2
40-28-81-738261-001-01 2 321  2 MBEGU NDOGO                                     2    11   0      11   2000 422 1 0.252  6 6       10   20000 1 2
27-65-92-718262-001-01 1 112382 KATUMBILI                                       2    11   112    0           2 1 0.142  7 7      100   60000 1  
27-65-92-718262-001-01 2 1122312KATUMBILI                                       2   201  2012    0           121    42  7 7     1000  500000 1  
27-65-92-718262-001-01 2 3421312NYEKUNDU / NDOGO                                2    11   112    0           121    42  8 9      300   90000 1  
25-50-76-858263-001-01 3 111  12KIENYEJI                                        2    21   0      0           2 1 0.252  7 7      120   30000 1  
25-50-76-858263-001-01 3 341  12KIENYEJI                                        2    13   0      13    500 212 1 0.252  6 7       40   20000 1  
25-50-76-858263-001-01 3 9221112KIENYEJI                                        2    85   852    0           1826                               
82-86-92-668264-001-01 1 111  12MBEGU ZA KIENYEJI                               2    21   212    0           2 1  0.52  6 7       40   14000 1  
49-43-73-788267-001-01 1 111  12KIENYEJI                                        2    11   0      11    500 412 1 0.252  6 7       20    5000 1  
49-43-73-788267-001-01 1 921  12KIENYEJI                                        2    13   132    0           2 1 0.252  3 4       30    5000 1  
49-43-73-788267-001-01 3 111  12KIENYEJI                                        2   121  1212    0           2 1  1.52  6 7      200   50000 1  
49-43-73-788267-001-01 3 341  12KIENYEJI                                        2    51   512    0           2 1  1.52  7 8       80   40000 1  
62-23-73-138267-001-02 1 422232 NDOGO                                           2    11   0      11   6000 212 1    12  4 4       80  160000 1  
45-39-10-248277-001-01 1 112112 MAHINDI                                         2    81   812    0           1624                               
77-57-20-328278-001-01 3 111  2 BK                                              1   161   0     161   6000 11131    214 7 7      960  216000 1  
24-46-42-268281-001-01 3 112342 MAHINDI                                         2   161   0      0           2 1    72  7 8     3600  900000 1  
24-46-42-268281-001-01 3 342242 MBAAZI.                                         2    21   0      0           2 22                               
24-95-76-968281-001-07 1 111  2 MAHINDI                                         2    31   312    0           2 1    12  5 6      104   30000 1 2
76-84-55-628282-001-01 2 1121312DK                                              1    61   0      61  360001622 1  1.52  7 7     1200  240000 1  
76-84-55-628282-001-01 2 312132 MEKUNDU                                         2    51   0      51  125001612 1 0.252  7 7      250  375000 1  
76-84-55-628282-001-01 2 342112 NYEUPE                                          2  0.51 0.512    0           2 1  0.52  7 8      300  180000 1  
76-84-55-628282-001-01 2 4721312NDOGO                                           3   101  1012    0           2 1  0.52  6 7      200  360000 1  
83-35-92-638282-001-02 1 111  2 BK                                              1    41   0      41  26000 94131  0.514 6 8      120   27000 1 2
36-66-06-018283-001-02 2 112232 DK                                              1   141   0     141  840001612 1  2.52  7 7     2500  500000 3  
36-66-06-018283-001-02 2 222132 MANJANO                                         2  2001 20012    0           151  0.52  5 9      400  200000 3  
25-22-50-958284-001-01 1 111  12MBEGU ZA KIENYEJI                               2    81   812    0           2 1 0.752  6 6      300  150000 110
25-22-50-958284-001-01 1 151  12MBEGU ZA KAWAIDA                                2    41   412    0           2 1 0.752  7 7      260  195000 110
25-22-50-958284-001-01 1 411  12MBEGU ZA KAWAIDA                                2    21   212    0           2 1 0.752  6 6       40   32000 110
25-22-50-958284-001-01 2 111  12MBEGU ZA KAWAIDA                                2   101  1012    0           131    32  7 7      300  150000 910
25-22-50-958284-001-01 3 111  2 MBEGU ZA KAWAIDA                                2    41   412    0           131 0.752  7 7      300      15 110
94-59-16-398315-001-01 2 112172 MBEGU YA KIENYEJI                               2   201  2012    0           2 1    32  5 6      400  140000 1 8
94-59-16-398315-001-01 2 312172 MBEGU YA NJANO                                  3   201  2013    0           2 1  1.52  3 4      120  180000 1 8
29-73-67-928317-001-01 1 111  2 MBEGU KUBWA                                     2    11   112    0           2 1 0.252  6 6       40   10000 1  
29-73-67-928317-001-01 2 111  2 MBEGU KUBWA                                     2 12.5112.512    0           2 1 1.252  6 6     1800  675000 1  
10-62-33-698318-001-01 2 111  12MBEGU ZA KIENYEJI                               2    12   0      12  200001622 22                               
10-62-33-698318-001-01 2 311  12MBEGU ZA MAHARAGE MEKUNDU                       1   161   0     161  400001622 22                               
19-74-83-658320-001-01 2 112272 MAHINDI                                         2   101  1012    0           2 1  1.52  7 7      700  840000 1  
61-12-23-648323-001-01 2 112312 NYEKUNDU                                        2    31   0      31   4500 412 1  0.32  6 6      250  125000 1  
99-80-42-778334-001-01 1 111  2 MAHINDI                                         2   101  1012    0           2 1    22  6 7      336   84000 1 2
99-80-42-778334-001-01 4 121  2 YURO                                            1   122  1221    0           121  3.515 5 7     5760 2160000 1 2
78-23-24-878336-001-02 1 111  2 SIKU STINI                                      2    81   812    0           121    32  4 4      250  125000 2  
06-62-00-958337-001-01 2 121  2 MPUNGA                                          2   105   0     105  15000 212 1    12  4 5      200  280000 1  
06-62-00-958337-001-01 4 121  2 MPUNGA                                          2    81   0      0           2 1    12  5 5      150  210000 1  
06-62-00-958337-001-01 5 111  2 MAHINDI.                                        2    61   0      0           181  0.511 6 6       50   20000 2  
06-62-00-958337-001-01 6 121  2 MPUNGA                                          2   121   0      0           171  0.612 5 5      100  120000 2  
28-61-87-708338-001-01 3 111  12YAKIENYEJI                                      2   201  2012    0           121    42  5 5     1000  250000 1  
28-61-87-708338-001-01 3 341  12NYEKUNDU                                        2  0.21 0.212    0           121    42  5 8      200  200000 1  
28-61-87-708338-001-01 4 122332 TXD                                             1   201  2013    0           111  1.52  5 6      900  540000 1  
22-74-35-708338-001-03 19981  2 ARABIIKI                                        2    0    0      0           2 24                               
22-74-35-708338-001-03 2 111  2 MBEGU YA ASILI                                  2    81   812    0           2 1  1.52  6 6      800  360000 1  
49-43-24-278340-001-01 1 1122112MBEGU YA KIENYEJI                               2   201   0     201  12500 21121    22  5 5      400  120000 1 2
49-43-24-278340-001-01 1 4222112MBEGU YA KIENYEJI                               2    21   0      21   6000 21121    22  5 5       24   40000 1 2
49-43-24-278340-001-01 2 122182 MBEGU YA KIENYEJI                               2    91   0      91   7500 21111  0.52  5 6      200   70000 1 2
07-03-03-328341-001-01 1 341  12MBEGU ZA KAWAIDA                                2    11   0      11   2000 212 1    12  8 8      128   64000 1  
07-03-03-328341-001-01 1 421  12MBEGU ZA KAWAIDA                                2    11   0      11   5000 212 1    12  3 4      160  200000 1  
07-03-03-328341-001-01 2 1222112MBEGU YA TXD                                    1   201   0     201  10000 212 1  0.52  6 6     1000  250000 1  
07-03-03-328341-001-01 2 4222112MBEGU ZA KAWAIDA                                2    11   0      11   5000 312 1  0.52  3 3      160     200 1  
13-18-37-568353-001-01 1 111  2 KIENYEJI                                        2    41   412    0           1725                               
13-18-37-568353-001-01 2 111  12KIENYEJI                                        2    31   312    0           2 1 0.752  4 4      216  122000 1  
13-18-37-568353-001-01 2 331  12CHOROKO                                         2    11   112    0           2 1 0.752  3 3      140  168000 1  
13-18-37-568353-001-01 3 111  12KIENYEJI                                        2    31   312    0           171    22  4 4      126   77000 1  
13-18-37-568353-001-01 3 331  12CHOROKO                                         2    21   212    0           2 1    22  3 3      120  144000 1  
13-18-37-568353-001-01 3 431  12PENDO                                           2    51   512    0           2 1    22  3 3      210   98000 1  
59-42-27-788354-001-01 1 111  12KIENYEJI                                        2   401   0     401  20000 92171    712 5 6      600  375000 1 2
59-42-27-788354-001-01 3 111  12KIENYEJI                                        2    31   0      31   6000 912 1    32  5 6      250  150000 1  
12-37-16-458354-001-04 1 1122112TWIGA                                           1    21   0      41  24000 952 1    12  5 6      240  200000 1 2
93-83-30-358355-001-02 1 1122112MAHINDI                                         3   201  2013    0           171    412 7 7      420  200000 216
93-83-30-358355-001-02 1 351  12DENGU                                           2    71   0      71  175001612 1    62  6 6      600 1200000 216
28-76-39-688355-001-03 1 221  2 VIAZI VITAMU                                    2    71   0      71  100001612 1    12  5 6      400   25000 1 2
28-76-39-688355-001-03 2 111  12MAHINDI                                         2   361   0     361   50001611725                               
28-76-39-688355-001-03 2 5022112PAMBA                                           2   301   0     301  290001611725                               
09-59-03-968356-001-01 1 111  2 SEEDCO                                          3    51   513    0           2 1    22  4 4      400  182000 1  
09-59-03-968356-001-01 1 351  2 DENGU NYEKUNDU                                  2   201   0     201  16000 212 1    22  8 8      300  324000 1  
18-29-59-278356-001-03 1 501  2 NGUNDI                                          1   751   0      0           2 1    419 7 7      106   84800 1  
18-29-59-278356-001-03 2 111  2 PANA                                            1    41   0      41  44000 932 1    112 5 5      100   48000 1  
18-29-59-278356-001-03 3 351  2 DENGU NYEKUNDU                                  2   101   0     101  16000 912 1    219 8 8      300  180000 1  
53-32-03-538356-001-07 2 111  2 7                                               2    71   712    0           2 1    32  4 4      810  450000 1  
53-32-03-538356-001-07 3 111  2 KIENYEJI                                        2    31   312    0           1725                               
53-32-03-538356-001-07 4 111  2 KIENYEJI                                        2    51   512    0           1725                               
53-32-03-538356-001-07 5 501  2 UK 91                                           1  1501   0    1501 334000 711725                               
53-32-03-538356-001-07 6 111  2 KIENYEJI                                        2    31   312    0           1725                               
03-68-90-998357-001-01 1 111  12ASILI                                           2    81   0      81   5000 512 1 1.252  3 5      480  240000 1 2
03-68-90-998357-001-01 1 331  12ASILI                                           2    21   0      21   2500 212 1 1.252  5 3       48   66000 1 2
03-68-90-998357-001-01 2 501  2 MBEGU BORA                                      1   101   0     101  10000 612 1    22  6 7      300  246000 1 2
03-68-90-998357-001-01 3 221  2 ASILI                                           2  1501   0    1501   9000 212 1  0.52  6 7     1050  105000 1 2
03-68-90-998357-001-01 3 501  2 MBEGU BORA                                      1    51   0      51   5000 612 1  1.52  6 7      200  164000 3 6
82-27-98-918357-001-04 1 122112 ASILI                                           2    91   912    0           2 1  0.52  4 5      540  900000 2 3
82-27-98-918357-001-04 1 2221112ASILI                                           2  1201 12012    0           2 1  0.52  4 6     1800  225000 2 3
82-27-98-918357-001-04 1 3121112ASILI                                           2    21   0      21   4000 512 1  0.52  3 4       60   18000 2 3
82-27-98-918357-001-04 2 1122112MBEGU BORA                                      1    61   0      61  30000 512 1    22  2 4     1320  330000 2 3
82-27-98-918357-001-04 2 3321112ASILI                                           2   181  1812    0           2 1    12  2 3      400  390000 2 3
82-27-98-918357-001-04 2 351  2 ASILI                                           2   401  4012    0           2 1    22  810      600  500000 2 3
82-27-98-918357-001-04 2 4321112ASILI                                           2   301  3012    0           2 1    12  2 3      480   30000 2 3
82-27-98-918357-001-04 2 5022112MBEGU BORA                                      1    61   0      61  15000 512 1    32  5 6      584  700800 2 3
40-81-26-448358-001-01 1 1321112MTAMA                                           2    81   812    0           111  0.712 6 6      400  540000 1  
40-81-26-448358-001-01 1 3522112DENGU                                           2   101  1012    0           2 1    112 8 9      600  600000 1  
07-04-49-798359-001-01 1 111  2 MBEGU ZA ASILI                                  3   401   0     401  30000 521325                               
07-04-49-798359-001-01 1 351  2 DENGU MAWE                                      1   401  4011    0           2 1    52  8 8      350  450000 1 2
31-67-78-918360-001-01 4 111  12MAHINDI                                         2    61   0      61   50001612 1  0.112 5 6       20   10000 1  
31-67-78-918360-001-01 4 331  12CHOROKO                                         2    31   0      31   90001612 25                               
89-41-43-058372-001-01 1 121  2 CHINA                                           2   451  4512    0           2 1    32  5 6     3600 2400000 1  
09-25-40-398372-001-05 1 111  12SEEDCO                                          3    41   0      41   6000 922 1    12  5 5      280   96000 5  
09-25-40-398372-001-05 1 431  12KARANGA NYEKUNDU                                2    31   0      31   6000 522 1    12  3 3       80   60000 5  
09-25-40-398372-001-05 2 121  2 KALAMATA                                        2    12   122    0           2 1    22  7 7      600  360000 5  
77-59-31-638372-001-30 1 121  2 MACHINA                                         1   181   0     181  120001612 1    22  6 6     1500 1200000 1 2
12-62-25-268373-001-01 1 121  2 MPUNGA                                          2   701  7012    0           111    212 5 6     1400  800000 1  
12-62-25-268373-001-01 2 121  2 MPUNGA                                          2  1401 14012    0           111    412 5 6     4900 2800000 1  
12-62-25-268373-001-01 3 111  2 PANA                                            1  7.51   0    7.51  600001622 1    112 5 6     1200  500000 1  
42-62-13-408373-001-05 1 121  2 MPUNGA                                          2   701  7012    0           111  1.212 5 6     1750  750000 1 2
89-62-22-138374-001-01 1 111  2 KIENYEJI                                        2    12   122    0           2 1  1.52  7 7      600  120000 1 2
89-62-22-138374-001-01 2 112212 KIENYEJI                                        2    22   222    0           121    315 7 8     1800  360000 1  
89-62-22-138374-001-01 2 122212 KARAMATA                                        2    32   322    0           2 1    32  7 8      400  120000 1 2
89-62-22-138374-001-01 2 221  2 UKIMWI NA MOSHI                                 2    55   0      55  14000 212 1    12  8 8      700   70000 1 2
13-70-69-598375-001-01 1 1123212KIENYEJI                                        2    51   512    0           2 1    111 5 6      360   90000 1  
02-43-32-068376-001-01 1 1121112MBEGU YA KIENYEJI                               2    51   512    0           2 1    12  3 4      120   70000 1 2
02-43-32-068376-001-01 1 131  12KIENYEJI                                        2    41   412    0           131    214 3 4      420  630000 1 2
02-43-32-068376-001-01 2 221  2 MBEGU ZA KIENYEJI                               2   401  4012    0           131    214 3 5      120   84000 1 2
02-43-32-068376-001-01 3 121  2 CHINA                                           1   361  3613    0           2 1    12  4 5     4500 2880000 1 2
02-43-32-068376-001-01 4 121  2 CHINA                                           3   201  2013    0           2 1    12  5 5     1875 1200000 1 2
37-71-21-508377-001-01 1 112282 BORA                                            1   201  2011   201 1100001622 1    52  3 3     1440  504000 1 2
37-71-21-508377-001-01 2 121  2 ASILI                                           2  5251   0    5251 400000 412 1   202  5 8    3150015000000 1 2
90-31-32-298377-001-03 1 1123112MBEGU BORA                                      1    41   0      41  24000 422 1    12  4 5      200   60000 1 2
90-31-32-298377-001-03 1 2221112ASILI                                           2   201   0     201   5000 212 1 0.252  1 3      300   15000 1 2
90-31-32-298377-001-03 1 4123112ASILI                                           2    21   0      0           111    12  5 5        6    6000 1 2
90-31-32-298377-001-03 2 121  2 ASILI                                           2   451   0     451  30000 212 1    12  5 5     2200  110000 1 2
42-29-84-548378-001-01 1 111  12PANA                                            1    41   0      41  22000161171    32  6 7      240  140000 1 2
42-29-84-548378-001-01 1 431  12KARANGA                                         2    51   512    0           171    212 4 5      120   40000 1 2
42-29-84-548378-001-01 2 121  2 MPUNGA                                          1   171   0     171   80001612 1    62  6 7     3750 2400000 1 2
86-36-77-818379-001-01 1 111  12DK                                              3    41   413    0           2 1    12  4 4      530  195000 1  
86-36-77-818379-001-01 1 431  12KARANGA NYEUPE                                  2    11   112    0           2 1    12  3 2      180   60000 1 2
86-36-77-818379-001-01 5 121  2 CHINA                                           2   601  6012    0           2 1    32  6 6     5040 3360000 1 2
71-62-11-038391-001-03 1 111  12STUKA                                           1    21   0      21   70001922 1    12  3 4      594  132000 312
71-62-11-038391-001-03 1 431  12NYEKUNDU                                        2    41   0      41   7000 212 1    12  3 4      252   42000 312
71-62-11-038391-001-03 4 121  2 MIDOMO YA FISI                                  2   321   0     321  14000 312 1  0.52  5 5      810  495000 312
27-25-01-278392-001-01 1 1123112DKY                                             1    31   0      31  160001622 1  0.212 4 4      120   36000 1 2
27-25-01-278392-001-01 1 222112 SALUME                                          2    25   252    0           2 1  0.22  5 6       90   20000 1 2
27-25-01-278392-001-01 1 4323112KIENYEJI                                        2    21   0      21   2400 522 1  0.52  3 3       40   60000 1 2
27-25-01-278392-001-01 2 111  2 DKY                                             3    12   123    0           2 1  0.212 4 4      120   36000 1 2
27-25-01-278392-001-01 2 351  2 ASILI                                           2    22   222    0           2 1    42  8 8     1600 1920000 1 2
27-25-01-278392-001-01 3 122332 ASILI                                           2    22   222    0           2 1    22  5 6     1500  750000 1 2
30-99-27-278393-001-01 1 112212 MBEGU YA KIENYEJI                               2    31   312    0           131  0.214 4 4      216   72000 1 2
30-99-27-278393-001-01 1 242112 MBEGU YA ASILI                                  2    21   212    0           2 1  0.22  4 5      180   90000 1 2
30-99-27-278393-001-01 1 432112 MBEGU YA ASILI                                  2    81   812    0           2 1  0.22  3 3      120   40000 1  
30-99-27-278393-001-01 3 112312 MBEGU YA ASILI                                  2    51   512    0           2 1 0.752  4 4      540  180000 1  
30-99-27-278393-001-01 3 432112 MBEGU YA ASILI                                  2   121  1212    0           2 1  0.22  3 3      225   85000 1  
82-29-94-458394-001-01 1 111  2 MBEGU BORA ZILIZOTUMIKA TENA                    3   402  4013    0           2 1    42  7 7     2040  816000 1  
82-29-94-458394-001-01 1 351  2 MBEGU ZA ASILI                                  2   601  6012    0           2 1    42  8 8     2400 2400000 1  
82-29-94-458394-001-01 2 111  2 MBEGU BORA ZILIZOTUMIKA TENA                    3   801  8013    0           2 1    72  8 8     2400  960000 1  
82-29-94-458394-001-01 2 351  2 MBEGU ZA ASILI                                  2   801  8012    0           2 1    72  8 8     2400 2400000 1  
82-29-94-458394-001-01 3 4322112MBEGU YA ASILI                                  2    61   611    0           2 1  1.52  3 3      108  180000 1  
02-89-25-528395-001-01 1 1123112ASILI                                           2   181  1812    0           2 1  1.52  5 6      360  100000 1  
02-89-25-528395-001-01 1 432112 ASILI                                           2    51   512    0           131  0.52  6 6       18   36000 1  
75-47-35-578395-001-02 1 4321112ASILI                                           2   101  1012    0           181    12  5 6       27   54000 1  
75-47-35-578395-001-02 19981  2 ASILI                                           2  1041 10412    0           2 1    32 1011     2450 1050000 1  
14-29-33-678396-001-01 3 112312 PIONEER                                         1   121   0     121  72000 922 1 0.752  4 5     1728  480000 1 2
14-29-33-678396-001-01 3 432112 MBEGU YA ASILI                                  2   104  1042    0           2 1  0.22  3 3      400  240000 1 2
16-88-13-928398-001-01 1 111  2 PANA                                            3    22   223    0           1725                               
16-88-13-928398-001-01 1 351  2 MBEGU ZA ASILI                                  2    42   422    0           2 1    52  8 8      960  960000 1 2
16-88-13-928398-001-01 1 432132 MBEGU ZA ASILI                                  2   101  1012    0           2 1    12  3 3      600   30000 1 2
16-88-13-928398-001-01 2 111  2 PANA                                            3   301  3013    0           1725                               
16-88-13-928398-001-01 2 351  2 MBEGU ZA ASILI                                  2    22   222    0           2 1    32  8 8      480  480000 1 2
16-88-13-928398-001-01 2 432242 MBEGU ZA ASILI                                  2    12   122    0           2 1  1.52  3 3      200   60000 1  
63-66-15-528410-001-01 3 111  2 SIDCO NA PANA                                   1    41   0      41  220001622 1    22  3 3     1200  360000 1 2
63-66-15-528410-001-01 3 221  11ASILI                                           2   601  6012    0           2 1  0.52  1 4      450   30000 1 2
63-66-15-528410-001-01 3 3121112ASILI                                           2    11   0      11   2000 412 1    12  2 2       10   15000 1 2
63-66-15-528410-001-01 4 121  2 ASILI KALAMATA                                  2   451  4512    0           2 26                               
35-76-92-328411-001-01 2 121  2 GALAMATA                                        2   641  6412    0           2 1    22  6 7     1920  840000 1 2
35-76-92-328411-001-01 4 1122112SIDUKA                                          1    31   311    0           2 1    12  5 6      600  210000 1 2
35-76-92-328411-001-01 4 1222112KALAMATA                                        2   201  2012    0           2 1  0.52  6 7      288  126000 1 2
35-76-92-328411-001-01 4 2221112SALUME                                          2    22   222    0           2 1 0.252  5 6      720  144000 1 2
08-37-96-268412-001-01 1 112212 MAHINDI                                         2    15   152    0           171    112 7 7      550  250000 1 3
08-37-96-268412-001-01 1 122312 MPUNGA                                          2    42   422    0           2 1  6.52  6 6     4440 1665000 1 3
08-37-96-268412-001-01 1 222112 VIAZI VITAMU                                    2   251   0     251   8000 21171    212 7 7      240   45000 1 3
29-90-85-158412-001-02 1 111  12SEED CO.                                        1    21   0      21   70001612 1    12  4 4      240  100000 2  
29-90-85-158412-001-02 1 222112 VIAZI VITAMU                                    2   151   0     151   6000 212 1  0.22  6 6       51    9000 2  
29-90-85-158412-001-02 1 432112 KARANGA                                         1    12   0      12  10000 212 1  0.22  4 4       80   73000 2  
29-28-77-938413-001-01 1 111  12MAHINDI                                         2    12   122    0           2 1  1.52  4 4     1200  300000 1 2
29-28-77-938413-001-01 1 1322112MTAMA                                           2    11   112    0           2 1    12  6 6      300   90000 1 2
29-28-77-938413-001-01 1 222112 VIAZI VITAMU                                    2   551  5512    0           2 1  0.52  6 6      560   14000 1 2
29-28-77-938413-001-01 3 121  2 MPUNGA                                          2  1001 10012    0           2 1    32  6 6     2400 1000000 1 2
53-65-94-758414-001-01 2 121  12KIENYEJI                                        2   201   0     201  15000 522 1    32  5 7     1800 1350000 1 2
42-07-57-408414-001-03 1 1222112KIENYEJI                                        2   351  3512    0           2 1    52  5 7     1400 1000000 1 2
03-58-06-438415-001-01 4 111  12KILIMA                                          1    61   0      61  360001632 1  0.111 6 6      100   42000 1 4
03-58-06-438415-001-01 4 431  12KARANGA                                         2    15   152    0           2 1  0.211 5 6       60   40000 1 4
03-58-06-438415-001-01 5 121  2 MPUNGA                                          2    25   252    0           111  0.211 5 5       90   63000 1 4
03-58-06-438415-001-01 6 351  2 DENGU                                           2    15   152    0           2 1    111 7 7      210  525000 1 4
33-83-90-348416-001-01 1 111  2 SEEDCO                                          3    83   833    0           2 1    12  4 4      600  180000 1  
33-83-90-348416-001-01 2 121  2 KALAMATA                                        3    32   323    0           2 1    32  5 5     3225 2150000 1  
22-94-41-888416-001-03 1 111  12SITUKA                                          3   351  3512   101  40000 522 1    52  3 4     2268  720000 3  
22-94-41-888416-001-03 1 3321412CHOROKO NDOGO                                   2    51   512    0           2 1  1.52  2 3      140  175000 3  
22-94-41-888416-001-03 1 4321412NYEKUNDU                                        2   121  1212    0           2 1    12  2 2      420  210000 3  
22-94-41-888416-001-03 2 121  2 KALAMATA                                        2  4201 42012    0           2 1   152  6 7    19200 8400000 3  
81-60-85-718417-001-01 2 1121112MAHINDI                                         2    15   152    0           2 1    52  5 5     2000  800000 1  
81-60-85-718417-001-01 2 1222112MPUNGA                                          2    85   852    0           111    82  4 5     5600 4000000 1  
81-60-85-718417-001-01 3 121  2 MPUNGA                                          2    65   652    0           2 25                               
68-36-25-838429-001-01 1 112212 MBEGU YA KIENYEJI                               2   101  1012    0           2 1    12  5 6      864  240000 1 2
68-36-25-838429-001-01 1 432212 MBEGU YA KIENNYEJI                              2    22   222    0           2 1    32  3 4     1200  600000 1 2
68-36-25-838429-001-01 2 121  2 MBEGU YA ASILI                                  2   301  3012    0           2 1    212 5 5      800  420000 1 2
88-30-56-528430-001-02 3 1122112MAHINDI                                         2    52   522    0           2 1   102  4 5      800  360000 9  
88-30-56-528430-001-02 3 122212 KALAMATA                                        2  1101 11012    0           181    42  6 7     1980  540000 9  
88-30-56-528430-001-02 3 2221112VIAZI VITAMU                                    2   351  3512    0           2 1    22  4 4      650   60000 9  
88-30-56-528430-001-02 3 3121112MAHARAGE                                        2    51   0      51  12500 412 1    22  3 4      100  150000 911
88-30-56-528430-001-02 3 4323112TILA                                            2   112  1122    0           2 1   1119 5 6     2100 1400000 911
02-94-58-758430-001-04 1 111  2 STUKA                                           1 0.751   0   0.751   4500161121 0.252  7 6      120  290000 1 2
02-94-58-758430-001-04 2 121  2 KALAMATA                                        2   241  2412    0           2 1    22  5 5     1440  720000 1 2
55-28-78-708430-001-05 1 111  2 MBEGU YA ASILI                                  2   201  2012    0           2 1  1.52  4 4      270   75000 1  
55-28-78-708430-001-05 2 221  2 MBEVU YA ASILI                                  2    31   0      0           2 1 0.252  6 6      160   28000 1  
55-28-78-708430-001-05 3 431  2 MBEGU YA ASILI                                  2    11   112    0           2 1 0.252  3 3       72   60000 1  
55-28-78-708430-001-05 4 121  2 MBEGU YA ASILI                                  2   401  4012    0           2 1    22  5 5     1764  882000 1 2
05-26-99-668431-001-01 1 121  2 SUPA                                            2    22   222    0           2 1    52  6 6     3000 1200000 2  
53-79-41-888432-001-01 399821112MWEMBE DODO                                     1    25   0      0           2 22                               
53-79-41-888432-001-01 4 121  2 KALAMATA                                        3    12   123    0           2 1    12  4 4      750  450000 1  
53-79-41-888432-001-01 4 4321112KARANGA NYEKUNDU                                2    81   812    0           2 1    12  5 5      285  126000 1  
54-84-39-338434-001-01 1 1123112UKILIGULU                                       2    11   112    0           2 1 0.252  5 5      180   60000 1 2
54-84-39-338434-001-01 1 311  12KITENGE  KARANGA                                2    11   0      11   2000 922 1 0.252  2 2       15   20000 1 2
54-84-39-338434-001-01 4 111  12UKILIGULU                                       2   101  1012    0           2 1    212 5 5      378  126000 1 2
54-84-39-338434-001-01 4 4321412TILA                                            2    21   0      21   4000 212 1 0.252  4 4       48   24000 1 2
23-84-39-388434-001-03 1 121  2 BUHURU                                          2   121   0     121   8000 21111    12  6 6      840  560000 1 2
09-35-15-018435-001-01 1 111  12KIENYEJI                                        2    14   142    0           2 1  0.52  3 3       60   15000 1  
09-35-15-018435-001-01 1 3121112KITENGE                                         2  1.51 1.512    0           2 1  0.114 2 2       10   15000 1  
09-35-15-018435-001-01 1 921  12BOGA                                            2    13   132    0           2 1  0.52  4 5       60   20000 1  
09-35-15-018435-001-01 6 121  2 KALAMATA                                        2    22   222    0           2 1    42  5 5     2800 1176000 1  
09-35-15-018435-001-01 7 111  2 KIENYEJI                                        2   104  1042    0           2 1  0.514 4 4      300   90000 1  
56-11-57-358436-001-01 1 111  2 ASILI                                           2   121  1212    0           121    22  6 6      756  126000 1 2
56-11-57-358436-001-01 2 121  2 ASILI                                           2   721   0     721  40000 21111    22  5 6     2898  920000 1  
09-69-32-298448-001-01 1 111  2 ASILI                                           2    91   912    0           2 1    22  4 4     1080  360000 1  
09-69-32-298448-001-01 2 121  2 ASILI                                           2    62   622    0           2 1   102  5 6     3888 1800000 1  
85-90-69-268448-001-05 1 112312 MBEGU BORA DK                                   2   101   0     101  60000163131    114 3 3     1260  350000 1  
85-90-69-268448-001-05 1 222212 MBEGU YA ASILI                                  2   202  2012    0           2 1  0.52  6 7     3360  504000 1  
85-90-69-268448-001-05 1 432212 MBEGU YA ASILI                                  2   101   0     101  10000 21171  0.52  3 3      175   52500 1  
85-90-69-268448-001-05 2 121  2 MBEGU YA ASILI                                  2    32   322    0           171    212 5 6     3136 1568000 1  
85-90-69-268448-001-05 3 121  2 MBEGU YA ASILI                                  2    22   222    0           2 1    22  6 6     2352 1176000 1  
85-90-69-268448-001-05 4 121  2 MBEGU YA ASILI                                  2  1.52 1.522    0           2 1    12  7 8     1680  840000 4  
85-90-69-268448-001-05 5 121  2 MBEGU YA ASILI                                  2  1.52 1.522    0           2 1  1.52  7 8      672  336000 2  
08-15-79-098449-001-01 1 221  2 MBEGU YA ASILI                                  2   201  2012    0           2 1 0.252  2 3       60   15000 1 2
08-15-79-098449-001-01 2 121  2 MBEGU YA ASILI                                  2   251  2512    0           2 1    22  6 7     1875 1250000 1  
08-15-79-098449-001-01 3 111  12MBEGU YA KISASA                                 1    21   0      11  12000 912 1    12  3 4      360   90000 1  
08-15-79-098449-001-01 3 431  12MBEGU YA ASILI                                  2   101  1012    0           2 1    12  3 3      150  150000 1  
59-10-88-398450-001-01 1 111  2 MBEGU YA ASILI                                  2    14   142    0           2 1 0.252  4 5       52   15000 1  
59-10-88-398450-001-01 2 121  2 MBEGU YA ASILI                                  2   151  1512    0           2 1    12  5 5     1125 1050000 1  
17-48-94-578451-001-02 1 1122112MBEGU BORA                                      1    41   0      41  24000162181  1.511 4 4      504  168000 2  
17-48-94-578451-001-02 1 3321112MBEGU ZA ASILI                                  2    13   0      13   1000 21171 0.2512 4 4        3    3000 2  
17-48-94-578451-001-02 1 4322112MBEGU BORA.                                     1    22   0      22  300001622 1  1.52  4 4      210  105000 2  
17-48-94-578451-001-02 2 122232 MBEGU BORA                                      1    61   0      61  36000162131  1.52  4 5      896  280000 2  
17-48-94-578451-001-02 3 111  2 MBEGU BORA YA PUNDA MILIA                       1    61   0      61  360001621725                               
94-34-92-188452-001-01 1 111  2 MBEGU BORA DK                                   1    41   0      41  240001612 1    12  4 4      432  120000 1 2
94-34-92-188452-001-01 2 112212 MBEGU YA ASILI                                  2   101  1012    0           1826                               
94-34-92-188452-001-01 2 432212 MBEGU YA ASILI                                  2    41   412    0           2 1  0.52  2 2       72   36000 1 2
94-34-92-188452-001-01 3 121  2 MBEGU YA ASILI                                  2   202  2022    0           111    32  6 6     1920  840000 1 2
83-21-82-378452-001-03 1 121  2 MPUNGA                                          2   101  1012    0           2 1  0.52  5 5      448  168000 1 2
28-52-02-768453-001-01 1 111  2 DK                                              1    41   0      41  20000162131    114 5 6      378  126000 2  
28-52-02-768453-001-01 2 121  2 BUHURU                                          2   481  4812    0           2 1    82  5 6     6664 3808000 1 2
28-52-02-768453-001-01 3 431  2 KARANGA                                         2    81   0      81  120001612 1 0.752  4 4       80   40000 2  
28-52-02-768453-001-01 4 221  2 VIAZI MAYAI                                     2   601   0     601  50000 212 1 0.252  3 6      270  270000 2  
94-38-37-268454-001-01 1 111  12KIENYEJI                                        2   101  1012    0           2 1    32  5 5     1680  504000 1 2
94-38-37-268454-001-01 1 311  12NYEKUNDU                                        2    31   312    0           2 1  0.112 2 2       40   80000 1 2
94-38-37-268454-001-01 2 112212 KIENYEJI                                        2    51   512    0           2 1  0.712 5 5      560  168000 1 2
94-38-37-268454-001-01 2 432212 KIENYEJI                                        2    44   442    0           2 1  0.52  4 4       70  120000 1 2
94-38-37-268454-001-01 4 111  2 10                                              2   101  1012    0           2 1  0.212 5 5      420  126000 1 2
94-38-37-268454-001-01 5 121  2 KARAMATA                                        2    22   222    0           2 1  1.52  5 6     2000 1000000 1 2
94-38-37-268454-001-01 6 121  2 KARAMATA                                        2    42   422    0           2 1    62  6 6     5000 2500000 1 2
22-92-19-148454-001-03 1 111  2 MAHINDI                                         2    31   312    0           2 1 0.252  5 5       90   40000 1  
22-92-19-148454-001-03 2 111  12DK                                              1    61   0      61  390001622 1 0.752  7 7      576  256000 1  
22-92-19-148454-001-03 2 3121412NJANO                                           2    11   0      11   24001612 1  0.22  6 6       20   36000 1  
22-92-19-148454-001-03 3 121  2 Y-PESA                                          1   101   0     101  720001622 1    12  4 4     1248  910000 1  
86-55-14-578454-001-07 1 111  2 DKY 777                                         1    41   0      41  24000163131    12  4 4      980  196000 1 2
86-55-14-578454-001-07 2 121  2 BUHULU                                          2    12   122    0           2 1  0.52  4 4     1500  825000 1 2
86-55-14-578454-001-07 3 121  2 MBUHULU                                         2    22   222    0           2 1    32  6 6     3600 2160000 1 2
20-16-02-248455-001-02 1 112112 LUNANI                                          2    61   612    0           2 1  0.52  8 8      540  150000 1 2
20-16-02-248455-001-02 2 112382 LUNANI                                          2   251  2512    0           2 1    32  8 8     1080  300000 1 2
20-16-02-248455-001-02 3 112212 DK                                              3    71   0      71      0 112 1  1.52  8 8      756  210000 1 2
20-16-02-248455-001-02 4 121  2 KALIMATA                                        2   301  3012    0           2 1    32  6 6     2016 1200000 1 2
20-16-02-248455-001-02 5 121  2 BEYENGE                                         2   501  5012    0           2 1    62  6 7     3528 2100000 1 2
20-16-02-248455-001-02 6 121  2 BEYENGE                                         2   251  2512    0           2 1    22  6 7     1428  850000 1  
20-16-02-248455-001-02 7 122322 UHURU                                           2   161  1612    0           2 1    22  7 7     1428  850000 1  
63-41-60-758468-001-01 1 111  12SEEDCO                                          1    41   0      41  240001622 1 0.752  5 5      324   90000 1 2
63-41-60-758468-001-01 1 431  12MBEGU  NDOGO                                    2    51   0      51  12000 521624                               
01-65-53-728471-001-01 1 111  12SEEDCO                                          1    11   0      11   60001622 1  0.22  5 5      280  100000 1 2
01-65-53-728471-001-01 1 311  12NJANO                                           2  0.51   0    0.51   12001612 1  0.22  3 3       40   80000 212
26-59-11-808472-001-01 1 112312 MBEGU BORA                                      1   241   0     241 192000162181    611 4 5      648  180000 1  
26-59-11-808472-001-01 1 122112 MBEGU ZA ASILI                                  2   481  4812    0           181    311 5 5      192   72000 1  
27-44-06-258474-001-01 2 121  2 KALAMATA                                        3   241  2413    0           2 1    32  5 5     3264 1360000 1  
27-44-06-258474-001-01 3 112232 STUKA                                           1    61   0      61  360001612 1  0.52  7 7      864  400000 1  
41-48-65-388477-001-01 1 111  122                                               2    21   212    0           2 1  0.52  5 5       90   35000 1  
41-48-65-388477-001-01 1 311  12MBEGU ZA ASILI                                  2    11   0      11   10001612 1  0.52  4 4       20   25000 1  
41-48-65-388477-001-01 1 431  12MBEGU ZA ASILI                                  2    11   0      11   2000161131  0.52  4 4       25   12500 1  
42-27-57-108486-001-01 1 111  2 MBEGU BORA SEED CO                              1    51   0      51  275001632 1  1.52  3 3     2280  600000 1  
42-27-57-108486-001-01 2 1123112MBEGU BORA SEED CO                              1    51   0      51  275001632 1  1.52  3 3     1140  300000 1  
42-27-57-108486-001-01 2 3422111MBEGU YA ASILI                                  2    31   312    0           2 1  0.52  7 7      672  210000 1  
42-27-57-108486-001-01 2 4322112MBEGU YA ASILI                                  2    31   312    0           2 1  0.52  3 3      168  210000 1  
42-27-57-108486-001-01 3 111  2 MBEGU BIRA SEED CO                              1  2.51   0    2.51  165001632 1    12  3 3     1140  300000 1  
42-27-57-108486-001-01 4 111  2 MBEGU BORA SEED CO                              1  2.51   0    2.51  275001632 1    22  3 3     2280  600000 1  
42-27-57-108486-001-01 5 111  2 MBEGU BORA SEED CO                              1  2.51   0    2.51  275001632 1    22  3 3     1368  360000 1  
42-27-57-108486-001-01 6 111  2 MBEGU BORA SEED CO                              1    21   0      21  110001632 1    22  3 3     1140  300000 1  
42-27-57-108486-001-01 7 111  2 MBEGU BORA SEED CO                              1    41   0      41  220001632 1  1.52  3 3      798  210000 1  
42-27-57-108486-001-01 8 111  2 MBEGU BORA SEED CO                              1    41   0      41  220001632 1  1.52  3 3      570  150000 1  
57-70-35-258487-001-01 1 112112 MBEGU BORA                                      1    41   0      41  440001622 1    12  5 6     1080  420000 1  
57-70-35-258487-001-01 2 111  2 MBEGU BORA                                      1    31   0      31  330001622 1    22  5 6     1620  630000 1  
24-66-81-388487-001-05 1 1122112MBEGU BORA SEED CO                              1    41   0      41  22000161121  0.52  2 2      684  180000 1  
24-66-81-388487-001-05 1 2621112MBEGU BORA                                      1    43   0      43  20000161121 0.2515 2 2      240  240000 1  
24-66-81-388487-001-05 1 3321112MBEGU YA ASILI                                  2  1.51 1.512    0           121 0.252  3 4       70  105000 1  
24-66-81-388487-001-05 1 5022112MBEGU BORA                                      1   101   0     101   7000161121  0.52  6 6       98  107800 1 2
24-66-81-388487-001-05 2 111  12MBEGU BORA DK                                   1  2.51   0    2.51  23000161171    112 3 3      114   30000 1  
24-66-81-388487-001-05 2 431  12MBEGU YA ASILI                                  2    31   312    0           171    112 4 4       16   20000 1  
24-66-81-388487-001-05 3 1123112MBEGU BORA SEED CO                              1  1.51   0    1.51  165001612 1 0.752  2 2      228   60000 1  
24-66-81-388487-001-05 3 3121112MBEGU YA ASILI                                  2    11   0      11   22001612 1 0.252  1 1       20   20000 1  
02-08-79-278487-001-13 1 111  2 TUMBILI                                         1    61   0      61  33000 912 1    12  4 4      540  210000 1 2
71-16-15-448488-001-01 1 111  2 MBEGU BORA                                      1    31   0      31  33000 912 1    217 4 5     1620  630000 2  
46-76-91-048489-001-02 2 112212 TUMBILI                                         1    81   0      81  480001632 1    12  4 4      480  168000 1 2
46-76-91-048489-001-02 2 222112 MWANAMOGA                                       2    25   252    0           2 1  0.52  6 8      360   90000 1 2
46-76-91-048489-001-02 2 872112 KARIJEI                                         1   505   0     505  160001632 1 0.252  3 3     2650 1650000 1 2
61-07-71-068490-001-01 1 111  2 TUMBILI                                         1   151   0     151  76000 912 1    22  4 4      756  294000 1  
61-07-71-068490-001-01 2 111  12TUMBILI                                         1    41   0      41  22000 912 1    12  3 4       72   28000 1  
61-07-71-068490-001-01 2 501  12PAMBA                                           1    91   0      91   7000 912 1    12  6 6       20   19000 1  
67-77-05-688490-001-07 1 111  2 TUMBILI                                         1    21   0      21  11000 912 1  0.211 4 4      145   56000 1 2
67-77-05-688490-001-07 2 111  12TUMBILI                                         1    41   0      41  22000 912 1    12  4 4      864  336000 1 2
67-77-05-688490-001-07 2 4322412NYEUPE                                          2    21   0      21   2000 212 1  0.52  5 5      144   60000 1 2
43-16-93-388491-001-01 5 221  2 MBEGU ZA ASILI                                  2    25   252    0           2 1    12  4 7     1500  300000 1 2
43-16-93-388491-001-01 6 111  2 MBEGU BORA                                      1    41   0      41  22000163181  0.511 3 3      432  168000 1 2
43-16-93-388491-001-01 7 121  2 MBEGU ZA ASILI                                  2    21   212    0           2 1  0.52  5 5      540  210000 1 2
25-13-85-268492-001-01 2 501  2 MBEGU BORA                                      1    81   0      81  16000163171    22  7 7      400  400000 2  
20-95-20-088492-001-05 1 111  12PUNDAMILIA                                      1    21   0      21  110001642 1  0.52  3 4      108   42000 1  
20-95-20-088492-001-05 1 311  12NJANO                                           2    11   0      11      0 312 1  0.52  2 3       10    8000 1 2
20-95-20-088492-001-05 2 111  12PUNDAMILIA                                      1    41   0      41  220001642 1    12  3 4      216   84000 1 2
20-95-20-088492-001-05 2 321  12KUNDE                                           2    11   0      11      0 112 1    12  2 2       15   12000 1 2
57-30-46-038493-001-01 2 111  12MBEGU BORA                                      1    81   0      81  88000 932 1  1.52  4 4      648  288000 1 2
57-30-46-038493-001-01 2 431  12MBEGU YA KIENYEJI                               2   151  1512    0           2 1  1.52  6 6      150   60000 1 2
57-30-46-038493-001-01 3 112212 MBEGU YA ASILI                                  2    12   122    0           2 1  0.52  4 4      756  336000 1 2
57-30-46-038493-001-01 3 122112 MBEGU YA KIENYEJI                               2    12   122    0           2 1  0.22  7 7       90   24000 1 2
57-30-46-038493-001-01 3 412112 MBEGU YAKIENYEJI                                2   101  1012    0           2 1  0.22  4 4       90   30000 1 2
32-24-12-228506-001-01 2 111  2 MBEGU YA SEEDCO                                 1   251   0     501 287500 932 1    82  3 3     9000 4500000 1 2
32-24-12-228506-001-01 3 501  2 MBEGU YA PAMBA                                  2   601   0     601  35000 932 1    82  5 6     3026 2280000 1 2
63-86-47-138509-001-01 1 122212 MBEGU ZA KAWAIDA                                1    61   612    0           171    12  5 5     1000  360000 1 4
63-86-47-138509-001-01 3 111  12MBEGU ZA TUMBILI                                1    61   0      61  345001611725                               
63-86-47-138509-001-01 3 121  12MBEGU ZA KAWAIDA                                2    61   612    0           2 1    12  5 5      200   25000 1 4
63-86-47-138509-001-01 4 111  12MBEGU ZA KAWAIDA                                1    61   0      61  690001612 1    12  5 5      400  120000 1 4
63-86-47-138509-001-01 5 111  12MBEGU ZA TUMBILI                                1   121   0     121 1380001632 1    42  3 3      700  210000 1 4
63-86-47-138509-001-01 5 411  11MBEGU ZA KAWAIDA                                2    21   212    0           111    42  4 4      200  240000 1  
63-86-47-138509-001-01 6 121  2 MBEGU YA SUPER URAMBO                           2   201  2012    0           2 1    12  5 5      500  210000 1  
03-16-05-288509-001-02 1 111  2 SIDCO                                           1    31   0      31  180001622 1  0.52 12 1      240  144000 1  
27-00-87-678509-001-05 1 111  12MBEGU ZA TUMBILI                                2    21   0      21  23000 432 1    12  3 3      700  210000 1  
39-40-33-728511-001-02 1 111  12SEEDCO                                          1   121   0     121  660001612 1    32  5 6     2268  210000 1 2
39-40-33-728511-001-02 1 3321412CHOROKO                                         2    21   212    0           2 1    12  5 5       40   40000 1 2
39-40-33-728511-001-02 2 111  2 SEEDCO                                          1   161   0     161  880001612 1    42  5 5     3024  840000 1 2
57-16-67-668511-001-04 2 351  2 KIJIVU                                          2   301  3012    0           121  1.82  7 7      450  540000 2 3
23-56-01-838512-001-01 1 1123112TUMBILI                                         1    61   0      61  33000 91131    214 6 7      864  320000 1 2
23-56-01-838512-001-01 1 5021111PAMBA                                           1   151   0     151   6000 71131  0.514 6 7       60   54000 1 2
23-56-01-838512-001-01 4 1122112TUMBILI                                         1   181   0     181 112500 912 1  1.52  3 3      540  200000 1 2
23-56-01-838512-001-01 4 2221112VIAZI VITAMU                                    2   601   0      0           2 1  0.52  6 6     2400  600000 1 2
23-56-01-838512-001-01 4 3121112MAHARAGE                                        2    31   312    0           171  0.312 2 2       72   80000 1 2
06-99-12-268524-001-01 2 111  2 SEED CO                                         1    51   0      51  36000 912 1    12  3 4      630  252000 6 7
06-99-12-268524-001-01 2 432142 MBEGU NDOGO                                     2  1.51   0    1.51   2500 91131  0.52  2 3       21   60000 6 7
38-71-06-878527-001-01 3 111  2 MBEGU YA TUMBILI                                1    61   0      61  34500161171    12  4 4      200   60000 1 4
70-41-03-848528-001-01 1 221  2 TEKE LA PUNDA                                   3    15   153    0           2 1 0.752  6 7      600   72000 1 2
65-17-43-268528-001-04 1 111  2 MBEGU ZA PUNDA                                  1    31   0      31  34500 42131    12  3 3      400  120000 1 4
65-17-43-268528-001-04 3 111  12MBEGU ZA PUNDA                                  1    61   0      61  69000 42131    12  3 3      400  120000 1 4
65-17-43-268528-001-04 3 431  12MBEGU ZA KAWAIDA                                2   201  2012    0           2 1    12  4 4      200   60000 4  
82-85-96-818531-001-01 1 222112 ITEGE                                           2  1001 10012    0           2 1 0.252  3 8      500  250000 1 2
82-85-96-818531-001-01 1 4122112UK                                              1    21   0      21     12162111 0.252  7 6      300  420000 1  
49-65-33-458543-001-02 2 111  2 KIENYEJI                                        2   201   0     201  15000 51171    112 6 6      120   60000 2  
91-56-31-008543-001-03 1 122232 KIENYEJI                                        2   151  1512    0           2 1    12  6 6     1560  390000 1 2
18-90-19-378544-001-01 1 411  2 ASILI                                           2   241   0     241  20000 412 1    42  6 7      600  500000 4  
30-76-94-738545-001-01 1 121  2 BAYENGE                                         2   161  1612    0           171    112 6 7      640  250000 1  
28-36-36-908546-001-01 1 131  2 JITAPANDWANONI                                  2   361  3612    0           2 1    62  7 7      628  720000 1 2
42-27-91-988547-001-01 1 121  2 MBEGU YA ASILI YA MPUNGA                        2   151  1512    0           131    214 5 5     1350  675000 1 2
42-27-91-988547-001-01 2 1222112MBEGU YA ASILI YA MPUNGA                        2   251  2512    0           2 1    72  6 6     2700 1350000 1 2
42-27-91-988547-001-01 2 2223112MBEGU YA ASILI YA VIAZI VITAMU                  2   451  4512    0           131    314 8 8      600  300000 1 2
42-27-91-988547-001-01 2 351  12MBEGU YA ASILI YA DENGU                         2   181  1812    0           2 1    12  7 7      540  600000 1 2
94-72-76-298547-001-03 1 501  2 MBEGU YA ASILI YA PAMBA                         2   401   0     401  68000 612 1    42  6 6      500 4000000 1  
25-30-45-908548-001-01 1 501  2 YA KISASA                                       1    51   0      51  45000 922 1    32  6 6      300  300000 1  
11-32-28-928549-001-01 2 1122112ASILI                                           2  1201 12012    0           2 1   102  6 7     7200 2100000 1  
11-32-28-928549-001-01 2 3522112ASILI                                           2  2001   0    2001 800000 432 1   102  8 9     7500 9750000 1  
11-32-28-928549-001-01 4 112212 ASILI                                           2  1001 10012    0           2 1   102  6 7     7800 2275000 1  
26-23-47-708549-001-06 1 111  2 TUMBILI                                         1    21   0      21  24000 912 1  0.52  5 5      144   88000 1  
26-23-47-708549-001-06 2 501  2 YA KISASA                                       1    21   0      21  18000 912 1  1.52  6 6      178  147740 1  
48-17-80-368550-001-01 1 501  2 MBEGU BORA                                      1   271   0     271  40000 95131    62  6 6     1353    1700 1 2
48-17-80-368550-001-01 2 121  2 MBEGU ZA KIENYEJI                               2   241  2412    0           111    12  3 4      720   42000 1 2
48-17-80-368550-001-01 3 121  2 MBEGU ZA KIENYEJI                               2   401  4012    0           111    22  4 4     4860   42000 1 2
04-99-32-548562-001-01 1 111  2 TUMBILI                                         1    61   0      61  33000 932 1    22  4 4      540  200000 1  
04-99-32-548562-001-01 2 111  2 TUMBILI                                         1    41   0      41  22000 922 1    12  4 4      432  240000 1 2
04-99-32-548562-001-01 3 501  2 PAMBA                                           1   601   0     601  60000 612 1    22  6 7      180  180000 1 2
12-78-14-368563-001-01 1 502242 PAMBA                                           1   201   0     201  12400 612 1    32  4 7      400  440000 1  
12-78-14-368563-001-01 2 501  2 PAMBA                                           1   101   0     101   6200 612 1    22  4 7      250  275000 1  
12-78-14-368563-001-01 3 121  2 MPUNGA                                          2    15   152    0           111    12  4 5      280  280000 1  
12-78-14-368563-001-01 4 131  2 MTAMA                                           2    35   352    0           2 1    72  4 5     4000 2400000 1  
12-78-14-368563-001-01 5 501  2 PAMBA                                           2   401   0     401  24800 612 1    72  5 7      800  880000 1  
12-78-14-368563-001-01 6 501  2 PAMBA                                           1   101   0     101   6200 612 1    22  4 6      200  220000 1  
20-52-90-348563-001-03 1 1121111TUMBILI                                         1   301   0     301 1425001612 1    52  7 8     1000 1200000 1 2
20-52-90-348563-001-03 1 1321112MTAMA                                           2   101  1012    0           131  1.514 6 7      400  360000 1 2
20-52-90-348563-001-03 1 2221112SERENA                                          2   251  2512    0           2 1    22  5 8      800  320000 1 2
20-52-90-348563-001-03 1 3321112CHOROKO                                         2   101   0     101  15000161131    714 4 5      520  864000 1 2
20-52-90-348563-001-03 1 5022112ASA                                             2  2801   0    2801  70000 91171   1212 6 8      870  870000 1 2
20-52-90-348563-001-03 2 121  2 MPUNGA                                          2    32   322    0           171  1.512 6 7     2310 1056000 1 2
20-52-90-348563-001-03 4 1122112TUMBILI                                         1    21   0      21  120001612 1  0.52  6 8      300  270000 1 2
20-52-90-348563-001-03 4 8723112DIO                                             1   255   0     255   7000161131  0.714 7 8      255  135000 1 2
20-52-90-348563-001-03 6 141  2 KANYAGIO                                        2  0.52 0.512    0           111  1.515 6 8      240  180000 1 2
43-27-31-928564-001-01 1 1123112SEEDCO                                          1    31   311    0           2 1    62  5 5      840  420000 1 2
43-27-31-928564-001-01 1 1221112MBEGU YA MANYOYA                                2   101  1012    0           2 1  0.52  4 5      290  144000 1 2
43-27-31-928564-001-01 1 1321112SELEMAN                                         2   101  1012    0           2 1    22  6 6      756  378000 1 2
43-27-31-928564-001-01 1 2221112WIYAWE NA ZUGI NA TERA, RUKWA, MBIRUKA, ZAMBARAU2   201  2012    0           2 1    12  5 8     1296  648000 1 2
43-27-31-928564-001-01 1 4321112DARK                                            2   201  2012    0           2 1  2.52  4 5      680  472500 1 2
43-27-31-928564-001-01 1 5022112MBEGU ZA MANYOYA                                2   361   0     361 140000 612 1    42  5 6      500  415000 1 2
43-27-31-928564-001-01 2 1121112SEEDCO                                          1    11   111    0           2 1  0.52  5 5      240  120000 1 2
43-27-31-928564-001-01 2 3321112MBEGU ZA KIENYEJI                               2    11   112    0           2 1  0.52  4 5      180  270000 1 2
43-27-31-928564-001-01 2 4121112MBEGU ZA KIENYEJI                               2    11   112    0           2 1  0.52  4 4      432  180000 1 2
43-27-31-928564-001-01 2 5022112MBEGU ZA MANYOYA                                2   601   0     601  38000 612 1    42  5 6      600  498000 1 2
43-27-31-928564-001-01 4 1122112SEEDCO                                          1    11   111    0           2 1  0.52  5 5      360  180000 1 2
43-27-31-928564-001-01 4 5023112MBEGU ZA MANYOA                                 2 52.51   0   52.51  33250 612 1    32  5 6      600  498000 1 2
05-71-43-298564-001-03 1 1122112SEED CO                                         3    81   813    0           2 1    42  4 4      330  150000 1 2
05-71-43-298564-001-03 1 5022112PAMBA                                           1   501   0     501  35000 42171    412 8 8      380  400000 1 2
15-30-75-488565-001-01 1 1122112SIDCO                                           3   101  1013    0           171  0.512 3 3      360   90000 1 2
15-30-75-488565-001-01 1 1222112ASILI                                           2   301  3012    0           1725                               
15-30-75-488565-001-01 1 3321112MBEGU ASILI                                     2    11   112    0           1725                               
15-30-75-488565-001-01 1 4121112ASILI                                           1    21   212    0           1725                               
15-30-75-488565-001-01 1 5021112MBEGU BORA                                      1   151   0     151  150001841725                               
15-30-75-488565-001-01 4 1122112SIDCO                                           3    81   813    0           2 1    12  3 3      680  170000 1 2
15-30-75-488565-001-01 4 5022112ASILI                                           2   101   0     101  100001842 1    112 7 7      100  120000 1 2
36-90-11-838566-001-01 3 331  12CHOROKO MBEGU NDEFU                             2    21   0      21   4000 912 1    22  3 4       80   80000 1  
36-90-11-838566-001-01 3 501  12UK                                              1    22   0      22  20000 612 1    22  5 6      300  330000 1  
36-90-11-838566-001-01 4 121  2 KALAMATA                                        3    15   153    0           2 1    12  6 6      360  224000 1  
36-90-11-838566-001-01 5 501  2 US                                              1    15   0      15  20000 712 1    22  5 6      400  440000 1  
21-36-20-588568-001-01 2 122112 GALAMATA                                        2    62   622    0           2 1    62  5 6     6400 2000000 1 2
14-04-95-348568-001-04 1 121  2 MAPUNDA.                                        2    15   152    0           2 1  0.52  6 6     1125  600000 1 2
58-20-44-208569-001-01 1 1322112KIENYEJI                                        2   101   0     101   3000 532 1    42  4 7      400  144000 1 2
58-20-44-208569-001-01 2 431  12KIENYEJI                                        2   201  2012    0           2 1    22  5 6      175  175000 1 2
13-83-16-718581-001-01 1 1123112PANA                                            1    61   0      61  36000 52171 0.1712 3 6       60   30000 1 2
13-83-16-718581-001-01 1 2221112SARENA                                          2   121  1212    0           2 1  0.52  2 7      480  150000 1 2
13-83-16-718581-001-01 1 3321112LABHA LABHA                                     2    21   0      21   5000 912 1  0.52  2 3       20   26000 1 2
13-83-16-718581-001-01 1 4321112PENDO                                           2  7.51   0    7.51  12500 522 1  0.512 2 2       40   30000 1 2
13-83-16-718581-001-01 2 121  2 BURUNGWA                                        2   481  4812    0           2 1  1.62  3 7     1920  900000 1 2
21-15-18-018582-001-01 1 221  12KIENYEJI                                        2   401  4012    0           2 1    12  6 8       10  180000 1  
21-15-18-018582-001-01 2 121  2 KIENYEJI                                        2   301  3012    0           2 1    22  5 6     2000  820000 1  
89-31-46-388583-001-01 1 111  12PANNER                                          1    31   0      31  180001932 1  0.32  4 4      288  120000 1  
89-31-46-388583-001-01 1 501  125                                               1    51   0      51   6000 612 1  0.32  6 4       40   34000 1  
89-31-46-388583-001-01 4 112212 PENNAR                                          1    11   0      11   6000193171  0.32  4 4       54   21500 1  
89-31-46-388583-001-01 4 122212 TANGA                                           2   101  1012    0           2 1  0.52  6 6      330  132000 1  
44-18-35-448584-001-01 1 111  2 SEEDCO                                          1    41   0      41  20000 932 1    22  5 5      240  132000 1  
44-18-35-448584-001-01 1 311  12MAHARAGE MEKUNDU                                2    43   0      43   4400 922 1    22  3 3       45   99000 2  
44-18-35-448584-001-01 1 501  2 PAMBA NYEUSI                                    2    35   0      0           2 1    22  6 6       80   96000 1  
44-18-35-448584-001-01 2 121  2 BULUNGWA                                        2    62   0      62 120000 212 1    42  5 5     3375 2700000 1  
44-18-35-448584-001-01 4 111  12SEEDCO                                          1    81   0      45  48000 932 1  1.52  6 6      700  315000 1  
44-18-35-448584-001-01 4 331  12CHOROKO NYEUSI                                  2    15   0      15  10000 212 1  1.52  2 3      200  300000 1  
44-18-35-448584-001-01 5 501  2 KIENYEJI                                        2    22   0      22  26000 612 1    112 5 5       80   96000 1  
56-78-65-418585-001-02 3 111  12MBEGU ZA KIENYEJI                               2    41   412    0           2 1 0.252  5 5      108   45000 2  
56-78-65-418585-001-02 3 331  12MBEGU ZA KIENYEJI                               2    11   0      11   20001612 1 0.252  3 3       40   50000 2  
31-45-10-208586-001-01 1 121  2 SUPER INDIA                                     3    42   0      42  60000 21171  0.512 4 8      750  300000 1  
10-00-82-238587-001-01 1 1122112MAHINDI                                         2    41   412    0           171  0.512 5 5       60   27000 1 2
10-00-82-238587-001-01 1 1222111MPUNGA                                          2   121   0     121   4500 912 1  0.52  5 6      350  126000 1 2
10-00-82-238587-001-01 2 111  12MAHINDI                                         2   131  1312    0           171    212 5 5       75   56000 1 2
10-00-82-238587-001-01 2 331  12CHIROKO                                         2    41   412    0           2 1    22  4 5       20   20000 1 2
51-99-70-758587-001-03 1 111  2 PIONEER                                         1   101   0     101  60000 91171    12  5 6      840 1750000 1  
19-79-62-778588-001-01 1 112112 PUNDAMILIA                                      2    15   152    0           2 1  1.52  5 6      720  360000 1  
19-79-62-778588-001-01 1 1221112MPUNGA                                          2    35   352    0           111    22  3 5     3000 1440000 1  
19-79-62-778588-001-01 1 4321112KARANGA                                         2    15   152    0           2 1    32  4 5      650  585000 1  
19-79-62-778588-001-01 1 5021112PAMBA                                           1   401   0     401  24800 612 1    22  4 7     1300 1430000 1  
19-79-62-778588-001-01 6 121  2 MPUNGA                                          2    25   252    0           2 1    212 4 5      800  384000 1  
07-65-64-298588-001-04 1 1122112PUNDA                                           1    81   0      81  480001622 1    22  5 5      800  360000 1  
07-65-64-298588-001-04 1 5022112PAMBA                                           1   501   0     501  35000 622 1    212 6 7      300  330000 1  
07-65-64-298588-001-04 2 121  2 MPUNGA                                          2    15   152    0           111  1.312 5 6      770  495000 1  
90-79-79-128588-001-05 1 111  12PANA                                            2    15   152    0           2 1    12  5 6      300  135000 1 2
90-79-79-128588-001-05 1 431  12KARANGA                                         2    15   152    0           2 1    12  5 6      200  160000 1 2
50-42-79-338601-001-01 2 1122112SEED-CO                                         1    21   0      21   8000 91131  0.414 2 2      240  120000 1 2
50-42-79-338601-001-01 2 3221112KUNDE(SHIRI)                                    2    11   0      11   1000 91131  0.214 2 2       20   20000 1 2
50-42-79-338601-001-01 2 3321112CHOROKO                                         2    11   0      11   1000 91131  0.214 2 3       80  240000 1 2
81-82-81-408602-001-01 2 112212 MBEGU PANA                                      1    21   0      21  24000 412 1    12  6 6      720  216000 1 2
81-82-81-408602-001-01 2 502212 MBEGU ZA KAWAIDA                                1    21   0      21  12000 411725                               
76-45-13-398603-001-01 1 111  12MBEGU ZA LUBANGO                                1    41   0      41  200001612 1    22  8 8      600  216000 1 2
76-45-13-398603-001-01 1 3322112MBEGU ZA KAWAIDA                                2  0.51   0    0.51    600161181    12  8 8       20   30000 1 2
21-64-89-728604-001-01 1 112212 MBEGU YA KIENYEJI                               2    31   312    0           2 26                               
21-64-89-728604-001-01 2 111  12MBEGU YA KIENYEJI                               2    21   212    0           2 26                               
21-64-89-728604-001-01 2 131  12MBEGU YA KIENYEJI                               2    11   112    0           2 26                               
51-49-02-058605-001-05 1 1123112LUBANGO                                         1    71   0      31  300001612 1    12  6 6      360  180000 1 2
51-49-02-058605-001-05 1 3321112ASILI                                           2    21   212    0           2 1    12  6 7      120  150000 1 2
51-49-02-058605-001-05 1 352212 ASILI                                           2   401  4012    0           2 1    32  8 8      480  680000 1 2
47-61-91-398607-001-02 2 121  2 WAYWAY                                          2  1.52 1.522    0           2 1  1.52  6 6      630  380000 1 2
05-98-11-048607-001-03 1 1123112SIDCO                                           3    21   213    0           2 1    12  1 1       60   18000 1  
05-98-11-048607-001-03 1 2223112ASILI                                           2   901  9012    0           2 1    12  2 5      450   30000 1  
05-98-11-048607-001-03 1 3123112MAHARAGE MEUPE AU CHUKIA                        2    21   212    0           2 1    12 1212       24   30000 1  
63-99-77-018619-001-01 1 112212 MBEGU YA ASILI                                  2   361  3612   161 1000001632 1    812 6 7     4320 1680000 1  
63-99-77-018619-001-01 1 412112 MBEGU YA ASILI                                  2   301  3012    0           2 1    22  7 7      900  540000 1  
63-99-77-018619-001-01 2 311  2 MBEGU YA ASILI                                  2   151  1512    0           171    111 3 3       90   80000 1  
63-99-77-018619-001-01 2 351  2 MBEGU YA ASILI                                  2   131  1312    0           2 1    12  8 9      300  600000 1  
63-99-77-018619-001-01 3 311  2 MBEGU YA ASILI                                  2   301  3012    0           171    112 3 4      180  160000 1  
63-99-77-018619-001-01 3 351  2 MBEGU YA ASILI                                  2   261  2612    0           131    112 8 9      300  600000 1  
63-99-77-018619-001-01 4 411  2 MBEGU YA ASILI                                  2    22   222    0           2 1  3.52  7 8     1080  648000 1  
59-52-94-998619-001-04 1 111  2 MBEGU ZA ASILI                                  2   501   0     501  22500 11171 0.2512 4 4       80   60000 1 2
59-52-94-998619-001-04 2 1122112DKA34                                           1  2.51   0    2.51  30000 512 1  0.52  6 7      320   80000 1 2
59-52-94-998619-001-04 2 3621412ASILI                                           2    11   0      11   1500 512 1 0.252  4 5       15    3500 1 2
59-52-94-998619-001-04 2 4122112PUNDAMILIA                                      2    81   812    0           2 1  0.52  6 6      375  250000 1 2
59-52-94-998619-001-04 2 4321412MBEGU ASILI                                     2    11   0      11   2000 212 1 0.252  3 4       36   12000 1 2
49-35-44-558620-001-01 1 1123112PANA                                            1   181   0     181 108000 542 1    52  7 8     3780 1050000 1 2
49-35-44-558620-001-01 1 3521112MBEGU ZA ASILI                                  2   101  1012    0           2 1    12  8 8      420  450000 1 2
49-35-44-558620-001-01 2 311  12MBEGU ZA ASILI                                  2   201  2012    0           1725                               
49-35-44-558620-001-01 2 351  12MBEGU ZA ASILI                                  2   101  1012    0           2 1    12  8 8      560  600000 1 2
49-35-44-558620-001-01 3 311  12MBEGU ZA ASILI                                  2   201  2012    0           171 0.2512 2 2       40   50000 1 2
49-35-44-558620-001-01 3 351  12MBEGU ZA ASILI                                  2   101  1012    0           2 1    12  8 8      630  675000 1 2
85-03-82-618621-001-01 1 112382 MBEGU BORA                                      1   201   0     201 1200001622 1  3.52  5 5     3024  980000 1  
85-03-82-618621-001-01 2 111  2 MBEGU ZA ASILI                                  2    51   512    0           2 1    12  5 5      216   76000 1  
29-77-83-858622-001-01 1 1122112MBEGU BORA SEED CO NA PIONEER                   1   181   0     181 1170001612 1    12  6 6     2280  720000 1 2
29-77-83-858622-001-01 1 1322112MBEGU YA ASILI                                  2    31   312    0           2 1    12  5 5      864  336000 1 2
29-77-83-858622-001-01 1 3122112MBEGU YA ASILI                                  2   201  2012    0           2 1    12  2 3      290  232000 1 2
29-77-83-858622-001-01 2 111  12MBEGU BORA DK                                   1   181   0     181 1080001612 1    22  4 4      266   70000 1 2
29-77-83-858622-001-01 2 351  2 MBEGU YA ASILI                                  2   301  3012    0           2 1    22  8 9      700  525000 1 2
29-77-83-858622-001-01 4 1122112MBEGU BORA ILIYOTUMIKA TENA                     3    61   613    0           2 1    12  4 4      324   90000 1 2
29-77-83-858622-001-01 5 111  2 MBEGU BORA ZILIZOTUMIKA TENA                    3   201  2013    0           2 1  1.22  6 6      432  114000 1 2
67-14-14-238623-001-01 2 111  2 MBEGU BORA                                      1    41   0      41  240001632 1    12  5 5     1080  350000 1 2
67-14-14-238623-001-01 4 261  2 MBEGU ZA ASILI                                  2    24   242    0           2 1    12  5 5      880  560000 1 2
67-14-14-238623-001-01 4 351  2 ASILI                                           2   101  1012    0           2 1    12  8 8      520  480000 1 2
67-14-14-238623-001-01 5 111  2 MBEGU BORA                                      1   181   0     181  480001622 1    22  6 6     1728  560000 1 2
67-14-14-238623-001-01 6 111  12MBEGU BORA                                      1    41   0      41  240001622 1    12  6 6      756  245000 1 2
67-14-14-238623-001-01 6 311  12ASILI                                           2    51   512    0           2 1    12  3 4      140  130000 1 2
67-14-14-238623-001-01 7 261  2 ASILI                                           2   101  1012    0           2 1    12  4 4      950  700000 1 2
67-14-14-238623-001-01 7 351  2 ASILI                                           2   121  1212    0           2 1    12  8 8      520  478000 1 2
67-14-14-238623-001-01 8 111  2 MBEGU BORA                                      1   121   0     121  720001622 1  1.52  6 6     1620  525000 1 2
67-14-14-238623-001-01 8 311  12ASILI                                           2   201  2012    0           2 1  1.52  4 4      140  130000 1 2
67-14-14-238623-001-01 9 111  12MBEGU BORA                                      1   121   0     121  720001622 1    22  6 6     2160  700000 1 2
67-14-14-238623-001-01 9 311  12ASILI                                           2   201  2012    0           2 1    22  4 4      140  130000 1 2
13-28-97-978624-001-01 1 1123112DK 831                                          1   361   0     361 2160001622 1    612 3 5     3780 1260000 1 2
13-28-97-978624-001-01 1 3123112NJANO  NDEFU                                    2  1201   0    1201 240000 922 1    62  3 4      960  960000 1 2
13-28-97-978624-001-01 1 412112 NYEUPE                                          1    61   0      61  480001652 1    12  5 5      420  245000 1 2
05-78-30-288624-001-08 1 1123112PAYONIA                                         3   241  2413    0           2 1 3.752  6 6      972  360000 1  
05-78-30-288624-001-08 1 3123112NJANO  FUPI                                     2   201   0     201  30000 212 1    32  4 4      180  270000 1  
05-78-30-288624-001-08 1 412112 KATAMU                                          2    51   0      51  10000 212 1    12  9 9       95  102500 1  
12-57-12-218625-001-01 1 1123112MBEGU BORA DK                                   1    61   0      61  39000 522 1    12  6 6      864  240000 3  
12-57-12-218625-001-01 1 3122112MBEGU YA ASILI                                  2   101  1012    0           2 1    112 6 6       80   60000 3  
12-57-12-218625-001-01 2 1122112MBEGU BORA DK                                   1    61   0      61  39000 522 1  0.52  6 6      216   60000 3  
12-57-12-218625-001-01 2 3122112MBEGU YA ASILI                                  2   101  1012    0           1725                               
12-57-12-218625-001-01 3 1122112MBEGU BORA DK                                   1    61   0      61  39000 522 1  0.52  6 6      216   60000 3  
12-57-12-218625-001-01 3 3122112MBEGU YA ASILI                                  2   101  1012    0           2 25                               
28-14-20-598625-001-02 1 111  12DKY                                             1    81   0      81  500001622 1    12  7 7      540  210000 1 2
28-14-20-598625-001-02 1 311  12ROSEKOKO                                        1    61   0      61  240001622 1    12  2 2      120  140000 1 2
28-14-20-598625-001-02 2 111  12SEEDCO                                          3    81   813    0           171 0.7512 5 5      432  168000 1 2
28-14-20-598625-001-02 2 311  12NJANO FUPI                                      2    12   0      12  45000 922 1    112 2 2      180  270000 1 2
28-14-20-598625-001-02 2 351  2 DENGU                                           2   121  1212    0           2 1    12  8 8      480  450000 1 2
28-14-20-598625-001-02 3 111  12SEEDCO                                          1    81   0      81  50000164171 0.7512 5 5      540  210000 1 2
28-14-20-598625-001-02 3 311  12NJANO FUPI                                      2   121  1212    0           171 0.7512 2 2      360  540000 1 2
28-14-20-598625-001-02 3 351  2 DENGU                                           2   121  1212    0           2 1    12  8 8      480  510000 1 2
00-75-91-888626-001-01 1 111  2 PAONEEA                                         1   181   0     181 108000164171    112 7 7      900  378000 1  
00-75-91-888626-001-01 3 111  12PAONEA                                          1   241   0     241 1440001642 1    42  6 6     5760 2016000 1  
00-75-91-888626-001-01 4 111  2 PAONEA                                          1   121   0     121  720001642 1    22  6 6     3600 1260000 1  
00-75-91-888626-001-01 5 111  2 PAONEA                                          1   181   0     181 1080001642 1    32  6 6     3360 1176000 1  
00-75-91-888626-001-01 6 351  2 ASILI                                           2  1201 12012    0           2 1    42  9 9     1360 2600000 1  
75-32-94-568638-001-02 2 111  2 MBEGU  NDEFU                                    2  0.51 0.512    0           2 1 0.252  3 5      110   48000 2  
75-32-94-568638-001-02 2 221  2 NYEKUNDU                                        2   601   0     601      0 21131 0.252  7 9      450   90000 2  
75-32-94-568638-001-02 3 111  12SEEDCO                                          1    71   0      71  42000161171 0.7512 5 5      220   96000 2  
75-32-94-568638-001-02 3 411  12NYEUSI                                          2    41   0      41  20000 21121 0.7515 8 8      216   90000 2  
89-32-99-268639-001-02 1 111  12SEEDCO                                          3    31   0      31   3000 91171  0.212 6 6      120   30000 1  
89-32-99-268639-001-02 1 311  12SOYA                                            2  0.51   0    0.51   1000161171  0.212 4 4       10   20000 1  
83-24-75-158640-001-01 1 111  2 MBEGU BORA                                      1  0.51   0    0.51   30001612 1 0.252  6 7      108   60000 1  
83-24-75-158640-001-01 3 112232 MBEGU BORA                                      1   201   0     201  60000165131   152  6 6    16200 9000000 1  
30-62-35-368641-001-01 3 1122111MBEGU BORA KIBO SEEDS                           1    41   0      41  24000161151  0.516 4 4      540  150000 1 2
30-62-35-368641-001-01 3 3122111MBEGU ZA ASILI                                  2    81   0      81  16000 41151  0.516 4 4       80  144000 1 2
24-53-57-778641-001-05 1 111  2 KIENYEJI                                        3    21   212    0           2 1  0.52  6 6      720  180000 2  
24-53-57-778641-001-05 2 431  2 KIENYEJI                                        2    81   812    0           2 1  0.511 8 8      300  225000 2  
03-57-87-438642-001-01 2 111  2 MBEGU ZA ASILI                                  2    11   112    0           1725                               
03-57-87-438642-001-01 2 311  2 MBEGU ZA ASILI                                  2    31   312    0           171 0.2512 4 4       30   20000 2  
03-57-87-438642-001-01 3 111  2 MBEGU BORA                                      1    41   0      41  24000162131    114 6 6      216  120000 1 2
96-74-35-598643-001-01 4 222112 ASILI                                           2   101  1012    0           2 1  0.52  3 4      400   30000 1 2
47-32-36-268645-001-01 1 111  2 STUKA                                           1   201   0     201 120000162171  0.112 3 3       60   15000 1 2
47-32-36-268645-001-01 1 351  2 DENGU NYEKUNDU                                  1  1001 10013    0           2 1    72  8 9     2160 2600000 1 2
47-32-36-268645-001-01 2 122132 WANCHIKAVU                                      2   201  2012    0           2 1    115 6 6      500  250000 1 2
47-32-36-268645-001-01 3 111  2 STUKA                                           1  0.51   0    0.51   30001622 1  0.12  3 4       80   20000 1 2
53-95-88-368661-001-01 1 321  2 MBEGU ZA ASILI                                  2    11   0      11   15001611423                               
53-95-88-368661-001-01 2 112212 MBEGU ZA ASILI                                  2   101  1012    0           2 1    12  6 6      648  252000 1 2
53-95-88-368661-001-01 2 412212 MBEGU ZA ASILI                                  2   101  1012    0           151    116 7 7      372  221426 1 2
82-11-20-668663-001-01 1 111  12MBEGU  NDEFU                                    2   181   0     181  12000 91171    112 6 6      115   48000 6  
82-11-20-668663-001-01 1 411  12PUNDAMILIA                                      2    11   112    0           171  1.212 5 6       50   30000 6  
84-53-24-868676-001-01 1 111  12SEEDCO                                          1    41   0      41  240001622 1    12  6 7      460  115000 1 2
84-53-24-868676-001-01 1 131  12MKOMBITUNI                                      2    54   542    54   5000 212 1    12  7 7      180   90000 1 2
84-53-24-868676-001-01 3 122112 MPUNGA                                          2    11   112    0           2 1  0.22  6 6      100   40000 1 2
84-53-24-868676-001-01 3 262312 NYEKUNDU                                        2   103  1032    0           2 1    12  3 3     2000 1200000 1 2
39-42-04-748676-001-04 1 111  12PIONEA                                          1   181   0     181 108000161171    212 4 7      756  252000 1 2
39-42-04-748676-001-04 1 431  12KARANGA                                         2   101   0     101  30000161141 2.2514 5 6      350  150000 1 2
39-42-04-748676-001-04 2 261  2 MBEGU  YA KAKI                                  2   223   0     223  33000 112 1 0.252  7 7     1270 1900000 1 2
59-41-71-268677-001-01 1 111  2 MBEGU BORA                                      1    61   0      61  360001612 1  0.52  7 7      324  126000 1 2
59-41-71-268677-001-01 1 131  2 MBEGU ZA ASILI                                  2    11   112    0           2 1  0.52  7 7      102   49000 1 2
59-41-71-268677-001-01 2 411  2 MBEGU ZA ASILI                                  2    81   812    0           2 1  0.52  7 7       84   49000 1 2
59-41-71-268677-001-01 3 111  2 MBEGU BORA                                      2    21   0      21  120001612 1 0.252  7 7      180   44800 1 2
59-41-71-268677-001-01 4 411  2 MBEGU ZA ASILI                                  2    12   0      12   8000 212 1    12  6 6      336  196000 1 2
47-60-56-328678-001-01 19981  2 MBEGU YA ASILI                                  2  1201   0    1201  30000 212 1  3.52  1 3     1600  450000 1 2
47-60-56-328678-001-01 3 111  12DK 31                                           1    41   0      41  24000 522 1  0.52  7 7      432  140000 1 2
47-60-56-328678-001-01 3 131  12MBEGU YA ASILI                                  2    31   312    0           2 1  0.52  7 7      180   77000 1 2
52-70-21-468679-001-01 1 411  2 MBEGU YA ASILI                                  2    51   512    0           171 0.752  4 4      252  105000 1  
19-45-92-408680-001-01 1 111  2 DK                                              1    61   0      61  36000163171 0.7512 4 7      648  180000 1 2
52-85-20-838681-001-01 1 141  2 ASILI                                           2    51   512    0           2 1    12  7 7       40   20000 1  
52-85-20-838681-001-01 3 111  2 ASILI                                           2    41   412    0           2 1  0.52  6 6      252   70000 1  
13-10-08-068682-001-01 1 112212 MBEGU YA KISASA                                 1    81   0      81  48000 93121  0.514 6 6      216   60000 1 2
13-10-08-068682-001-01 1 132212 MBEGU YA ASILI                                  2    12   122    0           2 23                               
19-46-83-648683-001-01 1 112212 MBEGU BORA                                      1    61   0      61  36000 52171    112 7 7      324  126000 1 2
19-46-83-648683-001-01 1 132212 MBEGU ZA ASILIL                                 2    41   412    0           171  1.52  7 7      480  168000 1 2
19-46-83-648683-001-01 4 131  2 MBEGU ZA ASILI                                  2    21   212    0           1725                               
45-36-82-588683-001-03 1 1122112MBEGU BORA                                      1    81   0      81  48000 512 1    12  7 7     1080  600000 1  
45-36-82-588683-001-03 1 311  2 MBEGU ZA ASI                                    2   121   0     121  42000161171  0.52  4 4       42   85000 1  
45-36-82-588683-001-03 2 1122112MBEGU BORA                                      1    81   0      81  48000 512 1    12  7 7     1188  660000 1  
45-36-82-588683-001-03 2 132212 MBEGU YA ASILI                                  2   121   0     121  36000 21141  0.514 7 7      100   35000 1  
45-36-82-588683-001-03 2 4122112MBEGE ZA ASILI                                  2    11   0      11   1200 212 1  0.52  7 7       96   40000 1  
30-37-49-818695-001-01 1 1123112KATUMBILI                                       1   101   0     101 120000 932 1  1.82  5 5     2000  800000 1  
30-37-49-818695-001-01 1 222112 HARAKA                                          3  2001 20013    0           2 1  0.42  5 6      640  180000 1  
30-37-49-818695-001-01 2 121  2 KALAMATAA                                       3    52   523    0           2 1  1.82  6 7     1500 1000000 1  
30-37-49-818695-001-01 3 121  2 KALAMATA                                        3   251  2513    0           2 1    12  6 7     1125  900000 4  
51-33-72-028695-001-08 1 121  2 KIENYEJI                                        2   301  3012    0           2 1    52  5 7     2500 1250000 1 2
17-60-11-048696-001-01 2 111  2 SEEDCO                                          1    41   0      41  24000 931323                               
17-60-11-048696-001-01 2 222312 MATAKO GASHIMBE                                 2  1101 11012    0           2 1  0.52  6 6      400  160000 1 3
81-34-52-538697-001-01 1 111  2 PIONEER                                         1    81   0      81  48000163171    112 6 6      200   60000 1 2
81-34-52-538697-001-01 2 121  2 MPUNGA - MATELA                                 2    32   322    0           2 1    12  6 7     2200 1000000 1 2
25-94-94-228698-001-01 1 1122112STUKA NA PANA                                   1    61   0      61  33000162131    12  5 5      980  196000 1 3
25-94-94-228698-001-01 1 222112 ASILI                                           2  1001 10012    0           2 1 0.252  2 7      600   48000 1 3
25-94-94-228698-001-01 1 3222112ASILI                                           2    21   212    0           2 1    12  3 3       42   42000 1 3
25-94-94-228698-001-01 1 4322112ASILI                                           2    81   812    0           2 1    12  3 3      140  140000 1 3
25-94-94-228698-001-01 2 121  2 DAKAWA                                          2   101  1012    0           2 1    12  4 7     3360 1260000 1 3
22-97-15-548699-001-01 1 112212 MAHINDI                                         2    25   252    0           2 1    32  4 5     1500  450000 1  
22-97-15-548699-001-01 1 222112 VIAZI VITAMU                                    2    15   152    0           2 1    12  4 8     1200  500000 1  
22-97-15-548699-001-01 2 121  2 MPUNGA                                          2    15   152    0           111  2.52  5 6     1400  600000 1  
88-32-17-248699-001-07 1 1122112PANA                                            1    81   0      81  400001632 1    12  6 7     2100  630000 2  
88-32-17-248699-001-07 1 221  12VIAZI VITAMU                                    2   201  2012    0           131    114 7 8      400  120000 2  
88-32-17-248699-001-07 1 3121112MAHARAGE                                        2    51   512    0           2 1  0.511 6 6      100  125000 2  
88-32-17-248699-001-07 1 3321112CHOROKO                                         2  0.51 0.512    0           131 0.4514 5 5       10   10000 2  
88-32-17-248699-001-07 1 4322112KARANGA                                         2   101   0      0           2 1  0.52  6 6      605   55000 2  
88-32-17-248699-001-07 1 8721112NYANYA MAJI                                     1    15   0      15   50001631323                               
88-32-17-248699-001-07 2 121  2 MPUNGA                                          2  1001 10012    0           2 1    22  6 7     3150 1200000 2  
19-69-94-138699-001-08 1 112212 SIDIKO                                          1   121   0     121  720001622 1    52  6 6     2000  600000 1  
19-69-94-138699-001-08 1 122112 SALO                                            2    95   952    0           2 1    314 6 6     3360 2400000 1  
34-08-91-558700-001-01 1 111  12KIENYEJI                                        2    51   512    0           171    112 5 6      240   60000 1  
57-28-48-528701-001-01 1 121  2 SALO                                            2   151   0     151  13000 922 1    12  6 5      600  720000 1  
52-97-80-708702-001-01 1 112242 MEKUNDU                                         2    12   122    0           171    412 5 5      864  624000 1  
52-97-80-708702-001-01 2 121  2 BISHORI                                         2    32   322    0           2 1    12  5 5      900  360000 1  
20-21-94-268714-001-01 1 1121412MBEGU  NDEFU                                    2   361  3612    0           2 1    62  6 7     1008  280000 1  
20-21-94-268714-001-01 1 3121412NJANO                                           2    31   0      31   60001622 1    32  4 4       60   60000 1  
20-21-94-268714-001-01 1 4321312KARANGA                                         2   401   0     401  60000 912 1    42  3 4      384  120000 1  
20-21-94-268714-001-01 2 121  2 KALAMATA                                        2   321   0     321  20000 212 1    22  6 7     1120  350000 1  
38-17-06-968715-001-01 2 112232 KIYENYEJI                                       2   221   0     221  10000 52121  2.52  4 5      360   90000 1 6
38-17-06-968715-001-01 2 222112 KIENYEJI                                        2    35   0      35  30000 22121  0.52  7 8      400   96000 1 6
38-17-06-968715-001-01 3 111  12KIENYEJI                                        2    22   0      22  20000 522 1    22  4 5      720  180000 1 5
38-17-06-968715-001-01 3 431  12NYEKUNDU                                        2   401  4012    0           2 1    22  3 4      300  300000 1 5
38-17-06-968715-001-01 5 111  2 KIYENYEJI                                       2    11   112    0           2 1  0.52  1 2      120   30000 1 5
05-37-61-298717-001-01 1 111  2 MBEGU ZA ASILI                                  2    12   122    0           2 24                               
64-74-01-698718-001-01 1 111  2 PIONEER                                         1    31   0      31  300001612 1  0.52  4 4      228   60000 1  
64-74-01-698718-001-01 2 121  2 MBEGU YA ASILI                                  2   501  1012    0           2 1    22  5 5      980  490000 1  
64-74-01-698718-001-01 3 111  2 MBEGU BORA ZILIZOTUMIKA                         3    31   313    0           2 1    12  5 5      228   60000 1  
49-40-84-588722-001-01 1 111  12KIENYEJI                                        2    71   712    0           2 1  2.52  6 6      460  135000 1 2
49-40-84-588722-001-01 1 221  2 MBEGU ASILI                                     2    21   212    0           2 1  0.52  6 6      300   90000 1 2
49-40-84-588722-001-01 1 431  12MBEGU ZA KIENYEJI                               2   181  1812    0           2 1  2.52  3 4      264  320000 1 2
83-36-25-608733-001-01 2 112212 PANA                                            1    81   0      81  400001622 1    12  5 6      960  560000 1  
83-36-25-608733-001-01 2 412212 ALIZETI                                         2    31   0      31   4500 411223                               
41-44-46-088735-001-01 1 111  2 KIYENYEJI                                       2    11   112    0           2 1  0.22  7 7       60   21000 1 2
41-44-46-088735-001-01 2 111  12KIENYEJI                                        2    42   422    0           2 1    62  7 7     3600 1260000 1 2
41-44-46-088735-001-01 2 411  12KIENYEJI                                        2    44   442    0           2 1    62  5 5      150   60000 1 2
85-70-89-578737-001-01 1 121  2 MPUNGA                                          2  1.55 1.552    0           111    22  6 7     8000 5600000 1  
88-15-22-558738-001-01 1 111  12SEEDCO                                          1    15   0      21  12000 932 1    12  5 5      100   48000 1 2
88-15-22-558738-001-01 1 411  12ALIZETI NYEUSI                                  3    15   153    0           2 25                               
67-42-91-358753-001-01 1 111  12SEEDCO                                          3    83   833    0           2 1  0.52  6 6      360  210000 1  
67-42-91-358753-001-01 1 431  12KARANGA NYEKUNDU                                2   203  1012    0           2 1  0.52  3 3      460  175000 1  
95-95-94-938754-001-01 2 1122112STUKA                                           2  1.51 1.512    0           2 1  0.32  5 6      300   90000 1  
95-95-94-938754-001-01 2 1221112MPUNGA                                          2  0.52 0.522    0           111  0.22  4 4      210  126000 1  
95-95-94-938754-001-01 2 4321112KARANGA                                         2    21   0      21   50001612 1  0.12  4 4       40   60000 1  
02-79-84-968755-001-01 1 111  12MBEGU ZA ASILI                                  2   203  2032    0           2 1    42  5 6      500  150000 1  
02-79-84-968755-001-01 1 131  12MTAMA MWEKUNDU                                  3   104  1043    0           2 1    32  6 6      400  120000 1  
02-79-84-968755-001-01 2 121  2 SUPA                                            3    12   123    0           2 1    22  5 6      525  350000 1  
46-85-75-768756-001-02 4 121  2 KIENYEJI                                        2   161  1612    0           2 1    12  5 6      480  480000 2  
88-49-28-098757-001-04 1 1122112MBEGU ZA ASILI                                  2    21   212    0           2 1  0.52  5 5      216  840000 1  
88-49-28-098757-001-04 1 1322112MBEGU ZA ASILI                                  2    11   0      11   1500 212 1  0.52  5 5      108   18000 1  
88-49-28-098757-001-04 2 121  2 MBEGU ZA ASILI                                  2    51   0      51   4000 212 1 0.252  4 4      180  120000 1  
12-87-63-118758-001-01 1 111  2 PIONEER                                         3   202  2023    0           2 1    32  5 5     1080  600000 1 2
12-87-63-118758-001-01 2 111  2 PIONEER                                         3   401  4023    0           2 1    32  5 5     3150 1800000 1  
92-44-74-208758-001-05 1 111  2 STUKA                                           1    41   0      41  180001612 1    12  6 6      400  240000 1  
54-52-22-568758-001-08 1 111  12MAHINDI                                         3    32   323    0           131    314 5 5     2400  750000 1 2
54-52-22-568758-001-08 1 3322112CHOROKO                                         2    31   312    0           131    214 4 4       19   20000 1 2
54-52-22-568758-001-08 2 121  2 MPUNGA                                          2    22   222    0           111    119 5 5     2304  576000 1 2
30-31-20-048758-001-10 1 111  12PUNDMILIA                                       1   101   0     101  600001632 1    32  7 7     1944  540000 1 2
30-31-20-048758-001-10 1 4321412NYEKUNDU                                        2   101  1012    0           2 1  0.52  7 7      420  210000 1 2
10-52-36-658758-001-13 1 121  2 KIENYEJI                                        2   261  2612   261  10000 312 1    22  5 7      800  480000 3  
01-98-26-608759-001-01 1 1122112MBEGU YA KIENYEJI                               2    31   312    0           2 1    12  6 7      600  150000 1 2
01-98-26-608759-001-01 1 2221112MBEGU YA KIENYEJI                               2   101  1012    0           2 1 0.252  5 6      240   36000 1 2
01-98-26-608759-001-01 1 3621112MHANDE                                          2    21   212    0           171 0.2512 6 6      120   30000 1 2
01-98-26-608759-001-01 1 4321112MBEGU YA KIENYEJI                               2   201  2012    0           171 0.2512 6 6      120   36000 1 2
74-88-09-728762-001-04 1 111  2 SEED CO                                         2    41   0      41  240001622 1    12  5 6     1000  240000 1 2
44-98-29-558771-001-01 1 111  2 MBEGU BORA                                      1    61   0      61  360001632 1  1.52  4 5      720  144000 1  
44-98-29-558771-001-01 2 111  2 MBEGU BORA                                      1    51   0      51  300001632 1    12  4 5     1260  252000 1  
75-70-23-898771-001-02 1 111  2 MBEGU BORA                                      1    81   0      81  48000 912 1    112 6 6     1440  640000 1  
59-98-51-008772-001-01 1 111  12DIKEI                                           3    11   113    0           2 1 0.252  2 5      240   72000 1 2
59-98-51-008772-001-01 1 3621412KIYENYEJI                                       2    23   232    0           2 1  0.12  3 3       40   40000 1 2
59-98-51-008772-001-01 2 112232 DIKEI                                           3    12   123    0           171  0.512 6 6      780  234000 1 2
59-98-51-008772-001-01 2 432132 KIYENYEJI                                       2    22   222    0           171 0.2512 3 4       42   63000 1 2
59-98-51-008772-001-01 3 121  2 KARAMATA                                        2  2.52 2.522    0           2 1    22  5 6     1800  648000 1 2
56-09-93-538773-001-01 3 1122112DK                                              1    41   0      41  480001622 1  0.52  5 5     1197  378000 1 2
56-09-93-538773-001-01 3 4322112MBEGU YA ASILI                                  2    81   0      81  20000 212 1  0.52  3 3      140  112000 2  
51-95-59-068774-001-01 1 112112 MBEGU ZA ASILI                                  2   201  2012    0           171    112 5 5      216  160000 1 2
51-95-59-068774-001-01 1 122212 MBEGU YA ASILI                                  2  1601 16012    0           2 1    62  5 6     4800 1800000 1 2
51-95-59-068774-001-01 1 222112 MBEGU YA KIENYEJI                               2   601  6012    0           2 1    12  3 7     1600  120000 1 2
85-86-06-248777-001-01 1 1122112DK                                              1    51   0      51  300001642 1  1.52  3 6     1386  385000 1 2
85-86-06-248777-001-01 1 3121412NJANO                                           2    13   0      13    3501612 1  0.12  2 3        2    4000 1 2
85-86-06-248777-001-01 2 121  2 SUPA                                            2    41   412    0           111  0.319 6 6      112   35000 2  
80-76-40-878778-001-01 1 111  2 MBEGU YA KIENYEJI                               2    41   0      0           2 1  0.52  6 7      160   45000 1  
80-76-40-878778-001-01 2 111  2 MBEGU YA KIENYEJI                               2  0.51   0      0           2 1  0.42  6 7       10    2500 1  
58-34-75-838778-001-02 1 111  12MBEGU YA ASILI                                  3    41   411    0           151    12  6 7      400  120000 1  
58-34-75-838778-001-02 1 431  12MBEGU YA ASILI                                  2   181  1812    0           2 1    22  3 4      198  252000 1  
58-34-75-838778-001-02 2 111  2 MBEGU YA ASILI                                  3    41   413    0           2 1    12  6 7      400  120000 1 3
98-49-57-148790-001-01 1 1122112PIONEER                                         1    81   0      81  480001642 1  0.62  5 6      720  420000 1  
98-49-57-148790-001-01 1 132112 MWEUPE                                          2    21   212    0           111  0.22  6 6      200   80000 1  
98-49-57-148790-001-01 1 222112 VIAZI VITAMU                                    2    15   152    0           2 1  0.12  4 8      150   40000 1 2
98-49-57-148790-001-01 1 432212 KARANGA                                         2   101  1012    0           2 1  0.42  6 6      200  400000 1  
64-16-53-758791-001-01 1 111  2 ASILI                                           2   101  1012    0           111    22  7 7      540  300000 1  
49-05-57-608791-001-03 1 1121112PIONEER                                         1   161   0     161  960001612 1    22  7 7     2520  980000 2 4
49-05-57-608791-001-03 1 122112 MBEGU YA ASILI (BEENGE)                         2   481  4812    0           2 1    12  6 6     2880  900000 1 2
49-05-57-608791-001-03 1 3121112NYEKUNDU                                        2   121  1212    0           2 1    22  4 4      140  280000 2 4
49-05-57-608791-001-03 1 3221112KUNDE                                           2    24   242    0           2 1  0.52  3 3       32   32000 2 4
49-05-57-608791-001-03 1 412112 NYEUPE                                          2    51   512    0           2 1    12  5 5      300  300000 2 4
49-05-57-608791-001-03 1 432112 NYEKUNDU                                        2    41   412    0           2 1    12  4 4      600  360000 2 4
76-43-45-048792-001-01 1 111  2 SEEDCO                                          3   202  2023    0           171    212 5 6     1512  840000 1 2
76-43-45-048792-001-01 2 121  2 BELENGE                                         2   301  3012    0           2 1    12  6 6     2700 1080000 1 2
88-02-51-978793-001-01 1 111  2 KIENYEJI                                        2    61   612    0           2 1    12  6 7     1530 1020000 1  
88-02-51-978793-001-01 2 121  2 KIENYEJI                                        2   181  1812    0           2 1    12  5 6      630  486000 1  
64-70-27-388794-001-01 1 1121312MBEGU YA KIENYEJI                               2    41   0      41   2444 212 1    12  5 5      270  165000 1 3
64-70-27-388794-001-01 1 2221412MBEGU YA KIENYEJI                               2    31   312    0           2 1 0.162  1 4       80    2000 1 3
64-70-27-388794-001-01 1 3121112NJANO                                           2    61   0      61  150001612 1    12  1 1       30  227250 1 3
64-70-27-388794-001-01 21001  12KIENYEJI                                        2 0.1210.1212    0           2 1 0.162  8 8       60   12000 3  
64-70-27-388794-001-01 299821812MBEGU YA KIENYEJI                               2 0.2510.2512    0           2 1 0.122  6 8       30   18000 3  
89-93-94-748795-001-01 1 111  2 DK 89                                           1   141   0     141  84000162121  1.515 6 7     1700  714000 1 2
89-93-94-748795-001-01 1 222112 VIAZI VITAMU                                    2   151  1512    0           2 1  0.52  5 6      240  108000 1 2
89-93-94-748795-001-01 1 4321112KARANGA                                         2    71   712    0           121  0.515 5 5      150   90000 1 2
89-93-94-748795-001-01 2 121  2 INDIA RANGI                                     2    12   122    0           2 1    12  5 6     2500 1050000 1 2
12-71-09-248796-001-01 1 1122112DK                                              1   181   0     181 1080001632 1    12  7 021   1800  450000 1 3
12-71-09-248796-001-01 1 2221112ASILI                                           2  1001 10012    0           2 1    12  6 014    450   75000 3  
12-71-09-248796-001-01 1 3121112KITENGE                                         2    31   0      31   60001612 1    114 5 5       80   80000 1 3
12-71-09-248796-001-01 1 4321112ASILI                                           2    91   0      91   9000 212 1    12  4 5      216  120000 3  
12-71-09-248796-001-01 2 121  2 KALAMATA                                        2   271  2712    0           2 1    22  5 7     1100  600000 3  
93-26-99-808796-001-06 1 1122112ASILI                                           2   261  2612    0           2 1  3.52  6 7     3000  750000 1 3
93-26-99-808796-001-06 1 2222112ASILI                                           2  1001  5012   501   5000 212 1  1.52  4 4     3000  800000 1 3
93-26-99-808796-001-06 1 3121112ASILI                                           2    51   0      51  12500 212 1  0.52  3 3       80  184000 1 3
93-26-99-808796-001-06 1 4121112ASILI                                           2    11   0      11   6000163171  0.512 5 5       55   66000 1 3
93-26-99-808796-001-06 1 4321112ASILI                                           2    71   712    0           2 1  0.52  3 4       51   68000 1 3
93-26-99-808796-001-06 2 121  2 BERENGE                                         2   301  3012    0           2 1  1.52  6 6     1155  882000 1 3
83-78-35-488797-001-02 1 111  2 SEEDCO                                          1    85   0      85  56000 912 1    12  7 7      800  480000 2  
83-78-35-488797-001-02 2 121  2 BERENGE                                         2    32   322    0           2 1    22  6 6     3375 1800000 2  
83-78-35-488797-001-02 3 121  2 BEYENGE                                         2    12   122    0           2 1    12  6 6      975  390000 3  
83-78-35-488797-001-02 4 871  2 EAGLAND                                         1    45   0      45  32000 942 1    12  5 6    24000 1910000 3  
88-68-84-468810-001-01 2 112212 SHTUKA                                          1    31   0      31  170001612 1  0.52  5 5      540  150000 1 2
88-68-84-468810-001-01 2 432212 MBEGU YA ASILI                                  2    12   122    0           2 1  0.52  4 4      225  126000 1  
60-67-15-468812-001-01 3 111  12DK                                              1   201   0     201 1200001612 1    42  5 5     1764  490000 1 8
60-67-15-468812-001-01 3 4322412MBEGU TATU                                      2   301  3012    0           2 1    22  3 4      540  270000 1 8
60-67-15-468812-001-01 5 222112 KASINIA                                         2  1201 12012    0           2 1  0.52  4 7      600  240000 1 8
60-67-15-468812-001-01 6 121  2 KAHOGO                                          2   321  3212    0           2 1    32  5 5     1632  714000 1 8
67-02-07-008812-001-02 1 111  2 SITUKA                                          3    21   213    0           2 1 0.252  2 3       40   12000 1 3
67-02-07-008812-001-02 2 111  12SITUKA                                          3   101  1013    0           2 1    12  6 6     1080  300000 1 2
67-02-07-008812-001-02 2 4322412MBEGU NYEUPE                                    2    31   312    0           2 1  0.52  3 3      216  180000 1 3
59-90-81-838813-001-01 1 1121112MBEGU YA ASILI                                  2    11   112    0           2 1 0.252  5 5       54   15000 1 2
59-90-81-838813-001-01 1 9221112MBEGU YA ASILI                                  2    13   132    0           2 1 0.252  2 2      150   50000 2  
59-90-81-838813-001-01 2 121  2 MBEGU YA ASILI                                  2   101  1012    0           2 1    32  5 6     2160 1440000 1 2
59-90-81-838813-001-01 3 111  2 DK                                              1    61   0      61  56000 412 1    22  5 6      756  252000 1 2
75-39-37-488814-001-01 1 111  2 MBEGU ZA ASILI                                  2    61   612    0           2 1    12  5 6      324  180000 1  
60-69-97-348814-001-03 1 111  2 ASILI                                           2    91   912    0           2 1    12  4 4      432  240000 1  
05-25-40-188815-001-01 1 111  2 MBEGU BORA                                      1    11   0      11   4000 412 1  0.32  7 7      200   60000 1 2
05-25-40-188815-001-01 4 111  12MBEGU BORA                                      1   161   0     161  64000103151    42  7 8     4800 1440000 1 2
05-25-40-188815-001-01 4 431  12MBEGU YA ASILI                                  2   101  1012    0           171    12  3 3       99   90000 1 2
75-82-63-098816-001-01 1 111  12DIKEY                                           3    14   143    0           151  0.52  5 5      240   60000 1 2
75-82-63-098816-001-01 1 431  12MAMBOLEO                                        2    24   242    0           2 1  0.52  4 4       60   72000 1 2
75-82-63-098816-001-01 2 111  12DIKEY                                           3    31   313    0           151  0.512 3 5      240   60000 1 2
75-82-63-098816-001-01 2 431  12MAMBOLEO                                        2    41   412    0           2 1  0.512 4 4       75   75000 1 2
75-82-63-098816-001-01 3 1123112DIKEI                                           3    31   313    0           151  0.512 5 5      240   60000 1 2
75-82-63-098816-001-01 3 3223112KIENYEJI                                        2    11   112    0           2 1  0.212 4 4       10   20000 1 2
75-82-63-098816-001-01 3 512112 KIENYEJI                                        2   205  2052    0           2 1 0.252  3 5       30  150000 1 2
59-25-84-218818-001-01 1 111  2 PIONEER                                         1    81   0      81  520001912 1    22  5 9     1944  540000 1 2
59-25-84-218818-001-01 2 431  2 MBEGU YA ASILI                                  2    12   122    0           2 1    22  5 6     1500  140000 1 2
59-25-84-218818-001-01 3 432242 ASILI YA ASILI                                  2    12   122    0           2 1    22  5 6      675   63000 1 2
76-22-51-568828-001-01 1 1123112SEEDCO                                          1    61   0      61  270001622 1    314 3 3      980  392000 1 2
76-22-51-568828-001-01 1 3222112MBEGU YA KIENYEJI                               2   101  1012    0           131  0.514 3 4       50   13750 1 2
76-22-51-568828-001-01 1 3321112MBEGU YA KIENYEJI                               2    71   712    0           131 0.2514 3 4       60   19500 1 2
76-22-51-568828-001-01 1 4121112MBEGU BORA                                      1    31   311    0           2 1 0.2512 4 4       40   17000 1 2
76-22-51-568828-001-01 1 4321112MAMBOLEO                                        1   201  2011    0           2 1    12  2 3     1400  525000 1 2
76-22-51-568828-001-01 2 121  2 KARAMATA                                        2  1401 14012    0           2 1   252  4 6     6300 2362500 1 2
70-12-32-398828-001-07 1 111  2 PANNA                                           1    41   0      41  24000 932 1  1.52  5 5      400  120000 1  
70-12-32-398828-001-07 2 111  2 PANNA                                           1    21   0      21  12000 932 1    12  5 5      200   60000 1  
70-12-32-398828-001-07 3 121  2 KALAMATA                                        3   151  1513    0           2 1    12  6 6      525  350000 1  
32-69-81-918829-001-01 1 311  2 ASILI                                           2   181   0     181  30000 422 1    12  8 8       80  120000 1 2
99-40-50-888830-001-01 1 111  12KIENYEJI                                        2    21   212    0           2 1    115 5 6      200   50000 1  
19-04-56-408831-001-01 1 111  12KIENYEJI                                        3   101  1013    0           2 1    12  5 7      960  192000 1  
36-06-15-778832-001-01 1 111  2 SEEDCO                                          3    81   0      81      0 142 1    12  4 5     1450  400000 7  
36-06-15-778832-001-01 2 431  2 NYEUPE                                          2   241  2412    0           141    12  3 3      288  120000 7  
85-05-30-548833-001-01 1 111  12LUBANGO                                         1    15   0      21  10000 922 1    12  5 5      700  210000 1  
85-05-30-548833-001-01 1 431  12KARANGA NYEUPE                                  2   204  2042    0           2 1    12  4 3      270  270000 1  
85-05-30-548833-001-01 3 1123112SEEDCO                                          1    41   0      41  20000 932 1    12  5 4      400  120000 1  
85-05-30-548833-001-01 3 1221112KALAMATA                                        2    12   122    0           2 1 0.252  6 6      150   84000 1  
68-10-99-048834-001-01 1 111  12MAHINDI                                         2    15   152    0           171    312 4 4      300  144000 1 2
68-10-99-048834-001-01 1 2221112VIAZI VITAMU                                    2   251  2512    0           151  1.516 7 7      240  180000 1 2
68-10-99-048834-001-01 1 4322112KARANGA                                         2   101   0     101  15000 211725                               
29-15-63-798835-001-01 2 111  2 LUBANGO                                         1    61   0      61  360001632 1  0.319 5 6      200   80000 1 2
56-71-35-698835-001-04 2 111  12TUMBIRI                                         1    11   0      11   80001632 1  0.219 4 5      100   40000 1 2
56-71-35-698835-001-04 2 431  12KARANGA                                         2    31   0      31   6000 21121  0.52  6 6      120  120000 1 2
31-30-48-408847-001-01 1 112112 DK                                              1   101   0     101  550001622 1    32  5 6     2000  600000 1  
31-30-48-408847-001-01 1 122112 KARAMATA                                        2    25   252    0           111    12  6 6      910  546000 1  
31-30-48-408847-001-01 1 222112 VIAZI VITAMU                                    2    15   152    0           131  0.514 4 7      400  140000 1  
62-04-63-288848-001-01 1 1123112MBEGU YA KIENYEJI                               2   201  2012    0           131    314 6 7      560  112000 1 2
62-04-63-288848-001-01 1 2222112RYOCHI                                          2   201  2012    0           131 0.2514 6 7      360  108000 1 2
62-04-63-288848-001-01 1 3121112MEKUNDU                                         2    41   0      41  10000162171 0.2512 6 6       20   30000 1 2
62-04-63-288848-001-01 1 4321112NYEKUNDU                                        2    41   412    0           131 0.2514 3 3      120   42000 1 2
74-14-90-848849-001-02 3 111  2 PIONEER                                         1   121  1013    21  12000 932 1    52  5 5     1000  300000 2  
45-91-95-608849-001-06 1 111  12KIENYEJI                                        2   401  4012    0           2 1    62  5 7     1100  420000 1  
45-91-95-608849-001-06 1 1221112KIENYEJI                                        2   601  6012    0           2 1    22  5 6     1200  600000 1 2
93-90-40-468850-001-02 1 121  2 UHURU                                           2   251  2512    0           2 1  2.52  7 8      735  245000 1  
93-90-40-468850-001-02 2 111  12MAUNANE                                         2   101  1012    0           171  0.312 5 5       40   10000 1  
93-90-40-468850-001-02 2 321  12KUNDE                                           2    21   0      21   5000 212 1    12  3 4       54   30000 1  
93-90-40-468850-001-02 2 431  12NYEKUNDU                                        2   101   0     101  16000 21171  0.512 3 3       30   15000 1  
75-76-83-018851-001-01 1 1122112DK                                              1    51   0      0           2 1    22  5 6     1800  675000 1  
75-76-83-018851-001-01 1 121  12KIENYEJI                                        2   401  4012    0           2 1    22  5 6     3000 1080000 1  
26-48-07-998853-001-02 1 1121112DK                                              1    35   0      35  36000 932 1    52  6 6     1300  390000 211
26-48-07-998853-001-02 1 2221112NG'WANALYOCHI                                   2    35   352    0           2 1    32  5 6     1500  250000 211
26-48-07-998853-001-02 1 4321112KARANGA NYEKUNDU                                3  2.52 2.523    0           2 1    32  3 4      800  500000 211
61-87-79-078854-001-03 1 112132 DK.89                                           1   241   0     241    144162121    42  6 5     4000 1440000 1  
61-87-79-078854-001-03 2 122332 KARAMATA                                        2    15   152    0           111    72  5 6     4200 2520000 1  
22-63-43-478854-001-10 1 111  114                                               1    41   0      41  28000 932 1    12  4 4     1404  54600017  
22-63-43-478854-001-10 1 121  2 KARAMATA                                        2   301  3012    0           2 1    22  5 6     1080  50400017  
22-63-43-478854-001-10 1 411  2 NYEUSI                                          2    11   112    0           2 1  0.52  4 4       75   1500017  
22-63-43-478854-001-10 2 111  2 SITUKA                                          1    21   0      21  14000 932 1  0.52  4 4      648  25200017  
36-19-19-248854-001-13 1 121  2 MPUNGA                                          2    12   122    0           2 1    12  6 5      700  280000 1  
36-19-19-248854-001-13 2 1122112STUKA                                           1    31   0      31  140001622 1 1.752  5 5      500  175000 1  
17-04-37-998854-001-14 1 111  2 STUKA                                           1    21   0      21   70001612 1  0.32  6 6       50   10000 1  
17-04-37-998854-001-14 2 121  2 MPUNGA                                          3    32   323    0           2 1    32  7 7     2500  900000 1  
83-82-16-268857-001-01 1 1123112DK                                              2    91   0      91 1080001622 1    32  5 5     3220  552000 1 2
83-82-16-268857-001-01 1 3121112KITENGE                                         2    41   412    0           2 1 0.252  3 7      100  150000 1 2
83-82-16-268857-001-01 3 2221312ASILI                                           2   751  7512    0           2 1  0.52  7 030    200   24000 1 2
83-82-16-268857-001-01 3 4121112ASILI                                           2    41   0      41   4000 422 1  0.52  5 5       42   96000 1 2
83-82-16-268857-001-01 3 4321112ASILI                                           2    81   0      81  22000 322 1  0.52  3 3      120  126000 1 2
48-50-38-148866-001-01 1 231  2 OBAMA                                           3    62   623    0           2 1 0.752  6 6      200   70000 1  
34-20-55-178867-001-02 1 231  2 MBEGU YA KIENYEJI                               2  3001 30012    0           2 1  1.52  6 6     1000  400000 2  
34-20-55-178867-001-02 2 231  2 MBEGU YA KIENYEJI                               2   401  4012    0           2 1 0.252 1212      200   80000 2  
00-21-28-798868-001-01 1 231  2 OBAMA                                           2  2001 20012    0           2 1    12  6 6      750  375000 1 2
00-21-28-798868-001-01 2 231  2 OBAMA                                           2    32   322    0           2 1  0.52  6 6      300  150000 1 2
00-21-28-798868-001-01 3 231  2 OBAMA                                           2  2001 20012    0           2 1    12  6 6     1050  525000 1 2
57-34-58-898869-001-01 1 231  2 OBAMA                                           1    32   0      32  30000 212 1  0.52  6 6      500  120000 1  
73-42-86-918870-001-01 1 1122112MBEGU HEBRIJ                                    3    71   713    0           2 22                               
73-42-86-918870-001-01 1 2322112MBEGU YA OBAMA                                  3    52   523    0           2 1 0.252  1 2      300   40000 1  
73-42-86-918870-001-01 2 1122112MBEGU YA BRIJI                                  3    51   513    0           2 22                               
73-42-86-918870-001-01 2 232212 MBEGU OBAMA                                     3    72   723    0           2 1 0.252  1 2      200   80000 1  
22-97-00-788871-001-01 1 232212 OBAMA                                           2  4501 45012    0           2 1  0.52  7 7      150   60000 1 6
22-97-00-788871-001-01 1 312212 ROSEKOKO                                        2   101  1012    0           2 1  0.52  7 7       30   37500 1  
22-97-00-788871-001-01 3 111  12ASILI                                           2    31   312    0           2 1    12  6 6      200   70000 1 6
22-97-00-788871-001-01 3 231  12OBAMA                                           2  2881 28812    0           2 1    12  6 6      700  280000 1 6
15-25-93-238871-001-03 1 111  13SEEDCO                                          1    21   0      21  10000162151 0.252  7 8      240   60000 1  
15-25-93-238871-001-03 1 311  13KIENYEJI.                                       2    21   212    0           2 1 0.252  5 5       10   16000 1  
83-91-97-408872-001-01 1 231  2 OBAMA                                           1  1501   0    1501 100000 41151    12  6 6      800  400000 1  
83-91-97-408872-001-01 4 232212 OBAMA                                           3   601  6013    0           2 1  0.52  6 6      300  150000 1  
23-87-83-618873-001-01 1 231  2 KIENYEJI                                        2   301   0     301   7500 512 1  0.12  6 6      120   36000 1 2
63-50-27-098885-001-01 2 111  2 STAR                                            2    41   412    0           2 1  0.52  8 8      324   90000 1 2
63-50-27-098885-001-01 3 111  2 STAR                                            2    41   412    0           2 1  0.52  8 8      324   90000 1 2
89-55-89-928886-001-01 1 122352 NJANO                                           2   601   0     601  60000 212 1    112 7 8      540  360000 1  
89-55-89-928886-001-01 3 112282 STAR                                            1    41   0      41  200001642 1  0.211 7 7      240   72000 1  
71-60-85-768888-001-01 1 111  2 MBEGU YA KIENYEJI                               2    61   612    0           2 1 0.752  8 8      240   70000 1  
81-76-53-588889-001-01 1 1121112AMINIKA                                         1    31   213    31  180001642 1    115 8 8     6000  150000 1  
81-76-53-588889-001-01 2 111  2 STAR                                            3    41   413    0           2 1    22  8 8      720  180000 1  
81-76-53-588889-001-01 5 111  2 STAR                                            3    41   413    0           161    219 8 8      480  120000 1  
26-06-09-838891-001-01 1 111  2 ASILI                                           2    41   412    0           2 1 0.752  8 8      600   36000 1 2
26-06-09-838891-001-01 2 111  2 ASILI                                           2    61   612    0           2 1    12  8 8      300   90000 1 2
20-33-59-338892-001-03 1 111  2 KIENYEJI                                        2    21   212    0           2 1  0.219 8 8      300  105000 2  
20-33-59-338892-001-03 3 111  2 KIENYEJI                                        2    21   212    0           2 1  0.119 8 8      360  126000 2  
63-82-17-438904-001-01 2 111  12ASILI                                           2    31   0      31   6000 21131  0.52  7 7       54   15000 1  
63-82-17-438904-001-01 3 111  2 ASILI                                           2    51   0      51  10000 212 1  0.52  7 7      165   60000 1  
73-69-98-248905-001-01 2 112112 ASILI                                           2  1.51 1.512    0           2 1 0.252  7 7      150   63000 1 2
21-39-92-978906-001-01 1 112182 KIENYEJI.                                       2    31   312    0           2 1  0.515 8 8      216   60000 1  
82-07-37-998908-001-01 1 112282 KIENYEJI                                        2    21   212    0           121  0.115 8 8      120   30000 1  
08-47-41-248909-001-02 2 1122112MUHOLANZI                                       3   101  1013    0           2 1  0.52  7 7      360  126000 2  
84-71-12-078910-001-02 1 111  2 MBEGU YA KIENYEJI                               2    51   512    0           2 1 0.7512 7 8      120   48000 2  
92-26-76-358911-001-01 1 111  2 MBEGU YA ASILI                                  2    61   612    0           2 1  1.52  9 9      324   90000 1 2
33-18-58-718923-001-01 1 1122112STUKA                                           1    51   0      51  30000 93121    12  8 8      324   36000 5  
34-37-17-558929-001-01 2 122152 MKATE                                           2   701   0     701  79000161171    112 2 6       75  112500 1 2
95-62-22-448944-001-01 1 112182 KIENYEJI                                        2   201  2012    0           2 1  0.111 8 8      180   45000 1 2
36-99-86-888945-001-01 2 111  2 MBEGU YA KIENYEJI                               2   301  3012    0           2 1    32  8 9     2160  540000 1 2
72-84-86-598946-001-01 3 111  2 SEED CO                                         2    41   412    0           141    12  6 8      420  105000 2  
42-71-75-988946-001-04 1 111  2 MBEGU ZA ASILI                                  2    51   512    0           2 1    12  9 9      100   30000 1  
99-79-50-978961-001-01 1 1122112MBEGU MCHANYIKO ZA MAHINDI                      3    81   813    0           2 1    22  8 8      120  420000 1  
87-43-23-918962-001-02 1 111  2 MBEGU ZA ASILI                                  2    51   512    0           2 1  1.52  9 9      540  135000 2  
33-89-23-908962-001-03 1 111  2 SEED-CO                                         1    91   0      91  540001622 1    32  8 8      720  180000 1 2
36-49-58-248965-001-01 2 111  2 MBEGU YA KIENYEJI                               2    12   0      12  10000 212 1    22  7 7      700  175000 1  
81-43-70-458966-001-01 2 112232 SEEDCO                                          2    71   712    0           2 1    22  8 8     1008  320000 1 2
81-43-70-458966-001-01 3 112232 STAR                                            2    61   612    0           2 1  0.514 8 8      126   40000 1  
81-25-23-058967-001-01 1 111  2 SEEDCO                                          2   151   0     151   7000 212 1    32  8 8      882  245000 1 2
55-40-99-938968-001-01 1 111  2 MBEGU YA KIENYEJI                               2   301   0     301  35000 212 1    72  7 7     5180  925000 1  
59-07-66-559000-001-99 1 361  12KIENYEJI                                        2    41   412    81   8000 332 1 0.7512 4 4       60  120000 1 2
59-07-66-559000-001-99 1 431  12KIENYEJI                                        2    81   0      81  20000 432 1 0.7512 4 4      150  375000 1 2
55-12-99-149003-001-99 1 321  2 MBEGU YA ASILI                                  2  0.51   0    0.51   10001612 1  0.12  5 6       10   20000 1  
80-12-29-559013-001-99 1 112112 MBEGU ZA ASILI                                  2    11   112    0           2 1  0.52  4 4       20   10000 1  
80-12-29-559013-001-99 2 361  2 MDEGU ZA ASILI                                  2    31   0      31   6000 212 1  0.52  4 4       40   10000 1  
82-65-86-319015-001-99 1 111  2 STUKA                                           1   101   0     101  50000163171  0.512 6 6      600  180000 1 2
39-26-62-839018-001-99 2 111  12MAHINDI                                         2   101   0     101   6000 21171 0.7512 6 6      216   72000 1 2
39-26-62-839018-001-99 2 321  12KUNDE                                           2    13   0      13      0 11171 0.7512 7 7       40   40000 1 2
72-04-89-379024-001-99 1 111  2 MBEGU YA MUDA MFUPI                             1    31   0      31   60001632 1    12  4 4      420  210000 2  
12-77-94-479027-001-99 1 111  2 MBEGU ZA KIENYEJI                               2    41   412    0           2 1  0.52  5 5      144   64000 1  
12-77-94-479027-001-99 5 371  2 MBEGU ZA KIENYEJI                               2   361  3612    0           2 1    22  9 9      420  525000 1 2
12-77-94-479027-001-99 6 371  2 MBEGU ZA ASILI                                  2   401  4012    0           2 1    22  9 9      240  300000 1 2
31-72-02-479029-001-99 1 111  12MAHINDI                                         2    21   212    0           2 1  0.52  6 6       50   26000 1 2
31-72-02-479029-001-99 1 431  12KARANGA TATU                                    2    21   212    0           2 1  0.52  4 4       60   18000 1 2
31-72-02-479029-001-99 2 112212 MAHINDI                                         2   151  1512    0           151  2.52  6 7      432  240000 1 2
31-72-02-479029-001-99 2 362112 NJUGU MAWE                                      2    31   0      31   6000 412 1 0.252  4 5      120  180000 1 2
31-72-02-479029-001-99 2 432112 KARANGA TATU                                    2    81   0      81  15000 542 1 0.252  4 4      300  120000 1 2
34-49-39-949031-001-99 1 111  12STUKA                                           2    41   0      41  300001621725                               
34-49-39-949031-001-99 1 411  12ALIZETI                                         2    31   312    0           1725                               
91-20-67-309036-001-99 2 1421112MBEGU YA KIENYEJI                               2    51   0      51   2500 312 1 0.252  6 7      300   75000 1 2
91-20-67-309036-001-99 2 3221112MBEGU  YA ASILI                                 2    31   0      31   1500 21131 0.2514 4 4       18    9000 1 2
91-20-67-309036-001-99 2 3621112MBEGU YA KIENYEJI                               2    41   0      41   8000 312 1 0.252  4 5      252   70000 1 2
91-20-67-309036-001-99 2 4121112MBEGU YA KIENYEJI                               2    41   0      41   2000 31171 0.2512 3 6       84   28000 1 2
91-20-67-309036-001-99 2 4321112MBEGU YA ASILI                                  2    22   0      22  16000 312 1 0.252  4 5      756   72000 1 2
91-20-67-309036-001-99 3 1122112MBEGU YA ASILI                                  2    21   212    0           171 0.2512 4 4       36   14000 1 2
91-20-67-309036-001-99 3 4322112MBEGU YA ASILI                                  2    21   0      0           2 1 0.252  3 3      108   30000 1 2
43-35-54-609037-001-99 1 111  12MBEGU BORA                                      1    11   0      11  120001032 1 0.252  6 6       80   20000 1  
43-35-54-609037-001-99 2 131  12MBEGU ZA ASILI                                  2    41   412    0           2 1  1.52  6 6      150   80000 1  
43-35-54-609037-001-99 2 431  12ASILI                                           2   301  3012    0           2 1  1.52  4 4      210  280000 1  
43-35-54-609037-001-99 3 111  12MBEGU BORA                                      1    11   0      11  120001032 1  0.52  6 6       20    5000 1  
01-30-19-759038-001-99 1 411  2 ASILI                                           2    91   912    0           2 1  1.52  6 6      200  144000 1  
18-93-05-879039-001-99 2 1121112MBEGU YA ASILI                                  2    11   112    0           2 1 0.252  7 7      216   60000 1 2
18-93-05-879039-001-99 2 1321112MBEGU YA ASILI                                  2    12   112    0           2 1 0.252  4 4      360   90000 1  
18-93-05-879039-001-99 2 3222112MBEGU YA ASILI                                  2    11   112    0           2 23                               
18-93-05-879039-001-99 2 4321112MBEGU YA ASILI                                  2    81   812    0           2 1 0.252  4 4      400  280000 1 2
18-93-05-879039-001-99 3 362242 MBEGU YA ASILI                                  2    61   612    0           2 1  1.52  3 3      520  260000 1  
43-54-40-929041-001-99 1 111  2 KIENYEJI                                        2   101  1012    0           2 1    12  6 6      400  100000 1 2
43-54-40-929041-001-99 2 142312 UWELE                                           2    22   222    0           2 1    32  7 7     1200  300000 1 2
43-54-40-929041-001-99 2 362112 KIENYEJI                                        2    31   312    0           2 1    12  4 4      400  132000 1 2
43-54-40-929041-001-99 2 412112 KIENYEJI                                        2   104  1042    0           2 1    12  7 7      252  105000 1 2
45-67-04-969042-001-99 1 1122412ASILI                                           2    41   412    0           151  0.52  5 5      108   70000 1  
45-67-04-969042-001-99 1 4323412ASILI                                           2   201   0     201  35000 212 1    12  4 4       75  105000 1  
59-19-77-039043-001-99 1 111  12STAR                                            2    31   312    0           2 1 0.252  7 7       60   15000 2  
59-19-77-039043-001-99 1 141  12UWELE                                           2    11   112    0           111  0.22  6 6       36   12000 2  
59-19-77-039043-001-99 1 411  12NYEUPE                                          2    21   212    0           111  0.22  4 4       36   12000 1 2
59-19-77-039043-001-99 2 141  2 UWELE                                           2   101  1012    0           111    22  8 8      216   72000 1  
59-19-77-039043-001-99 3 1122112STAR                                            2    51   512    0           2 1  0.52  6 7       36   15000 2  
59-19-77-039043-001-99 3 1422112UWELE                                           2    61   612    0           111    12  6 7      108   36000 1 2
59-19-77-039043-001-99 3 4122112NYEUSI                                          2    11   112    0           111  0.414 5 5       36   12000 1 2
59-19-77-039043-001-99 3 4322112KARANGA                                         2   101  1012    0           131  0.52  4 4      200   80000 1 2
59-19-77-039043-001-99 4 1421112UWELE                                           2    51   512    0           111    12  7 8      120   40000 1 2
59-19-77-039043-001-99 4 4321112KARANGA                                         2   101  1012    0           131    12  4 4      200   80000 1 2
94-79-82-899044-001-99 1 111  2 NDEFU                                           2    21   212    0           2 1  0.22  3 4       36   10000 1 2
94-79-82-899044-001-99 2 141  12UWELE                                           2    51   512    0           2 1    22  7 7       54   18000 1 2
94-79-82-899044-001-99 2 431  12KICHELE                                         2   321  3212    0           2 1    22  4 4      700  350000 1 2
94-79-82-899044-001-99 3 111  12NDEFU                                           2    51   512    0           2 1    12  6 6      108   30000 1 2
94-79-82-899044-001-99 3 411  12NYEUSI                                          2    51   512    0           2 1    12  6 6       60   20000 1 2
62-63-16-539050-001-99 1 241  2 MBEGU YA ASILI                                  2   101  1012    0           2 1 0.252  6 6      600  300000 1 2
13-97-70-749052-001-99 1 131  2 MBEGU YA ASILI                                  2   101  1012    0           2 1 1.752  6 6      120   72000 2  
12-70-33-599053-001-99 1 1121112MBEGU YA ASILI                                  2    11   112    0           2 1 0.252  6 6       36   20000 1 2
12-70-33-599053-001-99 1 2221112MBEGU YA KIENYEJI                               2    21   0      0           2 1 0.252  910       60   30000 1 2
12-70-33-599053-001-99 2 1122112MBEGU YA KIENYEJI                               2    21   212    0           171    112 5 5      144   80000 1 2
12-70-33-599053-001-99 2 1421112MBEGU YA KIENYEJI                               2    21   0      21   4000 412 23                               
12-70-33-599053-001-99 299821112MBEGU YA KIENYEJI                               2    11   0      11   3000 41131 0.25141111       20   15000 1 2
26-32-90-689054-001-99 1 111  12SEEDCO                                          1    41   0      41  240001612 1    22  5 5     1008  672000 1 2
26-32-90-689054-001-99 1 4321112MBEGU NDOGO                                     1    21   0      21   60001612 1  0.52  4 4      140   70000 1 2
50-69-66-449055-001-99 1 1121112MBEGU YA ASILI                                  2  2501   0    2501    250 432 1 0.252  5 5       80   32000 1  
50-69-66-449055-001-99 1 2221112MBEGU YA ASILI                                  2    11   0      11   2000 212 1 0.252  4 8       60   24000 1  
50-69-66-449055-001-99 1 3121112MBEGU YA ASILI SOYA                             2  2501   0    2501    3501612 1 0.252  2 2       30   60000 1  
50-69-66-449055-001-99 1 3221112MBEGU YA ASILI                                  2  1251 12512    0           2 1 0.252  2 3       10    2500 1  
50-69-66-449055-001-99 1 3621112MBEGU YA ASILI                                  2    11   0      11   20001612 1 0.252  5 5       20   12000 1  
50-69-66-449055-001-99 2 1122112MBEGU YA ASILI                                  2    21   112    11   20001612 1  0.52  5 5      120   48000 1  
50-69-66-449055-001-99 2 4321112MBEGU YA ASILI                                  2    11   0      11   2000 412 1 0.252  5 5       10    7000 1  
15-62-38-419072-001-99 1 1223112ASILI                                           2    11   112    0           151  0.516 5 5      110  100000 1  
15-62-38-419072-001-99 1 8721112ASILI                                           2    13   132    0           151  0.516 4 5      165   70000 1  
81-75-06-599073-001-99 1 141  2 KIENYEJI                                        2    51   0      51   5000 21171  0.112 5 5       40   36000 1 2
89-77-60-669074-001-99 1 112212 ASILI                                           2   101  1012    0           181  0.511 6 7      118   60000 1  
89-77-60-669074-001-99 1 132212 ASILI                                           2   101  1012    0           111  0.511 6 7      144  184000 1  
01-45-88-749075-001-99 1 111  2 STAA                                            1    11   0      11   20001632 1 0.252  6 6       72   48000 1  
01-45-88-749075-001-99 1 141  2 MBEGU ZA ASILI                                  2    11   112    0           2 1 0.252  6 6       54   30000 1  
01-45-88-749075-001-99 2 112112 STAA                                            1    11   0      11   20001632 1 0.252  6 6      108   72000 1  
01-45-88-749075-001-99 2 132312 MBEGU ZA ASILI                                  2    31   312    0           2 1 0.752  6 6      108   72000 1  
91-25-87-989076-001-99 1 141  2 MBEGU YA ASILI                                  2    51   512    0           171 0.7512 5 6      200  120000 1 2
91-25-87-989076-001-99 2 141  2 MBEGU YA ASILI                                  2    41   412    0           2 25                               
91-25-87-989076-001-99 3 141  2 MBEGU YA ASILI                                  2   101  1012    0           171    115 5 6      350  280000 1 2
36-69-32-279077-001-99 1 111  2 MBEGU ZA ASILI                                  2  2505   0      0           2 1 0.252  2 2       36   24000 1 2
36-69-32-279077-001-99 2 141  2 MBEGU ZA ASILI                                  2   101   0     101   60001622 1    22  5 6      300  150000 1 2
12-33-80-339078-001-99 1 141  12TEGEMEO                                         3    11   0      11   1200 21171 0.7512 5 6      128   80000 1  
12-33-80-339078-001-99 1 3221412KUNDE                                           2    13   0      13    450161171  0.212 5 6        6    6000 1  
12-33-80-339078-001-99 2 141  2 UWELE                                           2    11   112    0           171  0.212 5 5       12    8400 1  
25-80-40-319079-001-99 1 112212 MBEGU YA KIENYEJI                               2    31   312    0           1725                               
25-80-40-319079-001-99 1 142212 MBEGU YA ASILI                                  2   101  1012    0           131  0.514 6 6      100   80000 1 2
75-06-10-659102-001-99 1 1123111MBEGU YA ASILI                                  2200002  2012    0           2 1 0.752  7 7      240     400 1  
75-06-10-659102-001-99 1 3121111MBEGU YA ASILI                                  2    71   712    0           2 1 0.252  7 7       60     400 1  
04-53-69-099103-001-99 1 111  2 MBEGU YA KISASA                                 1   201   0     201  400001632 1    32 1111      300 6000000 1  
39-32-21-599113-001-99 1 111  2 SEED-CO                                         1    81   0      81  96000161151    12  6 6     1620  630000 1  
98-87-47-849121-001-99 1 111  2 PANA                                            1    11   0      11   60001632 1  0.22  7 7       60   24000 1 2
98-87-47-849121-001-99 1 911  2 KIENYEJI                                        2  1005   0      0           2 1  0.22  4 6       25   20000 1 2
08-06-20-199159-001-99 1 111  2 KAWAIDA                                         2    11   0      11   4000 412 1  0.12  7 7       60   39000 1 2
57-24-06-889160-001-99 1 111  2 SEED CO                                         1    21   0      21  120001612 1  0.119 8 8      120   60000 1 2
86-76-49-709169-001-99 1 311  2 MANJANO                                         2   201   0     201  60000 422 1    12  6 6   640000  800000 1 2
77-18-35-979181-001-99 1 111  2 PUNDA MILIA                                     1   161   0     161  72000 63151    32  8 8     1680 1008000 1  
03-32-08-679182-001-99 2 111  12MBEGU YA KIENYEJI                               1    31   0      31  12000 91181  0.52  7 7      100   70000 1  
65-75-10-459193-001-99 1 1122112STAR                                            2   101  1012    0           121    22  8 8      500  150000 1 2
99-76-28-489194-001-99 1 1121112MBEGU ZA KIENYEJI                               2    14   0      0           1725                               
99-76-28-489194-001-99 110021112MBEGU ZA KIENYEJI                               2    14   0      0           1725                               
76-50-41-749244-001-99 1 111  12SEEDCO                                          1    41   0      41  40000 912 1    12  7 7      450  150000 1 2
76-50-41-749244-001-99 1 311  12KABLANKETI                                      2    41   0      41   4800 112 1    12  6 6       25   25000 1 2
63-72-00-389246-001-99 1 111  12TEMBO                                           1   101   0     101  600001632 1  1.52  6 6     3000 1050000 1 2
63-72-00-389246-001-99 1 3121412KABLANKETI                                      2   251  2512    0           2 1  0.22  6 6      120  120000 1  
56-40-41-299252-001-99 1 111  2 SEDCO                                           1    31   0      31  18000 942 1  0.212 6 6      120   42000 1 2
98-18-70-319258-001-99 1 111  2 MBEGU YA KUNUNUA                                1    21   0      21  13000162131  0.214 7 7      160   56000 1 2
32-90-03-649262-001-99 3 111  2 SEED CO                                         1   101   0     101  55000161141  0.514 6 7      480  240000 1  
81-05-08-379270-001-99 1 1122112SIDICO                                          1    61   0      61  120001632 1  0.52  8 8      400  120000 2  
81-05-08-379270-001-99 1 2322112OBAMA                                           1  4201   0    4201  21000 132 1  0.52  410      560  500000 2  
80-43-44-579271-001-99 2 111  12SEEDCO                                          1   421   0     421 231000 932 1    72  5 5    15120  378000 1 2
80-43-44-579271-001-99 2 3122112SOYA                                            2    72   722    0           2 1    42  5 5     1120 2072000 1  
29-60-01-549282-001-99 3 111  2 SEED CO  617                                    1   101  1011   101  80500183151  0.516 7 7      940  376000 1  
51-77-23-089283-001-99 3 111  2 SEEDCO                                          2    21   0      21  12000 942 1 0.752  4 4      240   60000 1  
81-90-92-949288-001-99 1 111  2 PANA                                            1    21   0      21  11000 93151    12  3 4      240   72000 1  
09-03-54-399289-001-99 1 111  2 MPANA                                           1   151   0     151  420001652 1    32  6 6     5616 2184000 1 2
09-03-54-399289-001-99 2 121  2 INDIA RANGI                                     1  7.52   0    7.52 150000 452 1    52  5 5    1365018200000 1 2
40-74-38-829293-001-99 1 111  2 MAHINDI                                         2    41   412    0           2 1 0.252  6 6      250   70000 1 2
96-98-33-639315-001-99 1 111  2 SIMBA                                           1   161   0     161  16000 95121    42  7 7     6300 1050000 1  
75-56-43-989316-001-99 1 311  12MAINI                                           2   101   0     101  15000 432 1  0.32  1 2       50   75000 2  
85-88-27-619324-001-99 1 111  12PANA                                            1  1.51   0    1.51   9000 922 1 0.252  4 7      300  105000 1 2
85-88-27-619324-001-99 1 311  12KIENYEJI                                        1  1.51   0    1.51   3000 422 1 0.252  7 7       20   35000 1 2
85-88-27-619324-001-99 1 411  12KIENYEJI                                        2    41   412    0           2 1 0.252  7 7       30   30000 1 2
85-88-27-619324-001-99 2 111  12PANA                                            1    41   0      41  24000 922 1    12  7 7      840  294000 1 2
85-88-27-619324-001-99 2 311  12PAPI                                            1    53   0      53   5000 922 1    12  6 6       60  105000 1 2
85-88-27-619324-001-99 2 411  12KIENYEJI                                        2  0.51 0.512    0           2 1    119 7 7       30   30000 1 2
47-15-06-109326-001-99 1 111  2 MAHINDI                                         1    81   0      81  48000 912 1  0.52  7 7      270  315000 1 2
43-89-06-659327-001-99 2 111  2 PANAR                                           1    41   0      41  24000 912 1    12  7 7      432  192000 1  
85-49-55-659329-001-99 1 111  2 MBEGU YA KIENYEJI                               2    11   112    0           2 1  0.42  5 7      200  100000 1 2
48-38-38-809372-001-99 1 111  12KIENYEJI                                        2    21   212    0           1725                               
03-72-31-229374-001-99 1 221  2 SHANGAZI                                        2   101   0      0           2 1 0.252  3 3       20   20000 1  
94-80-63-679386-001-99 1 111  12TUMBILI                                         1    21   0      21  12000 912 1  0.52  5 5      218   84000 1  
94-80-63-679386-001-99 1 311  12SOYA                                            2    51   0      51  10000 412 1  0.52  5 5       50  100000 1  
94-80-63-679386-001-99 2 121  2 KALAMATA                                        2   451  4512    0           2 1    12  6 6     2835 1350000 1  
94-80-63-679386-001-99 3 221  2 NJANO                                           2  2001 20012    0           2 1    12  7 7      400  100000 1  
01-85-18-989391-001-99 1 111  12MAHINDI                                         1    11   0      11    800161151 0.042  7 7       36   20000 1  
01-85-18-989391-001-99 1 3121112MAHARAGE                                        2    11   112    0           2 1 0.022  5 5       10    5000 1  
90-38-42-769411-001-99 1 111  12SIDICO                                          1    61   0      61  30000 95171    312 5 6      780  195000 1  
28-58-96-949420-001-99 1 111  12KIENYEJI                                        2    23   232    0           2 1  0.52  4 4       40   24000 1  
17-50-95-679425-001-99 1 111  2 MBEGU FUPI                                      2   301   0     301  30000 24171    112 6 6      162  108000 1  
10-60-80-589427-001-99 1 112242 MBEGU YA ASILI                                  2    31   0      31   3000 43131  0.514 3 3       36   20000 1 2
10-60-80-589427-001-99 2 3623112MBEGU YA ASILI                                  2    31   0      31   4500 412 1 0.752  3 3      120   42000 1 2
10-60-80-589427-001-99 2 4322112MBEGU YA ASILI                                  2    21   0      21   6000 412 1 0.252  3 3       12   20000 1 2
78-67-27-419434-001-99 1 112112 MBEGU BORA                                      1    21   0      21  100001632 1 0.252  5 5      216  120000 1  
78-67-27-419434-001-99 1 322112 MBEGU ZA ASILI                                  2    13   132    0           2 1 0.252  6 6       10   15000 2  
78-67-27-419434-001-99 1 362112 MBEGU ZA ASILI                                  2    11   112    0           2 1 0.252  4 4       30    7000 2  
78-67-27-419434-001-99 1 432112 MBEGU ZA ASILI                                  2    11   112    0           2 1 0.252  3 3       30    7000 2  
78-67-27-419434-001-99 2 411  2 MBEGU ZA ASILI                                  2   201  2012    0           2 1    32  7 7     1008  490000 1  
78-67-27-419434-001-99 3 111  2 MBEGU BORA                                      1    41   0      41  200001632 1    22  7 7      648  360000 1  
61-71-00-809435-001-99 2 111  2 SEED CO                                         1    41   0      41  300001612 1    22  4 5     1200  720000 1  
61-71-00-809435-001-99 2 872232 HASIRA F1                                       1   205   0     205 230000163111    12  2 6    1610011200000 1 2
90-59-95-739436-001-99 1 111  2 MBEGU ZA ASILI                                  2    11   0      11   1000 212 1 0.252  3 3       18   10000 1  
90-59-95-739436-001-99 2 432112 MBEGU ZA ASILI                                  2    31   312    0           2 1 0.252  5 5       25    7000 1  
71-17-31-559451-001-99 2 141  2 MBEGU ZA ASILI                                  2   101   0     101   5000 212 1    32  8 8      504  168000 1 2
71-17-31-559451-001-99 3 1321112MBEGU ZA ASILI                                  2    51   0      51   3000161131    114 8 8       40   12000 1 2
71-17-31-559451-001-99 3 1421112MBEGU ZA ASILI                                  2   101   0     101   5000 212 1    12  8 8      378  126000 1 2
71-17-31-559451-001-99 3 4321112MBEGU ZA ASILI                                  2    21   0      21   4000161151    12  4 4       70   35000 1 2
00-84-61-919456-001-99 2 141  2 MBEGU YA ASILI                                  2   101  1012    0           171  1.52  6 6       80   48000 1 2
86-99-74-739457-001-99 1 141  2 MBEGU YA ASILI                                  2    81   812    0           171 0.7512 6 6       90   25000 1  
86-99-74-739457-001-99 2 141  2 MBEGU YA ASILI                                  2    51   512    0           2 1  0.52  6 7      126   35000 1  
86-99-74-739457-001-99 3 431  2 MBEGU YA ASILI                                  2   131  1312    0           1725                               
03-53-61-009459-001-99 1 112212 STUKA                                           1    41   0      41  100001612 1    12  5 5      480  240000 1 2
03-53-61-009459-001-99 1 142212 UWELE                                           2    12   122    0           2 1    32  6 7      480  240000 1 2
03-53-61-009459-001-99 19982112 CHOYA                                           2    21   0      21   2000 212 1 0.752  5 8      350  490000 1 2
03-53-61-009459-001-99 29982132 CHOYA                                           2    11   0      11   1000 212 1    12  5 7      300  420000 1 2
03-53-61-009459-001-99 3 412212 KIENYEJI                                        2    51   512    0           2 1  1.52  5 5      300   90000 1 2
03-53-61-009459-001-99 3 432212 ASILI                                           2   201  2012    0           2 1  1.52  4 4      300  336000 1 2
25-95-43-759460-001-99 1 131  2 ASILI                                           2   101  1012    0           111  1.511 6 6      240   96000 1  
25-95-43-759460-001-99 2 1122112ASILI                                           2   101  1012    0           2 1    22  6 6      432  200000 1  
25-95-43-759460-001-99 2 1322112ASILI                                           2   201  2012    0           111    212 5 6      720  288000 1  
25-95-43-759460-001-99 2 412112 ASILI                                           2    12   122    0           111    217 6 6      432  360000 1  
25-95-43-759460-001-99 2 432112 ASILI                                           2   201  2012    0           131  1.52  6 6      420  420000 1  
72-75-20-509461-001-99 1 141  2 ASILI                                           2    12   0      12  10000 512 1  0.52  6 6   120000   60000 1  
57-81-59-319462-001-99 1 1121112MBEGU ZA ASILI.                                 2    21   212    0           2 1 0.252  6 6       27   15000 1  
57-81-59-319462-001-99 1 141  12MBEGU ZA ASILI                                  2    31   312    0           171  0.52  6 6       60   24000 1  
10-34-44-399468-001-99 1 431  2 ASILI                                           2   101   0     101  25000 212 1  0.512 3 3       30   30000 1 2
10-34-44-399468-001-99 3 221  2 ASILI                                           2    35   352    0           2 1  0.52  7 8      600   60000 1 2
10-34-44-399468-001-99 4 141  2 UWELE                                           2   101  1012    0           2 1  0.52  6 7      120   60000 1 2
10-34-44-399468-001-99 5 361  2 NJUGUMAWE                                       2   101   0     101  20000 212 1    118 3 4       60   96000 1 2
10-34-44-399468-001-99 6 111  2 KIYENYEJI                                       2    11   0      11    500 212 1 0.252  5 5       60   30000 1 2
86-58-31-019469-001-99 1 1122112MBEGU BORA ZILIZOTUMIKA.                        3    21   0      21   1400 51131 0.252  5 5      216  120000 1  
86-58-31-019469-001-99 1 1323112MBEGU ZA ASILI                                  2   101   0     101  10000 51181  0.511 6 6       90   40000 1  
86-58-31-019469-001-99 2 3221112MBEGU ZA ASILI                                  2  0.51   0      11   1000161141 0.2514 5 5       10    1200 1  
86-58-31-019469-001-99 2 4121112MBEGU ZA ASILI                                  2  0.51 0.512    0           181 0.252  5 5       24    6000 1  
86-58-31-019469-001-99 2 4321112MBEGU ZA ASILI                                  2    61   0      61  18000 212 1 0.252  4 4      140  112000 1  
81-77-10-969470-001-99 1 142212 ASILI                                           2    12   122    0           2 1    12  6 6      980  588000 1 2
81-77-10-969470-001-99 1 362212 ASILI                                           2   201  2012    0           2 1  1.52  4 5      980  280000 1 2
81-77-10-969470-001-99 2 131  2 ASILI                                           2   301  3012    0           2 1    32  6 6     1260  630000 1 2
81-77-10-969470-001-99 3 431  2 ASILI                                           2   501  5012    0           2 1  2.52  4 5      588  784000 1 2
81-77-10-969470-001-99 4 112212 ASILI                                           2    31   312    0           151    116 5 5      324  180000 1 2
81-77-10-969470-001-99 4 8722112MBEGU BORA                                      1  0.51   0    0.51  600001632 1    12  411     6120 2160000 1 2
17-52-31-829471-001-99 1 1122112MBEGU BORA ZILIZOTUMIKA                         3    61   613    0           131    12  6 6      162   90000 1  
17-52-31-829471-001-99 1 1322112MBEGU ZA ASILI                                  2    41   412    0           171    112 6 6      198  110000 1  
17-52-31-829471-001-99 2 3622112MBEGU ZA ASILI                                  2    21   212    0           171 0.252  6 6      120   60000 1  
17-52-31-829471-001-99 2 4322112MBEGU ZA ASILI                                  2    21   212    0           2 1 0.252  5 5      180  126000 1  
17-52-31-829471-001-99 3 431  2 MBEGU ZA ASILI                                  2    41   412    0           141 0.2514 5 5       70   70000 1  
30-72-34-419472-001-99 1 112312 MBEGU YA ASILI                                  2    11   112    0           2 1 0.252  5 5       54   33000 1  
30-72-34-419472-001-99 1 132112 MBEGU YA ASILI                                  2    21   212    0           2 1 0.252  5 6       40   20000 1  
30-72-34-419472-001-99 1 432112 MBEGU YA ASILI                                  2    21   212    0           2 1 0.252  3 3       48   28000 1  
81-10-36-179474-001-99 1 111  2 MBEGU YA ASILI                                  2    21   0      21   1000 912 1  0.52  5 6       54   30000 1  
81-10-36-179474-001-99 2 142212 MBEGU YA ASILI                                  2   101   0     101   5000 912 1  1.52  5 6      300  180000 1  
85-66-51-439475-001-99 1 131  12MTAMA                                           2   101   0     101   50001612 1    12  6 6      120   30000 1 2
85-66-51-439475-001-99 1 4121412NYEUSI                                          2    11   0      11   1500 212 1 0.252  5 5       20   20000 1 2
85-66-51-439475-001-99 1 4321412KARANGA                                         2    31   0      31   60001632 1 0.252  4 4       72   30000 1 2
85-66-51-439475-001-99 2 871  2 BATONI                                          1   505   0     505  250001612 1 0.752  4 5     1880  940000 1 2
81-48-13-209484-001-99 1 411  12NYEUSI                                          2   101   0     101  10000 14171    212 7 7      220   84000 1 2
81-48-13-209484-001-99 1 421  12UFUTA                                           2   101   0     101  20000 34131    214 4 4      240  144000 1 2
33-03-07-879498-001-99 1 112212 KIENYEJI                                        2    15   152    0           181   2011 8 9    10560 3520000 1  
33-03-07-879498-001-99 1 412112 KIENYEJI                                        2  3751 37512    0           181   202  9 9     7500 5000000 1  
40-87-26-729505-001-99 1 111  12SEEDCO                                          1    81   0      81  360001612 1  0.52  5 5      190   84000 1 2
40-87-26-729505-001-99 1 341  12MBAAZI                                          2    24   242    0           2 1  0.52  6 6       72   72000 1 2
40-87-26-729505-001-99 1 411  12NYEUSI                                          1    21   0      21   6000161111  0.319 6 6       30   30000 1 2
40-87-26-729505-001-99 2 111  12MAHINDI                                         2    61   612    0           2 1  0.52  5 5      190   84000 1 2
40-87-26-729505-001-99 2 341  12MBAAZI                                          2    64   642    0           2 1  0.52  6 6       70   70000 1 2
40-87-26-729505-001-99 2 411  12NYEUSI                                          2    44   442    0           2 1  0.52  6 6       35   32000 1 2
09-91-08-559519-001-99 2 111  13KITALE                                          1   251   0     251 150000162131    114 8 8     1200  700000 1  
09-91-08-559519-001-99 2 311  13KIENYEJI                                        2    35   352    0           2 1    119 6 6      600  450000 1  
09-91-08-559519-001-99 3 111  2 KIENYEJI                                        2    31   312    0           1223                               
52-73-68-199522-001-99 1 111  12SEED-CO                                         1    61   0      61  340001622 1  0.52  7 7      240   60000 1  
52-73-68-199522-001-99 1 311  12SOYA YA NJANO                                   1    51   0      51  100001622 1  0.52  7 7       40   40000 1  
73-45-68-579589-001-99 1 111  2 SIDCO                                           1    21   0      21  12000 91131 0.252  8 8      120   60000 1 2
40-73-99-359594-001-99 1 111  2 MBEGU YA ASILI                                  2    41   412    0           151 0.252  9 9      216   80000 1  
71-50-61-729607-001-99 1 111  2 MBEGU YA MAHINDI                                1    51   0      51  210001622 1  1.52  7 8     1300  260000 1 2
15-65-02-509627-001-99 1 111  12KIENYEJI                                        2  5005 50052    0           151 0.272  7 7       60   21000 1 2
15-65-02-509627-001-99 1 321  12KIENYEJI                                        2  5005   0    5005   1000 432 1 0.272  6 7       12   12000 1 2
75-21-91-969639-001-99 1 112182 SEED CO                                         1    21   0      21  100001632 1  0.1121010      240  120000 1  
54-58-52-299640-001-99 1 1122112MBEGU YA KIENYEJI                               2    81   0      81   8000 212 1    22  8 8      340   85000 1  
36-25-85-209642-001-99 1 112132 MBEGU KUBWA                                     2    11   112    0           2 1    12  8 8      216   96000 1  
23-69-08-569643-001-99 1 112182 MBEGU ZA ASILI                                  2    21   212    0           2 1 0.2519 7 7       60   30000 1  
02-90-12-339649-001-99 1 311  2 MEKUNDU                                         2    41   0      41  10000 93131 0.7514 8 8       60   72000 1  
69-29-27-579653-001-99 1 1122112KIENYEJI                                        2  0.51 0.512    0           2 1 0.252  6 6       20   10000 1  
69-29-27-579653-001-99 1 321  12KIENYEJI                                        2    11   0      11   1500 212 1  0.52  5 6       12   12000 1  
68-07-53-889654-001-99 1 112112 MBEGU FUPI                                      1    71   0      71  14000 932 26                               
26-13-54-649660-001-99 1 112232 MAHINDI                                         1    31   0      31  300001612 1  0.52  7 7      400  144000 1  
40-29-19-469661-001-99 1 111  2 MBEGU BORA                                      1    21   0      21  10000 432 1    02  8 8      200   56000 1  
56-71-73-069662-001-99 1 111  2 KIENYEJI                                        2    31   312    0           2 1  0.52  4 8      240   84000 1 2
56-71-73-069662-001-99 2 111  2 KIENYEJI                                        2    81   812    0           2 1  0.52  8 8      480  168000 1 2
82-03-22-329663-001-99 1 111  2 MAHINDI                                         1  0.51   0    0.51   6000 432 1  0.52  6 6      120   48000 1 2
82-03-22-329663-001-99 2 111  2 MAHINDI                                         1    61   0      61  36000 432 1    12  8 8      200  480000 1 2
82-03-22-329663-001-99 2 3121112MAHARAGE                                        2    21   212    0           2 1 0.252  5 5      120   78000 1 2
40-69-25-229664-001-99 1 111  2 HAYBRIDI                                        1    21   0      21  120001632 1  0.52  7 7      240   60000 1  
27-53-88-209665-001-99 1 231  2 SHEREHEKEA                                      3  2401   0    2401 150000 212 1    12  3 3     3920 1470000 1 2
27-53-88-209665-001-99 2 111  2 MBEGU ZA ASILI                                  2    15   152    0           2 1  0.22  7 7       40    9000 1 2
03-94-37-409666-001-99 1 111  2 MBEGU ZA KIENYEJI                               2    41   412    0           2 1 0.252  7 7      108   36000 1  
03-94-37-409666-001-99 2 111  12MBEGU ZA KIENYEJI                               2    71   712    0           2 1  0.52  7 7      216   72000 1  
03-94-37-409666-001-99 2 311  12MAHARAGE MEKUNDU                                2    41   412    0           2 1  0.52  6 6       40   24000 1  
03-94-37-409666-001-99 3 111  2 MBEGU ZA KIENYEJI                               2   101  1012    0           2 1 0.752  7 7      324  108000 1  
63-22-62-889667-001-99 1 111  2 SIDICO                                          1 0.251   0   0.251   1500 932 1 0.012  8 8       60    7500 1  
63-22-62-889667-001-99 2 111  2 SIDICO                                          1 0.751   0   0.751  10500 932 1  0.519 7 7      240   36000 1  
81-03-21-329673-001-99 1 111  2 CHAPA TEMBO 118                                 1    81   0      81  48000 432 1    12  6 6      360  135000 1  
97-13-13-309677-001-99 1 111  12MBEGU YA ASILI( WALAI)                          2    41   412    0           171  0.512 3 6      240   48000 1  
97-13-13-309677-001-99 1 231  12MBEGU YA ASILI                                  2   242  2422    0           2 1    12  2 2     3200 1400000 1  
97-13-13-309677-001-99 2 111  12MBEGU YA ASILI                                  2    31   312    0           2 1  0.32  3 6      240   48000 1  
97-13-13-309677-001-99 2 231  12MBEGU YA ASILI                                  2   152  1522    0           2 1  0.32  6 6     2400  600000 1  
69-34-56-709679-001-99 1 111  2 TEMBO                                           1   121   0     121  72000 912 1  1.52  6 6     3240 1080000 1  
26-63-99-979685-001-99 1 121  2 KIENYEJI                                        2    32   0      32 1800002052 1    52  5 5     6000 2800000 2  
26-63-99-979685-001-99 2 311  2 KABLANKETI                                      2  1.52   0    1.52  450002051725                               
26-63-99-979685-001-99 3 111  2 PANA                                            1  1321   0    1321  13200 952 1    32  6 6     2500  875000 2  
31-74-90-369686-001-99 1 111  12PANA                                            2   101   0     101  60000 932 1    12  6 6     1800  450000 1  
31-74-90-369686-001-99 1 312212 MAHARAGE YA NJANO                               2   151  1512    0           171  0.52  3 6      100  250000 1  
31-74-90-369686-001-99 1 432212 KIENYEJI                                        2   153  1532    0           2 1  0.52  6 6      540  180000 1  
10-25-36-999688-001-99 1 111  2 MAHINDI                                         2    12   122    0           2 1 1.252  6 6     1260  252000 1 2
76-52-70-119690-001-99 1 311  2 MAHARAGE KIENYEJI                               2    11   0      11   22001612 1  0.32  3 4       40   80000 2  
94-31-69-079708-001-99 1 271  2 TANGAWIZI KISASA                                2 12001   0   120011400000 942 1  1.52  512     8010 8000000 1  
94-31-69-079708-001-99 3 271  2 TANGAWIZI KISASA                                2 10001   0   100011200000 942 1  1.52  512     7000 7000000 1 2
11-57-47-009710-001-99 1 1122112MBEGU YA UYOLE                                  1    61   0      61  30000164151    22  7 7      640   96000 1 2
11-57-47-009710-001-99 1 3621112NJUGU MAWE                                      2  2.51   0    2.51   7500164121 0.2515 6 6       40   30000 1 2
30-84-43-029712-001-99 2 111  12UYOLE 625                                       1  1.51   0    1.51  18000 932 1  0.52  7 7      324  108000 1 2
30-84-43-029712-001-99 2 311  12JKT                                             2    81   0      81   5600 322 1  0.52  8 8       40   70000 1 2
50-53-03-329714-001-99 1 112312 KIENYEJI                                        2 0.2520.2522    0           2 1  0.52  6 6      580  116000 1 2
50-53-03-329714-001-99 1 312112 KABLANKETI                                      2    53   532    0           2 1  0.112 6 6       20   20000 1 2
07-90-24-769715-001-99 1 111  2 MAHINDI                                         1    61   0      61  36000 932 1    22  5 5      600  150000 2  
81-03-55-019736-001-99 1 121  2 MBAWA MBILI                                     2    62   622    0           2 1    22  6 7      600  500000 1  
82-81-94-299737-001-99 1 111  2 KIENYEJI                                        2    51   512    0           2 1  0.52  6 6      700  210000 1 2
82-81-94-299737-001-99 2 121  2 KYELA                                           2   102  1022    0           2 1   102  5 6    15300 9000000 1 2
36-84-33-479739-001-99 1 1121112SEEDECO                                         1    61   0      61  160001612 1  0.52  7 7      400  280000 1 2
36-84-33-479739-001-99 1 311  12KIBLANGETI                                      1  0.31   0    0.31   80001612 1 0.2514 6 6       40   50000 1 2
17-67-02-709799-001-99 1 1122112MBEGU BORA YA MAHINDI                           1   181   0     181  540001642 1    22  6 7      800  225000 1 2
17-67-02-709799-001-99 1 122112 MBEGU YA ASILI YA MPUNGA                        1   141   0     141  10000 442 1    12  6 7       90   60000 1 2
00-39-27-139809-001-99 1 111  12SEEDCO                                          3    11   0      21   1200 412 1  0.22  4 4      162   90000 1  
