39-26-37-981000-001-012000000003       4  1   2                                        2
04-06-65-041000-001-022000000002          1   2                                        2
97-90-78-651000-001-032000000002 4 2 8 8 71   2                                        2
69-87-77-121000-001-062000000003 5 9   0  1   2                                        2
48-07-72-071001-001-011000000003 3 4 6 1 41   2                                        2
87-35-70-531002-001-012000000003          1   2                                        2
90-92-88-291003-001-012000000003          1   2                                        1
16-34-22-801005-001-012000000003 3 4   4  1   2                                        2
66-03-93-271006-001-012100000003          1   2                                        2
71-71-16-361006-001-032000000003 4 8 4 0  1   2                                        2
93-03-21-311006-001-042000000003 4 8   4  1   2                                        2
64-95-83-641006-001-052000000003 4 1   0  1   2                                        2
54-26-09-511007-001-011000700003 3 4   4  1   1                 XXXXXXXX          1    1
91-42-46-841009-001-012000000003       4  1   2                                        1
34-08-29-971019-001-012000000003 4 5 4 4 51   2                                        2
25-94-08-501020-001-011300030002       4  1   1          X  X X                   9    2
42-43-09-211021-001-012000000003          1   2                                        2
88-63-59-871022-001-012000000003 4 8 1 1 71   2                                        2
67-34-56-151023-001-012000000003 3 1 2 1 21   2                                        2
61-09-84-511024-001-012000000003 4 7   0  1   2                                        2
49-38-79-421025-001-021000200003          1   2                                        2
36-53-30-051038-001-021340070002       1  1   1                        X          9    2
06-31-99-331039-001-011000002003       4  1   2                                        2
98-68-74-001041-001-012000000003          1   2                                        2
86-53-32-921042-001-012000000003 3 1   0  1   2                                        1
59-59-99-491042-001-022000000003          1   2                                        2
68-38-43-941043-001-012000000003 5 8   8  1   2                                        2
51-52-11-491044-001-012000000003      12  1   1                     X X           9    1
36-76-76-331045-001-011002200003          1   1              XXXXXXXXXXXX         9    1
68-51-31-951058-001-011212000003 4 7   7  1   1                           X       9 3  2
71-14-80-871059-001-011000700003 3 3   3  1   1               XXXXXX              1    1
79-06-68-491059-001-031000700003 3 3   3  1   2                                        1
71-40-42-061059-001-062000000003 3 7   3  1   2                                        1
27-54-41-371060-001-011770000002          1   2                                        2
50-50-37-471061-001-032000000003 3 9   0  1   1                     XX            1 9  2
25-09-89-031062-001-012000000003 5 3   3  1   2                                        2
21-11-75-861063-001-011300000003 3 6   6  1   2                                        2
63-59-38-211064-001-012000000003 5 3   3  1   2                                        2
51-70-28-891076-001-011700700003       4  1   2                                        1
45-88-08-271077-001-012000000003 5 4   4  1   1                     XX            1 9  2
83-42-33-561078-001-012000000003 4 810 4  1   2                                        2
51-38-42-661079-001-012000000002       1  1   2                                        2
70-13-86-621080-001-012000000003 4 7   7  1   2                                        2
15-64-51-681081-001-012000000003 5 8   8  1   2                                        2
40-74-76-771082-001-012000000003          1   2                                        2
71-92-06-801083-001-012000000002 612   0  1   2                                        2
91-21-42-141095-001-012000000003 3 4   4  1   2                                        1
33-55-42-431096-001-011001020002 2 4   4  1   1           XXX                     6 9  2
38-42-24-051096-001-032000000003 410 2 0  1   2                                        2
13-90-80-111097-001-012000000004 4 1 2 1 21   2                                        2
84-61-10-621097-001-022000000003 4 7   7  1   2                                        2
74-62-00-181097-001-042000000002          1   2                                        1
12-20-57-631098-001-011000000003 4 8   8  1   2                                        2
35-42-42-501099-001-011007000003 3 4   1  1   1           XXXXXXX                 9    1
42-46-16-511100-001-012000000002 2 2   2  1   2                                        2
19-26-42-801102-001-011000000002 2 1   0  1   2                                        2
86-26-96-591114-001-012000000003       4  1   2                                        2
02-37-07-591114-001-022000000003          1   2                                        2
66-86-03-221116-001-011073770002       3  1   2                                        2
93-26-69-751118-001-011707203002          1   1              XXXXXXXXXXXX         9    1
90-93-28-881119-001-021440000003       4  1   2                                        2
88-29-40-911120-001-021410200002       4  1   1                      X            9    2
45-81-76-581122-001-021320200003          1   1                 XXX               9 5  2
08-25-45-411134-001-012000000003          1   2                                        1
43-81-40-331134-001-032000000003 4 4  11 01   2                                        2
69-30-97-631135-001-012000000002          1   2                                        2
54-29-44-611140-001-012000000000          1   2                                        2
11-40-59-091140-001-031000000113 3 4   4  1   1                        X          9    2
39-14-27-761142-001-011240200003       3  1   1                 X   X             9    2
31-67-12-821152-001-011700000003          1   1                      X            9 1 42
13-35-77-181154-001-011077700002          1   1               XX                  9    2
31-48-95-021155-001-012000000003       4  1   2                                        2
84-59-93-681158-001-012000000003          1   2                                        2
11-98-95-751158-001-021000200002       4  1   1       XXX                         9    2
39-24-29-811159-001-011303301103          1   2                                        2
25-97-26-141162-001-012000000003       4  1   2                                        2
39-23-26-661171-001-012000000003          1   1          XXX X                    9    2
33-16-62-691172-001-032000000003          1   2                                        2
05-00-83-241173-001-011201070003          1   1        X X                        9    1
82-77-98-121174-001-011203300022          1   1       XXXX                        9    2
53-94-37-891177-001-012000300103 4 4   4  21112                                        2
62-86-62-481177-001-032000000003 5 5   0  21  2                                        2
72-14-75-361179-001-012000000003 5 7   4  1   2                                        2
34-57-74-201179-001-022000000003 7 2   0  1   2                                        2
93-52-49-511179-001-062000000003          1   2                                        2
63-91-22-931191-001-012200000003 3 9   7  1   2                                        2
60-74-37-271192-001-012200000003       4  1   2                                        2
09-26-67-921193-001-011343320002       3  1   1        XXX  X                     9 5  2
94-86-36-141194-001-012000000003       4  1   2                                        2
25-38-03-951194-001-042000000003       4  1   2                                        2
95-69-66-001195-001-012310000003          1   2                                        2
19-34-39-641196-001-012000000003 4 7   4  1   2                                        2
68-30-00-361196-001-042000000003          1   2                                        2
02-54-47-041198-001-012100000003       4  1   2                                        2
58-10-14-501201-001-012000000003       4  1   2                                        2
12-73-25-801209-001-012000000003 4 7   4  1   2                                        2
20-96-63-721210-001-012000000000       4  1   2                                        2
29-54-32-181212-001-011502324002      11  1   1               XX                  9    2
17-51-90-931213-001-012002000003 3 5   0  1   2                                        2
37-86-94-041215-001-011232000003          1   2                                        2
23-14-85-731217-001-012000000003          1   2                                        2
41-93-84-741229-001-012000000003 3 7   7  1   2                                        2
40-87-17-221230-001-011400000003          1   2                                        2
85-07-13-311232-001-012020000003       4  1   1         X                         9    2
32-06-62-051232-001-032000000003          1   2                                        2
75-03-14-991232-001-042000000003 010   0  1   2                                        2
59-82-97-201233-001-012000000003          1   2                                        2
61-64-62-241235-001-022300000003       7  1   1      X X X                        9    2
40-53-63-541236-001-012110000003 010  11  1   2                                        2
32-46-17-361236-001-041700000003          1   2                                        2
34-83-68-871239-001-011300200002       4  1   1              X                    9    2
44-29-24-031239-001-022570000003 4 7   4  2 212                                        2
95-72-84-201247-001-012000000003 5 7   4  1   2                                        2
42-14-42-961248-001-012000000003          1   2                                        2
23-68-93-721249-001-012000000003       4  1   2                                        2
97-64-08-951250-001-012300000003 3 4   4  1   2                                        2
19-27-15-151252-001-011370000003       4  1   1         XX X                      9    2
72-75-35-981253-001-012000000003 5 7   0  1   2                                        2
68-42-25-671254-001-012000000003       4  1   2                                        2
52-44-88-571266-001-022000000002 5 7   0  1   2                                        2
73-02-97-011268-001-012000000003 510 4 2  1   2                                        2
79-77-16-341269-001-012002000003       4  1   2                                        2
65-64-26-921270-001-012000000003 3 7   4  1   2                                        2
03-76-88-351272-001-011250720002       4  1   1         XX                        9    2
11-63-34-921273-001-012110210003 3 7   0  2  12                                        2
25-92-53-561285-001-022010000003 310   4  1   2                                        1
53-55-81-031286-001-012000000003 5 7   0  1   2                                        2
55-53-11-051287-001-012000000003      12  1   1       XXX                         9    2
26-82-27-991289-001-012000000102 3 4   4  1   1        X                          5    1
21-58-01-131290-001-012000000003 4 7   0  1   2                                        1
10-52-94-981291-001-012200000003      12  1   2                                        2
65-52-72-291294-001-012000000003 5 5   0  2   2                                        2
37-29-66-641304-001-011700000003          1   1        XXX  XXX                   9    2
28-24-87-551305-001-012000000003          1   2                                        2
66-65-33-221306-001-011120100102          1   1     X                             9    2
56-76-03-181307-001-012000000003          1   2                                        2
96-10-67-721309-001-012000000003 510   4  1   2                                        2
88-26-77-431312-001-011344000102 2 4   0  1   1                 XXX               910  2
65-62-10-781323-001-011703070003 3 7   7  1   1          X    XX                  9    2
20-66-75-401323-001-042000000002          1   2                                        2
91-01-26-481323-001-051000000002          1   2                                        2
00-63-85-411325-001-012000700002      11  1   2                                        2
17-62-39-801325-001-052000000003      12  1   1                 XX                9    2
19-45-49-881328-001-012000000003       4  1   2                                        1
99-92-94-711329-001-011303300002          1   2                                        2
96-56-62-651331-001-012000000003          1   2                                        2
02-10-68-031332-001-012300000002          1   2                                        2
14-23-99-911333-001-012000000003       4  1   2                                        2
45-37-73-991342-001-012000000003 3 4   4  1   2                                        2
02-97-68-801344-001-011020300002 4 4   0  1   1       XXXXX                       9    2
07-49-23-291345-001-011102100003       7  1   2                                        2
38-64-41-111346-001-011200000003 5 4   4  1   2                                        2
82-06-86-021347-001-012000000003          1   2                                        2
85-21-92-451348-001-012000000003 5 8   0  1   2                                        2
15-83-65-111350-001-011100000003 3 7   4  1   1           X X                     9    1
43-88-08-411350-001-041010100002          1   1     XX                            9    2
03-09-89-611361-001-012000000003       5  1   2                                        2
36-80-76-691364-001-012000000003       0  1   2                                        2
78-35-11-011364-001-042000000003 4 5   0  2 1 2                                        2
81-56-93-071366-001-012000000003          1   2                                        2
97-65-62-821368-001-012000000003       4  1   2                                        2
47-89-11-601380-001-021320200003       4  1   1                XX                 9    2
20-43-28-291383-001-012020000003 3 4   4  1   2                                        2
39-87-55-401384-001-011001600002 3 4   0  1   2                                        1
76-57-93-241385-001-011303520003 3 9   9  1   1       XXXXXXXXXXXX                9    1
20-23-88-721386-001-011232001002       4  1   1       XXXX                        910  2
49-17-74-081387-001-021740520003       0  1   1                 X                 9    2
73-59-11-961399-001-012000000003 4 9 411  2  12                                        2
49-77-42-641399-001-042000000003          1   2                                        2
35-22-61-351401-001-012000000003 3 7   4  1   2                                        2
37-56-57-811402-001-012070000003 312  12  1   1                    XXXX           9    1
39-91-71-061403-001-011077000003 3 4   4  1   1                  X X              9    2
30-62-71-961406-001-011322200002          1   1                 XX                9    2
75-86-61-781407-001-012000010003       4  1   2                                        2
92-41-29-591419-001-011703700002       4  1   1         XX                        9    2
59-62-66-411420-001-012000100002       4  1   2                                        2
66-75-13-741421-001-012000000003          1   2                                        2
02-60-89-241423-001-011773000003       4  1   1        X X X                      9    2
70-81-74-671424-001-022030050002       4  1   2                                        2
65-53-60-991425-001-011301000002       4  1   2                                        1
70-80-85-681426-001-012020300003 3 7   0  1   2                                        2
25-65-44-581426-001-022000000003          1   2                                        2
56-90-29-761429-001-011752310112       9  1   1              X    XXX             9    1
21-52-23-441437-001-011210000003       4  1   1              XX                   9    2
67-61-05-721438-001-011400000003       6  1   2                                        2
95-38-40-321438-001-032040000003 3 6   0  1   2                                        2
70-27-56-401439-001-012000000003      12  1   1               XXX                 9    2
46-65-19-641440-001-012000000003 3 4   4  1   1          X                        9    2
88-14-25-671441-001-011122100003       4  2   1       XXXX                        9    2
67-65-23-891442-001-011300421402 2 6  11  1   1      X                            9    2
69-48-33-221443-001-011400400003       4  1   1        X  XX X X                  9    2
16-57-70-851457-001-012000000003 3 4   4  1   2                                        1
58-46-90-091458-001-022000000003 3 4   0  1   2                                        2
42-90-48-151459-001-012000000002       1  1   2                                        2
79-50-93-441462-001-012000000003          1   2                                        2
68-31-48-591463-001-011100200003 4 8   4  2 112                                        2
25-84-63-251476-001-012000000003          1   2                                        2
69-52-20-711477-001-012000000003          1   2                                        2
64-13-92-401478-001-012000000002       2  1   2                                        2
80-46-40-501481-001-012000000003          1   2                                        2
26-46-51-961483-001-012000000003          1   2                                        2
42-63-63-441486-001-022000000003          1   2                                        2
22-20-15-101494-001-012000000003       4  1   2                                        2
24-01-19-771495-001-012000000003 4 4   4  1   2                                        2
65-01-04-421497-001-012221200003       4  1   2                                        2
99-86-57-881498-001-012000000002 3 9   9  1   2                                        2
20-57-87-381499-001-012000000003 3 4   4  1   2                                        2
25-65-66-841500-001-011200200003          1   1       XXX                         9    2
54-73-26-731500-001-022536300022       4  1   1        XXX                        9    2
20-20-25-341500-001-031200000222          1   2                                        2
81-38-85-461501-001-012200000003       4  1   2                                        2
73-23-23-021501-001-041532700102 4 5   0  1   1                XX                 9    2
97-18-17-721514-001-012000000003 3 6  11  1   1           XX                      9    2
52-81-86-841515-001-012120100003      12  1   2                                        2
16-62-97-481517-001-012000000003 3 4   4  1   2                                        2
87-62-23-151518-001-012000000003          1   2                                        2
35-70-97-651519-001-011300000000          1   2                                        2
83-51-04-001519-001-032000000003 710   0  1   2                                        2
75-89-71-141520-001-012321100003 011   4  1   2                                        2
35-77-45-511520-001-052000000003          1   2                                        2
79-19-49-951532-001-011374000003 1 9   4  1   1            XXX                    9    2
63-60-11-251533-001-012000000003          1   2                                        2
91-84-66-991534-001-011464700003 3 4   4  1   1             X X                   9    2
30-18-08-811536-001-011700700003 3 4   4  1   1             XXX                   9    2
45-99-00-521537-001-011222300003       4  1   1            XXX                    9    2
83-09-40-731538-001-012000000003 3 7 3 7 31   2                                        2
39-60-11-461539-001-012000000003       4  1   2                                        2
88-91-41-191541-001-012200000002          1   2                                        2
00-33-05-951551-001-012000000003 3 7   4  1   2                                        2
35-10-30-261552-001-012000200003 310   0  1   2                                        2
71-54-30-181553-001-011510000113          1   2                                        2
87-34-09-051553-001-032000000003 3 4   0  1   2                                        2
18-78-78-831554-001-012000000003          1   2                                        2
10-18-49-751554-001-021703304423          1   1          XXXXXXXX                 9    2
72-28-96-801555-001-011700300003          1   2                                        1
98-95-18-171556-001-011372710002       4  1   2                                        2
87-14-18-771557-001-011277700002       9 61   1           X                       9    2
34-04-58-101557-001-031023201003 4 5   0  1   2                                        2
69-89-44-821557-001-072000000003          1   2                                        2
07-54-14-551559-001-012000000003 3 4   4  1   2                                        2
13-93-41-981571-001-012000000002          1   2                                        2
47-27-91-781572-001-012000000003 4 5   0  1   2                                        1
04-70-10-371572-001-042000000003 3 4   0  1   2                                        2
28-18-07-541573-001-012000000003 3 4   4  1   2                                        2
03-53-76-341573-001-022000000000          1   2                                        2
41-70-42-111575-001-022000000003          1   2                                        2
61-35-20-591575-001-031000003222          1   1                       X           9    2
23-80-89-131576-001-021002020003 4 3 1 1 31   1               XX                  9    2
03-31-03-151589-001-011102321003       4  1   2                                        2
62-89-22-611589-001-022000000003 511  11  1   2                                        2
15-24-38-601590-001-012000000003 3 7   0  1   2                                        2
51-16-39-431591-001-012000000003          1   2                                        2
16-12-17-411591-001-022000000002      11  1   2                                        2
72-09-12-511592-001-012000000003 5 5   4  1   2                                        2
05-96-73-801593-001-012000000003 3 4   4  1   2                                        2
26-44-95-551594-001-012000000003          1   2                                        2
39-36-00-001595-001-011047143732 2 3   3  1   1      XXXXXXXXXXXX                 9    1
00-17-71-971596-001-012000000002          1   2                                        2
66-25-05-141611-001-011230000003 3 7   4  1   1       X  X                        9    2
01-51-13-551612-001-012000000003 510   4  1   2                                        2
96-96-70-931613-001-011103700002       4  1   1        X X X  X                   9    2
26-30-52-401614-001-011200030002       4  1   1                  X                9    2
98-32-71-451615-001-011702427202 3 5   4  1   1              XXXXX                9    2
06-69-71-091627-001-011343200002          1   1               X X XXXXX           9 5  2
80-82-72-861628-001-012000000003 610 7 0  1   1                XXX                9    2
88-52-08-791629-001-012000000003          1   2                                        2
88-32-79-591632-001-011033700001      11  1   1                 XX                9    2
73-64-90-481633-001-011343220002 4 9   4  1   1                    X  X           9    2
74-16-11-301633-001-042200100023          1   1                        X          9    2
55-83-58-891635-001-011777200206 211  11  1   1                     XXX           9    2
98-14-57-111638-001-011271410002 3 7   4  1   1                   XXXX            9    2
34-42-45-691646-001-011340000002          1   1                XXX                9    2
85-27-27-291648-001-011030000002          1   2                                        2
14-72-45-211649-001-011770704002 2 6  11  1   1       XXXXX                       9    2
11-50-31-531651-001-011000002003       4  1   1                 XX                9    2
95-26-54-251652-001-011200000003 3 5   0  1   1           XX                      9    2
21-96-86-151654-001-012000000002          1   2                                        2
26-08-75-881665-001-012000000003 5 4   4  2  12                                        2
54-12-93-501666-001-012000000003      12  1   1                    XX             9    2
76-88-68-321667-001-011322700023          1   1                 X                 9    2
72-28-12-361669-001-021200003002          1   2                                        2
20-90-59-331671-001-012000000003 3 4   4  1   2                                        2
24-16-35-081673-001-011000300003       0  1   2                                        2
61-09-26-351685-001-011000300002       0  1   2                                        2
97-61-48-511687-001-011200000002          1   2                                        2
63-71-40-361691-001-012400100003       0  1   2                                        2
73-26-21-871693-001-011770770003 312  11  22211              XX                   9    2
50-82-98-181703-001-011220100003 3 9   4  1   1            X                     10    2
87-18-56-321704-001-031300400002          1   1       XXX     XX                  9    2
92-25-23-251704-001-051200300002 3 4   0  1   2                                        2
14-59-55-561704-001-071346712002 210  11  1   1     XXXXXXXXXXXX                  9    2
22-38-66-351705-001-011677700702 3 7  11  1   1     XXXXXXXXXXXX                  9    2
04-99-54-691706-001-012300000002      11  1   2                                        2
59-65-56-211707-001-011003000003       4  1   2                                        2
00-51-38-891708-001-011334330002 410   7  1   1       X XX XXXX                   9    2
54-40-29-581708-001-032000000003          1   2                                        2
36-06-21-601708-001-072000000003          1   1                 XX                3    2
97-86-60-251709-001-012000000003 3 4   4  1   2                                        2
65-68-67-711710-001-011350205223          1   1              X                    9    2
43-48-45-111723-001-022000000003          1   2                                        2
90-01-70-151723-001-032702700002 310 4 4  1   1            X                      9    2
97-52-70-391724-001-011321320002       4  1   2                                        2
63-97-16-081725-001-012070070003       4  1   2                                        2
42-24-69-581725-001-021200000003 0 1   1  1   1                           X       3    2
87-38-94-621728-001-012000000003 3 7   0  1   2                                        2
15-71-81-761728-001-032000000003          1   2                                        2
87-95-82-401729-001-012000000003 3 4   4  1   2                                        2
01-40-17-061729-001-062000000000          1   2                                        2
34-52-96-161732-001-012000000003 3 4   4  1   2                                        2
54-10-69-381733-001-011100300003 4 4   0  1   2                                        2
58-45-88-021741-001-012300000003          1   2                                        2
25-26-68-891743-001-011000000003 4 7   4  1   2                                        2
51-51-72-361744-001-011200000003 3 4   0  1   1         XXX  X                    9    2
30-07-10-441744-001-022050000003 3 4   4  1   2                                        2
15-97-35-811745-001-011330000003          1   2                                        2
60-65-34-171746-001-011142710002 3 4   4  1   1            XX                     9    2
72-97-97-221747-001-012000000003 4 7   4  1   2                                        2
86-05-00-661748-001-012000000002       6  1   2                                        2
14-29-46-331749-001-011213010002          1   1       XXXX                        9    2
48-16-61-091761-001-012000000003 3 4 7 4  1   2                                        2
67-44-06-401762-001-012000000003 3 7   0  1   2                                        2
16-26-02-491762-001-022000100002 3 7   0  2  12                                        2
10-30-06-051763-001-012000000002          1   2                                        2
99-84-02-401764-001-012000000003       4  1   2                                        2
46-39-86-171765-001-011377700002       7  1   1      XX                           9    2
21-73-83-461765-001-042000000003          1   2                                        2
88-80-90-941766-001-012770020003          1   1      XX                           9    2
17-64-18-791768-001-011120101002      11  1   1        XXX                       10    2
75-16-84-461768-001-021302001002          1   2                                        2
17-21-12-031768-001-031203201002       4  1   1                XXX                9    2
13-54-21-211768-001-042000000003          1   2                                        2
20-88-24-581771-001-011237441222       4  1   1        XXXXX                      9    2
76-34-61-711779-001-012400000002          1   2                                        2
97-53-95-821780-001-012370000002 3 3   3  1   2                                        1
41-24-27-931781-001-012010000003 2 4   4  1   1                     X             3    2
00-71-13-591782-001-032300000003          1   2                                        2
70-69-92-641783-001-012000000003 310 7 1  2  22                                        1
94-30-16-271784-001-012000000003 4 4   0  1   2                                        2
41-06-14-611784-001-022000000003          1   2                                        2
31-80-34-981785-001-022000000003       3  1   2                                        2
11-59-35-061785-001-032000000003 3 1   0  1   2                                        1
36-49-19-371786-001-012000000003 510 7 7  1   2                                        2
61-05-13-101798-001-012000000002 3 9  11  1   2                                        1
06-52-02-391798-001-042000000003 3 7   0  2  12                                        2
03-94-16-921799-001-012400600003      11  1   1     XXX                           1 9  1
96-34-88-551800-001-012000000002      11 01   2                                        2
55-36-84-451801-001-011000000002      11  1   2                                        2
42-29-89-481801-001-042000000002          1   2                                        2
76-08-90-561802-001-011277423112 3 6   3  1   1     X                             2    2
77-41-25-131802-001-032010200003 3 4   0  1   2                                        2
49-72-45-381802-001-041200000003 4 7   0  2  11                    XXXX           8 9  1
20-12-62-771803-001-012000000003 010   3  1   2                                        1
11-69-14-701804-001-012000000002          1   2                                        2
58-47-83-551805-001-011473300003       4  1   1             XXX                   1 9  2
85-44-11-251817-001-012000000003       4  1   2                                        2
81-90-37-011818-001-012000000003          1   2                                        2
25-66-00-971818-001-022040000003 5 4 7 0  2  12                                        2
12-06-08-321818-001-032060000003 5 4   0  21112                                        2
59-79-79-571819-001-012000000003 5 5   4  1   2                                        2
03-14-29-971820-001-012020000003       4  1   2                                        2
95-67-04-511821-001-012302570002 3 4   4  1   1                       XX          9    2
39-74-78-711822-001-011310000003       4  1   1                 XXX               9    2
16-14-26-961823-001-011222211003 3 4   4  1   1                X       X          9    2
84-22-30-571823-001-022040000003 3 7   0  1   2                                        2
58-53-03-881824-001-011770000102      11  1   1                     X             9    2
37-48-48-041836-001-012000000002          1   1      XX                           3 5 92
93-76-89-481837-001-011000700002          1   2                                        2
70-84-46-341838-001-012000000003 3 7   7  1   1     XXX                           8    2
26-76-44-681839-001-011110001002 3 7   7  1   1     XX                            3 9  2
65-72-55-001840-001-012000000002 510 711  1   2                                        2
99-71-08-471840-001-031000002003          1   2                                        2
49-42-19-851841-001-012310000003       4  1   2                                        1
31-86-83-671842-001-011000000002          1   2                                        2
49-86-16-681843-001-012000000003       4  1   2                                        1
88-36-35-511843-001-032000000003          1   2                                        2
86-98-06-331856-001-011200200002       1  1   1           XX                      9    2
88-48-03-011856-001-042000000003          1   2                                        2
58-38-27-141857-001-012000000003       4  1   2                                        2
07-82-76-341857-001-022000000003 6 7   0  1   2                                        2
66-14-13-151858-001-012300000003 3 3   3  1   2                                        1
59-46-78-801858-001-081700007003          1   2                                        2
36-33-35-191858-001-091400000003       4  1   2                                        1
70-07-82-731859-001-011703073303 3 3   3  1   1      X                            3    1
15-25-86-881860-001-012000000003       4  1   1     XXXX                          5    1
93-67-94-861860-001-032000000003          1   2                                        2
39-53-93-811861-001-012400000003       4  1   2                                        2
25-77-45-141862-001-011100000003 3 4   4  1   1                X                  1    1
33-06-24-681874-001-011700000002       6  1   2                                        2
32-28-64-631875-001-011000000002      11  1   1            XXXX                   4    2
58-08-38-131875-001-032000000002 2 9   0  1   2                                        2
62-29-93-461875-001-072000000002 3 7   0  1   2                                        2
15-55-16-651876-001-021071011111 1 9  11  1   1         X  X                     10    2
71-47-50-921876-001-0420000000021010   0  1   2                                        2
41-83-97-521877-001-022000000003 3 310 4101   2                                        2
14-35-65-811877-001-042000000002       3  1   2                                        2
69-30-51-521879-001-012000000003          1   2                                        2
82-46-52-411880-001-011200000002 3 6   6  1   2                                        2
08-43-62-701893-001-012000000002 3 9   9  1   1               XX                  3 2  2
79-60-26-091896-001-012000000003      11  1   2                                        2
80-45-22-221896-001-032000000003          1   2                                        2
79-78-18-791897-001-012002000003       1  1   2                                        2
30-76-58-551898-001-012000000003 3 710 1  1   2                                        2
25-09-93-321898-001-032000100003          1   1                   X               9    2
38-18-35-021899-001-021000700002       9  1   1      XXXXXXXXXXXX                 9    2
19-54-33-721902-001-012000000002 310   1  1   2                                        2
18-03-93-661913-001-012000000003       4  1   2                                        2
16-30-23-531915-001-011000000003       4  1   2                                        2
72-94-88-221916-001-011200300003          1   2                                        2
41-59-30-521917-001-012000000002          1   2                                        2
35-77-69-961917-001-052000000003       4  1   2                                        2
15-84-04-211918-001-012100000003       6  1   2                                        2
49-53-59-621922-001-012000000003 3 4   4  1   2                                        2
40-11-03-431931-001-011430201003       3  1   1               XXXXX               9    2
51-16-84-331932-001-012000000002 3 6   6  1   2                                        2
53-04-56-801932-001-022000000003       7  1   2                                        2
55-83-06-851932-001-042000000003 3 7   7  1   2                                        2
09-22-72-641932-001-052000000003          1   2                                        2
04-39-71-361932-001-081770700002 010  11  1   2                                        2
41-12-45-181933-001-012000000002 3 9   3  1   2                                        2
74-41-63-531934-001-011300500002 3 9   7  1   1              XXXX                 1    2
66-14-94-181935-001-012000000002      11  1   2                                        2
28-72-49-681935-001-061000100002          1   2                                        2
56-51-57-981936-001-012000000002       3  1   2                                        1
58-41-33-741936-001-022000000002 3 9  11  1   1               X                   1 9  2
20-27-84-751936-001-042000000002 3 6   6  1   2                                        2
98-18-22-891937-001-022000000002 010  11  1   2                                        2
12-92-55-031938-001-012000000003 4 6   4  1   2                                        2
05-92-83-741938-001-021000200003 6 7   0  1   1                    X      X       3 9  2
29-60-24-001950-001-021200003002      11  1   2                                        2
80-22-16-231951-001-021000700002          1   1           XX                      9    2
11-83-65-021952-001-022000000003          1   2                                        2
83-93-74-591954-001-012000000001       8  1   2                                        2
81-77-28-591955-001-012000000003 310 4 1  1   2                                        2
01-06-14-471956-001-012000300002 3 2   0  1   1        X X X                      5    1
16-23-33-321957-001-011102003002      11  1   1           XXXXXX                  4 3  2
19-09-34-021969-001-012400000002       7  1   2                                        1
56-90-00-491970-001-022000000003       4  1   2                                        2
58-50-67-671971-001-012000000003          1   2                                        2
92-65-74-021971-001-022200400003 5 5   4  1   1                       X  X        9    2
64-52-68-601972-001-011000000003       4  1   1                XXXXXXXXXXXX      10    1
11-00-28-031972-001-022000000003 3 4   4  1   2                                        1
31-82-03-691972-001-052000000003          1   2                                        1
19-01-37-031973-001-011300300131          1   1                 XX                3    1
16-14-63-931974-001-012400000002          1   1                 XX                1    2
78-60-63-441975-001-022000000003 0 1   1  1   2                                        2
78-73-09-301976-001-012000000002 3 7   0  1   1                 XXX               1    2
01-58-42-071988-001-012000000003 3 7   7  1   1     XX                            2    2
32-78-55-351988-001-062370000003 8 1 4 1 41   2                                        2
25-96-98-141988-001-072100000003 5 4  11  1   1       X                           4    2
08-18-13-461989-001-012000000003 3 4   9  1   2                                        1
19-52-92-511990-001-012000000002 2 3   3  1   2                                        2
72-35-09-821991-001-012000000003       4  1   2                                        2
42-19-40-011991-001-042000000003 5 5   0  2 212                                        2
21-07-86-971992-001-012000000003 6 4 5 0  1   2                                        2
57-66-23-771993-001-011357770002       3  1   1     X                             4 9  2
28-97-65-631994-001-012000000003 011  11  1   2                                        2
86-15-44-911994-001-032100000003 4 4   4  1   2                                        2
48-18-40-432007-001-012000000003 6 4   4  1   2                                        2
23-38-07-812008-001-012000000003 5 3   3  1   2                                        2
31-46-39-262009-001-012300000003 3 4   4  1   2                                        2
79-28-77-432009-001-031402000003 4 4   0  1   2                                        2
82-54-02-142009-001-042000000003 3 4   4  1   2                                        2
36-61-47-762009-001-062020300003       1  1   2                                        2
27-69-09-192010-001-012000000003 4 4   4  1   2                                        2
67-18-23-872011-001-012000000003       4  1   2                                        2
23-38-22-852012-001-012000000003 011  11  1   2                                        2
10-79-15-552013-001-011322100003       4  1   2                                        2
28-82-13-872014-001-011000000003          1   1     XXX                          10    1
95-44-14-692014-001-022000000003 3 4   4  1   2                                        1
65-11-98-082026-001-012000000003          1   2                                        2
62-10-06-922027-001-012000000003 5 3   3  1   2                                        2
42-38-34-362028-001-012030000003       4  1   1               XXX      XXX        3 9  2
83-09-48-582029-001-012000000003 3 4   0  1   2                                        2
44-32-20-342030-001-012300000003          1   2                                        2
86-02-52-322031-001-012000000003 3 4   4  1   2                                        2
12-88-92-272032-001-012000000003          1   2                                        2
68-75-40-962033-001-012000000003 3 4   4  1   2                                        2
66-23-15-542045-001-012000000003 3 4   4  1   2                                        2
19-73-12-232045-001-022000000003 011  11  1   2                                        2
62-61-78-732046-001-012000000003       9 31   2                                        2
37-38-65-382047-001-011101700002          1   2                                        2
51-19-63-662048-001-011213000003       3  1   2                                        2
68-42-20-722049-001-012000000002       6 71   2                                        2
08-25-98-682050-001-022000000002          1   2                                        1
97-07-45-242051-001-011320000003       3  1   1     XX                            3 2  2
71-98-45-442052-001-012000300032          1   1       XX                          3 5  2
94-12-64-072064-001-012000000002          1   2                                        2
17-99-58-672065-001-012000000002 3 9   9  1   2                                        2
77-92-16-672066-001-012000000003 3 1 7 0  1   2                                        2
66-38-93-892067-001-012200000002          1   2                                        2
35-93-00-792068-001-012000000003 3 8   1  1   2                                        2
53-91-30-092069-001-012000000003 0 9 8 3  1   2                                        1
98-95-98-622070-001-012000000002          1   2                                        2
13-66-67-952072-001-011302020002       1  1   1            XXXXX                  2    2
70-95-25-802072-001-022000000003 7 410 0  1   2                                        2
24-27-78-932083-001-011000000003       7  1   1                      XXXXX        1 9  2
51-49-82-492083-001-032000000003 3 7   0  1   2                                        2
73-25-52-852085-001-012000000003       3  1   2                                        2
50-36-50-822086-001-011022101002      11  1   2                                        2
29-87-29-692087-001-011000000003 3 1   1  1   2                                        2
92-24-01-442088-001-011420340002      11  1   1                   XX              9    2
31-32-30-422089-001-012400000003          1   1                     X  XX         1    2
61-82-69-082089-001-022000000003          1   1                        XXXX       9    2
52-18-39-522090-001-011100000002 212  11  1   2                                        2
73-31-47-952102-001-011000302002 211  11  1   1             XXX                   1 3  2
02-38-53-952103-001-012000000002 2 7   7  22222                                        1
34-93-93-402105-001-012000000002       3  1   2                                        2
82-80-81-612105-001-022000000002 3 3   0  1   2                                        2
99-81-48-132106-001-011000700002 211  11  1   1        XXX                        1    1
21-33-89-792107-001-012020000002 2 3   3  1   2                                        1
08-12-12-352108-001-012000000003       7  1   2                                        2
46-01-30-672109-001-011000000002 3 3  11  1   1             XX                    1    1
89-05-97-182110-001-012000000002          1   2                                        1
19-03-71-262121-001-012000000002       3  1   2                                        2
72-87-81-322122-001-011310000002 3 3   3  1   2                                        2
62-47-33-372123-001-011130010003 312 311  1   1                   XXX             1    2
46-20-06-252123-001-022000000003 3 3   3  1   2                                        2
37-05-92-602124-001-012400000002 3 7   1  1   1              XXXX                 1    2
85-54-66-362125-001-012000000003 3 1   1  1   2                                        2
35-74-58-192126-001-012000000003 3 7   7  1   2                                        2
94-09-90-452127-001-012000000003       9  1   2                                        2
41-24-37-002128-001-012300000002          1   2                                        2
96-25-27-682140-001-012000000003      11  1   2                                        2
60-98-83-842141-001-012000000002      11  1   2                                        2
49-89-60-442142-001-012000000002          1   2                                        2
47-33-48-342143-001-012000000003          1   2                                        2
41-90-49-082143-001-022000000003 3 3   3  1   2                                        2
93-04-22-652143-001-041472332203 3 4  11  1   1                           XX      1    2
42-74-37-602144-001-012000000002 3 9   6  1   2                                        2
51-55-51-262145-001-012000000003       3  1   2                                        2
88-95-93-562146-001-012000000003 3 7   7  1   2                                        2
37-02-89-812146-001-032000002003 3 4   4  1   2                                        2
98-78-94-132147-001-012370000001 2 9   9  1   2                                        2
82-49-19-232159-001-012000000002       0  1   2                                        2
40-34-16-232159-001-042000000003       6  1   2                                        2
35-01-77-262161-001-012000000001          1   2                                        2
43-91-81-402161-001-032000000002          1   1     XXXXXXXXXXXX                 10    2
36-41-18-972161-001-042000000002          1   2                                        2
92-29-28-062162-001-012000000002          1   2                                        2
45-96-39-562164-001-011303303012 211  11  1   1             XXXX                  9    2
43-24-82-622165-001-011200000002      11  1   1             XXXX                  9 4  2
79-35-82-232166-001-011557777432          1   1         XX   X                    1    2
27-71-37-112178-001-012000000003      12  1   2                                        2
08-19-86-572179-001-012000000003          1   2                                        2
27-47-48-352179-001-031000000003          1   2                                        2
14-48-48-942180-001-011327140012 312  12  1   1            XXX                    2    2
82-21-30-392181-001-012000000003          1   2                                        2
09-99-32-012182-001-012020030003 3 1 7 1 71   2                                        2
81-89-19-212183-001-012000000002 0 3   3  1   2                                        2
97-20-56-672184-001-012770000002 2 9   9  1   2                                        1
01-60-89-942185-001-012000000003          1   2                                        2
50-12-34-352197-001-012000000002 0 3   3  1   2                                        2
54-85-06-092198-001-022000000003 4 6   6  1   2                                        2
01-99-19-152198-001-032000000002          1   2                                        2
56-62-89-782199-001-011734021002 3 7   7  1   1               XX                  4 8  2
77-31-17-492199-001-032000000000          1   2                                        2
97-95-25-482200-001-012000000002      11  1   2                                        2
99-10-27-022200-001-032000000002 3 9 6 6  2   2                                        2
14-73-22-192201-001-012000000003       9  1   2                                        2
89-10-69-312202-001-012000000002 3 710 3 72  12                                        2
72-15-83-722203-001-011232301332 210  11  1   1              XXX                  1    2
56-10-08-702204-001-011707700702 210 3 3  1   1            XXXXX                  3    2
59-53-21-472204-001-0410007000021010   0  2  22                                        2
78-15-43-852216-001-012000000003          1   2                                        2
23-93-25-072217-001-012000000003 4 7   0  1   2                                        2
81-50-48-562217-001-022000000003          1   2                                        2
84-58-41-512218-001-011000110002 3 3  11  1   2                                        2
55-19-95-162219-001-012230340002          1   2                                        2
91-90-18-922220-001-012000000002      11  1   2                                        2
05-40-62-632221-001-012000000002 011  11  1   2                                        2
24-15-17-332222-001-011422750302 3 410 4  1   1                          X        8    2
33-24-91-942222-001-041402600003          1   1                      X            9    2
14-85-96-302222-001-081330000003 3 7   9  1   1                XX                 3    2
35-89-80-032223-001-022000000003          1   2                                        2
21-66-19-792235-001-012000000003          1   2                                        2
04-72-30-292236-001-012000000003 3 1   1  1   2                                        2
00-11-58-552236-001-022000000003 3 1   0  1   2                                        2
70-46-23-362237-001-012000000003 5 1 4 1 41   2                                        2
33-40-18-382238-001-012000000003 5 6   6  1   2                                        2
00-38-57-232239-001-012000000003 3 4   4  1   2                                        2
74-49-80-072239-001-032000000004 4 4   0  1   2                                        2
56-51-50-292240-001-022000000003          1   2                                        2
33-71-74-272241-001-012000000003 3 4   0  22111               X                   1    2
31-14-86-012242-001-012000000003          1   2                                        2
53-95-94-122254-001-012000000002 3 3   3  1   2                                        2
74-70-00-932255-001-012000000004 4 6 9 9 61   1    XX                             1    2
93-31-89-762256-001-012000000003       8 31   2                                        2
79-86-31-642256-001-032000000003 3 7   0  1   2                                        2
30-93-95-652257-001-012000000002 4 3  11  1   2                                        2
14-19-73-232258-001-012000000002 3 110 1121   2                                        2
80-56-51-762259-001-011010000003       9  1   2                                        2
16-88-52-772260-001-012000300002          1   2                                        2
21-64-01-842273-001-012000000003 4 4   0  1   2                                        2
73-59-89-102273-001-022000000003       4  1   2                                        2
29-26-31-232274-001-012000000003 3 410 0  1   2                                        2
03-57-75-862275-001-012000000003 3 4   4  1   2                                        2
82-16-51-602276-001-012000000003 3 4   4  1   2                                        2
61-97-17-872277-001-012001000002       4  1   2                                        2
19-61-62-902277-001-032000000003 3 4   4  1   2                                        2
67-22-78-742278-001-022000000003       4  1   2                                        2
69-36-49-082279-001-012000000003       4  1   2                                        2
41-81-85-622280-001-012000000003 3 4   4  1   2                                        2
14-58-18-612292-001-022000000003 3 4   4  1   1      XX       XX                  9    2
05-63-45-742292-001-052000000003 3 4   4  1   2                                        2
29-32-41-812293-001-012000000003 3 410 0  1   2                                        2
22-44-20-212293-001-022000000003 5 7   0  1   2                                        2
64-85-98-162293-001-032000000003 3 410 0  1   2                                        1
48-54-13-872293-001-042000000002          1   2                                        2
99-82-71-872293-001-052000000003 3 410 0  1   2                                        2
79-64-91-552294-001-012000000003       4  1   2                                        2
83-01-75-412295-001-012000000002 2 4   4  1   2                                        2
80-85-79-462296-001-011210100002 2 410 4  1   1        XX                         9    2
78-59-25-362297-001-012000000003          1   2                                        2
90-57-92-072298-001-012000000003       4  1   2                                        2
86-59-55-562299-001-011110200003 3 4   4  1   2                                        2
96-15-71-562311-001-012000000003 3 4   4  1   2                                        2
89-81-17-292311-001-041000200002 2 4   0  1   2                                        2
61-02-06-092312-001-011000323002 2 4   4  1   1              XXX                  9    2
75-37-54-952313-001-011030310002       4  1   1      X   X  X                     9    2
30-53-00-862313-001-042000000003 3 4   0  1   2                                        2
56-57-01-262314-001-021403000002 2 4   4  1   2                                        2
85-96-93-022316-001-012000000002 3 7   4  1   2                                        2
22-80-06-872317-001-012000300003 3 4   4  1   2                                        2
45-27-67-932318-001-011220300002       4  1   1                X                  9    2
58-86-03-572318-001-031202100002 2 4   4  1   2                                        2
86-63-88-502320-001-022000000003       0  1   2                                        2
26-42-83-982320-001-032000200002 2 4   4  1   2                                        2
80-22-47-542330-001-011001204102          1   1       XXXXX                       9    2
93-78-78-682330-001-031222103003 3 4   4  1   1       XXXX                        9    2
32-23-46-362331-001-022000000003 3 3   3  1   2                                        2
85-36-62-822331-001-032000000003          1   2                                        2
43-48-43-982332-001-011200300002       6  1   1          X                        9    2
66-03-37-532332-001-022000000002 010 7 0  1   2                                        2
16-87-07-492332-001-032200000003 310  11  1   2                                        2
50-36-38-522333-001-012000000003          1   2                                        2
16-67-78-002333-001-042000000003 3 4   0  1   2                                        2
14-75-18-462334-001-012000000003          1   2                                        2
55-18-13-572335-001-012000000003 4 4   4  1   2                                        2
92-87-43-342336-001-012000020003 3 4   4  1   2                                        2
89-20-65-962337-001-012000000001 2 4   4  1   2                                        2
39-63-22-942337-001-022000000003 4 4   4  1   2                                        2
38-22-99-112337-001-032000000003 3 4   4  1   2                                        2
87-83-98-062349-001-012000000003 3 4   4  1   2                                        2
43-46-75-792349-001-032000000003          1   2                                        2
16-05-33-002349-001-042000000003 3 410 0  1   2                                        2
68-30-71-792350-001-032000001003          1   2                                        2
14-98-81-492352-001-022000000002          1   2                                        2
10-53-21-932352-001-032000000002 2 4   4  1   2                                        2
12-97-36-292352-001-042000200002 2 410 4  1   2                                        2
34-46-16-812352-001-062000000002 3 4   4  1   2                                        2
81-32-40-342352-001-072000000002 0 4   4  1   2                                        2
87-03-73-532353-001-011222112003 3 4   0  1   1             XXXX                  1    2
31-61-58-012353-001-031211233002 3 4   4  1   1       XXXXXXXXXX                  1    2
18-73-48-012353-001-041000000003 3 3   3  1   2                                        2
46-05-43-172353-001-052000001003 3 6 4 0  1   1       XX      XX                  1    2
00-22-08-832354-001-012000000003       4  1   2                                        2
19-93-05-372354-001-042000000002 3 410 0  1   2                                        2
48-82-44-022355-001-012000000003 3 4   4  1   2                                        1
66-57-22-712356-001-011201712202 2 3  11  1   1               X                   5 9  2
57-18-13-692360-001-012000000002 4 4   4  1   2                                        2
05-56-85-772368-001-012000000003 610 9 4  1   2                                        2
16-06-99-892369-001-011004200002          1   2                                        2
54-52-86-502371-001-011102100002       4  1   2                                        2
41-12-34-602371-001-032000000003 3 4  11  1   2                                        2
19-42-65-672372-001-011300100002 2 4   4  1   2                                        1
42-73-45-382372-001-032000000003 3 4   0  1   2                                        2
03-24-77-012373-001-022000000002          1   2                                        2
81-79-41-972373-001-031300000003 0 4   4  1   2                                        1
28-79-16-082374-001-012000000003 3 4   4  1   2                                        2
60-08-42-862375-001-012000000003       4  1   2                                        2
33-43-17-322376-001-011000000002          1   2                                        1
12-35-23-782387-001-012000000003       0  1   2                                        1
17-13-64-832389-001-012000000003 3 410 0  1   2                                        1
77-70-58-352389-001-022000000002       0  1   2                                        1
95-75-70-262390-001-012000000002       4  1   2                                        2
67-42-09-682391-001-011203030002       4  1   2                                        2
96-99-75-722392-001-012000000003 3 4   4  1   2                                        2
35-55-28-822392-001-022000000003 3 4   4  1   2                                        2
68-94-82-232393-001-012000000003       4  1   2                                        2
93-80-46-372393-001-032000000003 310   0  1   2                                        2
95-47-09-332394-001-011300100002          1   2                                        1
15-53-02-912398-001-012000000003       4  1   2                                        2
54-69-27-762398-001-061200000003 3 4   4  1   2                                        1
37-02-86-232406-001-011000000003       4  1   2                                        2
49-96-52-652407-001-011300000002      11  1   1                         X         9    1
10-76-53-732408-001-022000000003          1   2                                        2
56-58-31-662409-001-012000000003       4  1   2                                        1
29-27-54-862410-001-012000000002 2 4   4  1   2                                        2
40-86-14-692411-001-012000000003       4  1   2                                        1
55-50-13-132411-001-022000000003 3 410 4  1   2                                        1
51-59-49-062411-001-032000000003 3 4   0  1   2                                        1
11-33-21-962412-001-012000000002 2 4   4  1   2                                        2
39-94-38-122413-001-012000000003       4  1   2                                        2
62-22-40-082413-001-022000000003 3 4   0  1   2                                        2
34-56-25-772413-001-032000000003          1   2                                        2
22-06-92-442425-001-012000007003          1   2                                        2
11-04-89-972425-001-032000000000 0 4   0  1   2                                        2
19-16-49-472426-001-011000000003 3 4   4  1   2                                        1
65-69-85-942427-001-012000000003 3 4   4  1   2                                        2
04-08-20-272428-001-012000000002 2 4   4  1   2                                        2
24-59-87-472430-001-011000022002 2 4   4  1   2                                        2
17-25-01-082431-001-011301200002 2 6   6  1   2                                        2
81-05-05-172432-001-012000000002 2 3   3  1   2                                        2
82-12-05-752435-001-012000000003 3 4   0  1   2                                        2
02-45-99-152444-001-012132400002 3 7   7  1   2                                        2
68-54-43-382445-001-011303334301 2 9   9  1   1               XXXX                5    1
36-65-28-912445-001-021734343202 2 9   9  1   1                X                  9    2
43-06-56-912446-001-012000000002 010   3  1   2                                        2
79-50-78-322446-001-032000000003 010   0  1   2                                        2
59-21-82-292447-001-011432200002          1   2                                        2
40-17-70-092448-001-011200302222          1   1        XX                        10    1
50-54-75-172448-001-022000000002 3 4   4  1   1                 X                 9    2
05-10-21-252449-001-012000000003          1   2                                        2
06-02-80-212449-001-022000020003 3 4   4  1   2                                        2
08-04-12-232450-001-011770722201      11  1   1       XX                          4    2
32-08-98-112451-001-012346401111 3 3   0  1   1               X  X                9    1
02-48-82-832463-001-021422300003       4  1   2                                        2
47-13-32-572464-001-032000000003          1   2                                        2
61-68-08-532464-001-041577302702 211  11  1   1                   XXXXXXXX        9    2
26-26-56-682464-001-082000000003 310   0  1   2                                        2
80-00-48-662465-001-012000000003          1   2                                        2
84-08-06-472466-001-012000000003 3 4   4  1   2                                        2
20-30-86-792467-001-022000000002 3 3   3  1   2                                        2
79-12-46-622467-001-032000000002      11  1   2                                        2
50-73-58-262468-001-012000000003 3 4   4  1   2                                        2
36-03-07-442468-001-032000000003          1   2                                        2
89-90-41-692469-001-012000000003 3 4  12  1   2                                        1
67-03-39-722471-001-012000000003 3 3   0  1   2                                        2
68-67-25-542482-001-011200200702 3 9   9  1   1            X                      4    2
84-22-10-902483-001-012000000002 3 3   3  1   1              X X                 10    1
84-15-81-242484-001-012000000002 2 7   3  1   2                                        2
81-42-62-102485-001-012000000003 3 4   4  1   2                                        2
98-07-44-472486-001-012000000002          1   2                                        2
47-67-96-082486-001-022000000002 3 9   6  1   2                                        2
47-84-06-542487-001-011300200002 4 9   9  1   2                                        2
47-82-17-412488-001-011000000002 2 9   9  1   1     X          X                  1    2
72-61-43-802488-001-042000000003 3 4  12  1   2                                        2
16-18-83-882489-001-012000001003 310   6  1   1     X                             1    2
60-01-61-292520-001-011425400003 3 9   4  1   2                                        2
00-90-94-292520-001-032000000002 3 1   0  1   2                                        2
88-73-79-172521-001-011377032002       0  1   1       X                           4    2
66-00-48-102521-001-022000000003 3 3   0  1   2                                        2
05-19-50-612522-001-012000000002 0 3   3  1   2                                        2
27-48-96-982523-001-021700400112 211   0  1   1             XXX                   1    2
76-40-47-962523-001-031747335303 3 4   0  1   2                                        2
22-75-70-322524-001-011632003232      11  1   1             XX                    7 5 92
83-14-14-222525-001-012000000002 0 310 3  1   1       X                           9    2
07-14-14-702526-001-012334222002 211  11  1   1          X   X                    2    2
89-74-27-612527-001-011000700002       3  1   1                 XX                4    2
21-30-41-122527-001-052000000002 3 3   3  1   2                                        2
59-63-78-892527-001-072000000003 3 4   0  1   2                                        2
27-41-74-922539-001-012720000003 4 4 7 4  1   2                                        2
16-70-89-242540-001-011522730202      11  1   2                                        2
46-20-08-822542-001-012000000003 3 1  11  1   2                                        2
08-10-16-122544-001-011370700003          1   1                       XX          9    2
91-81-72-272545-001-012000000002      11  1   2                                        2
96-82-53-902546-001-011200000003 3 4   4  1   2                                        2
80-87-24-092558-001-012000000003 3 3   3  1   2                                        2
78-10-96-072559-001-012000000002       0  1   2                                        1
38-66-19-412560-001-012700071202 211  11  1   1                    X X           10    2
51-23-09-382561-001-011474734402 211  11  1   1                XXX                9    2
27-43-87-822562-001-011430004113          1   1               XXXX       X        9    2
89-03-38-422563-001-011000000002          1   2                                        2
23-81-14-662564-001-012000000002 211  11  1   2                                        2
33-20-45-662566-001-011362734002 211  11  1   1                   XXXXXXX         7    2
87-80-88-842577-001-012000000003 3 3   3  1   2                                        2
31-12-34-482578-001-011300000002 1 3   3  1   1              XXX                  4    2
50-89-79-362578-001-041422020002 0 3   0  1   2                                        2
35-12-71-002578-001-051000003002 3 3   0  1   1           X                       9    2
57-34-90-342579-001-012200000002       4  1   2                                        2
03-51-31-802580-001-012000000002      11  1   2                                        2
36-00-34-172581-001-011777707731          1   1     XXXX                          4    2
19-69-36-162582-001-012000000002          1   2                                        2
81-90-64-932582-001-022000000002 2 3   3  1   2                                        2
52-35-01-102583-001-012100001211 1 3   3  1   2                                        2
67-65-66-592584-001-011302200112 210 312  1   1      X XX                         8    2
46-01-46-902596-001-012000000002      11  1   1                       XXXX        3    2
04-45-84-212596-001-022000000003 3 4   4  1   2                                        2
38-21-54-732596-001-031200002003 5 9   0  1   1                        XXX        4    2
70-04-49-902597-001-012000000002 211  11  1   1               XXXXX               3    1
03-81-40-042598-001-012000000002      11  1   1                 X                 3    2
79-69-38-692598-001-032000000003 3 310 3  1   2                                        2
71-80-87-222599-001-011000000002          1   2                                        2
63-68-95-782600-001-011230000003 3 9   9  1   1               XXXX                4    2
96-72-67-952601-001-011221002002 3 3   3  1   1                 XXX               3    2
52-12-15-012601-001-031700031002 2 9 3 9 31   1               X                   1    2
31-62-76-732601-001-042000000002          1   2                                        1
41-43-64-192603-001-012000000000          1   2                                        2
10-26-89-172603-001-022000000002 4 3   0  1   1                         XXX       9 1  2
81-85-70-182615-001-012000000003          1   2                                        2
66-52-13-332615-001-022200000003          1   2                                        2
47-38-94-742616-001-012000000003 3 4   0  1   2                                        2
53-64-62-372617-001-011605300003          1   1               XX                  9    2
47-47-77-472618-001-012000000003 0 4   4  1   1            XXXXX                  1    2
68-36-96-712619-001-011004000003 5 8   4  2  12                                        2
86-05-32-232620-001-012300000003 3 4   4  1   2                                        2
33-87-64-652621-001-011430200002 3 710 0  1   1         X     X                   9 3  2
33-68-64-862622-001-012322100002 3 7 8 4  1   2                                        2
57-11-56-322622-001-042000000003          1   2                                        2
61-66-70-262634-001-012002700003          1   1     XX                            9 5  2
51-21-65-292635-001-011130100003 3 6   6  1   1              XXX                  9    2
50-61-33-622636-001-012000000003 4 2 3 1 31   2                                        2
87-28-67-892637-001-012000000002          1   2                                        2
30-74-77-532637-001-052000000003 5 3  11  1   2                                        2
33-23-50-352638-001-011003000003       3  1   2                                        2
65-03-17-072639-001-012200000003 3 9   0  1   2                                        2
01-89-35-762640-001-012000000003       8  1   2                                        2
57-20-33-402641-001-011770202002       7  1   1     XXXXXXXXXXXX                 10    2
18-61-60-452654-001-012000000003          1   2                                        2
24-22-77-122655-001-012000000003 3 9   9  1   2                                        2
99-69-94-532656-001-012000000003          1   2                                        2
52-66-15-242656-001-021000003003 3 4   4  1   2                                        2
26-04-82-202657-001-012000000003          1   2                                        2
37-28-81-672658-001-012000000003 3 1   1  1   2                                        1
84-99-75-072659-001-011030000002          1   1                    XXXX           9    2
09-77-46-662659-001-021700007003 4 4   4  1   2                                        2
11-06-14-782659-001-062000000003          1   2                                        2
11-34-93-372660-001-012000000003 4 810 0  1   2                                        2
34-84-49-372660-001-022000000003 411   0  1   2                                        2
47-19-86-882672-001-022000000003          1   2                                        2
50-32-82-322673-001-012300000003       7  1   2                                        2
13-28-91-732674-001-012000000003          1   2                                        2
20-33-96-802675-001-012000000003          1   2                                        2
84-24-88-242676-001-012000000002          1   2                                        2
08-23-56-622677-001-012000000003          1   2                                        2
16-50-27-262678-001-011000001003 3 4  11 01   1       XXXXXXXX                    9    1
07-37-34-262679-001-012100000003 4 8 4 0  21 12                                        2
35-57-95-512691-001-021000300003 012   0  1   2                                        2
65-08-61-172691-001-032000000003      11  1   2                                        2
14-03-67-892691-001-052000000003          1   2                                        2
47-00-46-322692-001-012600000003 5 4   4  1   1        XX                         3    2
98-82-42-792692-001-032000000002          1   2                                        2
39-54-66-842693-001-012000000003 5 7   4  1   2                                        2
91-80-39-562694-001-012000000003          1   2                                        2
86-49-59-312695-001-012000000003       2  1   2                                        2
50-01-22-992696-001-012000000003          1   2                                        2
01-08-22-822696-001-052000000004          1   2                                        2
61-87-14-182697-001-011452501001          1   2                                        2
45-04-85-292710-001-021003101003 011   4  1   1      XXXX                         9    2
23-46-30-522711-001-012000000003 3 7 1 1  1   2                                        2
85-32-02-912713-001-012000200003 3 4   4  1   2                                        2
89-50-33-812714-001-012000000003       1  1   2                                        2
33-55-50-672714-001-042000000003 3 4   4  1   2                                        2
84-67-51-772715-001-011000700003 3 9   7  1   1           XXX                     3 9  2
57-47-30-232716-001-011000000002          1   2                                        2
98-76-92-342717-001-011700000002          1   1         XX                        9 1  2
58-81-27-492729-001-012000000003 5 2 8 1 41   2                                        2
25-52-27-622729-001-052000000003          1   2                                        2
81-05-28-512730-001-012000000003 3 4   0  1   2                                        2
65-93-85-502732-001-012000000003          1   2                                        2
83-80-66-592733-001-012000000003          1   2                                        2
87-27-83-152733-001-042002000003 010   0  1   2                                        1
82-42-21-072734-001-011000700002 5 910 1  1   2                                        2
31-77-47-702735-001-012000000003          1   2                                        2
32-23-36-462736-001-012000000003          1   2                                        2
99-22-06-742748-001-012000000003          1   2                                        2
22-68-13-622749-001-032000000003 3 4   0  1   2                                        2
56-82-25-562750-001-021000000003       4  1   2                                        2
43-96-69-252750-001-032000000003 310 4 0  1   2                                        2
36-28-66-742750-001-042000000003 310   0  1   2                                        2
64-25-22-132751-001-011000000003 3 4   4  1   2                                        2
27-89-89-482751-001-022000000003 3 4   4  1   2                                        2
31-08-62-952751-001-032000000003 3 4   4  1   2                                        2
14-04-69-072751-001-042000000003 0 4   4  1   2                                        2
29-03-15-962752-001-022000000003          1   2                                        2
90-26-85-712752-001-031101400003       4  1   2                                        2
07-70-94-702753-001-012000000003       0  1   2                                        2
61-34-33-612753-001-042000000003 3 4   4  1   2                                        2
91-52-73-312753-001-052000000003 810   0  1   2                                        2
66-44-70-132754-001-022000000003       4  1   2                                        2
08-43-88-382754-001-032000000003 3 41011  1   2                                        2
19-29-52-872755-001-012000000003       4  1   2                                        2
88-70-16-472767-001-011000204002       4  1   1       XXX                         9    2
16-56-36-972769-001-012000000003 3 410 4  1   2                                        2
02-76-71-132770-001-012000000003       4  1   2                                        2
87-19-17-052770-001-032000000003       4  1   2                                        2
85-33-29-822771-001-012000000002 3 4   4  1   2                                        2
84-47-37-132772-001-012000000003 3 4   4  1   2                                        2
06-61-50-272773-001-012000000003 3 4   4  1   2                                        2
18-00-64-552774-001-012000000003 3 4   4  1   2                                        2
88-64-17-462786-001-011100772002 2 610 6  1   1                XX                 9    2
64-39-68-452787-001-012000000001 2 4   0  1   2                                        2
37-86-68-692788-001-011210200002 0 410 4  1   1        XXXX                       9 5  2
67-86-73-422789-001-011000000002 2 4   4  1   2                                        1
54-74-73-732790-001-011020200002       4  1   2                                        2
80-39-16-432790-001-041010012002 3 4   0  1   1        XXX                        9    2
85-92-14-252791-001-012000000003       4  1   2                                        2
87-77-75-052791-001-032000000003          1   2                                        2
90-59-38-222792-001-011000100002 2 4   4  1   2                                        1
44-64-21-262793-001-011020200002 2 410 4  1   2                                        2
37-60-26-942805-001-012000000003 3 4 7 0  1   2                                        2
76-51-50-032805-001-021000002002          1   2                                        2
34-43-26-392806-001-012000000002 2 4   4  1   2                                        2
95-20-72-752807-001-011010100002 3 4   4  1   1       XXX                         9    2
57-77-58-512808-001-011000200002 2 4   4  1   2                                        2
77-46-65-692808-001-042000000002          1   2                                        1
24-36-34-302809-001-012000000003 3 4   4  1   2                                        2
37-58-50-612810-001-012000000003          1   2                                        2
42-67-05-592811-001-012000000003          1   2                                        2
59-21-01-602811-001-032000000002 2 4   4101   2                                        2
87-98-39-372811-001-052000000003          1   2                                        2
76-91-42-392812-001-012000000002 2 4   4  1   2                                        2
80-80-65-622824-001-011000302003          1   2                                        2
19-85-67-172824-001-032000000003 3 3   3 41   2                                        2
67-58-37-562825-001-022000000003 3 4   0  1   2                                        1
21-09-62-822826-001-012000000003          1   1       X                           9    2
41-80-74-822827-001-012000000003 3 3   3  1   2                                        2
23-80-00-292828-001-012001000003 312  12  1   2                                        2
57-13-03-722829-001-012000000003       4  1   2                                        2
80-05-91-632829-001-032000000003 3 1   0  1   2                                        1
13-39-33-842833-001-012000000003          1   2                                        2
54-69-14-262834-001-012000000002          1   2                                        2
55-34-29-762834-001-021200000002          1   1        X                          9    2
75-91-49-952843-001-012000000002          1   1                XX XX XX           3 9  2
97-90-78-932845-001-011777002203          1   1                 XXXX              4 9  2
18-57-38-572846-001-022000000003 3 4   4  1   2                                        2
42-58-28-212847-001-011270206203       4  1   1               XXXXXXXXXXXX        9    1
45-58-23-032848-001-011700000003 4 7   4  1   2                                        2
94-34-32-832848-001-052070000003          1   2                                        2
32-62-78-172849-001-012000000003 510 7 4  1   2                                        2
28-25-83-472850-001-012330000003          1   2                                        2
88-07-76-372850-001-031213100003 3 9   0  1   1                         XX        9    1
72-52-09-672862-001-012001100232          1   2                                        2
07-91-87-182863-001-011202202003          1   1               XX                  9    2
19-23-04-672864-001-021021301102          1   1                XX                 9    2
43-41-04-262865-001-021745503003          1   1           XX                      9    2
48-32-03-052866-001-022000000003          1   2                                        2
49-04-68-352867-001-012000000003          1   2                                        2
44-22-57-982867-001-022000000003 6 9   4  2  12                                        2
78-84-91-492868-001-012220000003          1   2                                        2
19-24-76-442868-001-022050000003          1   2                                        2
52-10-29-332872-001-012000000003 3 7   4  1   2                                        2
70-30-87-902881-001-011453330002 4 9   9  2  11             XXXX                  1    2
75-66-24-492882-001-012030000013       3  1   2                                        2
89-46-50-462884-001-012700200002          1   2                                        2
32-58-54-822885-001-011050000202      11  1   1       X                           1    2
22-11-88-242886-001-012000000003          1   2                                        2
07-54-31-912887-001-011200202003 3 3 9 3111   1           XX                     10    2
90-46-70-812888-001-011020302202          1   1                X                  9 5  2
97-82-85-812888-001-022000000002       0  1   2                                        2
63-23-37-672888-001-041000000222          1   1                X                  5 3  2
05-21-43-642892-001-012000000003 5 3   3  2  12                                        2
97-86-09-582892-001-022000000003          1   2                                        2
30-79-15-052892-001-032000000002 3 3  11  1   2                                        2
26-02-57-302900-001-012070000003 3 4   4  1   1                      XX           9    2
11-84-43-782901-001-011773002003 3 3   3  1   1                XXX                1    1
84-67-69-892902-001-011700300003 3 9   9  1   1                 XX     XX         9    2
42-64-34-582903-001-012370000002      11  1   2                                        2
66-74-34-222904-001-012000000003 4 4   0  1   1                 XXX               9 1  2
45-99-60-942905-001-012000000003       3  1   1                  X XX             9 3  2
78-96-68-722906-001-012030100002       9  1   2                                        2
17-19-40-212907-001-012775500002       9  1   1              XXX                  9 3  2
79-65-91-282907-001-032000000003 2 9   0  1   1                  XX               9    2
42-59-87-532919-001-011077012002       4  1   1                 XX                2    2
51-20-76-342920-001-012000000003          1   2                                        1
82-14-02-372921-001-011423200003          1   1                  XX               9 1  2
03-83-60-832921-001-022000000003 4 7   7  1   2                                        2
01-75-64-932921-001-072000000003 5 4   0  1   2                                        2
19-67-82-362921-001-081343330003 5 9   9  1   1              XX                   9    2
36-50-24-992921-001-092070000003 3 4   4  1   2                                        2
35-45-76-622922-001-011101001003 3 4   4  1   1                   XXXX            9 3  2
39-25-98-642923-001-012000000002       9  1   2                                        2
77-63-97-982924-001-022070000003 3 6   0  1   2                                        2
75-26-16-452925-001-012070000003 5 4   4  1   2                                        2
03-82-32-102925-001-022520000002          1   1                  X                3    2
47-73-88-652926-001-012000000003 3 4   4  1   2                                        2
49-70-62-322938-001-012000000002 3 7   1  1   2                                        2
98-72-24-882938-001-081707007002          1   1    XXXXXX   XXX                   1 9  2
98-16-58-292939-001-012000000002 3 3   3  1   2                                        2
97-14-97-262940-001-012100000001 3 310 3  1   2                                        2
63-28-39-312941-001-012000000003          1   2                                        1
10-79-10-162943-001-012000000002       3  1   2                                        2
13-60-86-392943-001-032300000002 01110 0101   1     X                             5 3  1
35-91-66-392943-001-042000000002 2 3   0  1   1         X                         8    2
52-53-44-122944-001-012000000002 3 3   3  1   2                                        2
64-72-48-232945-001-011000000003 3 3   3  1   2                                        2
91-79-41-802957-001-012000000003       0  1   2                                        2
50-10-51-602958-001-011000002003 3 3   3  1   1                      XXXXX        3 9  2
90-65-51-492959-001-012000000003       6  1   2                                        2
70-30-55-472959-001-042000000003 3 6   6  1   2                                        2
34-70-67-062960-001-011000000003 3 310 3  1   1                         XX        1 9  2
71-25-33-162961-001-012000000003 410   9  1   2                                        2
58-61-27-232961-001-032000000003          1   2                                        2
81-26-65-302961-001-041000000002 2 6   9  1   2                                        2
67-75-87-742962-001-012000000002          1   2                                        2
08-98-55-432963-001-012000000003 5 3   3  1   2                                        2
89-30-02-672964-001-012200000003       9  1   2                                        2
32-62-90-592976-001-012000000002          1   2                                        2
16-13-54-822977-001-012000000003          1   2                                        2
04-21-89-632978-001-012000000003 4 7   7  1   2                                        2
69-63-47-362981-001-012000000003 510 8 4  1   2                                        2
61-82-34-682981-001-042000000003 3 3   0  1   2                                        1
18-96-82-132982-001-012000000003 5 4   0  1   2                                        2
15-25-36-672983-001-012000000003          1   2                                        2
40-47-65-992995-001-021000007003          1   2                                        1
50-14-90-692995-001-032000000003 3 3 2 0  1   2                                        1
88-33-69-392996-001-021000200003          1   1                   X XXX           9    2
11-02-33-602997-001-012000000003       1  1   2                                        2
27-70-95-262999-001-011200700003          1   1                  XX               9 1  1
47-30-53-573000-001-012000000002 3 3   3  1   2                                        2
59-36-48-493001-001-012000000003       4  1   2                                        1
55-44-12-073002-001-012000200002 011  11  1   2                                        2
49-72-09-773015-001-011355772112 3 9  11  2  21            XX                     9    1
72-00-94-623016-001-012000000003 3 7   7  1   2                                        2
92-34-42-703017-001-011032202123       9  1   1        X    X                     9    2
16-21-53-453018-001-022000000003 3 7   0  1   2                                        2
36-05-18-273019-001-012000000003 3 4   0  1   2                                        1
90-87-97-823020-001-012000000003 4 4   1 41   2                                        2
99-98-16-423020-001-041000003003 4 9   0  1   1              XXX                  9    2
24-49-65-143021-001-011000023003 3 4   4  1   1          X  X                     9    2
76-23-29-953022-001-012420321321 1 9   9  1   1          X  X                     9    2
15-64-68-803033-001-011770770021 1 9   9  1   1     XXXXXXXXXXXX                  9 3102
02-25-96-123034-001-012000000003 0 1   1  1   2                                        2
50-53-97-993035-001-012010000003      11  1   2                                        2
35-05-63-483037-001-012000000003 3 7   0  1   2                                        2
39-50-51-323038-001-012000000003 4 9   9  1   2                                        2
07-48-89-433039-001-012000000003 3 8   0  1   1               XX                  9    2
39-36-43-123040-001-012000000003 3 6   6  1   2                                        2
72-68-04-923042-001-012000000003       9  1   1             XXX                   1    2
89-40-51-883052-001-012000000003 310   1  1   2                                        2
95-86-44-773055-001-012000000003          1   2                                        2
10-97-13-243055-001-022000000003 0 3   3  1   2                                        2
55-92-25-943056-001-011242100002 3 8   3  1   1                    XXXX           9    2
83-05-26-493056-001-032000000003 4 7   0  1   2                                        2
68-23-21-383056-001-042200000003 5 4   4  1   2                                        2
78-10-18-943056-001-051700502003 3 7   7  1   1                    X X    X       9    1
45-31-45-863056-001-102000000003          1   2                                        2
81-18-90-713057-001-011720020002 211  11  1   1                 XXXX              9    2
04-23-29-783058-001-012002200003      11  1   1                        XX         1 9  1
47-16-59-293059-001-012000000003 4 7   4  1   2                                        2
38-77-98-463071-001-012000000003 412 3 3  1   2                                        2
65-09-41-663073-001-011733031002 3 9   0  1   1               X                   9 3  2
96-10-29-263074-001-012000000003 3 6   0  1   2                                        2
52-87-01-713074-001-032000000002 3 8   8  1   2                                        2
83-83-97-843074-001-041300000002 3 6   6  1   1             XXXX                  1    2
89-42-62-023075-001-022000000003       3  1   2                                        2
18-27-56-503076-001-012000000003 3 9   0  1   2                                        2
26-56-21-873076-001-041000007002       3  1   1      XX     XXXX                  8    2
22-18-86-073077-001-012000000003 4 3   3  1   2                                        2
22-58-01-553078-001-012000000003 3 8   8  1   2                                        2
04-35-28-363078-001-022000000003 6 8   8 31   2                                        2
79-17-75-553090-001-012000000003      12  1   2                                        1
12-15-07-663091-001-011700000003          1   1                       XXXX        1    1
81-32-17-943092-001-011700700002 2 3   3  1   1                     XXXXXX        1 9  1
01-31-69-053093-001-011202000002 4 6   6  1   1               XXXXXX              8 9  2
08-93-73-163094-001-012000000002 3 9   6  1   2                                        1
66-31-98-443095-001-011303233112 211  11  1   1                         XX        9 1  2
12-95-59-213097-001-012000000003 5 810 8  1   2                                        2
93-36-30-053109-001-012000000002      11  1   2                                        2
82-67-31-093110-001-012000700003          1   1                       X X         9    1
13-23-04-153112-001-012000000002          1   1     XX                            1    2
15-55-05-963113-001-011023100202 2 9 811  1   1             XXXX                  5    2
65-60-93-933114-001-011477770002 2 6   6  1   1          XXX                      1 9  2
18-57-18-843115-001-011030201102      11  1   1           XXX                     1    2
40-18-89-323116-001-012000000002       9  1   1          XX                       1    2
69-54-28-673117-001-012000000002      11  1   1         XXXXXXXX                  1 2  2
06-70-18-543128-001-012000000003 3 9   9  1   2                                        2
32-38-59-303128-001-022000000003       4  1   1                X                  9    2
90-08-06-643129-001-012000000003 3 7   7  1   2                                        2
27-42-34-263130-001-012000000002 3 7   7  1   2                                        2
76-85-92-963130-001-031750000003 4 4   0  22211       X X                         9    2
45-58-24-423131-001-012072340003      11 41   2                                        2
50-77-26-343131-001-022000000002 010  11  1   1      X                            1 5  1
65-17-44-643131-001-062007100003 0 1 4 4 01   2                                        2
02-24-34-263132-001-012300000002          1   2                                        2
00-83-50-403133-001-012000000002 3 4  11  1   2                                        1
39-92-70-013134-001-012400000002 3 710 7  1   2                                        1
82-38-31-493135-001-012000000003          1   2                                        2
96-64-64-183147-001-012000000003          1   2                                        2
97-39-88-773147-001-032000000003 3 4   0  1   2                                        2
17-86-57-813148-001-011442500003 3 4   0  1   2                                        2
78-79-19-153148-001-022000000003 4 4   0  1   2                                        2
57-20-31-663149-001-012700000002 4 4  11  1   2                                        2
62-65-17-393150-001-012000000003      12  1   2                                        2
84-04-83-383150-001-092000000003 3 2 3 0  1   2                                        2
36-95-77-683151-001-021450700003 311  11  1   1                 XXX               9    2
59-48-24-653152-001-012200010003 3 7   4  1   2                                        2
26-43-46-663154-001-012000000003       4  1   2                                        2
81-00-58-343166-001-012200000003       4  1   2                                        2
29-45-42-373167-001-011320202012          1   1    XXXXX                          1    1
42-00-78-103168-001-012000000002 3 1 4 6  1   2                                        2
44-11-82-583168-001-032000000003 3 3   3  1   2                                        1
02-79-56-673169-001-011773120222       3  1   1      X                            5 3 41
51-73-58-843170-001-012244370202 2 1 4 1 41   1      X                            9 4  2
60-37-36-573171-001-011300000002      11  1   1         XXX                       9 8  2
84-02-93-513172-001-011777100002          1   2                                        2
23-81-85-473173-001-011203000322          1   1              X                    9    2
02-50-88-113185-001-012000000003 3 3   3  1   2                                        2
76-50-08-943186-001-011000300002       3  1   1             XXXXX                 3    2
78-32-84-413187-001-012310000002 3 4   0  1   2                                        2
76-44-53-443188-001-012000000003 3 4   4  1   2                                        2
51-12-48-043189-001-011000000002          1   2                                        2
88-75-03-883189-001-022000000003 4 4   0  1   2                                        2
51-34-40-933190-001-012000000002 4 3  11  1   2                                        2
48-43-31-893191-001-012000000003 4 4   0  1   2                                        1
71-65-11-523192-001-012000000003 5 3 1 3 11   2                                        2
69-32-86-523204-001-011000000003 3 4   4  1   2                                        2
52-46-20-493204-001-072000000003      12  1   2                                        1
96-05-32-133205-001-012310000002 3 7   4  1   2                                        2
96-49-61-153205-001-042000000003 3 8   0  1   2                                        2
94-43-36-883205-001-061301000002 3 9   0  1   1                    XXXXXXXX       3    1
22-66-04-873205-001-101000300002 4 7   0  1   1               XXXXX               9    2
02-22-03-233206-001-012000000002      11  1   2                                        2
04-27-33-343206-001-031000200002 3 4   0  2  12                                        2
31-39-00-823206-001-042000000003          1   2                                        2
48-07-76-493206-001-062000000002 4 4   4  1   2                                        2
26-70-89-553207-001-011700707702          1   1               XXXXXXXXXXXX       10    2
09-76-80-663208-001-012000000003 4 7 4 7  22212                                        2
75-95-65-453209-001-012000000003       4  1   2                                        2
14-67-94-833210-001-012000000303 4 4   4  1   2                                        2
60-15-76-713210-001-022000000002 011   0  1   1                        XXXX       9 3  2
22-95-67-143211-001-012000202002          1   1                  X                9 5  2
00-02-43-543211-001-021000000003 0 1 312  1   2                                        2
44-17-25-083223-001-012010000003      12  1   2                                        2
53-39-95-473223-001-032000000003 4 4   0  1   2                                        2
06-86-69-013224-001-012010001003       1 31   2                                        2
13-80-08-373225-001-011231005102          1   1    XX                             9    2
20-59-72-433226-001-021775770002 2 9   9  1   2                                        2
98-13-48-063226-001-041203722002 3 9   9  1   2                                        2
47-22-49-383226-001-052000000003 3 3 9 0  1   2                                        2
20-80-75-393227-001-012000000003 010  10  1   2                                        2
57-04-59-093228-001-012000000002          1   2                                        2
07-11-53-333229-001-012100000002       1  1   2                                        2
41-59-20-523230-001-012000000003          1   2                                        2
28-52-66-873242-001-021020200003       4  1   1                  X                9    2
58-10-71-553242-001-042030000003      11  1   2                                        2
05-64-48-413243-001-012000000003          1   2                                        2
24-27-63-883245-001-012100000003       4  1   2                                        2
46-74-75-273245-001-021203702002          1   1              X                    9    2
17-89-33-993246-001-022000000003 0 1 5 1  1   2                                        2
24-80-96-773247-001-012300000003          1   2                                        2
70-27-78-933248-001-012700000003       4  1   2                                        2
55-03-85-133249-001-022000000003          1   2                                        2
29-02-83-483261-001-012000000002      11  1   2                                        2
07-56-54-183262-001-012000000002      11  1   2                                        1
51-14-72-583262-001-032000000002 3 7   7  1   2                                        2
71-53-32-343263-001-011777707702      12  1   1                        XXX        4 9 12
83-61-10-833263-001-042000000002 2 1   0  1   2                                        2
15-53-65-253264-001-012000000002 211  11  1   1                  X                3 9  1
88-67-31-993264-001-031727020002 2 7   0  1   1                  X                1    2
11-13-37-023265-001-011707700002          1   1                XX                 9 4  1
90-95-86-113266-001-021730300002          1   1                XXXXXXXXXXX        3    1
77-48-80-613267-001-012000030002 211  11  1   2                                        2
97-89-67-153268-001-011200000002 3 3  11  1   1                 XX                2 9  2
29-54-17-403280-001-012000000003          1   2                                        2
55-24-48-283280-001-032000000003 310 4 0  1   2                                        2
02-10-18-693282-001-012000000003       4  1   2                                        2
54-41-09-053283-001-012000000003          1   2                                        2
67-45-28-553284-001-012000000002       4  1   2                                        2
17-42-25-533285-001-012000000003          1   2                                        2
57-13-68-833286-001-012000000003 310 4 4  1   2                                        2
67-48-88-473287-001-011200000003 3 4   4  1   2                                        1
29-33-69-973287-001-031200000003 3 410 0  1   2                                        1
79-60-13-243291-001-012000000003          1   2                                        1
47-43-75-403299-001-012000000003       4  1   2                                        2
13-69-88-523300-001-012000000003          1   2                                        2
25-10-49-723300-001-032000000003          1   2                                        2
31-41-92-043300-001-082000000003 310   0  1   2                                        2
98-01-82-113302-001-012000000003          1   2                                        1
60-62-46-173305-001-011500000003          1   2                                        1
86-36-32-763305-001-042000000003 510   0  1   2                                        2
39-31-01-683305-001-052000000003          1   2                                        1
39-67-64-983306-001-012000000003          1   2                                        2
03-52-49-683308-001-012000000003          1   2                                        2
67-40-67-383308-001-042000000003 3 4   0  1   2                                        2
47-26-13-133308-001-062000000003          1   2                                        2
49-84-87-183319-001-012000000003       4  1   2                                        2
80-38-17-763320-001-012000000003       4  1   2                                        2
82-69-45-833321-001-012000000003       4  1   2                                        1
97-10-54-023321-001-062000000003          1   2                                        1
63-99-75-443322-001-012000000003 3 4   4  1   2                                        2
61-94-01-173323-001-012000000003          1   2                                        2
77-08-44-383324-001-012000000003 312  12  1   2                                        2
93-85-76-773325-001-012000000003          1   2                                        2
48-82-84-863326-001-012000000003          1   2                                        2
53-47-74-743337-001-011000000003 3 7   1  1   2                                        2
87-26-53-243337-001-102000000003          1   2                                        2
08-68-08-903338-001-012000000003 312   0  1   2                                        2
35-87-79-863338-001-021000000003 310   0  1   2                                        2
00-41-29-303338-001-062000000003          1   2                                        2
58-82-57-563339-001-012000000003 3 4   0  1   2                                        2
61-26-75-563340-001-012000000003       1  1   2                                        2
65-52-85-373341-001-012000000003 3 4   4  1   2                                        2
16-27-36-483341-001-051220200003 3 410 0  2  12                                        2
64-46-62-173343-001-012000000002 2 4   4  1   2                                        2
39-89-58-203343-001-072000000003 3 710 0  2  12                                        2
30-58-68-183344-001-012000000003 3 4   4  1   2                                        2
86-53-85-033356-001-012000000003       4  1   2                                        2
09-51-75-993358-001-012000000003          1   2                                        2
90-79-01-953360-001-012000000003 3 4   4  1   2                                        2
17-79-46-663362-001-012000000003       4  1   2                                        2
32-66-06-163363-001-012000000003 3 4   4  1   2                                        2
50-00-52-553364-001-012000000003 3 4   4  1   2                                        2
35-50-28-413366-001-012000000003          1   2                                        2
06-81-63-103375-001-012000000003       3  1   2                                        2
50-14-03-463375-001-052000000003 4 1   0  1   2                                        2
79-39-05-893377-001-022232102003       4  1   2                                        2
62-47-91-693377-001-031101105002 3 6   0  2  11    X                              9    2
93-04-12-363378-001-011000000002      12  1   2                                        2
03-71-71-403379-001-012000000003       4  1   2                                        2
95-02-90-033380-001-022000000003      12  1   2                                        2
43-95-25-823380-001-032000000003 3 6   0  1   2                                        2
25-91-74-683380-001-052000000003          1   2                                        2
97-08-28-903381-001-011030420003       3  1   1              XX                   9    1
19-86-31-293385-001-011120000002 310   1  2  21        X                          9    2
38-07-00-153385-001-031120100003 3 1   0  1   1               X                   9    2
79-29-36-723387-001-012000000003       1  1   2                                        2
84-92-14-033387-001-032000000003 3 3   3  1   1     XXXXX                         9    2
53-03-79-223387-001-042000000003 3 1   0  1   2                                        2
60-29-82-273394-001-012000000003 3 4   4  1   2                                        2
52-39-32-543395-001-012000000003       4  1   2                                        1
70-36-81-113396-001-012000000003 3 4   4  1   2                                        1
36-20-39-903397-001-011220000003 3 4   4  1   2                                        2
10-93-52-093398-001-012000000002          1   2                                        2
12-45-31-273399-001-012000000003          1   2                                        2
24-43-08-663400-001-012000000002 2 2   0  1   2                                        2
14-99-84-453400-001-032000000003          1   2                                        2
31-12-32-103401-001-012000000003 3 4   4  1   2                                        2
70-31-88-363401-001-062000000003 3 4   0  1   2                                        2
73-06-99-993413-001-012000000003 3 6   3  1   2                                        2
53-24-74-493414-001-012000000003 3 4   4  1   2                                        1
55-69-64-173415-001-012000000003          1   2                                        2
20-44-11-193416-001-012000000003          1   2                                        2
55-46-94-663417-001-011300000000       4  1   2                                        2
06-92-14-813419-001-022000000003       4  1   2                                        2
10-51-19-403420-001-012000000003       4  1   2                                        2
73-39-76-843432-001-012000000002       4  1   2                                        2
02-57-71-623432-001-072000000003 3 4   4  1   2                                        2
14-55-53-523433-001-012000000003          1   2                                        2
18-41-34-723433-001-032000003003 3 410 0  1   2                                        2
31-70-41-833433-001-042070000003          1   2                                        2
56-03-92-813434-001-012000000003       4  1   2                                        2
19-09-09-223435-001-012000000003 310   4  1   2                                        2
01-30-61-433436-001-012000000003       0  1   2                                        2
12-00-35-803436-001-022000000002 2 4   0  1   2                                        2
09-38-12-723436-001-032000000003 3 4   0  1   2                                        2
22-32-62-133437-001-012000000003 0 4   4  1   2                                        2
99-65-36-523438-001-012000000003 3 7   7  1   2                                        2
54-07-81-943439-001-012000000003       4  1   2                                        2
59-66-37-093451-001-012000000003 3 4   4  1   2                                        2
89-97-86-403452-001-011300000003 3 4   4  1   2                                        1
19-33-65-873454-001-012000000003 3 4   4  1   2                                        2
49-34-22-353455-001-012000000003 3 4   4  1   2                                        2
16-82-72-363457-001-012000000003 3 4   0  1   2                                        2
02-23-52-073461-001-012000000003       4  1   2                                        2
78-67-37-493462-001-012000000003          1   2                                        2
86-30-64-463470-001-022000000003          1   2                                        2
66-71-90-733470-001-032000000003 3 4   0  1   2                                        2
97-85-50-183471-001-012000000003       3  1   2                                        2
30-91-34-183471-001-042000000003 310   4  1   2                                        2
32-33-64-223471-001-052000000002          1   2                                        2
39-05-26-853472-001-011007000003          1   2                                        2
97-16-21-933474-001-012000000003 4 2   1  1   2                                        2
73-85-52-403476-001-022230200003       3  1   1              X                    9    2
04-68-39-663477-001-011200000003 3 4   4  1   1        X                          9    2
25-21-14-193477-001-032000000003 3 4   0  1   2                                        2
59-20-56-743478-001-012300000003          1   2                                        2
47-93-53-063478-001-032000000003 3 3   3  1   2                                        2
70-99-48-973480-001-012000000002 2 1   1  1   2                                        2
94-47-73-483489-001-011230300002 2 4   4  1   1        X                          9    2
31-48-87-393489-001-031220100002          1   1       XX                          9    2
40-03-22-643489-001-042000000003          1   2                                        2
70-78-01-003490-001-011000300003 3 1   1  1   2                                        2
54-87-78-293491-001-011003307103 4 4   4  1   1               XX                  9    2
22-61-86-863492-001-012000000003       6  1   2                                        2
21-49-62-633492-001-022000000003 3 8   0  1   2                                        2
15-34-03-333493-001-011000000002 310  12  1   2                                        2
09-16-01-563494-001-012000000003 312  12  1   2                                        2
97-77-83-363495-001-012000000003 3 4   1  1   2                                        2
73-75-10-153495-001-031000002202 2 1   0  1   1                X                  9    1
57-73-74-663496-001-012000000003 3 9   3  1   2                                        2
91-44-84-623496-001-022000000003       3  1   1               X                   9    2
96-72-21-063508-001-012000000003       4  1   2                                        2
72-05-89-273510-001-012000000003       4  1   2                                        2
56-39-47-013511-001-022000000002       3  1   2                                        2
34-32-25-053512-001-012000000003       4  1   2                                        2
15-04-32-363513-001-012000000003       4  1   2                                        2
69-45-07-553515-001-011200000003          1   2                                        1
08-01-09-663527-001-012000000003       4  1   2                                        2
22-14-22-013528-001-012000000003          1   2                                        1
70-97-47-263530-001-012000000003 3 4   4  1   2                                        2
01-24-87-903531-001-021000000003 3 4   4  1   2                                        2
04-20-49-833531-001-032000000003 3 4   4  1   2                                        2
40-81-52-803532-001-012000000003 3 4   4  1   2                                        2
82-29-39-773533-001-012000300003 3 4   4  1   2                                        2
83-00-71-983534-001-012000000003          1   2                                        2
41-84-61-733538-001-012000000002       4  1   2                                        2
96-22-91-013546-001-011101013002          1   1       XXXXX                       9    2
22-22-56-753547-001-012000000022 3 410 4  1   2                                        1
01-55-74-143547-001-082000000003       4  1   2                                        2
09-84-62-493548-001-012000000003       4  1   2                                        2
89-52-85-323548-001-032000000003          1   2                                        2
19-39-89-593549-001-012000000003 3 4   0  1   2                                        1
25-94-25-923549-001-042000000003          1   2                                        2
28-81-38-503552-001-022000000002 2 4   4  1   2                                        2
88-09-47-103553-001-012000000003       4  1   2                                        1
74-75-91-793553-001-032000000002 3 410 0  1   2                                        1
34-93-30-453553-001-042000000003 3 4   4  1   2                                        2
35-66-97-363565-001-012000000003       4  1   2                                        2
50-81-62-943566-001-022000000003          1   2                                        2
46-98-94-173566-001-032000000003 3 4   0  1   2                                        2
58-65-61-503567-001-012000000003       4  1   2                                        2
47-40-39-243568-001-012000000003          1   2                                        1
28-99-71-413568-001-022000000002       4  1   2                                        1
14-42-12-253569-001-012000000003       4  1   2                                        2
10-48-96-023570-001-012000000003       4  1   2                                        2
40-99-43-253571-001-012000000003       4  1   2                                        2
18-82-34-133572-001-012000000003 3 4   4  1   2                                        2
49-10-52-893572-001-031300000002       4  1   2                                        2
96-98-39-953584-001-012000300003       4  1   2                                        2
61-26-57-823585-001-012000000002          1   2                                        2
32-17-78-073586-001-011540200002          1   1                 XX                9    1
20-25-86-313586-001-021771700002      11  1   1                 XXX               2    2
29-90-23-763587-001-012000000003 3 4   4  1   2                                        2
71-17-30-513587-001-032000000003       6  1   2                                        2
57-66-69-933587-001-051000100002          1   2                                        2
68-84-80-663588-001-011210300002 310 4 4  1   1        XX                         9    2
56-13-01-423589-001-012000000003 3 3   3  1   2                                        2
51-29-40-343590-001-012000000003 3 4   0  1   2                                        2
81-86-14-733603-001-011340300102       1 31   1                 X                 9    2
33-58-54-273604-001-012000000002          1   1                         X XX      9    2
09-31-93-253605-001-011703407313          1   2                                        2
38-56-07-333606-001-011333240002       3  1   1                X                 10    1
11-40-56-853607-001-012000000003 610   4  2  12                                        2
46-48-20-193608-001-012200700003          1   2                                        2
35-55-95-513609-001-022000000002          1   1                X                  9    2
65-52-91-163610-001-012000000003       4  1   2                                        2
06-96-90-323622-001-012000000003 3 4   0  1   2                                        2
56-19-55-133622-001-032230000003       4  1   2                                        2
34-14-13-383625-001-012000000003 3 7   3  1   2                                        2
21-35-87-243627-001-011200000003       4  1   1            XX                     1 9  2
78-79-74-873632-001-012000000003          1   2                                        2
88-20-31-173641-001-012000000003 3 9   3  22212                                        2
58-58-82-683643-001-012000000003 3 6   6  1   2                                        2
08-34-40-963644-001-011000000003 3 7   3  1   1              XX                   1    2
48-70-78-563645-001-012000000002       3  1   2                                        2
69-15-49-573646-001-011000300222      12  1   1               X                   5 7  1
28-62-38-353647-001-012000000002          1   2                                        2
34-78-01-693648-001-012000000003 3 3   3  1   2                                        2
51-59-11-363660-001-022250000003          1   2                                        2
51-56-87-593660-001-042010000003 3 4   0  1   2                                        2
55-63-74-923660-001-101070000003          1   2                                        2
37-00-59-023662-001-012100003003          1   2                                        2
53-57-52-183662-001-032000000003 3 4   0  1   2                                        2
57-29-56-033663-001-011000000003 310 4 4  1   1                   XX              1    2
53-39-02-413664-001-011777507722          1   1               XXXXXXXXXXXX       10    2
84-24-39-263665-001-012050000003 3 4   4  1   2                                        2
17-40-36-853665-001-051070000003 3 7   0  1   1                 XXXX              9    2
73-54-93-253666-001-012000000003       4  1   2                                        2
33-22-49-703667-001-011777707002          1   1               X          X        3    2
73-60-78-233667-001-021533203412          1   1               XXXXXXXXXXXX        9    2
97-63-96-063667-001-031277221003 3 9   9  1   1                         XX        1    2
11-43-16-033682-001-022000000003          1   2                                        2
60-02-21-843682-001-032000000003          1   2                                        1
11-95-71-263682-001-042000000003          1   1                   X   X           9    2
38-63-86-703684-001-012000000003      12  1   2                                        2
57-63-76-703685-001-022000000003 8 5   0  1   2                                        2
34-30-09-003686-001-022000000003       1 41   2                                        2
97-67-30-883687-001-011700300002          1   1       XX                          9 5  1
16-52-17-333689-001-012000000003          1   2                                        2
10-77-43-803698-001-012030000003       4  1   2                                        2
60-75-46-463699-001-011320000003          1   2                                        2
27-95-03-753699-001-021000430002 310   4  1   1                         X         9    2
72-71-84-213700-001-012070000003 3 4   4  1   2                                        2
98-73-63-703700-001-042230000003       1  1   2                                        1
99-07-17-063702-001-011000700003 310   4  1   2                                        1
35-26-37-733702-001-072000000003          1   2                                        2
34-82-27-893703-001-012000000002          1   2                                        2
07-63-97-623703-001-021000005002 3 7   0  1   1                         XXX       9    2
62-66-60-133705-001-011270010002      11  1   1                        X          9    2
18-09-78-063705-001-022000000003       4  1   2                                        2
06-37-92-793717-001-012000000002 2 3   3  1   2                                        2
29-48-35-093718-001-011000000002      11  1   1     XX                            4 7  2
24-81-45-053719-001-012000700002 3 6   6  1   2                                        2
84-70-04-133720-001-012000000000 3 6   3  1   2                                        2
67-16-45-783721-001-012200200003       3  1   1             XX                    8    2
46-79-04-893722-001-011000000002       3  1   2                                        2
94-01-95-713723-001-012000000002       3  1   1              XXX                  4    2
26-38-86-973723-001-032000000002 3 7   0  2  12                                        2
44-69-31-703724-001-012000000002       3  1   2                                        2
26-58-05-333737-001-012202200003          1   2                                        1
86-99-26-343737-001-021107100003          1   2                                        2
55-51-32-873738-001-012000000003      12  1   2                                        1
98-39-03-023738-001-021000000002          1   1       X                           2    1
69-36-36-133739-001-012000000002          1   2                                        2
98-58-55-763740-001-012000000002 3 1   1  1   1      XX                           2 9  2
11-59-39-513741-001-011214530002       7  1   1      XX                           5    1
19-11-07-193741-001-032250000003 4 7   2 72  11       XXX                        10    2
45-98-24-043741-001-042000000003          1   2                                        2
19-82-60-373742-001-011200001103 3 4   4  1   1     XXXXX                         8    2
78-14-25-283743-001-011444404222 2 4   4  1   1       XXXX                        9 1  2
07-04-66-243755-001-012022000003       3  1   1        X                          9    2
49-54-53-563756-001-011310000002 710   1 31   1          XXX                      9    2
12-51-29-423756-001-032000000003          1   2                                        2
78-77-60-913757-001-012000000003          2   2                                        2
99-97-67-743757-001-022000000003 3 4   0  1   2                                        2
17-54-53-533758-001-012000204002          1   1             XXX                   9    2
51-47-84-023759-001-022000000002       4  1   2                                        2
35-97-97-593760-001-011757747521 2 3   3  1   1       XXX      XXX                1    2
05-15-50-513761-001-012120000003 4 7   4  1   1       XX                          5    2
13-45-35-463762-001-012000000003       4  1   2                                        2
37-54-54-333774-001-012000100013          1   2                                        1
53-91-81-333775-001-011000000003       1  1   2                                        2
60-37-85-653775-001-031200100003          1   1       X                           9    2
68-35-57-413776-001-011101000002      11  1   2                                        2
39-38-87-533777-001-012403000002 211  11  1   1              X                    9    2
83-42-86-523778-001-012000000002          1   2                                        2
59-87-34-753778-001-021340200002          1   2                                        2
29-01-39-993779-001-022000000002          1   2                                        2
80-65-61-383780-001-011321572002 4 7   0  1   1              XX                   9 3  1
85-97-80-163781-001-012000000003       3  1   2                                        2
45-90-10-233781-001-022000000003 211  11  1   2                                        2
85-38-17-703793-001-012070121003       9  1   1                XXX                1    1
81-77-97-813794-001-011000300003 3 6  11  1   2                                        2
97-69-40-903794-001-042400000003          1   2                                        1
33-23-93-773795-001-011772700002 2 9  11  1   1                 XXXX              1 9  1
73-13-17-313796-001-012077670043 3 9  11  1   1                 XXXXXX            1    2
76-50-20-663797-001-012070000003       4  1   2                                        2
57-76-50-933797-001-032000000003          1   2                                        2
43-76-27-973797-001-042070000003 3 7   0  2  22                                        2
21-49-44-333797-001-062000000002 3 7   0  1   2                                        1
53-62-39-023798-001-011300200003          1   1                   XXXX            9    2
72-85-50-423798-001-021321000003 510   0  1   1                 X XXX X           3 9  2
56-68-24-883799-001-011070730002      11  1   1                 XXX               1    1
70-70-60-493800-001-011770700002      11  1   1                 XXXXX             1 9  2
87-57-04-483812-001-011000000002 2 9  11  1   2                                        2
13-50-39-653814-001-012000000002      11  1   2                                        2
70-77-45-253815-001-012000000003          1   2                                        2
36-43-78-803816-001-012000000003       4  1   2                                        2
23-66-01-783816-001-021020001003 3 4   0  1   1            XXX                    9    2
47-37-02-613817-001-011200200003          1   1              XX                   9    2
72-20-59-333817-001-022300001003 4 3 1 0  1   1             XX                    9    2
65-91-88-243818-001-011200300003       3  1   2                                        2
68-31-54-093819-001-011007700222          1   1               X                  10    2
58-28-36-163822-001-022000000003       4  1   2                                        2
71-79-67-823831-001-011500200002 2 6  11  1   1                 XX                9    2
71-74-59-743831-001-022040000003 3 6   0  1   2                                        2
25-94-82-153832-001-011100006502 2 6   4  1   1                 X                 3 9  2
77-32-67-803833-001-012220000003          1   2                                        2
19-17-25-173833-001-042000000003       1  1   2                                        2
15-35-28-353833-001-052130000003 4 7   4  1   2                                        2
37-71-99-363834-001-012770703101          1   1                XXX                1 2  2
54-43-79-143834-001-021340622002      11  1   1                  X                1 9  2
48-62-80-163835-001-012007700002          1   1             XXXXXX                9    2
17-92-85-183836-001-011000000002          1   2                                        2
85-03-08-423837-001-011777072112 2 3   3  1   1              X                    9    2
09-79-49-523838-001-012000000002          1   2                                        2
09-77-56-913850-001-012000000003       3  1   2                                        1
18-86-63-893851-001-021005502312 3 7   0  1   1      X X   X                     10    1
83-95-24-143852-001-012000000002          1   2                                        2
14-66-69-713852-001-052333330003       4  1   1       XX                          9    2
00-68-43-533852-001-072000000003          1   2                                        2
22-52-97-753854-001-012000000002      11  1   2                                        2
03-34-89-373854-001-032000000033          1   2                                        2
83-08-74-843855-001-022000000003          1   2                                        2
95-93-01-713856-001-011203700111 2 7   7  1   1                XX                 1 9  2
72-66-88-883859-001-012654000002          1   1                XX                 4    1
84-24-16-373869-001-012000000002       3  1   2                                        2
77-48-36-643870-001-012000000002          1   2                                        2
38-68-55-543871-001-011400000002      11  1   2                                        2
71-09-27-793871-001-032000000003       3  1   2                                        2
88-98-35-963872-001-012000000002       9  1   1             X                     1 5  2
64-66-80-403872-001-032000000003 4 7   0  1   1      XXX                          1    2
20-18-61-413872-001-042000000003       4  1   2                                        2
04-39-66-833874-001-011123007213          1   1                XX                 1 8  1
01-05-27-433875-001-011020000003       4  1   2                                        2
04-78-92-483876-001-011500200002          1   2                                        2
36-72-56-753876-001-021020000002 4 1 3 1 31   1      X                            1    1
73-01-30-743888-001-011352000003 3 9   9  1   1                        X  X       9    2
95-35-64-973889-001-012070000002          1   1                        XX         9    2
18-23-18-313889-001-022002000003       4  1   1                  XX               9    2
66-99-22-633890-001-011370700002      11  1   1                 XXXXXXX           9 1  2
47-80-77-243891-001-012000000003       5  1   1                   XXX             4 9  2
23-60-48-433892-001-011301030002 410 711  1   1               XXX                 9    2
97-44-20-973892-001-022110000003 3 4   0  1   1                 XX                9    2
22-02-13-943892-001-032000000003 511   0  1   2                                        2
69-11-38-353893-001-012000000003 3 4   4  1   2                                        2
88-69-14-993894-001-012000000003          1   2                                        2
54-17-82-963895-001-012040000003       0  1   2                                        2
51-35-14-553895-001-042000000003       4  1   2                                        2
77-50-25-333907-001-011100300003 510   1 31   2                                        2
65-07-68-203908-001-012000000003 3 2   2  1   2                                        2
65-31-91-123909-001-012300300003       4  1   1                  X                9    2
55-64-94-923910-001-012000000003          1   2                                        2
65-41-44-093911-001-012000000003       4  1   2                                        2
92-48-82-253912-001-012000000003 3 4   4  1   2                                        2
63-37-64-223913-001-012000000003 011  11  1   2                                        2
66-41-39-813914-001-011100000003       0  1   2                                        2
37-57-85-403926-001-012000000002       3  1   2                                        2
66-86-85-063928-001-012000700003      11  1   2                                        2
02-21-58-023929-001-012000000002      11  1   1               XXX                 9 5  2
25-53-39-243930-001-011400000003          1   2                                        2
20-41-14-613931-001-012000000003       7  1   2                                        1
69-79-60-613932-001-011000000002       4  1   1               XXXX                1 5  2
76-89-02-193933-001-012000000003       1  1   2                                        2
69-88-86-773934-001-012000000003       4  1   2                                        2
72-80-89-543945-001-011700700002          1   1              XXXXXXXXXXXX        10    2
43-94-10-023946-001-011220001212      11  1   1               XXX                 9 5  2
89-86-06-243946-001-022000000002 3 3   3  1   2                                        2
40-17-26-863946-001-051700700002 311   0  1   1              XXX                  9    2
38-79-29-913947-001-011002000102 2 3   4  1   2                                        2
04-01-34-613948-001-012000000002 410   3  1   2                                        2
90-94-69-723948-001-041432000001          1   2                                        2
86-88-87-143948-001-052000000003 3 7   7  1   2                                        2
14-63-58-263949-001-012000000002          1   1                      X            9 3  2
12-55-82-353950-001-012000000002          1   2                                        2
10-36-95-743951-001-012000000002       3  1   2                                        1
26-84-75-253951-001-111000000002 3 9   9  1   2                                        1
89-61-25-193966-001-011020700002       3  1   2                                        2
18-30-64-743967-001-032000000003          1   2                                        1
99-27-51-683969-001-012000000003 3 1 3 4  1   2                                        2
57-63-62-903970-001-022000000002       1  1   1               X                   9 7  2
99-03-56-383970-001-032000000003       9  1   2                                        2
14-51-55-673972-001-012000000003 3 1 3 1 31   2                                        2
62-60-65-503983-001-012000000003          1   2                                        2
01-44-20-243985-001-012200000003 4 6 4 4  1   2                                        2
32-76-07-363987-001-011100000003 4 4   4  1   2                                        1
40-83-11-313988-001-012000000003       7  1   2                                        1
72-56-16-113988-001-021000000003 3 4   0  1   2                                        1
33-86-89-613989-001-012000000003       1  1   2                                        2
31-70-53-033990-001-012000000002          1   2                                        2
07-65-63-283993-001-011032201302 211  11  1   1        XXXXXXXX                   9    1
89-64-05-584002-001-012100000002       0  1   2                                        2
82-51-14-664002-001-022020400002 211  11  1   2                                        1
11-46-01-714002-001-052000000003          1   2                                        2
07-12-29-184002-001-062000000002 0 7   7  1   2                                        2
15-44-50-114003-001-012000001102      11  1   2                                        2
56-08-15-534003-001-031230000003 3 9   0  1   1                XX                 9 5  2
21-77-05-564004-001-012003000002 3 9   9  1   2                                        2
95-46-77-554005-001-012000000003 510   3  1   2                                        2
71-92-23-114006-001-012000000002 210  11  1   1             XXXX                  3    2
04-95-86-384007-001-012000000003 3 4   4  1   2                                        2
99-75-01-914007-001-032000000002 3 9   0  1   2                                        2
41-08-71-954008-001-012000000002          1   2                                        2
27-44-99-194012-001-012000000002 2 3  11  1   2                                        2
90-00-90-294012-001-042000000002 3 8   8  1   2                                        2
32-84-96-214022-001-011000000003 3 9   9  1   2                                        2
17-42-17-194023-001-012210200002 3 9   9  1   1           XXXXXXX                 1    2
50-45-96-784024-001-012021141002 311   9  1   1                XX                 9    2
27-81-82-904024-001-032000000003       9  1   2                                        2
40-85-46-994025-001-012000000003          1   1               XXXX                8    2
10-39-31-184025-001-032000000003       9  1   2                                        2
18-34-45-054026-001-012000000002       7  1   2                                        2
63-66-25-234027-001-012000000003          1   2                                        2
60-71-29-584028-001-012000000003       3  1   2                                        2
91-25-48-934032-001-011320200003       3  1   1                X                  1    2
18-01-59-534032-001-062000000003 3 3   3  1   2                                        2
55-39-56-434032-001-072000000003 3 9   9  1   1                XXXXX              3    2
29-58-09-234040-001-011534522722 2 3   3  1   1          XXXXXX                   8    2
87-00-93-354040-001-061000000002 211  11  1   2                                        2
12-61-17-854041-001-012000000013 3 4   4  1   2                                        2
86-10-26-314041-001-031404420302 2 1   0  1   1      X                            9 4  1
23-18-10-954042-001-012000000002 011  11  1   2                                        2
84-50-65-924043-001-011700320002 3 7  11  1   1             XXX                   1    2
08-74-51-594044-001-012000000002      11  1   1          XXX                      1 5  2
42-06-56-074044-001-022000000003 3 3   0  1   2                                        2
86-84-40-044045-001-021707734322 211  11  1   1    XXXXXXXXXXXX                   3 9 52
32-39-94-054046-001-011000000002       3  1   2                                        2
29-07-10-514046-001-032000000003 4 7   4  1   2                                        2
52-74-53-784046-001-052000000003 3 1   0  1   2                                        2
83-55-87-544047-001-011707000002          1   1            XXXX                   3    2
18-86-34-874059-001-011000000002 2 1   1  1   1                       XX          9    1
33-84-30-994059-001-021700200003          1   1                          X        9    2
51-63-01-994060-001-022000000002       1  1   2                                        2
80-28-97-934062-001-011310010103          2 1 2                                        1
95-65-46-004063-001-021700700002      11  1   1                  XXX              9    2
40-51-18-374064-001-012000000003          1   2                                        2
78-47-25-914065-001-012000000003 3 1   1  1   2                                        2
49-08-53-544067-001-012000000003 312  12  1   2                                        2
79-73-56-174078-001-012000000003 3 9   9  1   1               XX                  3    2
93-25-73-374079-001-011100000002      11  1   1             X                     3    2
20-21-91-334080-001-012000000003 3 9   0  1   2                                        2
96-18-51-614081-001-012000000003       9  1   2                                        2
06-55-51-274082-001-012000000003          1   2                                        2
62-64-26-584083-001-012000000003 3 7   3 71   2                                        2
30-19-73-484084-001-012420200002 211  11  1   2                                        2
42-26-57-764085-001-012000000002          1   2                                        2
19-03-44-864085-001-022000000003 3 7   7  1   1              XXX                  3 9  2
04-41-69-294097-001-011240400003       3  1   1                 XXXX              9    2
38-77-04-394098-001-012000000003          1   2                                        2
89-95-31-064099-001-012000000003          1   2                                        2
12-33-52-634100-001-012000000003          1   2                                        2
25-99-47-094100-001-022000000003          1   2                                        1
40-60-65-664101-001-011700000003          1   2                                        1
53-17-09-604101-001-032000000003          1   1             X                     9    2
87-79-54-714102-001-012000000003 5 4   4  1   2                                        2
13-66-77-224104-001-022000000003 4 1 3 1 41   2                                        2
11-60-09-724116-001-012020000003       3  1   2                                        2
17-66-26-344118-001-012000000003       4  1   2                                        2
60-41-68-414119-001-032000000002          1   2                                        2
69-13-58-824120-001-011000000002          1   2                                        2
85-78-30-984120-001-031730000002      12  1   2                                        2
99-38-87-714121-001-022000000003       4  1   2                                        2
22-45-82-054122-001-012320200003          1   2                                        1
26-75-76-204123-001-012000000002 3 4   0  1   2                                        2
82-88-76-784136-001-012200000003 3 9 4 4 71   2                                        1
19-64-20-934137-001-012707700002 3 7 3 7 31   1      XXX                          4    2
53-43-54-844137-001-062000000003 312   0  1   2                                        1
17-12-17-704138-001-012000000003       3  1   2                                        2
83-49-56-574139-001-012334211003 4 7   4  22212                                        2
66-95-65-174140-001-012000000002 3 4  11  1   2                                        2
61-45-39-144140-001-032000000003 3 7   0  1   2                                        2
45-74-24-364141-001-012000000003          1   2                                        2
11-85-36-844142-001-012000000002 3 3   3  1   2                                        2
17-60-45-744154-001-012000000003       7  1   2                                        2
12-58-34-524154-001-032000000003 4 7   0  1   2                                        2
43-86-88-414155-001-012070001003       9  1   2                                        2
36-56-05-454156-001-012700000003          1   1                 XX                9    2
49-17-91-924156-001-031073000003          1   1                 XXXXXXX           9    2
62-89-78-464158-001-012000000003          1   2                                        2
06-97-45-524159-001-011000100003       7  1   2                                        2
82-98-10-514159-001-062070000003 3 6   0  1   2                                        2
42-45-79-764160-001-012030000003 3 4   4  1   2                                        2
75-63-76-424161-001-011271431002       3  1   1                         X         1    2
98-98-23-614173-001-012000000003 3 5   4  1   2                                        2
75-95-90-124174-001-021700000002 010  11  1   1               XXXXXXXXXX X        9    2
17-41-82-374175-001-012000000003       4  1   2                                        2
34-00-24-754175-001-032000000002          1   2                                        2
86-84-87-564175-001-042000000003 5 7 3 0  1   1                   XX              8    2
63-92-77-034176-001-012000000003 3 4   0  1   2                                        2
71-94-85-464177-001-011200000003          1   1                     XX            9    1
01-33-36-044178-001-012000000003       1  1   2                                        2
57-63-62-504178-001-042000000003 3 4   4  1   2                                        2
63-89-85-384179-001-012000000003 4 4   4  2  22                                        2
76-44-03-364180-001-012000000003       4  1   2                                        2
30-35-93-514192-001-012300000003       4  1   2                                        2
98-25-88-294193-001-012000000003 3 9   6  1   2                                        2
01-53-37-234195-001-012000000003          1   2                                        2
48-88-88-904196-001-012030000003      11 01   2                                        2
04-91-14-704196-001-021340101003       4  1   1        XXX                        8    2
25-39-51-764197-001-012053720001       3  1   2                                        2
47-24-64-534197-001-071470200103          1   2                                        2
17-78-73-004198-001-012000000003       3  1   2                                        2
91-79-97-084199-001-011010000002       0  1   1                XX                 8    2
87-54-04-174200-001-011212001002       3  1   2                                        2
69-90-13-474200-001-032100000003 3 4   0  1   2                                        2
62-29-18-134211-001-012000000002          1   1                  XXX              9 3  2
24-61-09-854211-001-021776630002 4 4   0  1   1               XX       XXX        9 3  2
74-48-80-244211-001-032070020203 310   4  1   1                       XX          9    2
45-29-72-644212-001-022234323233       3 91   1                  X X              1    2
15-03-38-514213-001-011130002003 3 6   4  1   2                                        2
18-95-24-274214-001-021200200002       4  1   1               X X                 9    1
87-15-08-264215-001-012000000003       4  1   2                                        2
84-29-09-244216-001-011400000003 3 4   4  1   2                                        2
10-54-43-564217-001-011331710002      11  1   1                   XX              4    2
07-34-22-284218-001-012000000003          1   2                                        2
83-33-51-914232-001-012000000003 4 4 1 4  2  12                                        2
55-60-85-574232-001-022010000003       2  1   2                                        2
40-02-49-454234-001-012000000003 5 4   0  1   2                                        2
37-73-60-504237-001-012000000002 3 2   4  1   2                                        2
15-90-91-834238-001-011373300003          1   1            XX                     9    2
00-45-18-144249-001-011000000002      11  1   2                                        2
40-28-44-004250-001-011775030002 3 9  11  22211     XX        XX                  9 3  2
37-53-47-864251-001-012012000002 2 1   1  1   2                                        2
62-59-88-184251-001-042000000002 2 3   0  1   1      X                            4 3  2
31-68-16-834252-001-012000000003 0 3   3  1   2                                        2
91-89-73-124252-001-032000100002 3 710 0  1   2                                        2
49-80-80-494253-001-011755552502 211  11  1   1              XXX                  3 4  2
69-54-12-634254-001-012000000002          1   2                                        2
57-75-82-484255-001-011304342002 3 9  12  1   1      X                            3    1
30-61-10-204270-001-011777775701 1 3  11  1   1      XXXXXXXXXXXX                 4 5 92
80-41-93-594271-001-011774032002 3 3 7 3  22211                XX                 3 9  2
43-23-22-294271-001-022000000002          1   2                                        2
67-84-80-744272-001-011242031002 211  11  1   2                                        2
10-28-66-794273-001-011400730002 3 9   9  1   1              XXXXX               10    2
42-50-43-004274-001-012000000002 3 410 4  2  12                                        2
31-50-94-424275-001-012000000002          1   1              X                    9    2
96-41-62-544287-001-012000000002      11  1   2                                        2
87-52-88-384288-001-011120000003          1   2                                        2
58-09-19-584289-001-012000000003          1   2                                        2
91-36-93-284290-001-011700000003 3 4   4  1   2                                        2
52-54-19-744291-001-012230000102 311   0  1   2                                        2
89-06-08-544292-001-012000000003 3 4   4  1   1                  XX               9    2
75-53-82-184293-001-012000000003 3 4   4  1   1               XXXX                9    2
68-60-12-214306-001-012000000003 3 9   9  1   2                                        2
54-09-41-154306-001-032000000003          1   2                                        2
54-41-93-394306-001-041010302202 2 9   9  1   1     XXX                           1    2
27-81-46-114307-001-012010200002 3 9   0  1   1       XX                          1    2
48-26-35-364308-001-011300000002 2 9   9  22222                                        2
31-91-85-564309-001-012000000003          1   2                                        2
29-82-56-654310-001-011422600002 4 7   0  2  22                                        2
75-82-37-584310-001-021110201002       3  1   1     XXX                           4    2
28-05-92-534310-001-041132421003 3 6   0  1   1               XX                  3 4  2
09-67-89-134311-001-011110000112 2 9   9  1   1               XX                  9    2
78-86-12-724311-001-042000000003 3 9   0  1   2                                        2
81-38-99-764312-001-011243533322       3  1   1       X                           910  2
66-68-73-914313-001-011303303003          1   1     XXXX   XXXX                   1    2
35-71-26-254325-001-012101400003 4 7  11  22212                                        2
72-50-64-154325-001-042000000003 3 1 3 0  1   2                                        2
56-83-61-514326-001-012000000003 3 4   0  1   2                                        2
29-42-96-404328-001-012000000002 3 3   3  1   2                                        2
71-27-07-534328-001-021333220002      12  1   1                          X        9    2
86-93-88-714329-001-011700700002          1   2                                        1
13-46-89-174330-001-012000200002          1   2                                        2
85-15-73-244330-001-022000000003       4  1   2                                        2
15-10-45-124331-001-011332200003       4  1   1                  XX               9    2
35-76-82-174331-001-021300002002 311  11  1   2                                        2
02-37-22-484331-001-032231100003          1   1                 XX                9    2
41-79-32-394332-001-011000000002      11  1   2                                        1
43-17-13-154344-001-011000700003 3 4   4  1   2                                        1
73-64-77-414345-001-011211200003          1   2                                        1
11-69-06-894345-001-022200000003 3 4   4  1   2                                        2
28-58-98-634346-001-012100300003 3 4   4  1   2                                        2
81-97-07-344347-001-012000000002 4 7   3  1   2                                        2
22-29-95-004348-001-011300000003 3 4   0  1   2                                        2
87-23-03-174349-001-012000000003 4 7   4  1   2                                        2
96-86-76-744350-001-011400000003 4 8 4 4  2  11                 XXXX             10    2
76-28-83-164351-001-012000000003          1   2                                        2
95-89-60-914363-001-011000000003 3 4   4  1   2                                        2
47-02-15-084364-001-011020130102 3 1 3 1 31   1             XX                    2    2
28-07-25-294364-001-021000000113 312  12  1   1              X                    2    2
15-35-50-034365-001-012000000003       4  1   2                                        2
50-28-33-064365-001-032000000003       4  1   2                                        2
29-58-66-324365-001-052000000003          1   2                                        2
94-35-43-704366-001-021740542002      11  1   1    XX     XXXXX                   910  2
77-14-05-264367-001-011200200213 3 4   4  1   2                                        2
14-89-23-384367-001-021400401102      11  1   1    XXXXXXXXXXX                   10    1
85-29-98-904368-001-021223301002 3 7   0  21121              XX                   9    1
17-01-34-494368-001-031000000003 3 7   0  1   2                                        2
38-11-78-454369-001-012000000002       6  2   2                                        2
68-98-65-234370-001-012000000002       0  1   1                          XXX      9    2
67-91-07-214382-001-012000000003 3 1   1  1   2                                        2
55-17-89-694383-001-012000000003 5 310 3  1   2                                        2
36-88-48-324384-001-012000000003          1   2                                        2
87-23-37-094385-001-012000000003       4  1   2                                        1
08-57-09-204386-001-022000000003 3 4   4  1   2                                        2
44-26-26-334386-001-031214235313 3 9   9  1   1                        XX         9 3 11
23-28-17-584386-001-052000000002 2 3   3  1   2                                        2
63-15-23-804387-001-011334000002          1   1                      XX           4    2
88-30-09-514388-001-012000000003 0 3   3  1   2                                        2
80-95-10-004390-001-012000000003 3 9   9  1   2                                        1
51-70-44-664401-001-011033000212      11  1   1               X                   9    2
57-36-35-194402-001-012000000003          1   2                                        2
55-75-03-844403-001-012300000003 3 4   4  1   1                XXXXX              9    2
95-42-72-984404-001-011000007003          1   1      XXXXXXXXXXXX                 9 5  2
98-50-13-744405-001-012000000003          1   2                                        2
72-18-62-994405-001-022000000003       9  1   2                                        2
81-96-63-124406-001-011251703212 2 3   3  1   1      XXXXX                        1    2
31-82-16-054407-001-011700000002          1   1          XXX                      1 4  2
41-86-88-494409-001-012000000003          1   2                                        2
08-30-76-814420-001-012000000003          1   2                                        2
04-34-24-344421-001-011320000002 4 911 0  1   1                 X                 1    2
16-13-69-074421-001-042000000003 3 7   7  1   2                                        2
47-76-35-154422-001-012000000002 211  11  1   2                                        2
87-79-28-484422-001-022000000003          1   2                                        2
60-71-91-184422-001-042000000002 3 9   9  1   2                                        2
98-11-62-454423-001-012000000003 3 3   0  1   2                                        2
31-67-35-804424-001-012000000003       7 11   2                                        2
62-12-89-804424-001-032000000003          1   2                                        2
50-44-26-514424-001-042000000003          1   1                     X             9    2
10-05-75-774425-001-012000000003       4  1   2                                        2
59-24-51-604426-001-011310100113          1   1            XX                     9    2
80-33-32-254427-001-011324103221          1   1          XXXXX                    9    1
48-73-44-844439-001-012300000003 0 7  11  1   2                                        2
05-77-19-484440-001-011602020002 212  11  1   1     XXXX                          1 2  2
20-22-92-624441-001-011277770102       9 31   1    XX                             1 4 82
59-35-71-824442-001-012300000003          1   1    X                              9    2
89-30-33-364442-001-051700000222          1   1               X                   9    2
02-51-38-994443-001-012210301002 2 6   6  1   1     X                             8    2
18-84-57-804443-001-032000000002 0 8   3  1   2                                        1
60-34-10-264443-001-041223700002          1   2                                        2
77-57-87-514443-001-052100000003 310 6 0  2  12                                        2
43-79-07-184444-001-012200000002 3 7   0  1   2                                        2
75-52-30-394445-001-012200700003 3 7 4 3  22212                                        2
82-26-21-394445-001-031000000003 4 4   4  1   2                                        2
81-84-58-854445-001-042000000003 4 9   6  1   2                                        2
84-67-96-954446-001-012000000003 3 5   5  2  12                                        1
51-34-28-604458-001-011400000002 211  11  1   2                                        2
63-30-74-354461-001-012000000002 2 3   0  1   2                                        2
24-49-93-404462-001-012000000003 3 3   1  1   2                                        2
01-52-39-234463-001-012000000003 3 6   6  1   1                X                  1    2
36-73-85-024463-001-021000002202          1   1            X                      3    2
86-27-46-334463-001-032000000003 3 7   7 31   2                                        2
60-57-49-174463-001-042000000003          1   2                                        2
05-90-94-554463-001-052000000003 3 8   0  1   2                                        2
59-91-45-634463-001-062000000002 3 7   0  1   2                                        2
99-76-98-434464-001-012000000003 3 7   7  1   2                                        2
11-54-93-994464-001-041000000003 3 7   0  1   2                                        2
66-52-25-504464-001-052000000003 3 7   0  1   2                                        2
88-09-11-144465-001-012000000002      11  1   2                                        2
91-55-29-144466-001-011350000002          1   2                                        2
35-05-57-384467-001-011571402102          1   1               XX                  9    2
36-39-21-634478-001-011347420003 3 3   3  22211               X                   910  2
54-34-39-914478-001-032000000003 3 7   0  2  12                                        2
25-88-33-814481-001-012000000003 3 7   6  1   2                                        2
99-28-29-124482-001-032300000002 3 6   0  1   2                                        2
22-37-41-424482-001-061771111003 810   0  1   2                                        2
41-58-31-404483-001-012000000002       3  1   2                                        2
14-35-00-154484-001-012000000003 4 7   3  2  12                                        2
48-62-55-604496-001-011300000003       4  1   1          X XX                     9    2
98-57-46-794497-001-012120400003          1   2                                        2
10-98-93-804498-001-012000001012       3  1   1                XX                 9    2
34-85-87-844498-001-032200200002       1  2   1    X                             10    2
27-01-39-844499-001-022000000003 3 4   4  21112                                        2
05-19-84-164499-001-032000000002          1   2                                        2
52-69-37-484500-001-011655403022      11  1   1     XXXXXXXXXXX                   9    2
07-40-17-944501-001-022000000003          1   2                                        2
10-94-44-734501-001-032000000003 3 310 3  1   2                                        2
56-35-31-494501-001-042000000002 3 3   3  1   2                                        2
75-25-78-644501-001-062100000003 3 4   4  1   2                                        2
41-39-89-994501-001-072000000003 4 9   9  1   2                                        2
79-90-44-824501-001-082000000003 3 4   4  2  22                                        2
27-12-14-234501-001-152000000003 3 7 4 4  1   2                                        1
46-06-74-344502-001-012001000003 3 9   9  1   2                                        2
98-64-31-114502-001-022000000003          1   2                                        2
72-51-93-504503-001-011300021102 211   3  1   1     XX        X                   4 5 92
79-13-46-574515-001-011300110003 3 4   4  1   1               XXX      XX         4    1
97-88-90-364516-001-012000000002 2 9   9  1   1                XX                 3    2
70-16-64-654517-001-012000000002 3 3   3  1   2                                        2
42-13-45-354518-001-011000000002          1   2                                        2
18-35-65-994519-001-012000000003 4 3   3  1   2                                        2
02-31-76-704519-001-021311301002      11  1   1                           XX      5    2
82-38-97-694519-001-052000000003 410 6 0  1   2                                        1
81-55-21-874520-001-012000000003 5 8   8  1   2                                        2
20-44-65-064520-001-101002000003          1   2                                        2
66-05-47-214521-001-012000000003       6  1   2                                        2
67-86-47-254521-001-022000000003 3 3   9  1   2                                        1
82-71-03-114521-001-032000000003          1   2                                        2
68-16-27-734521-001-042000000003 4 7   7  1   2                                        2
27-90-81-474522-001-011200700003       9  1   2                                        2
56-74-41-294534-001-012000000003 3 9   9  1   2                                        2
92-98-94-244535-001-012000000002 3 9   7  1   1     XX                            8 1  2
54-75-27-274535-001-032000000003 3 7   7  1   2                                        2
60-91-64-874537-001-012000000002      11  1   2                                        2
79-89-73-454538-001-011143032122 010   0  1   1                X                  1 9  2
23-26-79-034539-001-021000003002 211  11  1   2                                        2
97-63-24-274540-001-012000000002          1   2                                        2
88-22-71-884540-001-022000000003 3 9   9  1   1           XXXX                    1 5 92
99-29-28-044543-001-012000000003       6 81   2                                        2
33-21-92-064543-001-042000000002      12  1   2                                        2
07-12-78-204553-001-012000000213 3 6   3  1   1                           XX      9    1
71-01-31-444556-001-011400200101 010   0  1   1               XXXX                9    2
12-75-64-834557-001-012000000003       9  1   1                 XXXXXXXXXX        9    1
20-25-34-584560-001-011000703003       0  1   1                         XXXX      9    2
59-19-21-434564-001-011202000002          1   1                   X   XX          9    2
87-69-42-264572-001-012000000002 3 9   9  1   2                                        2
91-04-87-474573-001-012702000003       3  1   2                                        2
44-70-01-244573-001-062000000002 2 210 0  1   2                                        1
98-51-76-864574-001-012000000002 3 3   3  1   2                                        2
75-03-12-014574-001-112000000003 3 3   3  1   2                                        2
14-12-24-894574-001-142000000003 3 6   6  1   2                                        2
08-04-53-234575-001-012000000003 3 7   7  1   2                                        2
79-83-28-884575-001-031032400322 3 7   7  1   1                 XXXX    XXXX      9    1
81-26-85-914576-001-012000000003       3  1   1      XXX                          8    1
17-67-12-914577-001-011000004002 3 3   3  1   1            XXXXXX                 5    2
37-60-86-834579-001-012000000003 312 812  1   2                                        2
52-91-24-054591-001-012000000003 5 9   3  1   1      XXX                          1 4  2
61-42-72-094593-001-012000000002 3 310 3 21   2                                        2
18-48-24-684594-001-012000000003 3 2   2  2  22                                        2
92-85-59-414595-001-012000000002 3 6   6  1   2                                        2
34-86-75-054596-001-012000000003 4 710 7  1   2                                        1
06-13-33-114597-001-012000000003 4 9   9  1   2                                        2
96-37-81-904598-001-012000000003 3 2   2  1   2                                        2
49-21-39-304610-001-012000000003       3  1   2                                        2
65-85-36-394610-001-031212200102          1   2                                        2
26-21-26-624611-001-012402000001 210 6 6  1   1         X                        10 4  2
32-04-36-834613-001-011060202203          1   1    XXXX                           1 2102
59-40-38-534614-001-012000000003 3 9   9  1   1      X                            1    2
64-20-85-604615-001-012000000003       1  1   2                                        2
29-51-90-804616-001-012200002002 310   3  1   1    XXX                            9 3  2
63-32-21-814616-001-032000001003 310 7 0  1   2                                        2
20-68-50-494616-001-041100000003 3 9   9  1   2                                        1
51-70-53-074618-001-012000000003       3  1   2                                        2
35-88-72-584618-001-022000000003 3 9   0  1   2                                        2
10-28-09-944618-001-031171230011 2 3   3  1   1           XXXXX                   9    2
60-43-11-364629-001-012000000003       9  1   2                                        2
64-80-76-154630-001-012000000002 3 910 9  1   2                                        2
85-63-13-874631-001-012000000003 3 6   6  1   2                                        2
67-40-05-014631-001-072000000003 4 410 0  1   2                                        2
91-36-32-574633-001-012000000003 3 9   9  1   2                                        2
42-20-92-374633-001-062000000002 3 9   9  1   2                                        2
34-33-43-164634-001-012000000003 3 8   8  1   1             XXX                   1 8  2
45-15-69-234635-001-012200000003 4 3   3  1   2                                        2
49-97-30-764636-001-011000000003 4 7   0  1   2                                        2
30-42-65-654640-001-011100220103 3 8 3 3  1   2                                        2
02-23-53-224648-001-012000000003 4 9   7  2  12                                        2
35-41-66-584649-001-041777100112 3 7   0  1   2                                        2
38-73-88-634650-001-012000000002          1   2                                        2
63-63-73-114651-001-012000000003       7  1   2                                        2
00-91-88-384652-001-012000000003 3 9   9  1   2                                        2
21-63-11-414653-001-011031310222       6 91   1          XXXX                     9 8  2
92-11-72-844655-001-012000000002          1   2                                        2
69-31-95-974655-001-032000000003 3 7   7  1   2                                        2
78-40-70-974667-001-012000000002          1   2                                        2
31-94-25-674667-001-021002312002 3 7   0  1   1                X                  9    1
27-44-96-424667-001-032200000012       3  1   2                                        1
89-60-64-184668-001-011300000003 5 7 6 4  2   1            X X                   10    2
17-03-15-714669-001-012000000002       7  1   1          XXXXXX                   8    2
55-86-26-384670-001-012000000002       4  1   2                                        2
64-93-12-244671-001-011300000003       7  1   1               X                   9    2
51-54-67-864672-001-012000000003       4  1   2                                        2
03-89-93-604673-001-012000000003 3 7   7  1   2                                        2
19-56-77-124673-001-021111322202 2 9   9  1   1             X X                   8    1
34-09-21-584674-001-011400200003 0 1   1  1   1             XX                    4 9  2
22-96-03-484674-001-022000000002 2 7   0  1   1    XXXX                           1    2
11-39-76-334686-001-012000000003          1   2                                        2
13-30-32-394686-001-052000000003          1   2                                        2
64-29-64-164687-001-012000000003          1   2                                        2
72-39-42-754688-001-022000000002      11  1   2                                        2
50-92-63-134689-001-012000000003       4  1   2                                        2
34-80-26-314689-001-032300000003 4 8   0  1   2                                        2
49-12-55-494690-001-012000000003       7  1   2                                        2
69-05-51-734691-001-021000000003       4  1   2                                        2
77-70-87-744692-001-012000000003          1   2                                        2
67-19-03-674693-001-012000000003       4  1   2                                        2
86-84-85-384693-001-061304200003          1   1                        XX         9    2
72-25-71-424705-001-012000000003 3 3   3  1   2                                        2
86-76-02-114706-001-012000000003 4 9 3 3  1   2                                        2
22-03-76-214707-001-012500000002 3 3   3  1   2                                        2
96-02-86-114709-001-012000000003 311  11  1   1                 X                 1    2
34-31-41-494710-001-012400000002 3 3   3  1   1                 XX                1 4 92
66-92-85-394710-001-032000000003 610 3 0  1   2                                        2
48-54-38-194711-001-012000000002 3 3   3  1   2                                        2
13-80-32-634724-001-011100701102 3 9 7 9  1   1             X                     4 9  2
46-46-75-674725-001-012000000003       4  1   2                                        2
20-41-67-774725-001-031534050002 3 4   4  1   1               XX                  8    2
50-56-16-504726-001-012000000003          1   1      XX                           1    2
97-39-50-714727-001-012000000002       3  1   2                                        2
64-29-60-194727-001-032100000003 3 3   3  1   2                                        2
14-54-41-374728-001-012000000003 3 9   9  1   2                                        2
69-36-12-774730-001-012000000002       3  1   1     XX                            4    2
47-67-32-844730-001-032000300003 4 3   3  1   2                                        2
37-63-74-984731-001-011330000003       3  1   1               X                  10    2
99-24-15-134731-001-021102000003 3 6   6  1   1     XX                           10 3  2
68-16-68-794743-001-012220100003 311   3  1   1            X                      1    2
72-19-32-094744-001-011347700002 2 9   9  1   1      XXXXXXXXXXXX                 1    2
15-21-88-534745-001-011320202002          1   2                                        2
62-43-51-594745-001-042000000003       3  1   2                                        2
32-60-45-234746-001-012000000003 4 3   3  1   2                                        2
68-11-89-034747-001-012000000003 3 4   4  1   2                                        2
82-63-17-224748-001-012000000003 4 7 6 0  1   2                                        2
54-20-65-814749-001-011200000002 2 3   3  1   1      XX                           9 3  2
86-91-07-434750-001-012707020003       1  1   1      XXXX                         5    2
83-01-32-254750-001-022000000003 3 1   0  1   2                                        2
28-98-99-324750-001-052000000002       3  1   2                                        2
49-76-86-824750-001-081220000003          1   1              XXX                  310  2
50-66-78-064762-001-012000000003       3  1   2                                        2
81-71-44-084762-001-022000000003       4  1   1                XXX                3 9  2
47-55-39-754762-001-032700000003 5 9   0  1   1                XX                 1 4 92
88-66-82-044762-001-041500000003 412   0  1   1                XXXX               9    2
44-87-32-804763-001-012000000003 4 3   3  1   2                                        2
33-63-56-624763-001-032000000003 3 3   0  1   2                                        2
51-90-57-304764-001-012300000003 5 2   3  1   1                  X                4 9  2
37-78-08-274764-001-032200220003 3 7   0  1   1                  X                4    2
66-00-46-864764-001-042000000003 5 7   3  1   2                                        2
15-53-81-324764-001-082000000003 6 7   0  1   2                                        2
95-95-14-854765-001-012400000003 3 3   3  1   2                                        1
89-76-80-984765-001-021500000003 3 9  11  1   1              XXXX                 2    2
00-38-32-834766-001-012000000003 5 310 3  1   2                                        2
00-31-35-004766-001-032000000003 5 310 4  1   2                                        1
66-94-14-014766-001-041000000003 3 9   9  1   2                                        2
29-34-78-174766-001-052000000003 5 6   6  1   2                                        2
13-09-88-204766-001-102000000003 5 9   5  1   2                                        2
64-03-28-394767-001-012300000003 4 7   7  1   2                                        1
38-76-84-394768-001-012000000002       3  1   2                                        2
66-09-01-844768-001-021300000003 3 4   0  1   1              XXXXX                3    2
33-30-46-034769-001-012000000003 3 7   6  1   2                                        2
10-29-22-884781-001-012000000003 6 6 7 6  1   2                                        2
06-17-87-544782-001-011032000003 3 3   3  1   2                                        2
46-91-21-084782-001-022000000003          1   2                                        2
89-56-35-034782-001-031300100003          1   2                                        2
09-72-48-744783-001-012000000003       3  1   2                                        2
95-47-39-494783-001-032030000003 3 9  11  1   2                                        1
77-16-73-054783-001-042000000003 5 4   4  1   2                                        2
79-66-60-704783-001-062000000003       3  1   2                                        2
21-21-00-334785-001-011000001222 3 9   9  1   2                                        2
18-38-75-744786-001-011544642202 3 9  11  1   1               XXXXX               3    2
83-91-44-864788-001-012000000003 4 3   3  1   2                                        2
97-53-31-514788-001-032000000003          1   2                                        2
74-79-96-154789-001-012000000003       4  1   2                                        2
29-77-71-614800-001-011430000003 4 9   3  1   2                                        2
35-86-44-704800-001-021300000002 2 3   3  1   2                                        1
04-03-40-974800-001-101200001002 2 3   3  1   1      XXX                          9 3  2
66-94-03-174800-001-192000000003 4 8   6  1   2                                        2
87-21-08-094801-001-012000000002          1   1       XX                          4    2
84-03-14-864802-001-011000100002 0 7   6  1   1            X                      9    2
08-11-25-784803-001-021430200003 3 6   6  1   1      X                            1    2
73-49-56-134804-001-012000000003 4 7   7  1   2                                        2
24-67-34-654805-001-012000000002 3 810 8  1   2                                        2
87-26-62-634805-001-052000000003 3 9   9  1   2                                        2
78-46-80-074806-001-012000000003 4 910 9  1   2                                        2
60-52-94-104807-001-012000000002 3 9   9  1   2                                        2
31-26-29-144807-001-052000000002 3 9  11  1   2                                        2
84-78-41-064820-001-011010000003 0 9  11  1   1     X                             4    2
59-26-45-524820-001-032000000000          1   2                                        2
37-89-07-714821-001-011003500003 5 9  11  1   2                                        2
83-88-14-904821-001-072000000003 510 6 0  2  12                                        2
29-50-42-334822-001-011150332122 3 9   7  1   1    XXX                            1 5  2
85-73-80-994822-001-062000000003          1   2                                        2
39-17-25-574823-001-012000000002       6  1   2                                        2
01-34-80-684824-001-012000000003 3 6   6  1   2                                        2
58-67-39-474825-001-012000000003 3 410 4  1   2                                        1
91-09-61-374826-001-022000000003       4  1   2                                        2
51-20-55-514826-001-112000000003 3 3   3  1   2                                        2
98-17-39-894829-001-012000000003 0 8   8  1   2                                        2
17-85-72-984838-001-011200002003 3 6   9 61   1            XXXXXX                 8 9 42
33-87-11-244839-001-011100000003          1   2                                        2
17-43-17-874841-001-012470100003       1  1   1      X                            9 1  2
92-94-33-394841-001-032000000003 6 7   0  1   2                                        2
76-69-80-584842-001-011212700002 3 7   9  1   1      XX                           8    2
15-67-33-214843-001-012000000003 3 4   4  1   2                                        2
35-77-92-814844-001-022000000003 3 910 6  1   2                                        2
01-60-16-754845-001-012000000003 3 6   6101   2                                        2
95-50-06-674845-001-032400000002 4 7   0  1   1      XX                           3    2
36-89-46-824858-001-011370700002 3 3   3  1   1      X                            3    2
93-91-00-814859-001-011424370003 3 1   3  1   1       X                           9    2
11-13-37-424860-001-011200552501 2 9  11  1   1            XXXXXX                 9 3  2
84-10-16-274861-001-011300710002       9  1   1                X                  3    2
92-40-07-944862-001-011220000003       6  1   1       XX                         10 9  2
65-63-93-474863-001-011221010002       4  1   1              XXX                  1 9  2
37-83-99-234864-001-011777740003 3 4   4  1   1          XXX                      5 3 92
80-07-40-894864-001-041306004003 3 4   4  1   1      XX                           9    2
63-09-12-734864-001-051000000003 3 8   8  1   2                                        2
61-20-48-064877-001-012000000003 3 3   3  1   2                                        2
02-39-87-314878-001-012000020002 310 9 3 91   2                                        2
80-02-63-904879-001-011411300003 5 410 4  2  11     XX                            9    1
78-15-30-224880-001-012000000002       3  1   2                                        2
07-30-00-564880-001-022000000002 4 9   9 32  12                                        2
87-00-29-744880-001-032000000003 312   0  1   2                                        2
15-09-89-024881-001-011301110112 3 9   9  1   1     X                             4    1
20-18-08-464882-001-012000000202          1   2                                        2
58-98-10-284883-001-011000130002 0 3   3  1   1              XX                   1    2
74-65-01-514883-001-041000000002 3 3   3  1   1     X                             1    2
47-30-58-254895-001-012000000003          1   2                                        2
83-48-46-444895-001-031000000003 3 4   0  1   2                                        2
72-54-30-154895-001-052000000003          1   2                                        2
06-47-27-704896-001-011030000003 3 8   4  1   2                                        2
55-37-33-834897-001-011701000003       4  1   1        X                          9    2
87-09-78-694898-001-012000000003       4  1   2                                        2
83-14-14-024898-001-042000000003 5 7   0  1   2                                        2
11-30-27-894899-001-012000000003 3 4   4  1   2                                        2
42-87-18-364900-001-012400200003       4  1   2                                        2
44-11-06-044901-001-011322470003 3 9   9  1   1     XXX      XXX                  4    2
66-05-57-514902-001-012000000003 3 4   4  1   2                                        2
82-92-95-334914-001-012000000003          1   2                                        2
37-86-09-804915-001-011000000112          1   2                                        2
84-99-81-334916-001-011001300003       4  1   1     XXXXXXXXXXXX                  1    1
70-83-81-894917-001-011300220202       0  1   2                                        2
12-86-91-664918-001-011300400003          1   2                                        2
63-07-18-144919-001-012000000003          1   2                                        2
50-74-04-804919-001-022000000003          1   2                                        2
19-81-67-344920-001-012000000003 4 410 4  1   2                                        2
62-49-93-004921-001-012000000003          1   2                                        2
31-32-27-894934-001-022000000002       1 41   2                                        2
18-03-94-104935-001-011354500003          1   2                                        2
63-74-76-284936-001-012000000003 3 1   1  1   2                                        2
22-44-45-564937-001-012000000003       4  1   2                                        2
20-59-92-394938-001-012000000003          1   2                                        2
49-79-07-864938-001-022200000003 4 7   4  1   2                                        2
16-74-03-084938-001-052000000003 4 4   0  1   2                                        2
63-25-21-504939-001-012000020003       4 91   2                                        2
03-44-97-894940-001-011200000003 3 4   4  1   1        X                          4    2
27-50-87-344971-001-012000000002 3 7   4  1   2                                        2
17-97-82-004971-001-021754700003 310   0  1   1                   XXXX           10    1
39-26-01-864972-001-011400507003 3 610 0  1   1              XXXXXXXXXXXX         9 1  2
30-25-28-774973-001-022000000003 3 7 3 7 11   2                                        2
67-95-55-994973-001-042000000003 5 1   1  1   2                                        2
97-70-48-754974-001-012000000002       0  1   1              X                    8    2
13-71-79-354975-001-012000000002 2 4   0  1   2                                        1
15-97-26-644976-001-011020300003       9  1   1              XXXXXXXXXXXX         9    2
37-13-74-754976-001-032000000002 010   0  1   2                                        2
69-14-01-644978-001-012000000003       6 91   2                                        2
77-11-61-744978-001-032000000003 3 6   6  1   2                                        1
12-54-93-334978-001-052000000003 3 6   6  1   2                                        2
84-34-29-434990-001-021000001003 4 7   7  1   2                                        2
56-79-04-464991-001-011000010002 2 3   3  1   2                                        2
85-74-34-934992-001-012000000002 3 1   1  1   2                                        2
59-59-77-064993-001-011070000003 3 3   3  1   2                                        2
29-14-89-654994-001-012000000002 3 9 6 0  1   2                                        2
22-03-21-614995-001-011700000003 3 3   3  1   1                          XX       9    1
82-93-80-804996-001-011500000002 3 7   0  1   2                                        1
69-02-98-204997-001-012000000003 3 3   3  1   2                                        2
91-35-17-355009-001-012000000003       4  1   2                                        2
88-31-04-505009-001-032000000002 110   0  1   2                                        2
45-67-40-695010-001-012000000004 4 410 4  2  12                                        2
59-98-24-365011-001-012000000003 5 9   9  1   2                                        2
10-20-55-115012-001-012000000003 4 4   4  1   2                                        2
66-02-80-915013-001-012000000003       1  1   2                                        2
87-78-39-465014-001-011500000003 4 2   2  1   1                    XXX            1 9  1
94-34-19-215015-001-012000000003       1  1   1           XXXXXXXXXXXX            1    2
11-03-49-695015-001-022000000003 310 8 8  1   2                                        2
18-94-40-075016-001-011500700003       1  1   1                  XXXXX            1 9  1
10-04-57-615028-001-012000000003 3 4   0  1   2                                        2
43-79-50-755028-001-022000000003          1   2                                        2
85-32-26-075029-001-012000000003 4 4   4  1   2                                        2
50-23-60-365030-001-012000000003          1   2                                        2
39-21-14-585030-001-042000000003 5 4   0  1   2                                        2
21-10-51-275031-001-021000000003          1   2                                        2
89-97-94-105032-001-011000000003       4  1   1         X                         8    2
88-26-48-685032-001-032000000003 5 4   0  1   1                   X               9    2
25-26-48-115034-001-012000000003       1  1   2                                        2
84-82-31-125035-001-012000000003          1   2                                        2
81-48-24-725047-001-012000000002       3  1   2                                        2
55-63-96-995048-001-012000000003       1 41   2                                        2
57-88-08-505048-001-032000000003 610 7 0  1   2                                        2
74-84-15-575048-001-042000000002 3 710 0  1   2                                        2
44-38-13-625049-001-011403000002 211  11  1   1                 XXXX              9    2
53-32-10-735050-001-011300000003 3 1   1  1   2                                        2
16-17-31-145051-001-011100001002          1   1          X  XX                    9    2
05-61-84-715051-001-031200402002          1   1          X  XXXX                  9    2
12-54-70-115051-001-052020001002          1   1                   XX              1    2
40-48-42-935052-001-012000000003          1   2                                        1
31-68-70-085053-001-021003211003       1  1   1         XXXXXXXXXXXX              9    2
11-15-22-175054-001-012000000003 4 410 0  1   1            X                      9    2
85-92-56-865066-001-011707700002 3 2   2  1   1           XXXXXX                  9 1  2
41-04-66-705066-001-052000000003 3 4   0  1   2                                        2
29-03-15-915067-001-011000000002 3 4 8 8 41   2                                        2
44-59-43-785068-001-012000000002 3 2   2  1   2                                        2
72-69-78-165069-001-012000000003       1  1   2                                        2
56-72-06-275070-001-012000000003 4 4 2 4 21   2                                        2
98-26-72-135070-001-032000000003 410 3 0  1   2                                        2
14-01-19-875071-001-012000000003       4  1   2                                        2
14-19-72-275072-001-012000000003 3 4   4  1   2                                        2
18-87-03-635073-001-011020100003 4 4   4  1   2                                        2
83-01-69-835085-001-011700301002 4 1   1  1   1            XXXXX                  3 9  2
98-44-73-355086-001-012000000003          1   2                                        2
25-85-02-565087-001-012000000002          1   2                                        2
55-38-00-935088-001-012000000003       1  1   1            XX                     9    2
99-41-28-595089-001-012000000003 4 4   4  1   2                                        2
56-66-54-795090-001-011302110002 3 910 3  1   2                                        2
94-36-12-695091-001-012000003022 2 4   1  1   2                                        2
83-51-28-255092-001-011000500002 2 3   3  1   1              XXXX                 1    1
34-09-28-385105-001-011000000003          1   1           XXX                     9    2
11-09-42-765107-001-012000000003       4  1   2                                        2
03-45-70-945108-001-012000000003          1   2                                        2
48-03-96-895109-001-012000700003       4  1   2                                        2
93-52-40-275110-001-011221002102          1   2                                        2
24-04-48-765111-001-011410700702 3 7 4 4  1   1            XXX                    9    2
40-03-26-065111-001-021374201002          1   1          X                        9    1
13-54-48-285127-001-012000000003 5 4   4  1   2                                        2
14-93-39-355130-001-011253322102      11  1   1                 X  XXX            9    2
67-20-84-575131-001-012110000003 3 4  11  1   1                    X              9    1
17-62-01-085132-001-012000000003 3 7   6  1   2                                        2
55-28-79-265133-001-011320702003      11  1   1                      X            9    2
00-96-71-975143-001-012000000003          1   2                                        2
45-64-99-215144-001-012000000003 5 4   4  1   2                                        2
41-48-55-905146-001-021612401002 2 7   4  1   2                                        2
17-34-97-005147-001-012020000003          1   2                                        2
44-41-11-215152-001-012030000003 010   4  1   2                                        2
74-17-49-045152-001-032000000003          1   2                                        2
13-88-45-245153-001-011152120003 5 8   4  2  12                                        2
60-48-84-865162-001-022272700202       4  1   1                       X           9    2
61-72-29-745168-001-012000000003       3  1   2                                        2
89-55-84-785168-001-021200000003      11  1   2                                        2
05-74-42-735169-001-011032000003          1   2                                        2
01-63-14-035170-001-011312100002       4  1   2                                        2
01-19-56-685170-001-041332301103          1   1                      XX           9    2
64-17-97-375171-001-012000000003       4  1   2                                        2
75-41-34-455180-001-012000000003       7  1   2                                        2
07-08-29-865182-001-012070000003       8  1   2                                        2
41-85-46-235183-001-012000000003          1   2                                        2
91-68-31-455184-001-012200000003          2 1 2                                        2
12-31-89-985186-001-012000000003          1   2                                        2
84-26-77-425202-001-012000000003 3 7   7  2  12                                        2
65-79-70-425203-001-012000000003          1   2                                        2
25-87-86-915204-001-011020300102          1   2                                        2
07-76-87-785205-001-021720302203          1   2                                        2
82-29-14-195207-001-011223100003 010   0  1   2                                        2
45-44-32-565218-001-012000000003 3 7   4  1   1       XX                          9    2
56-86-40-505219-001-012000000002          1   2                                        2
85-66-89-755220-001-012020200002       4  1   2                                        1
21-19-85-695220-001-062000000003 3 7   0  1   2                                        1
01-55-98-585221-001-011330200003 3 7   0  1   1                  X                9    2
71-46-78-615222-001-022000000003          1   2                                        2
65-33-89-345223-001-012000000003       4  1   2                                        2
80-84-09-325224-001-012000000003 5 8   4  2  12                                        2
93-09-91-355224-001-021702212002 3 4   4  1   1         X   X  XX                 9    2
23-23-07-215224-001-032000000003 311  11  1   2                                        2
23-20-97-075228-001-011020040001 3 7   4  1   1          XXXX                     5    2
94-55-33-915228-001-022370100003      12  1   2                                        2
46-71-16-365228-001-091242032002      11  1   2                                        2
11-99-21-965238-001-011201000013       4  1   1          XX                       9    2
59-60-16-185240-001-011073000003          1   1                    X              9    2
74-22-57-095241-001-012000000003       4  1   2                                        2
54-99-57-065241-001-022000000003          1   2                                        2
55-30-92-445242-001-011000000003          1   2                                        2
31-85-61-415244-001-011111101003 6 5   0  22211                X   X              9    2
02-32-95-595245-001-012000000003 4 5 4 4  1   2                                        2
40-20-38-565256-001-012000000003       4  1   2                                        2
64-89-87-105257-001-012000000003 5 4   0  1   2                                        2
01-30-37-925258-001-022000000003 4 7  11  1   2                                        2
84-21-69-365260-001-012000000003 3 6   6  1   2                                        2
72-15-66-955261-001-012500000003          1   2                                        2
49-22-90-255263-001-012000000003 3 4   0  1   2                                        2
76-48-76-235275-001-012000000003 510 4 0  1   2                                        2
62-56-55-855277-001-012300000003 5 4   4  1   2                                        2
34-37-01-015277-001-062000000003          1   2                                        2
86-02-89-525278-001-012100000003       4  1   2                                        2
06-07-05-325279-001-022040000003          1   2                                        2
88-84-54-605280-001-012651404612          1   2                                        2
97-40-54-245281-001-011077000003       3  1   1                  XXXX             9    1
95-14-71-785283-001-012300000002       4  1   2                                        2
13-56-55-765294-001-012000000003 3 4   4  1   2                                        2
09-35-53-515295-001-011102302202          1   1                   X               9    2
83-64-12-665296-001-011564000301          1   1            XXXXXXXXXXXX           9    2
36-71-44-485296-001-041750040002 4 7   4  1   1             XXXXXXXXXXXX          9    2
82-32-82-665298-001-012000000003       4  1   2                                        2
38-91-78-915300-001-011352210003 011   4  1   1                    XX             9    2
14-25-58-455303-001-012000000000          1   2                                        2
43-47-25-485313-001-011010000003       3  1   2                                        1
59-75-89-445314-001-012000000003      12  1   2                                        2
33-25-48-505316-001-012000000003 510 4 0  1   2                                        2
03-34-75-965318-001-011302200002 3 4   4  1   1             X   X                 9    2
86-62-84-505319-001-012000000003 5 4  11  1   2                                        2
75-15-04-695320-001-012000000003       4  1   2                                        2
43-91-43-845323-001-022000000003 5 4   0  21 12                                        2
21-75-27-695333-001-022730000002          1   1                   XXXXX           9    1
17-86-06-055334-001-021412302002       4  1   2                                        2
37-88-09-875334-001-041312110003       4  1   2                                        2
84-44-21-985334-001-122000000003 510 9 0  2  12                                        2
22-96-94-525335-001-022000000003       0  1   2                                        2
94-90-68-895336-001-012042700002      11  1   1             XX                    9    2
17-08-19-255337-001-012000000003          1   2                                        2
05-23-98-895339-001-011370000003       0  1   1                    XX             9    2
89-81-22-005340-001-012000000003       4  1   2                                        2
28-34-52-785340-001-052000000003          1   2                                        2
03-84-38-535351-001-012000000003          1   2                                        2
01-83-60-195351-001-022000000003 5 4   4  1   1               X   X               9    2
09-95-50-425352-001-012000000003 6 7   0  1   2                                        2
60-07-91-165353-001-011551701102          1   2                                        2
19-74-16-955354-001-011570200003      12  1   1          XX                       9    2
99-02-84-995357-001-011573000003 3 4   0  1   1          XX                       9    2
82-70-66-935358-001-012000000003 3 4   4  1   2                                        2
74-93-09-745361-001-011000000003 3 2   2  1   2                                        2
25-04-99-495370-001-011600000003       4  1   1            XXX                    9    2
21-97-56-165372-001-011303000202       4  1   1           XXXXXXXXX               9    2
29-45-94-815373-001-012000000003       4  1   2                                        2
42-78-88-255374-001-012000000002       4  1   2                                        2
22-84-85-635375-001-012000000003          1   2                                        2
90-21-94-205375-001-032000000003          1   2                                        2
74-04-76-755376-001-011752211302       4  1   1                    X X            9    2
49-96-09-535392-001-012000000003 3 4   4  1   2                                        2
86-61-12-525393-001-012000000003 5 7   4  1   2                                        2
24-42-81-995395-001-012000000003 310   4  1   2                                        2
77-53-54-395396-001-012000000003       4  1   2                                        2
71-29-17-945397-001-012000000003          1   2                                        2
44-37-95-025400-001-012000000003 5 5   1  1   2                                        2
74-05-17-775409-001-012300000003          1   2                                        2
53-63-74-275410-001-012000000003 410 4 0  1   2                                        2
48-78-00-745411-001-012000000003 310   0  1   2                                        2
35-15-55-425412-001-012000000003       4  1   2                                        2
89-13-50-435413-001-011000000002       4  1   2                                        2
20-63-28-325414-001-012000000003          1   1                   XX              9    2
03-48-02-995414-001-052150000003 3 6   0  1   2                                        2
99-52-69-845415-001-012000000003       4  1   2                                        2
81-08-80-445427-001-012100000002 3 4   4  1   2                                        2
84-06-03-855429-001-012470402002 310   0  1   2                                        2
13-12-10-355429-001-021300000003 3 4   4  1   2                                        2
81-96-90-165430-001-012200000003 4 7   4  22211           XXXX                    9    2
58-42-38-985431-001-012234000003       4  1   1                XXXX               9    2
05-64-34-945433-001-012000000003       1 41   2                                        2
38-73-16-035434-001-012000201003 3 7  11  1   2                                        2
47-54-92-465446-001-011100000002          1   2                                        2
38-02-99-865447-001-012000000003 010   4  1   2                                        2
49-33-69-825447-001-032000000003 6 8 7 0  2  12                                        2
98-53-16-545449-001-012000000003 4 4   0  1   2                                        2
65-00-16-015450-001-012000000003       4  1   2                                        2
10-28-04-695451-001-012050000003          1   2                                        2
43-33-92-975456-001-011730000003       4  1   1                   XXX             9    2
17-92-39-335458-001-011770000003      11  1   2                                        2
82-76-47-585458-001-031372000102          1   1                    X              9    2
63-15-48-135458-001-041000000003          1   2                                        2
68-81-50-135458-001-052170000003          1   2                                        2
08-15-71-455468-001-012000000002 311  11  2  12                                        2
50-00-32-665469-001-011270310002       4  1   1              XXX                  9    2
27-19-08-105471-001-012000000003      11  1   2                                        2
80-15-86-315471-001-022000000003 4 5  11  1   2                                        2
77-36-55-835473-001-011477700002          1   1                 XXXXXXX           9    1
17-51-06-005474-001-012020000003 4 4   4  1   1                     X             9    2
41-68-12-115474-001-022000000003 3 6   0  1   2                                        2
20-70-51-825475-001-012000000003 3 7   0  1   2                                        2
47-48-66-405476-001-012000000003          1   2                                        2
49-13-11-655484-001-012000000003 010   4  1   2                                        2
86-93-20-115485-001-012000000003          1   2                                        2
31-45-41-115486-001-012000000003          1   2                                        2
66-94-54-605487-001-011002000003       4  221 2                                        2
88-27-19-895487-001-082000000003 3 2  11  1   1                    XXX            9    2
53-91-40-315489-001-012000000003 412   0  21112                                        2
12-32-78-575490-001-012000000003          1   2                                        2
24-74-23-235490-001-032000000003          1   2                                        2
53-45-74-685505-001-011000000003      12  1   1            XXXXXXXXXXXX           9    2
20-73-66-195505-001-022000000003      12  1   1                  XXX              9    2
47-37-81-695507-001-011200330003 3 4   4  1   1          XXXXXXXXXXXX             9    2
44-00-58-985507-001-052000000003          1   2                                        2
48-67-40-545509-001-011472312102          1   1            X   X                  9    2
08-95-01-365509-001-051070300731          1   1               XXX  X             10    2
92-35-01-025513-001-032000000003 610 7 4  1   1             XXXXXX                9    2
73-86-17-645514-001-011070000003       7  1   1                   XX              9    2
80-94-00-015522-001-012000000003 5 4 7 0  1   2                                        2
93-50-85-495524-001-012370570002      11  1   2                                        2
14-29-81-005524-001-032000000003 5 4   0  1   2                                        2
43-33-33-255525-001-012000000003 5 4   4  1   2                                        2
60-30-64-855526-001-012000000003       4  1   1                  XX               9    2
23-71-04-945527-001-012201000003          1   1         XX                       10    2
71-78-60-805528-001-011100010003 3 4   7  2  12                                        2
22-58-79-145529-001-012000000003          1   2                                        2
65-69-75-995529-001-032000000003 4 5   0  1   2                                        2
19-23-47-965541-001-012777600003 310   0  1   2                                        2
66-88-55-185543-001-012000000003 010  11  1   2                                        2
95-07-34-025543-001-022000000001          1   2                                        2
84-98-35-825544-001-021231000003       4  1   1                XX                 1    2
69-11-26-365545-001-012000000003       4  1   2                                        2
53-11-60-075546-001-012000000003          1   2                                        2
81-69-84-395547-001-012220210003 3 4   4  1   1            XXX                    9    1
84-87-72-595550-001-012010000003 3 7   4  1   2                                        2
52-99-24-535562-001-012000000003          1   2                                        2
29-20-77-815564-001-011777775502 2 4   4  1   1                XXXXX              9    2
61-02-09-785564-001-022300000003 0 2  11  22  1           X    X                  9    1
93-13-36-025565-001-012003040033 3 9  11  1   1                    X              9    2
57-60-09-895566-001-011200100003          1   1          X   X   X                9    2
72-89-66-515566-001-022000000002 3 4   4  1   1                 XXX               9    2
70-02-98-975566-001-032000000003       4 31   2                                        2
54-58-61-125566-001-061322000003 5 4   4  1   1            X X  X  X              9    2
06-45-10-135566-001-072000000003          1   2                                        2
66-41-47-675567-001-012000000003       4  1   2                                        2
62-17-74-785570-001-011770500102          1   1                   XXX             9    2
88-62-76-335570-001-021230301103          1   1              XXXX                 9    2
73-37-54-445579-001-021002301203          1   1            X                      9    2
85-60-57-925579-001-031460305002 3 5   0  21  2                                        2
53-74-80-355579-001-051537652223 3 7   0  1   1                   XX              9    2
95-18-99-895581-001-011221200113 5 7   0  1   1                 XXX               9 1  1
86-58-89-005581-001-022000000003 3 4   0  2  12                                        2
43-85-65-435582-001-011102323203 3 4   4  1   1                    X              9    2
52-27-83-635582-001-072200020003 3 7 4 4 71   2                                        2
86-58-49-115582-001-081000000003       4  1   1                 X                 9    2
58-05-44-885582-001-092000000003          221 2                                        2
40-01-55-035584-001-012000000003       4  1   2                                        2
95-26-88-185585-001-012000000003 3 4   4  1   1                XX X               9    2
95-02-37-555586-001-012000000003 5 5   4  22212                                        2
93-34-85-305588-001-011312300002          1   1           X    XXXXX              9    2
48-33-57-295601-001-011272200002          1   1                  XXXX             9    2
39-00-15-065602-001-011310120003       4  1   1            X X XX                 9    2
38-68-59-135602-001-021210000003          1   1              X X  X               9    2
35-24-24-705603-001-011210000003 011   0  1   1                    XX             9    2
69-67-14-925604-001-011777467402 3 3   3  1   1                   XXX             9    2
90-64-93-585605-001-011472000003      11  1   1                 XXX               9    2
30-89-84-265606-001-012000000003       7  2   2                                        2
91-10-13-905608-001-012210200002          1   1            X X  X X               9 4  2
75-52-06-305608-001-041034200002 4 4   0  1   1              XX                   9    2
36-54-86-745608-001-052000000003          1   2                                        2
65-00-65-835617-001-012000000003          1   1            X                      9    2
10-78-08-685618-001-012000000003          1   2                                        2
35-07-90-235620-001-012000200003 3 4   4  1   2                                        2
38-99-80-345620-001-031230000002 3 7   4  1   1           XXXXXXXXXXXX            9    2
09-59-77-675620-001-041001000003          1   1                   X               9    2
22-79-71-245621-001-012010000003 4 4   0  1   2                                        2
46-47-87-295623-001-012201200003 5 4   4  1   2                                        2
64-24-38-895628-001-021520000003       4  1   1                     XX            9    1
13-17-92-715655-001-012000000003 5 4   4  1   2                                        2
40-76-87-095658-001-012000000003 411  11  1   2                                        2
56-98-08-805659-001-012000000002          1   2                                        2
37-32-55-415659-001-022000000003 4 4   0  1   2                                        2
52-25-64-035661-001-012000000003       4  1   2                                        2
89-10-48-895662-001-012000000003 4 4   4  1   2                                        2
04-72-52-935663-001-022000000003          1   2                                        2
71-69-21-575664-001-012000000003          1   2                                        2
99-90-90-775664-001-041770000002 3 4  11  22112                                        2
59-36-96-795674-001-011320000003 3 7   7  1   2                                        2
33-20-74-755675-001-011304200002       4  1   1         XX                        9    2
61-73-49-665675-001-021470733302       3  1   1              XX                   9    2
86-66-81-365677-001-012000001102       4  1   1           X                       9    2
76-87-74-685677-001-021043312102          1   1        XXXX                      10    2
46-26-04-315677-001-032000000003 3 7   0  1   1           XXX                     9    2
05-31-65-365678-001-012000000003 5 4   0  1   2                                        2
79-74-42-255678-001-022000000003          1   2                                        2
24-49-93-785679-001-011000000003 4 3   4  1   1              XXXX                 9    2
71-80-18-745680-001-012000000002       4  1   2                                        2
05-01-30-395684-001-012000000000          1   2                                        2
01-27-84-485684-001-022000000003       1  1   2                                        2
82-25-26-415693-001-011400300002 3 4   3  1   1        XX                         1    2
11-19-24-005694-001-011724720001      11  1   1            XXXXXXX                9    2
08-62-77-615694-001-022000000003          1   2                                        2
94-78-24-505695-001-011240700102       0  1   1             X                     4    2
22-22-24-345695-001-031040000002 3 7   0  2  12                                        2
53-17-72-605696-001-012000000002 510 7 4  1   1         X XX  X                   9    2
37-78-83-385697-001-011072222002          222 1       XXXXXXXXXXXX                8    2
65-23-24-115698-001-021305700203          1   2                                        2
17-53-58-105699-001-022000000003          1   2                                        2
47-70-61-565699-001-032000000003       1  1   2                                        2
61-48-38-415699-001-052020000003       4  1   2                                        2
17-95-04-885700-001-021701202103       4  1   1         XX                        9    2
79-17-61-025712-001-012300200003          1   1          X         X              9    2
98-98-42-615715-001-021332200002          1   1                 XX                9    1
68-17-16-865716-001-012232000003 4 5   4  2  12                                        2
58-27-67-845717-001-012602200002 5 710 4  1   1          X XX X  XX               9    2
67-56-06-175719-001-012000000003          1   2                                        2
92-97-79-035719-001-032000000003          1   2                                        2
65-48-46-485720-001-021775700102       4  1   1         X       XXXX              9    2
46-41-62-535732-001-021777712001 3 7  11  1   1                     XXX           9    2
51-42-13-995733-001-011021210002       4  1   1                      X            9    2
19-11-34-715734-001-011377700002       4  1   1               XXXXXXXXX           9    2
30-34-03-135735-001-011200300003      11  1   2                                        2
77-41-15-355736-001-012000000003          1   2                                        2
36-31-65-125737-001-011130000003       4  1   2                                        2
96-24-36-025739-001-012000000003          1   2                                        2
24-73-51-955751-001-012220040003       3 11   2                                        2
32-74-79-045752-001-012000000003       4  1   2                                        2
83-47-63-755754-001-012770200002          1   2                                        2
85-06-94-305755-001-012030000002 3 4   0  1   2                                        2
59-32-76-755755-001-022030000003 4 8   0  2  12                                        2
33-52-85-185756-001-012000000002      11  1   1           X X X                   9    2
57-91-11-625757-001-012000000003 4 4  11  1   2                                        2
28-13-11-195757-001-031370000003       7  1   1         XX X                      9    2
10-82-69-775759-001-011372101102       4  1   1               X                   9    2
33-71-00-285769-001-012400000003       3  1   2                                        2
92-79-67-435770-001-011003331312 211  11  1   1                  XX               3    2
94-45-36-565770-001-022000000003 3 3   0  1   1               XXXXX               8    2
53-27-69-225771-001-022200000003       3  1   1              XXXX                 310  2
07-56-66-105771-001-032000000002          1   1                XXX                8    2
79-00-92-685772-001-012022222222 3 9   0  2  22                                        2
47-78-47-795772-001-022000000002 3 3   0  1   2                                        2
68-92-99-575772-001-042000000002 3 9   0  1   2                                        2
02-53-46-615773-001-011200700002 3 3   3  1   1               XXXX                9 3 42
05-37-40-065774-001-012000000002 2 3   0  1   2                                        2
18-79-73-945775-001-012001000002          1   2                                        2
84-53-36-535775-001-032000700002 3 9   0  1   1                 XX                9 3 42
37-14-46-625776-001-032000100003       3  1   2                                        2
28-56-69-975788-001-012000000003          1   1                 XX                9 3  2
23-80-10-385789-001-012000000003       7  1   2                                        2
35-74-54-215790-001-012000000002 3 7   7  1   2                                        2
22-28-98-695792-001-012300000003 3 6   6  1   2                                        2
67-04-67-565793-001-022000000002 2 3   3  1   2                                        2
68-80-66-675794-001-012000000002       4  1   2                                        2
83-43-16-345795-001-012000000003          1   2                                        2
22-63-12-955807-001-011000000012 2 3   3  1   2                                        2
31-53-02-275808-001-011202000003 3 7   0  1   1                   XXX             9    2
61-37-81-585809-001-012000000003          1   2                                        2
21-50-80-185810-001-011330500007 610  11  1   1                 XX                9    2
27-84-25-055811-001-011520000002 3 6   6  1   1                 XXX               9    2
13-99-04-575811-001-032000000003          1   2                                        2
17-30-36-215812-001-011000200003 310 6 4  1   2                                        2
10-14-40-395812-001-022122300002 510   0  1   2                                        2
26-51-57-725812-001-091700302003          1   1                 XX                9    2
24-24-46-685813-001-012200000003       4  1   2                                        2
19-25-98-045814-001-012000000003       4  1   2                                        2
63-25-00-935826-001-012000000002      11  1   2                                        2
37-34-49-635826-001-032000000003 3 3   0  1   2                                        2
08-26-71-405827-001-012000000002       7  1   1              XXX                  8    2
92-97-95-535827-001-042000000003 310   0  1   1                  XXXXX            3    2
48-13-95-645828-001-011520100012 2 3   3  1   2                                        1
21-65-22-885829-001-011700700002      12  1   1                 XXX               4 9  2
94-76-69-885829-001-032400700002 3 3   0  1   2                                        2
72-88-82-085829-001-042000000002 3 7  11  1   1                  X                5    2
74-91-94-845830-001-012020000003 310 7 3  1   2                                        2
20-78-60-485831-001-011400301002 3 8   0  1   2                                        1
30-83-13-845832-001-012000000002 310  11  1   2                                        2
52-82-77-115832-001-032000000003 3 3   0  1   2                                        2
32-42-68-555833-001-012000000003       3  1   1                XXX                3 9  2
58-84-38-085845-001-011300000002 3 9   6  1   1               X                   1    2
11-39-67-375846-001-012000000002       6  1   2                                        2
42-22-06-975847-001-012000000002          1   2                                        2
00-04-51-535847-001-032000000002 3 3   3  1   2                                        2
29-25-55-645847-001-052000000003 3 7   0  1   2                                        2
19-13-10-225848-001-042020000002 3 9   9  1   2                                        2
59-35-72-905849-001-012700700012          1   1       X                           1    2
38-54-59-265850-001-012200100001       9  1   1            X X                    9    2
44-93-96-145851-001-012000000003 3 3   3  1   2                                        2
70-86-81-135851-001-032000000002 310  11  1   2                                        1
91-80-40-095851-001-042000000002          1   2                                        1
52-17-86-975851-001-092200010002 211  11  1   1           X    X                  2    2
96-92-93-895851-001-101011100112 2 3   3  1   2                                        1
03-67-88-375852-001-012000000002 2 3   3  1   2                                        2
62-87-05-555864-001-012000000003       3 71   2                                        2
10-06-36-805864-001-052000000003          1   2                                        2
46-07-29-055865-001-012000000003 3 3   3  1   2                                        2
08-02-76-675866-001-011123320003 3 4   4  2 111                X X                1    1
37-35-29-125868-001-012000000003          1   2                                        2
77-63-66-905869-001-012020000003 3 4   4  1   2                                        1
28-63-80-025870-001-012200000002       0  1   1                XX                 9    2
20-23-28-815871-001-022000000003 3 4   4  1   2                                        2
44-04-54-775872-001-012400000002 6 310 3101   2                                        2
20-76-31-705883-001-012000000002 211  11  1   2                                        2
64-76-70-495883-001-022000400003 3 9   9  1   1                XX                 3    2
33-09-32-845883-001-062000000002 3 7  11  1   2                                        2
36-17-87-865884-001-012000000003 3 6 7 1 31   2                                        2
74-22-61-415885-001-011021330002 3 7   7  1   2                                        2
78-86-78-615886-001-012000000003 5 3   3  1   2                                        2
23-97-33-545886-001-022200000002       3  1   2                                        2
75-03-15-465887-001-012100000002       6  1   2                                        2
43-75-62-755887-001-022000000002 3 9   0  1   2                                        2
79-80-98-585890-001-011000700002 3 7   7  1   2                                        2
95-27-24-015890-001-042300000002       3  1   2                                        2
12-84-18-265890-001-052000000002       4  1   1              XXX                  3    2
93-71-44-485891-001-022000000002 3 6   0  1   1              XXXXX                1    2
40-38-66-585892-001-011777707002          1   1              XXXXX                7 9  1
22-22-59-955902-001-012030000003 3 4   4  1   2                                        2
03-84-91-665903-001-012000000002 3 3   3  1   2                                        2
13-22-21-625903-001-042000000003          1   2                                        2
17-58-37-025903-001-091030000002 312  11  1   1                       X           1    2
10-50-11-075904-001-071323020022       3  1   1                      XX           9    2
67-59-94-205906-001-012000000002 3 4   3  1   2                                        2
76-63-95-625907-001-012000000003 3 3   3  1   2                                        2
25-11-43-665908-001-012000000003       7  1   2                                        2
15-35-33-895909-001-011500700102      11  1   1                  XXX              1    2
68-01-22-225909-001-021707000002 3 1   0  1   2                                        2
66-21-25-855911-001-011003023013      11  1   1                       X           9    2
04-94-42-315921-001-012000000002       3  1   2                                        2
38-93-36-285924-001-012000000003 3 4   4  1   2                                        2
41-02-03-455926-001-012000000003          1   2                                        2
72-79-15-245927-001-011442234212 2 3   3  1   1                    X  X           9    2
42-54-67-885928-001-012000000002       3  1   2                                        2
95-81-73-095929-001-011002201013          2   1                  X                1 9  1
57-81-79-875929-001-022000000002 3 3   0  1   2                                        2
47-03-39-285930-001-012000000003 3 7   0  1   2                                        2
63-22-91-285940-001-012000000002 3 9   9  1   2                                        2
99-00-64-745941-001-011410443002 0 3   3  1   1         XXX                       2    2
73-55-94-915941-001-041523320002 4 310 3  1   1             XXXX                  1    2
96-92-79-065941-001-052000000003 3 7   7  1   2                                        2
76-51-31-465941-001-062300000002       3  1   2                                        2
20-34-67-305942-001-021000000002          1   2                                        2
23-96-25-195942-001-032000000002 3 3   3  1   2                                        2
44-44-29-875943-001-012000000002       3  1   2                                        2
22-41-43-445945-001-012130000002 211  11  1   2                                        2
02-34-38-525945-001-031200000001 3 3   0  1   1              X      XX            9    1
79-34-82-765946-001-011000700002          1   1            XXXXXXX                1    2
71-24-70-235946-001-031000700002 3 9   9  1   1               XXX                 1    2
99-99-38-585947-001-012000000003          1   2                                        2
71-84-74-895949-001-012000000002          1   2                                        2
71-02-68-735959-001-012000000003 5 9   4  1   2                                        2
90-97-94-285960-001-022000000003 3 7   7  1   2                                        2
75-97-06-905961-001-022300000003          1   2                                        2
46-18-20-365962-001-012000000002       3  1   2                                        2
24-11-85-385963-001-011520000002      11  1   1                  XX               3    2
56-30-03-125963-001-021540310002      11  1   1                  XX               4    2
60-11-48-655965-001-011553300303          1   1               XX                  9    2
77-40-44-475966-001-012206000003          1   1                XXX                9    2
05-95-47-035978-001-022000000003 5 2 3 0  1   2                                        2
36-27-61-515979-001-012000000003       1  1   2                                        2
52-56-40-355980-001-011303211202 211  11  1   1                  XXX              3 2  2
57-20-33-945982-001-012000000003 3 7   0  1   2                                        2
24-59-59-235983-001-012000000003          1   2                                        2
60-33-80-915984-001-012000000003 3 7   7  1   2                                        2
86-55-81-365984-001-042111000003          1   1                  X                9    2
46-74-15-535985-001-012000000002       4 11   2                                        2
75-90-98-165985-001-031000000003          1   2                                        1
66-05-92-815997-001-012000000003 3 4   4  2  12                                        2
59-55-57-895998-001-011770702002          1   1                 XXX               9    2
93-05-23-975999-001-012020000002          1   2                                        2
02-23-99-716000-001-012000200002       1  1   2                                        2
64-89-37-396001-001-011770700002          1   2                                        2
13-03-41-286002-001-011200200002          1   2                                        2
81-54-24-306003-001-012220000002          1   2                                        1
62-68-30-916004-001-012000000003          1   2                                        2
29-95-19-426016-001-022000000003          1   2                                        2
09-64-88-486017-001-011230001202          1   2                                        2
53-68-94-866018-001-012350500002 2 3   3  1   1                      X           10    2
82-59-52-606019-001-012703400003          1   2                                        1
96-42-34-306019-001-022200000003 4 6   4  1   1                  XX               3 9  2
57-59-03-696020-001-011100021002 3 4   4  1   2                                        2
68-25-13-096021-001-012000000003       4  1   2                                        2
55-34-45-246022-001-011200000003          1   1                X                  4    2
66-36-27-886023-001-012000000003          1   2                                        2
73-52-71-346023-001-022000000003 4 5   3 42 1 2                                        2
07-48-74-586035-001-012300000003       4  1   1                 XX                9    2
83-05-08-186036-001-011000200012       9  1   1       X                           9    2
10-14-55-396037-001-011200000003          1   2                                        2
12-59-79-526038-001-012000000003          1   2                                        2
02-10-69-096039-001-012000000003 5 3   3  1   2                                        2
62-44-54-156040-001-012000000003       7 11   2                                        2
69-16-29-086042-001-012000000003       3  1   1               XX                  4 9  2
42-91-10-706042-001-032000000003          1   2                                        2
12-27-66-476054-001-012000000002      12  1   2                                        2
55-99-58-576055-001-012000010003       4  1   1           XXXXXXXXXXXX            9    2
87-85-63-386056-001-011272100202       4  1   2                                        2
51-02-45-506057-001-012000000003       4  1   2                                        2
16-83-63-446058-001-012220200003      11  1   1            XX                     9    2
93-38-63-796059-001-012000000003 5 8   4  1   2                                        2
60-28-98-046060-001-012000000003 512   4  2  12                                        2
63-57-65-066061-001-022000000003 5 7   4  1   2                                        2
88-88-77-016074-001-012000000003 3 3   3  1   2                                        2
47-51-56-856075-001-012000000002 2 8  11  1   2                                        2
03-51-56-446076-001-012000000003 3 8  11  1   1              X                    8    2
04-11-05-776077-001-012000000003 5 8   8  1   2                                        1
90-51-97-206078-001-012000000002 3 3   3  1   2                                        2
97-93-22-896080-001-012000000002          1   2                                        2
69-83-52-176081-001-012000000003       8  1   2                                        2
98-41-89-296092-001-011000000003          1   2                                        2
67-53-69-106093-001-011200000003       4  1   1            XXXXX                 10    2
58-61-73-626094-001-012000000003          1   2                                        2
54-05-19-516094-001-022000000003 3 4   0  1   2                                        2
23-11-44-096095-001-012000000002 4 2   1  1   2                                        2
67-38-97-816096-001-012000000002       4  1   2                                        2
54-69-37-596097-001-011445003002          1   1                X X                9 3  2
17-87-45-376098-001-012000000003       1 31   2                                        2
82-38-88-876099-001-012000000003          1   2                                        2
11-28-10-276111-001-022000000003          1   2                                        2
32-80-84-066112-001-011003420112 2 3   3  1   1            X XXX     X            7 9  1
37-68-62-196113-001-011420000002          1   1             XXX                   4    2
54-19-44-176114-001-012000000002       4  1   2                                        2
11-95-77-216115-001-012000000003       7  1   2                                        2
59-91-92-126116-001-011347243102 2 3   3  1   1             X X    X              3 9  1
93-28-31-466117-001-011000700002      11  1   1                   XXXX            1 3  1
57-19-84-556118-001-011200300002 610   3  1   1             XXX                   3    2
62-45-14-046130-001-011000700002 2101111  1   1               X X                 2    2
43-13-81-136131-001-012000000003 3 9   9  1   2                                        1
99-47-59-376132-001-012130000002 3 310 3  1   1                XXX                1    2
27-72-81-606133-001-012000000003 4 7   7  1   2                                        2
37-44-76-906134-001-011000000022 210  11  1   1            XX                     1    1
22-70-22-956135-001-011000000012          1   2                                        1
88-89-71-036136-001-011000000003          1   2                                        2
78-07-69-386137-001-011020300022 210  11  1   2                                        2
65-97-14-246149-001-032000000003          1   2                                        2
86-36-46-366150-001-022000000003          1   2                                        2
88-99-03-546151-001-012000000003       1 31   2                                        1
70-44-66-336152-001-012000000002          1   2                                        2
52-66-48-206153-001-012000000002       3  1   1             XX                    3    1
00-62-14-066154-001-012000000002 0 7   0  1   2                                        2
21-27-12-896155-001-012000000003       1  1   2                                        2
43-45-32-856155-001-031000000003          1   2                                        2
76-95-55-866156-001-012000000003 0 4   4  1   2                                        2
26-10-81-996170-001-011000000003 3 3   3  1   2                                        2
12-92-21-926171-001-012000000003          1   2                                        2
51-60-23-276171-001-031002022202 3 9   7  1   2                                        2
03-70-85-496172-001-011403200002          1   1               XXX                 3 4  2
79-67-07-566172-001-051235740003 3 1   1  1   1                 XXXX              5 9  1
84-90-20-916172-001-061777330702 2 3   3  1   1                 XXXXXXXXXXXX      1    1
35-50-92-436173-001-011700000003 3 910 9  1   1              XXX                  1    2
99-88-87-926174-001-012000000002 2 3   3  1   2                                        1
47-39-58-576175-001-011300200002 810   3  1   1            XXXXX                  3    2
31-00-34-196187-001-012000000003 3 710 7  1   2                                        2
01-26-99-776188-001-011602020002 0 3   3  1   2                                        2
70-41-05-646188-001-032000000003 3 4   4  1   2                                        2
51-98-37-196188-001-052000000003          1   2                                        2
51-88-82-056189-001-021000000002 310   0  1   2                                        1
06-47-87-896191-001-011000000102       0  1   2                                        1
61-54-05-566193-001-011302302102 3 3   3  1   2                                        2
79-89-89-376194-001-011000000002 3 7   7  1   2                                        2
37-52-14-906195-001-011734220002 2 3   3  1   1               XXXX                2 1  2
06-31-96-516206-001-011324300002          1   2                                        1
82-69-24-926207-001-011700700001 111  11  1   1            XXXXXXXXXXXX           9 5  2
54-09-11-756208-001-012000000002 2 9  11  1   1               XX                  4    2
45-98-66-276209-001-011735033222 2 3  11  1   1              XXXXX                3    2
99-49-58-426210-001-012000000002          1   2                                        2
52-94-78-516210-001-031000002003 3 3   3  1   2                                        2
26-39-50-186210-001-041352210002 212  11  1   1                       XX          3    2
12-12-01-706211-001-011300000002       3  1   1               XX                  3    2
34-04-89-696212-001-021300000002       3  1   1             XXX                   4    2
33-59-62-206213-001-012000000003 5 4   0 11   1              XX                   9    2
83-63-10-666225-001-012257500002      11  1   2                                        2
95-07-03-496227-001-012000000003          1   2                                        2
08-97-23-096227-001-032000000002          1   2                                        2
11-91-38-756227-001-071540000003 3 410 4  1   2                                        2
56-36-73-366228-001-012000000003       4  1   2                                        2
95-58-90-606229-001-012000000003          1   2                                        2
41-83-47-556230-001-012000000003 4 4   0  1   2                                        2
55-78-97-516231-001-011000000003 3 1   1  1   2                                        2
31-43-47-486232-001-022000000003       1  1   2                                        2
42-99-08-386244-001-012000000003 4 1  11  1   2                                        1
05-51-75-156245-001-012100000002 3 7   3  1   2                                        2
09-68-04-756246-001-011575400002 211   0  1   1               XXX                 1    2
66-91-47-616247-001-012000000003 3 8   8  1   2                                        2
61-92-53-506248-001-012000000003 3 8   8  1   2                                        2
54-85-24-906249-001-012000000002          1   2                                        2
79-54-29-986250-001-012000000003       3  1   2                                        2
66-49-35-956250-001-032000000002 3 3   0  1   2                                        2
29-42-49-586251-001-012000000003          1   2                                        2
83-23-74-006251-001-022000000003 5 8 1 1  1   2                                        2
42-21-30-216263-001-012000000002 3 7   7  1   2                                        2
77-10-93-706264-001-012000000002 211  11  1   2                                        2
41-22-27-296264-001-022000002003          1   1               X    X              9    2
69-12-72-796264-001-032000000003 3 4   4  1   2                                        2
61-38-11-526264-001-041200000002 4 9   0  1   2                                        2
58-29-18-126265-001-012000000002 3 9  11  1   2                                        1
56-37-50-426266-001-012000000003 3 7   7  1   2                                        2
25-91-76-286267-001-012000000002 3 3   3  1   2                                        2
82-70-52-526268-001-012000000003 410  11  1   2                                        2
11-88-00-956269-001-012000000003 4 7   0  1   2                                        2
11-72-84-766270-001-012000000002       1  1   2                                        2
02-44-29-836283-001-012000000003          1   2                                        2
99-15-04-146284-001-022000000003          1   2                                        2
98-78-30-546285-001-012000000003 0 4   4  1   2                                        2
14-50-60-426286-001-012000000003          1   2                                        2
92-80-58-026287-001-012000000003 3 4   4  1   2                                        2
05-83-49-876288-001-012000000003 3 4   4  1   2                                        1
97-84-41-246288-001-032000000000          1   2                                        2
45-09-09-996289-001-012000000003 3 4   4  1   2                                        2
03-78-58-926289-001-022000000002 2 4   0  1   2                                        2
94-96-70-826290-001-012000000002          1   2                                        2
97-50-28-136301-001-022000000003       4  1   2                                        2
41-23-56-726301-001-042000000003       4  1   2                                        2
73-14-75-696301-001-072000000003 3 710 0  1   2                                        2
45-02-64-576302-001-012000000003 3 4   4  1   2                                        2
05-10-56-886302-001-032000000003 3 4   4  1   2                                        1
87-73-43-116302-001-062000000003 3 410 4  1   2                                        2
48-73-01-386302-001-192000000003       4  1   2                                        1
47-56-84-866303-001-012000000003          1   2                                        2
05-90-43-766304-001-011001200002          1   2                                        1
58-60-80-366304-001-032000000003 3 410 0  1   2                                        1
22-39-67-026305-001-012000000002          1   2                                        2
90-71-51-006305-001-042000000002       4  1   2                                        2
70-65-42-626306-001-012000000003       4  1   2                                        2
27-39-94-016307-001-012000000003 3 4   4  1   2                                        2
59-09-89-426308-001-011000202003 3 4   4  1   2                                        2
74-65-42-856320-001-011210100002 2 410 4  1   2                                        2
50-37-26-696320-001-032000000002 310 4 0  1   2                                        2
83-65-66-326321-001-012000000002          1   2                                        2
89-64-79-516321-001-022000000003 3 4   4  1   2                                        2
53-68-21-896322-001-012000000002       4  1   2                                        2
64-19-71-756323-001-012000000003          1   2                                        2
51-65-66-406324-001-012000000002 2 4   4  1   2                                        2
07-03-57-976325-001-012000000003       0  1   2                                        2
20-56-10-126326-001-012500700003 3 410 4  1   2                                        1
06-96-00-206328-001-012000000003 3 4   4  1   2                                        2
25-78-94-476339-001-012000007702       4  1   2                                        2
72-11-62-646340-001-012000000003 3 4   4  1   2                                        2
92-64-92-356340-001-022000000002 2 410 4  1   2                                        2
85-15-11-196341-001-012000000002       4  1   2                                        2
20-77-92-586341-001-041000022002 3 4   0  1   2                                        2
97-85-68-416341-001-051200000002 2 4   4  1   2                                        2
77-06-04-456342-001-011400000202          1   1                    XX             9    2
69-68-49-176343-001-011500000002       4  1   2                                        1
67-02-63-506344-001-012000000003 310 4 4  1   2                                        2
70-01-95-456345-001-012000000003       4  1   2                                        1
85-35-63-166346-001-011000013111 2 4   0  1   2                                        2
50-28-73-176358-001-011200100002          1   1           X                       9    2
03-48-14-786358-001-032000000002          1   2                                        2
77-26-70-156359-001-012000000003       4  1   2                                        2
69-27-54-866360-001-012000000002 310 4 4  1   2                                        2
04-64-50-056361-001-012000000003 3 4   4  1   2                                        2
20-21-28-556364-001-012000000002       4  1   2                                        1
48-55-18-526365-001-012000000002 2 4   4  1   2                                        2
08-47-64-556366-001-011202021002       4  1   1         XXX                       9    2
16-07-21-726368-001-012000000002          1   2                                        2
98-46-77-536377-001-011002321002 2 3   3  1   2                                        2
49-71-93-576378-001-012000000003 3 4   4  1   2                                        2
96-48-89-166379-001-022000000002          1   2                                        1
74-39-66-616379-001-031304010003 3 3   0  1   2                                        2
55-24-38-086379-001-062000000003 3 410 0  1   2                                        1
27-72-20-136380-001-011300000002          1   2                                        1
12-25-31-276381-001-012000000002 3 4   4  1   2                                        2
28-78-60-056382-001-022000000003          1   2                                        2
14-01-39-666382-001-042000000003          1   2                                        2
74-48-64-426383-001-012000000003 3 4   4  1   2                                        2
40-38-88-716384-001-011300000003 3 4   4  1   2                                        1
46-97-87-156396-001-012000000002 2 3   3  1   2                                        2
08-40-63-566396-001-072000000003 310   4  1   2                                        2
25-31-42-236397-001-012000000003       4  1   2                                        2
70-17-46-826397-001-052000000003          1   2                                        2
18-68-55-106398-001-012000000003       4  1   2                                        1
78-20-52-646399-001-012000000002       4  1   2                                        2
86-95-19-386399-001-032000000002       4  1   2                                        1
77-50-94-746400-001-012000000003          1   2                                        2
43-43-72-076402-001-012000000002 3 4   4  1   2                                        2
55-16-39-246403-001-011777701003       3  1   2                                        1
11-96-95-296403-001-022000000003 3 410 4  1   2                                        1
98-79-08-966403-001-032000000003 3 8   0  1   2                                        2
72-27-29-336415-001-012000102002 2 3   3  1   2                                        2
08-84-14-216416-001-011110200003 3 6   6  1   2                                        2
22-51-85-316417-001-011774005402       3  1   1                XXX                910  2
74-44-49-986418-001-012000000003          1   2                                        2
82-86-40-336419-001-012500202003 4 4   4  1   2                                        2
52-47-45-236420-001-012000000003 3 3   3  1   2                                        2
03-85-03-216420-001-041400000003 310 7 3  1   1                     XXXXXXX      10    1
54-54-62-596420-001-072000000003 4 3   3  1   2                                        1
99-09-27-496421-001-012000000002 3 9  11  1   2                                        2
10-43-69-506422-001-012220001102 3 7 9 9  1   2                                        2
23-49-87-296422-001-032000000003          1   2                                        2
61-53-25-976422-001-072000000003 3 4   0  1   2                                        2
83-65-59-436434-001-012000000003          1   2                                        2
14-09-16-456435-001-011200001002 2 3   3  1   1             XXXXX                 1    2
08-23-57-496436-001-011774404002 2 3   3  1   1                X                  9    2
24-41-64-866439-001-011070007703 3 4   4  1   1                 XXXXX             8 9  2
02-75-80-056440-001-012000000003          1   2                                        2
84-29-96-566441-001-012000000003 4 4   4  1   2                                        2
87-17-70-386454-001-012000000002 3 9   6  1   2                                        2
15-86-79-436454-001-032000000003 0 3   3  1   2                                        2
52-82-89-256454-001-042000000002 3 6   0  1   2                                        2
27-55-74-036455-001-012000000002 3 3   3  1   2                                        2
76-66-03-896455-001-032000000003 3 910 9  1   2                                        2
46-83-71-366455-001-141022020002      11  1   1              X                    3    2
46-23-09-376456-001-011520240002 3 3   3  1   2                                        2
68-19-41-436457-001-012000010003 3 9   6  1   2                                        2
80-69-29-256458-001-012000000003 510 3 3  1   2                                        2
57-79-50-336459-001-012010000002 2 7   7  1   2                                        2
44-63-23-236461-001-011400300002 2 9   9  1   2                                        2
72-31-74-166464-001-012000000003       3  1   2                                        2
41-72-19-886472-001-011300202102       3  1   2                                        2
94-69-24-296473-001-012000000000       7  1   2                                        2
84-34-97-786473-001-022000000003 3 6   0  1   2                                        2
29-96-83-266473-001-031000000003 3 3   0  1   2                                        2
02-59-27-086474-001-011325770003       3  1   2                                        2
96-57-53-186476-001-011200301102       3  1   1                 X                 1    1
33-57-29-676477-001-012000000002       3  1   2                                        2
97-99-78-086478-001-012210000003 3 3   3  1   2                                        2
77-95-84-346478-001-032000000003 0 1   0  1   2                                        2
75-95-85-696479-001-012000000003 0 3   3  1   2                                        2
20-79-25-446479-001-032000000003 310   9  1   2                                        2
91-33-18-366479-001-042000000003          1   2                                        2
64-41-75-296483-001-012000000003 3 4   4  1   2                                        2
71-76-36-556483-001-032000000003 3 4   0  1   2                                        2
11-29-55-866491-001-011200000002       3  1   1               XX                  1    2
63-18-65-676492-001-011400400702       3  1   1             XXX XXX               9 4 32
03-33-67-136492-001-032000000002 3 3   0  1   2                                        2
75-84-54-756492-001-041700300002 810   0  1   1               XXXX                3    2
36-33-33-866493-001-012000000002 010   3  1   2                                        2
27-38-03-646494-001-012000000003 3 4   0  1   2                                        2
27-23-59-626494-001-022000000003 3 1   1  1   2                                        2
43-89-26-206495-001-012000000003 4 8   4  1   2                                        2
95-01-55-686496-001-011425211002 211  11  1   1                 XXX               9    1
27-59-11-206497-001-011000700002 3 3   3  1   1               XXXXX               3    1
05-50-28-026498-001-011100220002      11  1   1               X  X                9 3  2
97-72-32-966498-001-022000001102 2 7  11  1   2                                        2
71-41-76-146510-001-012000000003 3 3   3  1   2                                        2
51-46-98-396510-001-031000000003          1   2                                        2
35-01-19-396512-001-011500000002 211  11  1   1               XXX                 4    2
47-74-89-626513-001-012000100003 310   1  1   2                                        1
27-15-50-546514-001-022000000003 3 3   0  1   2                                        2
29-16-28-356515-001-012000000002 3 3   3  1   1              XX                   9    2
17-02-71-386516-001-012000000002 2 9   0  1   2                                        2
96-44-09-556517-001-012000000002       3 91   2                                        2
65-10-31-756519-001-012300000002       3  1   2                                        2
47-12-55-446529-001-011000700002      11  1   1                    XX             9    2
56-34-20-756530-001-021000230002 4 4   3  1   1          XXXXX                    1    2
44-89-17-706531-001-011000700002 211  11  1   1                   XX              9    2
19-59-67-136533-001-061000707721          1   1                 XXXX              9    2
55-33-74-886534-001-012000000002       3  1   2                                        2
58-19-43-556535-001-011003034401 1 9   9  1   1          XXXXXXX                  9    2
22-36-08-676540-001-012220000002       3  1   2                                        1
03-97-26-406540-001-071000000022 2 3   0  1   2                                        1
02-59-97-966548-001-011000700002          1   1          XXXXXXXXXXXX             9    1
56-07-09-796549-001-012100000001 3 7   0  1   1             XXX                   9    2
07-21-55-346550-001-011322530002 2 4   4  1   2                                        2
09-65-95-536551-001-012000000002          1   2                                        2
34-83-67-576552-001-012000000002      11  1   2                                        1
72-53-31-516554-001-012274000002          1   2                                        1
42-18-80-926554-001-022000000002          1   1                X                  9    1
37-90-35-556556-001-011433000002      11  1   1               XXXXX               2    2
36-93-31-666567-001-012000000003 5 3   3  1   2                                        2
32-17-02-116568-001-012000000003 3 3   3  1   2                                        1
16-06-89-646568-001-022000000002 4 3   3  1   2                                        2
91-18-16-936568-001-142000000003 0 3   2  1   2                                        2
97-15-23-636569-001-012000000003 3 9   9  1   2                                        2
92-89-34-776570-001-012000000003 4 8   3  1   2                                        2
42-46-06-766572-001-012000000003 4 9   6  1   2                                        2
24-34-12-726572-001-062000000003 3 9   9  1   2                                        2
56-84-52-726574-001-012000000003 3 3   3  1   2                                        2
43-24-92-926577-001-012000000002      11  1   2                                        2
07-75-47-366577-001-022000000003          1   2                                        2
93-19-95-836577-001-032000000003 3 3   3  1   2                                        2
57-07-52-206577-001-082000000002          1   2                                        2
32-45-09-376586-001-012000000002 2 3   3  1   2                                        2
18-80-88-976586-001-062000000002 3 7   0  1   2                                        2
70-73-71-136589-001-012742120001          1   1             X                     9    2
80-93-26-966590-001-011000700002 210  11  1   2                                        2
86-71-65-266591-001-012000000002 3 3   0  1   2                                        2
92-71-85-296592-001-011000000002       1  1   2                                        2
62-76-44-946593-001-011650700722       3  1   1          X X XXX  X               3 9  2
88-82-06-536594-001-011000700002 011  11  1   1                  XX               7    1
96-58-46-806594-001-031223330002 3 3   0  1   2                                        2
78-28-57-686605-001-011000000002 2 3   3  1   2                                        1
72-27-12-346606-001-011000000002 3 3   3  1   2                                        2
76-45-07-376606-001-081000000002 3 7   0  1   1                 XX                1    2
08-61-87-736607-001-012100101001      11  1   2                                        2
62-43-05-956607-001-022000000002 210   0  1   2                                        1
49-08-77-446608-001-012000000002          1   2                                        2
51-54-08-226608-001-032000000003          1   2                                        1
09-64-72-226608-001-052000000003          1   2                                        2
83-54-05-596608-001-062000000003 4 4   4  1   2                                        1
78-81-71-506608-001-082000000002 310 3 3  1   2                                        2
71-87-57-156609-001-012700101001       4  1   1                X                  1    2
66-70-79-346609-001-021000700002 3 310 0  1   1               XX                  9    2
29-94-20-906610-001-012000000002 3 7  11  1   2                                        2
44-75-42-746611-001-012000000003 3 3   3  1   2                                        2
19-89-88-006612-001-012000000002 3 7   0  1   2                                        2
80-62-36-736624-001-011000700002 2 310 3  1   1              XXXXX                9    1
38-42-44-706624-001-031000700002       3  1   1              XXXX                 9    1
78-99-28-076625-001-011407000002 310   3  1   2                                        2
77-46-56-516625-001-032000000003          1   2                                        2
42-27-83-496626-001-011201020022          1   2                                        2
43-61-41-956626-001-031000101112          1   1                   XX              9    2
14-86-77-336628-001-011534452122 2 3   3  1   1                   X   X           9    2
92-45-77-356629-001-012000000003 3 3   3  1   2                                        1
54-42-51-516630-001-012200010002 3 7  11  1   1                XX                 9    2
70-18-79-876631-001-012100210002       3  1   1                     X             3    2
02-91-95-356643-001-022000000003          1   2                                        2
16-03-32-726644-001-011302700001      11  1   1                X                  9    2
55-69-54-256644-001-021770000002          1   1                 XXXXXXXX XX       9    2
10-96-80-356645-001-011504207003          1   2                                        2
75-68-77-896646-001-012000000002       3 11   2                                        2
07-04-96-496646-001-022000000003          1   2                                        2
31-39-32-156647-001-012002000003          1   2                                        2
69-54-89-686648-001-031300100003          1   1                 XX                9    2
26-99-67-446649-001-011003300003 3 4   4  1   1             X    X                1 9  2
62-34-25-276649-001-042000000003          1   1                   XX              9    2
14-03-63-516650-001-012000000003 3 4   4  1   2                                        2
06-77-19-316662-001-012000000002 3 5   3  1   1          X                        9    2
85-73-88-306663-001-011300400002 3 4   0  1   1                   XX              9    1
78-80-82-526663-001-021037700003       4  1   1          XX                       9    2
72-42-48-546664-001-012000000002          1   2                                        2
84-21-24-016666-001-012000000003          1   2                                        2
70-39-28-986668-001-011356775423      11  1   1          XXX                      9    1
59-89-96-376681-001-012000000003 3 4   4 71   2                                        2
69-65-88-586682-001-012000000003          1   2                                        2
87-52-69-726683-001-012000000003       9  1   2                                        2
51-83-22-176684-001-012000000003       1  1   2                                        1
87-13-87-386684-001-041251300003          1   2                                        2
90-81-21-336685-001-012000000003 4 4   0  1   2                                        2
57-83-63-176686-001-012000000003       4  1   2                                        1
84-83-53-306686-001-032000000003          1   2                                        2
76-24-20-646688-001-012000000003          1   2                                        2
23-06-01-226688-001-022000000002       4  1   2                                        2
18-01-61-836700-001-012737000002       4  1   1              X X   XXXX           9    2
04-08-40-006700-001-052000000003       4  1   2                                        2
23-72-91-946701-001-012000000003          1   2                                        2
74-02-43-526702-001-012000200003          1   2                                        2
78-86-48-876702-001-021400300003          1   1                     XXX           9    1
34-13-53-966703-001-012000000003          1   2                                        2
62-72-97-956703-001-022000000003       4  1   2                                        2
07-28-97-626704-001-011000700002 2 1  11  1   1            XXXX                   9    1
13-88-41-416704-001-062000000003          1   2                                        2
35-90-52-646705-001-012000000002       0  1   1                       X           9    2
26-96-01-746706-001-012000000003          1   2                                        2
24-14-39-626707-001-012000000003          1   2                                        1
07-51-50-816707-001-022000000003 5 810 0  1   2                                        2
84-59-97-106720-001-012000700002          1   2                                        2
72-22-80-546720-001-041177700003 4 1 7 0  1   1            X                      5    2
66-83-68-716721-001-022000000002          1   2                                        2
29-72-79-976721-001-031000000003          1   2                                        2
35-74-20-296722-001-011000400003          1   1            X  X                   5 9  2
14-77-09-086723-001-011012700003          1   1       XXXXXX                      9 3  2
92-19-80-246724-001-022000000002       2 31   2                                        2
85-32-43-016725-001-011377032302       1  1   2                                        1
17-39-73-616726-001-011000000111 111  11  1   1       XX                          9 3  2
43-31-36-036738-001-012000000003 4 4   4  1   2                                        2
72-04-45-836738-001-021000000003          1   2                                        2
73-10-24-176739-001-022000000003 3 2   0  1   2                                        2
51-44-38-206740-001-012000000003          1   2                                        2
49-49-65-836741-001-012000000003       4  1   2                                        2
52-82-50-466742-001-011000300003          1   2                                        2
26-32-48-446743-001-012200100002 4 2   4  1   2                                        2
73-80-63-696744-001-012000000002          1   2                                        2
02-53-75-426744-001-032000000003 6 2   1  2  12                                        2
29-53-11-796744-001-042000000003 4 2   0  2  12                                        2
70-73-79-516745-001-012000000002          1   2                                        2
50-87-44-556757-001-012000000003          1   2                                        2
90-69-46-626758-001-012000000003          1   1          X                        9    1
35-25-40-966759-001-012000000003 3 4   4  1   2                                        2
44-17-75-496759-001-032000000003 3 2   0  1   2                                        2
39-22-48-886760-001-012000000003       4  1   2                                        2
77-65-57-296761-001-012000000003       4  1   2                                        2
48-98-77-456762-001-022000000000      12  1   2                                        2
99-49-96-006763-001-012000000003          1   2                                        2
07-67-15-036764-001-011000000003 3 5   4  1   2                                        2
19-82-82-716777-001-011500000003 4 4 7 4  1   2                                        2
46-84-49-486777-001-022000000003 4 4   4  1   2                                        2
90-88-19-106778-001-012000000003       4  1   2                                        2
44-32-59-966778-001-032000000004 4 1 411  1   2                                        2
96-38-99-946779-001-012000000003          1   2                                        2
60-38-68-426780-001-012000000002 3 1 411  1   2                                        2
63-88-49-186782-001-012000000003 3 7   4  1   2                                        2
32-79-81-436783-001-011505752003 4 4   4  1   1                 X XXX             9    2
01-42-95-746795-001-011404304023 3 4   4  1   1                   XXXX            9    2
09-13-57-946796-001-012000000003          1   2                                        2
18-33-22-806796-001-021753230012 2 3   3  1   1                     X X           9    1
54-22-97-326797-001-011100002002       8  1   1                  XXX              1    2
66-84-66-136798-001-012000000003       3 41   2                                        2
07-05-50-616798-001-022000000003          1   2                                        2
58-57-11-796799-001-012000000003      11  1   2                                        2
47-31-17-646800-001-012000000003 3 8   8  1   1                   XXXX            910  2
44-13-78-446801-001-012000000003 3 4   4  1   2                                        2
31-28-73-836802-001-011707400003       4  1   1                    XX             9    2
85-23-86-976802-001-022000000003 312   4  1   2                                        2
90-24-52-356815-001-012000000003 3 4   4  1   2                                        2
33-09-36-016815-001-022000000003       4  1   2                                        2
67-04-18-656816-001-012000000002 2 4   0  1   2                                        1
16-89-80-516817-001-012000000003       4  1   2                                        1
64-66-82-466818-001-012000000003          1   2                                        2
88-98-92-706819-001-011002000003 3 4   4  1   1          XXX                      9    2
56-74-50-106820-001-012000000003       4  1   2                                        2
73-18-89-476820-001-022000000003 3 410 0  1   2                                        2
01-25-68-076820-001-042000000002 4 4   0  1   2                                        2
40-63-13-426821-001-012000000002 2 4   4  1   2                                        1
71-89-41-696821-001-022000000002          1   2                                        2
92-59-32-256823-001-011000000002          1   2                                        2
50-00-81-786833-001-011000002002 2 4   4  1   2                                        2
95-13-92-536834-001-012000000003 3 410 4  1   2                                        2
17-74-85-106835-001-011302000002 2 4   4  1   2                                        2
82-57-40-446836-001-012000000002 3 410 4  1   2                                        1
87-61-58-556837-001-012000000002 2 410 4  1   2                                        2
41-17-69-736838-001-011001203002 410   0  1   2                                        2
27-51-88-026840-001-011310100002       4  1   2                                        2
77-97-28-766840-001-032000000003 310   0  1   2                                        2
68-07-53-516840-001-042000000003 3 7 4 0  1   2                                        2
88-19-35-896841-001-022000000003 310 4 4  1   2                                        2
78-80-86-766852-001-012000000002          1   2                                        2
92-27-58-046853-001-011777000702          1   1          XXXXXXXXXXXX             9    2
28-49-62-706853-001-021100205002       4  1   2                                        2
58-38-79-076854-001-011300000003 3 410 4  2  12                                        1
42-81-48-106855-001-012000000003 3 4   4  1   2                                        2
31-24-25-006855-001-052000000003 3 4   0  1   2                                        1
43-50-96-456855-001-062000000003          1   2                                        2
53-89-26-216856-001-011000001002       4  1   1          XXX                      9    2
23-94-41-146857-001-012000000003       4  1   2                                        1
02-87-91-276858-001-011300100002 2 41011  1   1          XX    XX                 9    2
92-39-56-706859-001-012000000002 2 4   4  1   2                                        2
04-99-86-826871-001-012000000002       4  1   2                                        2
47-87-67-896872-001-012000000003 3 4   0  1   2                                        2
40-03-50-066873-001-012000000003 3 410 4  1   2                                        2
15-81-85-386874-001-012000000003       4  1   2                                        2
20-21-71-386874-001-032000000003          1   2                                        2
56-38-85-256875-001-012000000002 2 4   4  1   2                                        1
79-80-09-616876-001-012000000002          1   2                                        2
12-80-07-676876-001-032000000003          1   2                                        1
32-88-21-396877-001-012000000003 3 4   4  1   2                                        2
67-50-49-396878-001-021000300003 310 4 4  1   2                                        1
10-69-53-456888-001-022021000032       3  1   1                   XX              9    2
43-34-77-276888-001-032000000003          1   2                                        1
65-82-46-026890-001-012000000002 2 4   0  1   1                   XX              9    2
47-59-25-346891-001-012000000003          1   2                                        2
57-65-96-666892-001-011500002002          1   2                                        2
71-69-22-916893-001-011300000003       3  1   1               XXXXX               3 4 92
71-82-09-066894-001-012000000002       4  1   2                                        1
11-93-82-766894-001-021203233002       4  1   1                 XXXXX             8    2
60-05-42-656895-001-012000700002       4  1   2                                        2
73-84-95-916895-001-042000000002 010   4  1   2                                        2
01-49-07-646897-001-012000000002 210  11  1   1         X                         9    2
33-02-17-446899-001-012000000003 3 4   4  1   2                                        2
79-11-11-226899-001-082000000002 2 4   0  1   2                                        2
25-16-88-576909-001-011300000022 2 3   6  1   1                  X                8    2
24-01-78-776909-001-031324200002          1   1           X                       9    2
69-09-51-686910-001-011203202002 312   3  1   1                XXXXX              3 1 22
38-40-83-556911-001-012340000003       9  1   2                                        2
67-09-23-976911-001-021703340213 3 4   4  1   1           XXXX                    2 1  2
03-42-21-926913-001-012000000002       4  1   2                                        2
33-10-71-266915-001-012000000003       4  1   2                                        2
56-21-00-906916-001-012000002002      12  1   2                                        2
68-33-35-376919-001-012200200003       1 31   2                                        1
01-47-28-756928-001-011000000003       3 41   1                X                  9    2
11-10-89-136929-001-011704705002 3 4   4  1   1                 XXXX             10    2
72-25-82-386930-001-012002000002       4  1   1               X                   9    2
06-76-01-176931-001-012000000003          1   2                                        2
50-39-91-676931-001-031000402102          1   1                   XX              9    1
70-02-66-386931-001-041573232123 3 3 4 0  1   2                                        2
99-84-80-486932-001-012000000003 0 7   7  1   1                  XX               9    2
31-46-55-706933-001-012000000002 2 4   3  1   2                                        2
41-12-42-336934-001-011300002002          1   1                 XXX               9 1 52
30-47-17-376934-001-022000000002      11  1   2                                        1
77-83-92-486935-001-011200100203       1 31   2                                        1
25-70-77-906935-001-022000000003       1 31   2                                        2
63-09-67-796947-001-012200000002 2 9  11  1   2                                        2
84-45-49-736948-001-012000000002          1   2                                        2
70-60-21-696950-001-011002201002          1   2                                        1
60-97-00-276950-001-021572301002          1   1               XXXXX               4    2
88-90-24-326951-001-012000000003       3  1   2                                        2
52-64-08-676952-001-012000000002 3 6   6  1   2                                        2
46-99-43-266953-001-012000000002          1   2                                        2
02-72-68-136954-001-022520221002          1   1                  XX               1    2
50-75-79-746954-001-042300300003 3 3   0  1   1                  X                9    2
66-44-70-236966-001-012000000000          1   2                                        2
37-06-23-146966-001-022000000002          1   2                                        2
83-11-49-916966-001-032220000000       4  1   2                                        2
62-22-46-876967-001-012000000002      12  1   2                                        2
50-56-53-186968-001-012000000003       4  1   2                                        2
43-58-35-806969-001-011000000002       3  1   1                XXX                1 9  1
00-02-34-816969-001-032000000002 3 9   9  1   1                 XX                4 9  2
15-13-25-316970-001-012000000003 3 4   4 11   2                                        2
60-66-83-586971-001-012000000003       4  1   1                X                  4 2  2
65-25-95-946972-001-012000000002 3 9   9  1   1                  XXX              1    2
53-85-21-066973-001-011200301102      11  1   1                 XX                1 9  2
35-21-67-116986-001-012000000003          1   2                                        2
64-88-79-476987-001-012000000003 3 6  11  1   1            XXXXXXXX               3 4 92
99-49-91-346988-001-012000000002      11  1   1                 XX                1 9  2
87-64-23-476989-001-031000000002          1   1                 XXXXX             1    2
80-39-14-716990-001-022000000003          1   2                                        2
40-09-63-236991-001-012330300003 3 3   3  1   1               XXXX                2    2
94-41-63-626991-001-061442340002 3 9   3  1   1                 XXXX              4    2
25-50-62-806992-001-012003200002 3 9   3  1   1                  XXX              9    2
43-19-97-256994-001-012000000003       3  1   1                XXX                2    2
80-62-17-577005-001-012000000003 3 7   4  1   2                                        2
04-63-36-487007-001-012000000003 6 5   5  21112                                        2
06-28-59-737012-001-011703302532          1   1                XXXX               9    2
62-36-56-967012-001-021000500002          1   1                XXX                9    2
94-11-91-897023-001-012000000003       4  1   2                                        2
99-49-33-057023-001-022000000003 5 7   0  1   2                                        2
83-85-01-927024-001-012000000003 4 4   4  1   2                                        1
18-92-38-967025-001-012000000003       1 41   2                                        2
94-03-29-907026-001-011000000002       3 21   1                 XX                2    2
24-12-46-547026-001-042000000003 3 7   7  1   1                 XXX              10    2
53-69-30-267027-001-012000000003 4 6   0  1   2                                        2
12-01-68-847027-001-031000001002 2 1   0  1   1                  XX              10    2
62-00-77-337027-001-062000000003 610   4  1   2                                        2
19-85-87-437028-001-012000000003       4  1   2                                        2
10-97-71-757028-001-042000000003 5 3   0  2  12                                        2
41-41-06-727029-001-012000000003       3  1   2                                        2
45-81-24-077030-001-012000000003       1  1   2                                        2
44-43-71-627030-001-032000000002          1   2                                        2
42-67-95-587042-001-012000000003          1   2                                        1
56-43-18-627042-001-022000000003 3 910 9  1   2                                        2
41-71-43-397043-001-012000000003 3 2 4 4  1   2                                        2
12-60-18-287043-001-022000000003          1   2                                        2
20-12-38-437044-001-012000000003 3 7   7  1   2                                        2
09-53-61-527045-001-012000000003       3  1   2                                        2
58-22-33-937045-001-021000000002 2 7   7  1   2                                        2
21-93-66-057045-001-032000000002 3 3   3  1   2                                        2
98-87-18-537046-001-012000000002       0  1   2                                        2
95-99-51-827047-001-012000000003       6  1   2                                        2
68-30-88-277047-001-042000000003 3 3   3  1   1                  XXX              9    2
80-06-63-067048-001-012000000003 3 3   3  1   2                                        2
58-51-78-077049-001-012000000003          1   2                                        2
83-87-76-407049-001-022000000003 6 8   1  1   2                                        2
82-38-27-787062-001-012000000003       4  1   2                                        2
29-87-50-907063-001-012000000003 4 4   4  1   2                                        2
21-73-35-067065-001-011101111003       1  1   1          X                        9    2
15-26-83-147066-001-012000000003          1   2                                        2
05-78-60-717068-001-011300200003       4  1   1                   XX              9    2
12-28-18-607081-001-012000000003 4 4   0  1   2                                        2
80-06-33-447082-001-022000000003       1 41   2                                        2
91-38-07-557083-001-012000000003          1   2                                        2
32-14-53-787083-001-022000000003 5 4   0  1   2                                        2
65-05-75-397083-001-051000200003          1   2                                        2
38-76-85-867084-001-012000000003 3 4   4  1   2                                        2
21-89-88-287085-001-012000000003          1   2                                        2
34-42-36-427086-001-012000000003       4  1   2                                        2
66-84-13-037086-001-022000000003 4 2   0  2  12                                        2
61-49-29-247087-001-012000000003          1   2                                        2
55-25-26-907087-001-031007204402 3 9   9  1   1                 XXXX              9    2
83-75-68-607099-001-011700700002      11  1   1             XXX    XXX            4    2
64-20-56-277100-001-012000000002 3 3   3  1   2                                        2
73-92-63-517102-001-012000000003       9  1   2                                        2
28-64-39-027103-001-011000701111          1   1                     XX            3    2
16-14-07-747105-001-022000300003       0  1   2                                        2
31-51-08-987105-001-031200430003 5 8   8  1   1                          XXX      9    2
06-49-50-717106-001-011300000002      11  1   1              XXXX                 9 5  2
13-96-85-807106-001-032000000003 0 7   7  1   2                                        2
34-73-33-017108-001-011347751102 3 9   9  1   1             XXXXXXXXXXXX          9 3  2
29-40-20-767110-001-012000000002 410 9 9  1   1              X  X                 3    2
31-77-10-507118-001-011000700002 3 9   9  1   2                                        2
78-35-45-177119-001-012000000003       6  1   2                                        1
10-98-13-237119-001-041505200002 610   0  1   1             XXXX                  9 5 22
90-38-56-467120-001-012000000002 211  11  1   1               XX                  9    2
24-00-17-337121-001-012000200002 2 910 9  1   2                                        1
96-07-66-127122-001-012000000003 3 6   3  1   2                                        2
72-66-97-487122-001-062000000003 3 3  11  1   1                X                  1    1
84-92-39-367122-001-072000000002 4 710 0  1   2                                        2
98-75-56-677123-001-011200000003       9  1   1                       XXXXX       9 3  2
21-63-86-537124-001-012000000002 3 3   3  1   2                                        2
70-58-84-847125-001-022000000002 2 9   3  1   2                                        1
32-34-20-457137-001-012000000003 5 7   0  2  12                                        2
13-00-99-017139-001-012000000003 3 1 3 1 31   1                  X                9    2
75-04-21-967139-001-021300200222 410   0  1   1                 XXX               9    2
38-11-97-927140-001-011477000202 2 1   0  1   1                  X                9    2
94-17-30-327141-001-021210300112          1   1                X    X             9    2
99-03-97-377142-001-012000000003          1   2                                        2
12-71-99-587142-001-022402100003 3 7   7  1   2                                        2
13-52-97-317143-001-012001021222 2 3   3  1   1                   X X             9    2
92-05-19-707147-001-012100000003 4 8   4  1   2                                        2
70-94-18-577156-001-012034201003 3 9   9  1   1                XX                 9 1  2
89-15-40-327156-001-071000000002 2 9   9  1   1                 XXX               1 3  2
82-99-49-707157-001-012000000003          1   1             XXXX                  1    2
96-84-54-517158-001-021200000003 4 4   0  1   2                                        2
48-98-09-927159-001-011000000003       4  1   2                                        2
74-82-94-057161-001-012000000002          1   2                                        1
15-99-79-887162-001-012000000002 4 9   9  1   2                                        2
23-95-13-937163-001-012000000003       7  1   2                                        1
45-44-01-967166-001-012000000002       7  1   2                                        2
46-11-79-017166-001-031100000002          1   2                                        2
33-18-04-957175-001-011200300002 3 8  11  1   2                                        1
59-13-37-757177-001-011713702101          1   1                X   X              8    2
83-54-03-757178-001-012000000003          1   2                                        2
80-08-62-557179-001-012000000003 310 7 7  1   2                                        2
08-17-85-337182-001-012000000003 3 4   4  1   2                                        2
00-30-59-557185-001-012220000003 4 8   4  1   2                                        2
91-24-48-007185-001-022000000003 3 4   4  1   2                                        2
33-35-59-817194-001-021220200002 2 3   3  1   2                                        2
77-00-39-767195-001-012000000003       4  1   2                                        2
63-50-84-217196-001-012000000003 4 4   4  1   2                                        2
78-83-68-487197-001-012000000002          1   2                                        2
00-59-89-487198-001-011100700002 3 3  12  1   2                                        2
36-27-12-337200-001-012200000002      11  1   2                                        2
74-28-51-417201-001-011330000002       6  1   1                 X                 910  2
82-43-40-067214-001-011077503001          1   1             XXXXXX               10    2
34-57-40-287215-001-012000000003          1   1             X                    10    2
94-63-12-267217-001-011310501003       0  1   2                                        2
33-93-15-017218-001-012000000003 4 4  11  1   2                                        2
55-07-80-347219-001-012230000002      11  1   2                                        2
92-02-31-707220-001-012000000003       6  1   2                                        2
68-11-80-277232-001-011200000003 5 3   3  1   2                                        2
03-88-81-187233-001-022000000002          1   2                                        2
50-03-21-927234-001-012000000002          1   2                                        2
18-17-32-427235-001-011054700001          1   1            XXXXXX                 9    2
22-75-61-337236-001-011470000002       4  1   1               XX                  9 3  2
12-90-93-317237-001-012211000002          1   1              XXX                  1    2
41-63-57-787238-001-012000000002       2 31   1                XXXX               4 9  2
39-75-73-737239-001-012000000002 3 3   3  1   2                                        2
18-80-43-117251-001-012000000002      11  1   2                                        2
81-00-68-637251-001-021330000002 010   0  1   1                  XX               3 9  2
66-77-07-597252-001-011302010002 2 1  11  1   1                 XX                1    2
28-64-53-797252-001-032000000003 6 710 0  1   1               XXX                 9    2
35-55-15-717252-001-092000000002 4 4   0  1   2                                        2
00-28-92-717252-001-132000200002 3 7 311  1   1                  XXX              2 9  2
45-38-97-527252-001-152170000003 010   0  1   1                XX                 9 3  2
97-32-03-217252-001-182400000002 3 3  11  1   2                                        1
23-03-77-967253-001-011000700002      11  1   2                                        2
60-19-64-977254-001-012070001003 3 4   4  1   1                 XXX               9 3  2
89-93-63-097254-001-022000000002 310   0  2  22                                        2
13-78-92-737255-001-011001070002 3 7   0  1   1                 XX                9    2
52-66-54-877255-001-022000000003 3 4   0  1   2                                        2
27-28-31-487256-001-012000000002 3 1   4  1   2                                        2
15-61-79-537257-001-011330000002      11  1   2                                        2
44-61-66-317257-001-032400300003 3111211121   1                 XX                4 9  2
49-28-25-587258-001-012000000002      11  1   2                                        2
86-48-55-227270-001-012330000003          1   2                                        1
77-81-42-637271-001-012000000002 211  11  1   2                                        1
20-15-14-217271-001-022000000002          1   2                                        2
53-21-29-447271-001-032000000003          1   2                                        2
21-72-59-457272-001-011322330003 5 4   4  1   1                  XX               9 4  2
83-24-43-627273-001-012400000002      11  2 1 2                                        2
54-14-06-277274-001-012000000003          1   1            XXXXX                  1    2
04-52-92-667274-001-032000000002 6 9   0  1   2                                        1
50-87-73-807275-001-012000000002 211  11  2  12                                        2
93-43-36-447276-001-012010000003 010   4  1   2                                        2
70-90-36-857277-001-012000000003       3  1   2                                        1
82-35-63-017277-001-032000000003 310 3 3  1   2                                        2
63-58-36-227289-001-012033000003 310 7 7  211 1            XX                     3 4 92
77-66-23-237289-001-021120000003 3 4  11  1   1              XXXXXX               9 3  2
58-92-85-997290-001-011220000003 4 3   3  1   1                 XX                4    2
97-27-00-817291-001-011000302012 312  11  1   1             X      X              9 3  1
35-09-72-297293-001-012000000003 4 6   6  1   2                                        1
27-63-10-527293-001-072000000003 3 4 7 3 41   2                                        2
12-77-98-507294-001-012000000003       3 71   2                                        2
36-47-69-257295-001-012000000003 3 4   4  1   2                                        1
73-59-70-207296-001-012312200002 3 9   9  1   1                 XXX              10    2
81-24-89-067308-001-012000000003       4  1   2                                        2
72-37-91-607309-001-012000000003       4  1   2                                        2
28-79-98-177310-001-012000000003 3 4   4  1   2                                        2
73-73-51-587310-001-072000000003 3 4   4  1   2                                        2
43-85-46-147311-001-012000000003 3 4   4  1   2                                        2
92-65-28-457311-001-032000000002 3 4   0  1   2                                        2
00-66-36-347312-001-012000000003 3 410 4  1   2                                        1
17-11-43-977313-001-012000000003 311   0  1   2                                        2
34-58-07-447313-001-032000000003 3 4   4  1   2                                        2
62-97-54-297314-001-012000000003       4  1   2                                        2
38-54-14-427315-001-022000000003          1   2                                        2
97-06-30-367315-001-032000000003 3 4   4  1   2                                        2
48-34-32-497315-001-072000000003 3 4 8 0  1   2                                        2
42-92-22-907327-001-012000000003       4  1   2                                        2
85-74-80-157329-001-012000000003 3 4   4  1   2                                        2
46-96-12-487329-001-062000000002          1   2                                        2
40-97-85-437331-001-012000000003       4  1   2                                        2
19-02-89-147332-001-012000000002          1   2                                        2
60-98-71-687332-001-042000000003       4  1   2                                        2
42-14-14-817333-001-012000000003 3 4   4  1   2                                        1
12-67-87-417335-001-012000000003 3 4   4  1   2                                        2
36-94-70-067335-001-032000000002          1   2                                        2
21-63-57-617335-001-052000000003 410   0  1   2                                        2
55-16-11-717336-001-012000000003 3 410 4  1   2                                        2
91-08-30-357338-001-011200201002 211  11  1   2                                        2
26-24-63-127338-001-031002000003 3 410 0  1   2                                        2
02-14-73-117338-001-042000000002          1   2                                        2
01-41-02-177338-001-052000000003          1   2                                        2
30-25-85-657346-001-011310000003 3 4   4  1   2                                        2
64-15-09-777346-001-052000000003          1   2                                        1
34-62-09-377347-001-012000000003 3 4   4  1   2                                        2
55-10-51-627347-001-032000000003 3 410 0  1   2                                        2
48-39-65-327348-001-012000000003       4  1   2                                        2
80-48-20-057348-001-022000000003 3 410 4  1   2                                        2
04-37-17-227351-001-012000000002          1   2                                        2
99-19-99-877351-001-022000000003 3 4   0  1   2                                        2
63-06-79-487352-001-012000000003       4  1   2                                        2
97-60-49-467353-001-012000000002       4  1   2                                        2
18-52-04-857356-001-012000000003          1   2                                        2
34-59-88-067357-001-012000000003       4  1   2                                        2
61-62-58-057365-001-012000000003 3 4   4  1   2                                        2
11-89-03-917366-001-012000000002          1   2                                        2
20-57-15-037367-001-012000000002       4  1   2                                        2
35-07-68-117368-001-012000000003       0  1   2                                        2
70-04-61-087368-001-032000000003 310   0  1   2                                        1
57-34-12-227368-001-042000000003 3 4   0  1   2                                        1
57-71-61-557369-001-012000000003       4  1   2                                        2
10-69-14-067370-001-012000000003       4  1   2                                        2
20-59-60-327371-001-012000000002          1   2                                        2
48-76-94-457372-001-012000000002 2 4   4  1   2                                        2
87-10-82-227372-001-022000000003 3 7   0  1   2                                        2
27-01-95-337384-001-012000000003       4  1   2                                        2
09-81-72-687386-001-012000000003 3 410 4  1   2                                        2
36-79-39-187387-001-012000000003          1   2                                        2
61-96-80-797389-001-012000000003 3 4   0  1   2                                        2
30-26-56-767389-001-032000000003 3 4   4  1   2                                        2
32-55-16-377390-001-011200000003       4  1   2                                        2
64-30-56-817391-001-012000000002 210   4  1   2                                        2
80-19-24-077391-001-032000000003 5 8   0  1   2                                        2
57-85-17-747394-001-012000000003 3 4   4  1   2                                        2
42-82-43-707395-001-012000000003          1   2                                        2
71-09-34-097395-001-042000000003 3 4   0  1   2                                        2
97-61-41-017403-001-032050000002 211  11  1   2                                        1
39-77-07-097403-001-042000000003 3 4   4  1   2                                        2
21-76-15-177404-001-012000000003 3 410 4  1   2                                        1
15-29-25-837405-001-012000000003 3 4   4  1   2                                        2
39-05-07-637406-001-012000000003       4  1   2                                        2
99-17-36-097408-001-012000000003       4  1   2                                        2
50-64-27-177408-001-042000000003 3 410 0  1   2                                        2
30-44-95-917409-001-012000000003       4  1   1           XX                      9    1
10-37-60-677410-001-012000000003 3 4   4  1   2                                        2
62-42-88-737411-001-011002100002 2 4   0  1   2                                        1
99-27-23-547411-001-032000000002 2 410 0  1   2                                        1
33-53-17-057422-001-012000000003 4 4   4  1   2                                        2
59-33-88-597423-001-012000000003       4  1   2                                        2
12-04-08-937423-001-032000000000       4  1   2                                        1
27-47-47-257424-001-022000000003 0 4   4  1   2                                        2
91-31-85-797425-001-012000000002          1   2                                        2
66-59-88-817425-001-021200002002 2 4   0  1   2                                        2
17-88-91-417426-001-022000000003          1   2                                        2
62-84-76-647427-001-011000100003 0 4   4  1   2                                        2
79-91-54-767428-001-012000000003       4  1   2                                        2
93-26-34-857428-001-022000000003          1   2                                        2
52-89-52-127429-001-012000000003 3 4   6  1   2                                        2
92-73-17-297429-001-052000000003          1   2                                        2
61-13-94-567441-001-012000000003          1   2                                        2
71-19-58-667441-001-052000000003 3 410 0  1   2                                        1
43-02-86-267441-001-082000000003          1   2                                        2
42-34-84-467442-001-012000000003          1   2                                        2
83-93-17-157443-001-012000000003 3 4   0  1   2                                        2
79-17-76-937444-001-012000000003 311   4  1   2                                        1
05-56-20-527447-001-012002000002       4  1   2                                        2
75-19-68-937448-001-012000000003 3 3   4  1   2                                        2
85-38-87-287450-001-022000000003 3 4   0  1   2                                        1
97-45-73-657451-001-012000000003       4  1   2                                        2
93-14-64-677460-001-012000000003 3 4   4  1   2                                        2
04-27-32-807460-001-031000000003 3 4   0  1   2                                        2
55-58-50-707460-001-042000000003          1   2                                        2
66-05-78-037461-001-012000000003       4  1   2                                        2
98-87-38-277463-001-012000000003 5 4   4  1   2                                        2
68-28-02-787463-001-062000000003 3 4   0  1   2                                        2
45-12-70-007463-001-072000000003 5 4 8 0  1   2                                        2
93-40-14-107465-001-012000000002          1   2                                        1
74-05-68-157465-001-022000000003 3 4   0  1   2                                        2
61-04-46-277466-001-012000000003          1   2                                        2
40-22-54-837467-001-012000000003 3 4   4  1   2                                        2
59-34-72-417467-001-041000000002 510   0  1   2                                        2
69-36-57-377468-001-012000000003 3 410 4  1   2                                        2
19-50-06-437468-001-032000000003 3 4   4  1   2                                        2
38-25-30-167469-001-012000000003 310 3 4  1   2                                        1
84-26-92-197479-001-022000000003       4  1   2                                        2
78-19-84-007479-001-032000000003 3 410 0  1   2                                        2
71-70-58-387480-001-012000000003 3 4   4  1   2                                        2
76-48-78-537482-001-022000000003 3 4   4  1   2                                        2
49-77-34-977482-001-032000000002 2 4   0  1   2                                        2
82-30-87-297482-001-042000000003          1   2                                        2
79-59-27-697483-001-011000100003 0 4   4  1   2                                        2
78-63-13-427483-001-081000200002 2 4   0  1   2                                        1
16-25-90-167484-001-012000000003 3 4   4  1   2                                        2
17-96-10-307485-001-012000000003       4  1   2                                        2
16-78-62-637486-001-012000000003 3 4   4  1   2                                        2
61-77-54-847487-001-012000000002 210 4 4  1   2                                        1
44-59-44-927498-001-012000000003 3 4   4  1   2                                        2
33-91-82-597499-001-011200100003 310 4 4  1   2                                        2
55-73-81-377500-001-012000000003       4  1   2                                        2
96-64-18-887501-001-012000000001          1   2                                        2
30-52-74-137501-001-022000000003          1   2                                        2
76-58-03-527502-001-011200000003          1   2                                        1
36-22-77-717502-001-052000000003 3 410 0  1   2                                        2
37-46-34-847503-001-012000000003 4 4   4  1   2                                        2
60-30-22-407505-001-012000000003 3 4   4  1   2                                        2
20-48-53-247517-001-012000000003 310 7 4  1   2                                        2
08-05-68-827518-001-012000000003 3 4   0  1   2                                        2
86-00-60-927518-001-021000000003       7  1   2                                        2
90-15-32-017519-001-012000000003 4 8   4  1   2                                        2
45-55-13-167519-001-051000007002          1   2                                        2
79-79-29-627520-001-012000000003 3 4   4  1   2                                        2
11-57-08-367521-001-012000000003       4  1   2                                        2
82-06-22-637521-001-032000000003 3 4   0  1   2                                        2
98-27-39-847522-001-012000000003 3 4   4  1   2                                        1
76-82-26-267522-001-062000000003 310 2 0  1   2                                        1
41-29-34-327523-001-011300000003       4  1   2                                        1
09-22-50-427524-001-012000000003       4  1   2                                        2
80-00-99-677536-001-012000000003       4  1   2                                        2
82-77-21-507539-001-012000000003       0  1   2                                        2
83-67-28-047540-001-012000000002 3 4   0  1   2                                        2
92-92-73-427541-001-022000000003 3 4   4  1   2                                        2
28-67-49-347542-001-012000000003 3 4   4  1   2                                        2
83-29-55-217543-001-012000000002          1   2                                        2
77-31-14-187543-001-032000000003 0 410 0  1   2                                        2
10-69-54-327545-001-012000000002       4  1   2                                        2
16-82-78-487547-001-012000000003       4  1   2                                        2
87-52-25-547555-001-011000200002       4  1   2                                        2
09-60-72-357558-001-012000000003 3 4   4  1   2                                        2
37-24-31-427558-001-032000000002          1   2                                        2
87-10-26-467559-001-012000000003          1   2                                        2
46-85-30-667560-001-011000012003 3 4   4  1   1        XXX                        9    2
07-35-63-027560-001-032000000003 3 4   4  1   2                                        2
78-81-38-517561-001-012000000003       4  1   2                                        2
11-75-23-667561-001-032000000003 3 4   0  1   2                                        2
63-12-04-227562-001-012000000003 3 4   4  1   2                                        2
78-86-94-277568-001-012000000003 4 4   4  1   2                                        2
29-88-55-887574-001-012000000003       0  1   2                                        2
77-24-57-027574-001-062000000003 3 4   0  1   2                                        2
50-73-43-857575-001-011000000003       4  1   2                                        2
93-02-42-567576-001-012000000003       4  1   2                                        2
43-51-75-037577-001-012000000003          1   2                                        2
94-28-78-017578-001-022000000002 2 4   4  1   2                                        2
09-74-44-297579-001-012000000003       4  1   2                                        2
17-54-20-107580-001-012000000003       4  1   2                                        1
83-88-89-827581-001-012000000003          1   2                                        2
74-13-08-417593-001-012000000003 3 4   4  1   2                                        2
58-30-02-977593-001-032000000003          1   2                                        2
40-92-52-967593-001-042000000004          1   2                                        2
36-16-69-017595-001-012000000003 3 4   0  1   2                                        2
15-68-66-437595-001-032000000003          1   2                                        2
86-24-82-757596-001-011300000003       4  1   2                                        1
71-84-38-207597-001-012000000003          1   2                                        2
86-49-40-917597-001-032000000003          1   2                                        2
33-07-39-667598-001-012000000003          1   2                                        2
05-83-12-707598-001-022000000003 3 4   4  1   2                                        2
94-76-98-577599-001-022000000003       4  1   2                                        2
44-06-71-597600-001-012000000003 3 4   4  1   2                                        2
64-92-05-337612-001-012000000003          1   2                                        2
70-95-65-917614-001-012000000003          1   2                                        2
62-10-79-127615-001-012000000002 3 7   7  1   2                                        2
35-93-44-407615-001-022000000003          1   2                                        2
98-74-97-827616-001-012000000003       4  1   2                                        2
59-88-60-907621-001-012000000003          1   2                                        1
14-19-96-877623-001-012000000003       4  1   2                                        1
49-96-42-287631-001-032100000003 3 4 3 4  1   2                                        2
63-41-44-087632-001-011300000002          1   1                 X                 9    2
00-21-85-367633-001-012000000003          1   2                                        2
46-70-45-217634-001-011477300002       4  1   1        X                          8    2
63-23-04-537635-001-012000000003      12  1   1              XXXX                 9 3  2
16-31-01-007636-001-011700000002          1   1                 XX               10    2
64-48-82-857637-001-011200203102 2 9  11  1   1                   XXXX            9    2
75-68-88-147638-001-012000000003 3 2   3  1   2                                        2
72-11-98-017650-001-011320000003 610 7 4  1   1            XX     XXX             1 9  2
44-04-92-357651-001-012000000003 3 6   6  1   2                                        2
05-80-88-367652-001-012000000000      11  1   2                                        2
62-17-78-367653-001-012000000003       0  1   2                                        2
38-38-42-787655-001-012000000003          1   2                                        2
68-19-91-607656-001-011070030003 3 4   4  1   1                   XX              9    2
48-81-33-817656-001-032000000003          1   2                                        2
64-69-57-407657-001-012000000003          1   2                                        2
17-20-31-197657-001-032000000003          1   2                                        2
58-92-18-387657-001-042000000003 3 1   1  1   2                                        2
06-15-32-097671-001-012100100003       4  1   2                                        2
66-49-10-897672-001-012000000003 4 7 411  2  22                                        2
48-48-39-867674-001-011250002003          1   1                   X               9 3  2
27-77-08-527675-001-012000000003 4 7   7  1   2                                        2
72-74-54-137676-001-011550200002          1   1               X                   9    1
48-25-81-237688-001-011120300002 2 8   3  1   2                                        2
37-27-82-447689-001-012000000003 3 6   6  1   2                                        2
32-21-84-787690-001-021000003002 3 9  11  1   1                X X                9 1  2
73-28-16-657692-001-012000000003          1   2                                        2
59-61-20-397693-001-011203700002      11  1   1                  XX X             9 1102
38-29-15-917693-001-022000000003       5  1   1              XXXXXXXX             1 2 92
51-45-14-977694-001-012000000002 2 3   0  1   1                  X                3    2
48-86-67-227695-001-012000000003          1   2                                        2
10-40-33-807707-001-012000000003 4 4   4  21 12                                        2
12-87-18-547708-001-012000000003       4  1   1       XXXXXX                      9    1
43-93-30-837709-001-012120200003          1   2                                        2
26-55-00-487709-001-041000000003          1   2                                        2
84-10-74-907710-001-011400070402 312   0  1   1       XX        XX                9    2
70-68-63-467710-001-021121000003 4 8 5 0  22211       X                           5    2
08-11-59-497711-001-012000000003       1 41   2                                        2
67-88-22-187712-001-012233000003       4  1   2                                        2
69-60-68-967712-001-052000000000          1   2                                        2
26-94-90-987713-001-012000000003          1   2                                        2
00-98-54-117726-001-011320300003 3 7   7  1   1                 X                 8    2
46-86-49-347727-001-012001000002       3  1   1       X X    X                    1    1
11-67-43-987727-001-021200002002 3 9   0  1   1       X       X                   1    2
21-14-28-097727-001-032000000000          1   2                                        2
15-42-73-607728-001-011001070002 3 7   0  1   2                                        1
45-57-77-157728-001-042200002202 3 3   0  1   1            XXX   X                9    2
88-14-86-337729-001-012000000003 3 7   7  22211       X                           9    2
82-52-23-197730-001-012000000002 3 7   8  1   2                                        2
28-74-45-587731-001-012000000003 3 4   4  1   2                                        2
83-92-82-087732-001-011221000002 3 4  11  22211       X          X                9 4  2
51-07-44-647732-001-051002000003 3 710 0  1   1                  X                4    2
26-88-11-767732-001-061230002002       3  1   1              XXXX                 9 4  2
63-84-49-817732-001-091507232002 312   3  1   1       XXXX                        1    1
94-29-07-237733-001-011370100002          1   1          XXXXXXXXX                5 8  2
70-92-10-887733-001-032001100002          1   1       X          X                9    2
62-66-54-857745-001-021000021102      11  1   1            X    X                 9 8  2
59-34-00-287746-001-012000000003 4 5   5  22212                                        1
70-87-82-307746-001-042000000002          1   2                                        2
86-62-61-137747-001-011000000002       4  1   2                                        2
82-92-85-757748-001-012130000003          1   2                                        2
94-41-06-337749-001-011700101003       4  1   1       XXXXXXXXXXXX                3 5 92
81-04-14-297751-001-012000000003 4 2   8  21 11          XXXX                     510  1
60-92-37-797752-001-012000000003          1   2                                        2
68-48-30-867752-001-021300000003       4  1   1                  X                9    1
96-06-39-807764-001-011777207002      12  1   1                  XXX              1    2
60-10-77-457765-001-012000000001          1   2                                        2
99-45-69-657766-001-022000000002 4 9   3  2  12                                        2
09-26-56-737767-001-011430201102      11  1   1               X XXX               1    2
36-91-08-387767-001-021210000002      11  1   1                XXXX               1    2
82-38-34-767768-001-012000000003          1   2                                        2
90-27-13-047768-001-022000000003       4  1   2                                        2
66-99-05-827770-001-011200203003       9  1   1               XXXXXX              4 9  2
11-76-93-907771-001-012000000002      12  1   2                                        2
93-67-00-467771-001-022200000003          1   2                                        2
87-23-20-077771-001-071000000112 3 9   0  22111                    X              9    2
19-27-38-767772-001-012000000002       6  1   2                                        2
39-02-43-057783-001-011222201003 3 6   6  1   2                                        2
64-51-13-877784-001-011400400003 310   4  1   1           X X   X                 9    2
91-84-77-027784-001-052000000003 3 9   9  1   2                                        2
94-73-38-057785-001-011252230003 3 7   0  1   1                 XX                1 9  2
07-40-14-617785-001-071430300003 3 7   9  1   1                  XX               4    2
45-53-69-637786-001-012000000002 310   6  1   2                                        2
14-96-14-697788-001-012000000001 4 9  12  2  12                                        2
89-70-07-167788-001-021700704333          1   1                 X                 9    1
63-96-57-657789-001-011010100003 5 7   0  1   2                                        2
37-79-76-007789-001-021777713003       3  1   1                  X                1    1
16-12-93-027790-001-022000000002 3 9   9  2 212                                        2
40-64-10-347802-001-012000000002      12  1   2                                        2
17-90-17-267804-001-012000000003          1   2                                        2
60-23-57-077805-001-012000000003 4 7  11  2  12                                        2
17-34-94-887806-001-012000000003          1   2                                        2
81-48-53-177806-001-022000000002 2 3   0  1   1               XXX                 1 9  2
25-44-43-187807-001-012034100002 3 6   0  1   1            X                      9    2
95-48-94-617808-001-012000000002 2 6   3  1   1                   X               1 9  2
16-78-00-157809-001-012000000002       3  1   2                                        2
33-34-92-887811-001-011500000003 3 1 3 0  1   2                                        1
74-19-50-757821-001-012000000003          1   2                                        2
05-58-61-247821-001-022000000003 3 7 6 0  1   2                                        2
16-78-25-517822-001-012000000003 3 4   4  1   2                                        2
32-99-12-857823-001-011377202003       3  1   1                 XX                9    2
95-78-69-017823-001-021230001003 3 3 1 0  1   1                  XX               1 9  1
63-30-99-247824-001-011220003003       3 11   1                XXXX               1    1
26-83-07-887825-001-012720000002          1   1                 XXXX              9 1  2
19-13-36-447826-001-021000300002          1   2                                        2
11-01-62-717826-001-042200000003 3 7   0  1   1                     XX            9    2
19-76-47-957827-001-012000200002          1   1               XXXXXX              1 9  2
18-60-12-927827-001-021332220002 3 7   6 91   1              XXXX    X            4    2
50-85-67-457828-001-011200203002          1   1                 XXX               1 9  2
17-99-40-217840-001-012000010002 211  11  1   2                                        2
49-58-44-747841-001-011302302311 210  11  1   1               XXXXXX              1 9  1
29-74-60-147842-001-012000000002      11  1   2                                        2
63-73-59-667842-001-031203330422       3  1   1                   XXX             1    1
22-67-43-597843-001-012000000002       3  1   2                                        2
45-51-75-377844-001-011240305252 310  11  1   1                   XXX             1 9  1
56-26-44-997845-001-011323543213 4 6   6  1   1                  XX              10    2
21-16-08-167846-001-011353032003       6  1   1                    XXXX          10    2
08-12-65-707847-001-011210000002       6  1   1            X                      1    2
83-27-07-277847-001-022350000003 4 3   3  1   1                 XXX               4    2
13-86-84-697859-001-011545706732          1   1                  XX               9    2
70-91-07-557860-001-011200000002       9  1   2                                        2
01-06-91-867860-001-022300301003 2 9   0  1   2                                        2
19-68-40-277860-001-042000000003          1   2                                        2
06-05-88-837861-001-012000207002       3  1   2                                        2
07-61-69-657862-001-012000000002       0  1   2                                        2
08-24-51-297863-001-012000000003 4 3   0  1   1                   XX              1 9  2
03-51-23-507865-001-012120000003       4  1   2                                        2
16-82-37-777866-001-012000000003 3 6   6  1   2                                        2
14-97-67-177866-001-032120000003 3 6   0  1   2                                        2
88-88-83-397866-001-042000000003      11  1   1                   XX              1 9  2
44-41-62-447878-001-012000000002          1   2                                        2
56-33-92-927879-001-012020000003          1   2                                        2
48-60-13-237880-001-022000000000 0 7   0  1   1               XXXX                9    2
92-47-41-817880-001-042000000003 4 4   4  22 12                                        2
01-39-89-987881-001-011425212003       7  1   1                   X               9    2
05-43-47-877881-001-022102300001 3 4   4  1   2                                        2
20-91-10-077882-001-012000000003       1 31   2                                        2
48-52-11-317884-001-022000000003 4 9  11  1   2                                        2
05-38-38-517885-001-012000000003 4 4   4  2  12                                        2
49-33-77-787887-001-012000000003          1   2                                        2
39-06-35-227887-001-021102000003       4  1   2                                        2
12-28-87-827887-001-032070000003          1   2                                        2
84-90-25-347897-001-011100100102          1   1                  XX               1 9  2
22-54-53-727898-001-012000000002      11  1   2                                        1
34-13-06-647899-001-011330000003 010   7  1   2                                        1
52-33-12-157900-001-012000001002 3 5   0  1   1                  XX               1 4  2
90-34-69-567901-001-011000300723          1   1                     X             1    1
90-41-70-137902-001-012000000002 2 9  11  1   1                 XXX               1    2
62-09-95-837902-001-021304000002 2 9   9  1   1                   X               9    2
23-91-99-717903-001-012000000002 211  11  1   2                                        2
71-25-97-717903-001-032000000003 3 1   0  1   2                                        2
87-80-72-977904-001-012020000003       1 31   1                  XX               9 1  1
08-08-88-137904-001-032023510112 3 5   0  1   2                                        1
90-68-95-747916-001-011000001002      11  1   1          X    X XX                910  2
95-68-45-617917-001-012000000002 211  11  1   2                                        2
80-27-00-227918-001-011342020102 2 7  11  1   2                                        2
19-89-44-487919-001-011002000222      11  1   1              X  X X               5 9  2
71-33-08-657919-001-112000000003 3 6   6  1   2                                        2
52-72-30-637920-001-011333300002 211  11  1   1          XXXXX                    1    2
53-96-23-777921-001-012000000003 4 3   3  1   2                                        2
32-16-83-617921-001-042000000003 3 3   3  1   2                                        2
45-53-14-167922-001-011200001112 211  11  1   1           XXX                     9 1  1
43-53-42-887923-001-012000000002 211  11  1   1          X                        9    2
17-46-58-997935-001-012000000002      11  1   2                                        2
23-45-63-667935-001-062000000003 3 4   4  1   2                                        2
74-23-11-257935-001-071300001013 3 7  11  1   1                       XXXXXX      1    2
24-84-33-697935-001-082235000003 010   0  1   2                                        2
38-93-20-827935-001-102000000003 5 6   6  1   2                                        2
31-35-06-217936-001-012000000002 210 7 3  1   2                                        2
65-66-36-377936-001-071212000003 3 7   7  1   2                                        2
29-53-90-677937-001-012000000002       3  1   2                                        2
61-07-26-107937-001-032000000003 310 7 0  2  12                                        2
11-86-72-637937-001-062000000002 211  11  1   2                                        2
16-88-90-727937-001-072000000003          1   2                                        2
47-29-29-057938-001-012000000003       3  1   2                                        2
15-50-78-417938-001-032000000003          1   2                                        2
57-06-25-307938-001-052000000003 3 3   3  1   2                                        2
66-44-37-767939-001-012000000003 3 6   6  1   2                                        2
82-22-68-187939-001-032000000003 3 7   7  1   2                                        2
60-09-93-817939-001-112000000003 3 4   6  1   2                                        2
71-59-39-297940-001-022000000002          1   2                                        2
68-19-08-477941-001-012000000003 3 8   8  1   2                                        2
91-32-59-607941-001-032000000003 311  11  1   2                                        2
83-71-94-397941-001-052000000003       4  1   2                                        2
60-83-88-297942-001-012200000002       3  1   2                                        2
68-63-47-407942-001-042000000002 3 7 6 3  1   2                                        2
91-59-57-157942-001-062000000003 4 7   4  1   2                                        2
85-82-39-187942-001-092000000002 3 1 3 0  1   2                                        2
77-04-03-227942-001-112000000003 5 4   0  1   2                                        2
79-34-62-977954-001-011000000003      11  1   1               X X                 9    2
04-74-85-307954-001-062000000003          1   1                  X                9    2
71-84-35-817954-001-072000000003 4 7   0  1   2                                        2
85-29-06-507956-001-012000000003          1   2                                        2
26-00-84-067957-001-011422420112       3  1   1             X X                   9    2
11-11-82-257958-001-011007000012 210  11  1   1                XXX                9    2
86-62-05-207958-001-062000000003 4 4   0  1   1                XXXXXXXXXXXX       9    2
68-08-62-127958-001-071000100222          1   1                  XX               1    2
18-94-18-127962-001-012000000003 3 4   4  1   2                                        2
87-93-30-617973-001-011720001002 211   0  1   2                                        2
12-58-42-987974-001-011270000213 3 9 3 3  1   2                                        2
73-85-16-747975-001-011200000003 3 6   6  1   1             X                     1    2
64-86-51-207976-001-012000000003 3 6   6  1   2                                        2
66-05-47-957977-001-012000000003 3 7   7  1   2                                        2
61-85-33-747978-001-012000000002       3  1   2                                        2
38-20-36-177978-001-041000000002 3 7   7  1   2                                        2
30-07-36-267979-001-012000000002 2 9   3  1   2                                        2
33-39-81-337980-001-012000001003 3 9   9  1   1               XXX                 3 1  2
94-02-09-967992-001-021300000003       4  1   2                                        1
60-95-84-907993-001-012000000003 3 4   4  1   2                                        2
39-16-24-827995-001-012000000003          1   2                                        2
61-18-82-897995-001-032000000003 3 7   0  1   2                                        2
41-73-71-997995-001-042000000003          1   2                                        1
02-66-98-627997-001-012230220003       0  1   1               X                   9 3  2
31-14-12-167998-001-012000000003       1  1   1                 XXX               1    2
58-92-11-347998-001-042000000003          1   2                                        2
00-35-78-418000-001-012000000003       4  1   2                                        2
53-35-83-738001-001-022000000003 010   6  1   2                                        2
38-93-28-418011-001-012000000002 3 710 7  1   2                                        2
50-40-29-948012-001-012000000003 3 4   4  1   2                                        2
98-99-18-198012-001-032000000002          1   2                                        2
03-53-78-348013-001-012000200002 3 4   4  1   2                                        2
88-05-64-808013-001-031200000003 4 4   0  1   2                                        2
04-26-12-458013-001-042000000002 3 4   0  1   2                                        2
14-68-38-978014-001-012000000002 0 3   3  1   2                                        2
54-57-11-678015-001-012000000003          1   2                                        2
91-66-92-698016-001-011300000002 010   3  1   1              XXXX                 9    2
29-86-51-868017-001-012000000002          1   2                                        2
90-37-68-488030-001-011000000003          1   2                                        1
01-21-77-708030-001-022000000002       3  1   1             XXXX                  3    1
55-10-45-608032-001-031000000002          1   1              XX                   4    2
44-32-80-968033-001-021200020012 6 310 3  1   2                                        2
68-35-72-168035-001-012200300002 3 1 3 1 31   2                                        1
13-62-28-638036-001-012000000000 0 4   4  1   2                                        2
74-11-66-438037-001-012000000002       3  1   2                                        2
61-40-59-858038-001-011000700002       3  1   2                                        1
15-06-67-678039-001-011677504212          1   1             XXXXXXXXXXXX          9    2
87-69-15-568050-001-011403030003 3 4  12  1   1                XXX                9    2
61-74-11-868052-001-011331200002      11  1   1                   XX              9    1
58-52-23-478053-001-012000000003       1  1   2                                        2
00-57-86-778054-001-011342000003       4  1   2                                        2
31-54-96-428055-001-022000000003      12  1   2                                        2
90-22-84-418056-001-012200000003          1   2                                        2
86-00-20-098056-001-052000000003 510 1 0  1   2                                        2
20-53-14-888059-001-012220200002          1   2                                        2
59-42-79-328068-001-022000000002 3 9   9  1   2                                        2
08-10-16-648068-001-042000000002 210 911  1   2                                        2
78-96-49-968069-001-012000000003 3 3   3  1   2                                        2
05-06-56-338069-001-042000000003 3 7   0  1   2                                        2
62-39-49-908070-001-012000000002          1   2                                        2
99-94-65-538071-001-012000000003 3 7   7  1   2                                        1
39-63-64-448073-001-012000000003 3 9   9  1   2                                        2
17-46-97-578073-001-032000000003 3 6   6  1   2                                        2
86-24-47-948074-001-012000000002      11  1   2                                        2
29-04-37-378076-001-022000000003 2 6   0  1   2                                        2
35-43-15-568076-001-032000000003 3 3   3  1   2                                        2
33-01-35-908079-001-012000000003       6  1   2                                        2
78-51-37-438087-001-012330000002 3 4   4  1   1                XX                10    2
37-69-71-688088-001-012000000002       3  1   1               XXXXX               4 6 92
96-28-87-018089-001-011230000002          1   1         XXXXXXXXXXXX              910  2
41-20-70-698090-001-011213000113          1   1             XXXX                  8    2
82-22-36-588091-001-012000000003      11  1   2                                        2
08-11-10-008092-001-012000000003 3 4   4  1   2                                        2
30-34-74-238093-001-012200000003 4 7   3  1   1              XXXXXX               8    2
40-65-81-688094-001-011777100002          1   1                 XX                4 9  1
21-68-14-268106-001-022130000003 3 4  11  1   2                                        2
58-04-46-168107-001-012000000003      11  1   2                                        2
82-38-92-088108-001-012603700002 211  11  1   1                XXXXX              3 9  2
04-52-77-928109-001-022000000002       4  1   2                                        2
08-91-66-168110-001-012000000003 4 7   0  1   2                                        2
29-19-06-618110-001-022000000003 4 4   0  1   2                                        2
29-16-25-688111-001-012000000003          1   2                                        2
91-73-79-238112-001-012100300002          1   1           X                       9    2
80-61-59-888113-001-012000000003          1   2                                        2
62-27-70-088125-001-012044300003 4 7  11  1   2                                        2
58-56-42-558127-001-012001000003          1   2                                        2
65-27-64-638130-001-012020000003       4  1   2                                        2
27-42-58-048130-001-032000000003 5 3 4 0  1   2                                        2
80-53-57-308131-001-012000000003          1   2                                        2
00-06-67-728132-001-012100000003 4 4   0  1   2                                        2
32-65-47-458145-001-011213200003 4 5   4  1   1                   X               9    2
31-02-55-838146-001-011072010002 3 4   4  1   1                   XX              9    2
84-36-20-538147-001-012000000002          1   2                                        2
59-14-14-768148-001-012000000003          1   2                                        2
70-83-32-278149-001-012000000003          1   2                                        2
71-67-36-168150-001-011000000002       0  1   2                                        2
02-20-12-918151-001-012040200003          1   2                                        2
55-94-19-898151-001-022070000003          1   2                                        2
68-70-95-158164-001-012104300003 3 4  11  1   1                  X                2    2
06-57-77-898167-001-011777772203      11  1   1         XXXXXXXXXXXX              1 4 92
66-05-65-518168-001-011122312102 211  11  1   1         X                         1 9  2
16-85-18-498169-001-012000000003      11  1   1                X                  9    2
08-81-11-438169-001-022000000003 3 710 0  2   2                                        2
19-34-58-488170-001-011000007703 3 4   4  1   1         XXXXXXXXXXXX              110  1
23-92-25-818170-001-021000000003 5 7   7  1   1           XX                      5    2
87-50-63-898171-001-011002300203          1   2                                        2
73-73-81-468173-001-011342222202       3  1   1           XXXXXX XXX              1 9  2
81-59-25-118182-001-012000000003 3 4   4  1   2                                        2
85-45-40-368182-001-021232200003          1   1                 XXX               1    2
11-04-95-978183-001-012070000003          1   2                                        2
55-32-59-928183-001-032000000003 510   0  1   1                        X          9    2
55-00-80-558184-001-012000000003 3 4   4  1   2                                        2
08-21-18-738185-001-012770300003          1   2                                        2
64-14-59-038186-001-012600000003       4  1   2                                        2
83-98-37-268187-001-012270000003 3 4   4  1   2                                        2
76-68-51-698187-001-032000000003 010   0  1   2                                        2
28-17-95-658187-001-041020100003          1   2                                        2
40-81-26-918187-001-051040200002          1   1                 XX                9    2
37-12-34-368188-001-011211400102          1   1             XXX                   9    2
68-96-28-518189-001-012000000003          1   2                                        2
44-07-39-978201-001-011000000003 3 4   0  1   1               XXX                 9 8  2
01-27-92-618203-001-011212040203      11  1   1                   XX              9    2
63-99-79-448204-001-011000000003 3 9  11  1   2                                        2
69-37-83-888205-001-012000000003 5 7   4  1   2                                        2
85-30-79-738205-001-022000000003 3 4   0  1   2                                        1
75-64-92-778206-001-011700200003 3 4   4  1   1                 XXXXX             9    2
37-84-33-458213-001-011770700002 3 9   9  1   1                       XX          9    2
11-50-44-148220-001-012000000002 3 7  11  1   1                 XX               10    1
59-62-63-868220-001-041000000002 3 3   0  2  12                                        2
07-12-36-518221-001-011233001102      11  1   1             XX      X             4 3 92
51-95-27-788221-001-041213002102 3 3   0  1   1          XXXXXX                   9 5  1
37-27-39-028221-001-121500351112 3 9   9  1   1              XXXX   XXXXX         9 3  1
31-58-34-738222-001-011304770002 4 4  11  1   2                                        2
89-62-84-168223-001-012000000002 4 7   0  1   1               XXX                 5    2
50-15-97-058224-001-011420100202 3 9   0  1   1               XX                  3 1  2
42-70-94-918225-001-011777000002 210  11  1   1                 XX                3 4 92
19-84-40-428227-001-012002000002 211   3111   1             X                    10    2
74-41-92-738227-001-031131310003 3 3   0  1   2                                        2
48-89-22-758228-001-031200000002 3 7   3  1   1                  X               10    2
64-39-63-918239-001-011000000003          1   2                                        2
04-37-85-438240-001-011777000002          1   1                 XXXX              910  2
74-87-14-678240-001-032000000003 3 4   0  1   2                                        2
75-29-65-678241-001-011003600002          1   1                XXXX               9 1  2
45-06-93-918242-001-011300101002 3 9   9  1   1                XXX                3 5  2
91-94-05-768243-001-021705002002          1   1              XXXXXXXX            10 9  2
66-31-63-618244-001-011777200302          1   1               XXXX                9 3 42
15-55-04-528245-001-011700700402      11  1   1          XXXX                     9    1
69-24-30-068246-001-011210000002      11  1   1                  XX               2 9  2
33-13-26-348258-001-012000000003 311  11  1   2                                        2
52-96-30-548259-001-012000000003 4 4   0  2  12                                        2
52-98-01-088260-001-011000002002 3 9   7  1   1                 XX                9 4  2
40-28-81-738261-001-011303700133       3  1   2                                        2
27-65-92-718262-001-011321100202          1   1       XXX      XXX                4    2
25-50-76-858263-001-011702440002 2 3   3  1   2                                        2
82-86-92-668264-001-012000000003          1   2                                        2
49-43-73-788267-001-011102302203      11  1   1       X                           1 9  2
62-23-73-138267-001-021242432102 4 9   0  2  11       XX    X                     4    2
45-39-10-248277-001-012000000003          1   2                                        2
77-57-20-328278-001-012000000002      11  1   1                 XX                4    2
24-46-42-268281-001-012000000002 211  11  1   2                                        2
24-95-76-968281-001-072000000003 3 7   7  1   2                                        2
76-84-55-628282-001-012550000003 3 6   6  1   2                                        2
83-35-92-638282-001-022000000003       3  1   2                                        2
97-06-33-258282-001-032000000003       4  1   2                                        2
36-66-06-018283-001-022220000003 3 4   4  1   2                                        2
25-22-50-958284-001-011700242112 3 9   9 31   1                 XXXX              1 9  2
95-10-97-388285-001-011702121003 3 7   0  1   1                   XXX             9    2
34-24-42-478296-001-012530100003 610   1 31   1                 XXXX              1 9  2
38-49-25-708296-001-032000003003 3 4   0  1   2                                        2
77-70-61-918297-001-012200000003          1   2                                        2
63-26-63-658297-001-031002200332          1   1                XXXXXXXXXXXX       9    2
53-38-97-118298-001-011303730441          1   1                  XXX              9    2
56-76-52-708298-001-022000000000       4  1   1                   X               9    2
30-91-33-948299-001-012000000003 5 5   4  1   2                                        1
20-29-54-858300-001-012000000003          1   2                                        2
02-46-85-148300-001-022000000003       4  1   1                   XX              9    2
80-62-47-378301-001-012000007002          1   2                                        2
46-37-69-598302-001-011777700221       3  1   2                                        2
04-67-25-728303-001-012000000003 4 7   0  2  12                                        2
94-59-16-398315-001-012000000003 3 4   4  1   2                                        2
34-59-28-888315-001-021302400003       3  1   1                XXX                9    2
56-42-78-398316-001-012000300003 3 3   3  1   2                                        2
29-73-67-928317-001-012000000003 4 7   7  1   2                                        2
10-62-33-698318-001-012200000003 3 7  11  1   1       XXX                         1 9  2
19-74-83-658320-001-012000000003          1   2                                        2
76-73-73-608320-001-021210000003 310   0  1   2                                        2
57-94-17-988321-001-031407702202       4  1   1       XXXX                        1 9 41
61-12-23-648323-001-011442221003       9  1   1       XX       XXX                3    2
99-80-42-778334-001-012000000003 4 3   3  2  12                                        2
97-55-57-288335-001-011607704062          1   1           X X                     9    2
78-23-24-878336-001-022320000002       3  1   2                                        2
06-62-00-958337-001-012000000003 312  12  1   1                  XX               1 2 92
28-61-87-708338-001-012220000000       4  1   2                                        2
22-74-35-708338-001-032320000003 4 4   4  1   2                                        2
11-35-47-338339-001-012301000003 3 3   3  1   2                                        1
49-43-24-278340-001-012000000003 3 7   4  1   2                                        2
07-03-03-328341-001-011321213123 310 3 0  1   1                  XXXX             1 9  1
13-18-37-568353-001-011000000003 5 7   4  1   2                                        2
59-42-27-788354-001-012000000003 0 3   3  1   1               XXXXX               8    2
12-37-16-458354-001-042000000003          1   2                                        2
93-83-30-358355-001-022000000002       3  1   2                                        2
28-76-39-688355-001-031200700112 211  11  1   1              XXXXX                8    2
09-59-03-968356-001-012000300003 3 9   0  1   1                XXXX               8 2  2
18-29-59-278356-001-032000000003 3 3   0  1   2                                        2
53-32-03-538356-001-072000000003 4 7   6  1   2                                        2
03-68-90-998357-001-011327723302 3 3   0  1   1                XXXXX              8    2
82-27-98-918357-001-042000000003 3 1 3 0  1   2                                        2
40-81-26-448358-001-011000077003 3 9   9  1   1                XXXXX              1 9  2
07-04-49-798359-001-012020000003 5 6   3  22211         X                         4 9  2
31-67-78-918360-001-012000200003 3 3   3  1   2                                        2
89-41-43-058372-001-012000000003 5 4   4  1   2                                        2
09-25-40-398372-001-052000000003 3 7   7  1   2                                        2
77-59-31-638372-001-302000000003          1   2                                        2
12-62-25-268373-001-012000000003 3 3   3  1   2                                        2
42-62-13-408373-001-052000000002 3 9   9  1   2                                        2
89-62-22-138374-001-012000000003 4 9   9  1   1                XX                 4 9  2
13-70-69-598375-001-012000000003       3  1   1            XX                     4    2
02-43-32-068376-001-012000000003 5 3   3  1   2                                        2
37-71-21-508377-001-012000000003 4 3   0  1   2                                        2
90-31-32-298377-001-032220000003 3 9   0  1   2                                        2
42-29-84-548378-001-012000000003       3  1   2                                        2
41-09-02-208378-001-061000000003 310   0  1   2                                        2
86-36-77-818379-001-012000000003 5 6   6  1   2                                        2
71-62-11-038391-001-032000000003 310 3 3  1   1              XX                   9 4  2
27-25-01-278392-001-012200000003       3  1   1               XXX                 9 1  2
30-99-27-278393-001-012002000002          1   2                                        1
82-29-94-458394-001-011000000003 5 6   6  1   2                                        2
02-89-25-528395-001-012000000003          1   2                                        2
75-47-35-578395-001-022000000003          1   2                                        1
14-29-33-678396-001-012000000003 3 3   3  1   2                                        2
16-88-13-928398-001-012000000003 3 8   8  1   2                                        2
63-66-15-528410-001-012000000003 3 6   6  1   2                                        2
35-76-92-328411-001-012000000003 3 7   7  1   2                                        2
08-37-96-268412-001-012000000003       3  1   2                                        2
29-90-85-158412-001-022000000003          1   2                                        2
29-28-77-938413-001-012000000003 3 7   7  1   2                                        2
53-65-94-758414-001-012000000003 410   3  1   2                                        2
42-07-57-408414-001-032000000003       3  1   1                 XX                1    2
03-58-06-438415-001-012000000003          1   2                                        2
37-60-80-098415-001-031414332102       3  1   1               XXXX                5    1
33-83-90-348416-001-012000000003 3 7   1  1   2                                        2
22-94-41-888416-001-032000000003 3 310 3  1   2                                        2
81-60-85-718417-001-012300000003 3 3   3  1   2                                        2
78-17-26-878417-001-052000000003 3 9   0  1   2                                        2
68-36-25-838429-001-012000000003 310 4 4  1   2                                        2
88-30-56-528430-001-022000000003 310 7 7  1   2                                        2
02-94-58-758430-001-041202300102 3 7   0  1   1                  X  XX            9    2
55-28-78-708430-001-052000000002 4 9   0  1   2                                        2
05-26-99-668431-001-012200000003       4  1   2                                        2
53-79-41-888432-001-012000000003 3 7   7  1   2                                        2
97-93-89-278432-001-042000000002 3 3   3  1   2                                        2
51-76-89-738433-001-012000200002          1   2                                        2
54-84-39-338434-001-012000000003 3 3   3  1   1                XX                10    2
23-84-39-388434-001-032000000003          1   2                                        2
09-35-15-018435-001-012200000003       3  1   2                                        2
56-11-57-358436-001-011500000002 211  11  1   2                                        2
09-69-32-298448-001-012400000003 3 9   9  1   2                                        2
85-90-69-268448-001-052000000003 3 9   9  1   2                                        2
08-15-79-098449-001-012000000003 310   3  1   2                                        2
59-10-88-398450-001-012000000002 310   3  1   2                                        2
17-48-94-578451-001-022000000003 3 3   3  1   2                                        2
94-34-92-188452-001-012000000003      11  1   2                                        2
83-21-82-378452-001-032000000003 3 4   4  1   2                                        2
28-52-02-768453-001-012000000003 3 3   3  1   2                                        2
94-38-37-268454-001-012000000003 0 4   4  1   1                  XX               1 9  2
22-92-19-148454-001-032000000003 3 4   4  1   1                  X                3    2
86-55-14-578454-001-072000000003 3 4   0  1   2                                        2
20-16-02-248455-001-022000000003 5 710 6  1   2                                        2
88-25-16-768467-001-011300000003 4 5   0  1   2                                        2
63-41-60-758468-001-012000000003       4  1   2                                        2
67-07-55-148468-001-032420100001          1   1                  X                9    2
82-41-10-878470-001-012000000003          1   2                                        2
29-67-07-148470-001-032000000003          1   2                                        2
01-65-53-728471-001-012000000003 4 4 7 4  1   2                                        2
26-59-11-808472-001-012000000003 3 4  11  1   2                                        2
27-44-06-258474-001-012000000003       4  1   2                                        2
33-54-58-878476-001-022000000003       0  1   2                                        2
41-48-65-388477-001-012000000003 3 1   1  1   2                                        2
42-27-57-108486-001-012000000003 5 6   6  1   2                                        2
57-70-35-258487-001-012000000003 4 7   7  1   2                                        2
17-10-15-118487-001-032000000003 3 7   7  1   2                                        2
31-29-40-318487-001-042000000003          1   2                                        2
24-66-81-388487-001-052000000003 5 7   7  1   2                                        2
02-08-79-278487-001-132300000003 4 7   0 71   2                                        2
71-16-15-448488-001-012000000003 3 7   0  1   2                                        2
01-22-64-738488-001-032000000003 310   0  1   2                                        1
46-76-91-048489-001-022000000003 4 7   3  1   2                                        2
61-07-71-068490-001-012000000003 3 9   0  1   1                XXX                3 9  1
54-46-16-238490-001-032000000003 3 9   9  1   1               XXXX                3 9  2
67-77-05-688490-001-072000000003 3 3 7 3  1   1                XX                 3 9  1
43-16-93-388491-001-012000000003       7  1   1          X                        1    2
25-13-85-268492-001-012203000003 3 4   4  1   2                                        2
20-95-20-088492-001-051000001003 3 9   9  1   1                XXX                3 9  2
57-30-46-038493-001-011231001003 3 7   3  1   1                     X             4    2
89-21-61-718493-001-031212701202          1   2                                        2
06-25-32-858493-001-051352222102 3 310 3  1   1                 XX                5    2
48-32-46-838505-001-012100000002 2 9   9  1   2                                        2
32-24-12-228506-001-012000000002 3 8 6 3  1   2                                        2
62-07-93-438507-001-011352210002 3 6   6  1   1              XXXX                 4    2
30-40-59-808508-001-011300000002 3 9   3  1   1               XXX                 1 2  2
55-35-60-258508-001-032000000002 3 9   9  1   2                                        1
63-86-47-138509-001-011200000003 310   7  1   2                                        1
03-16-05-288509-001-022000000003      11  1   2                                        1
27-00-87-678509-001-052000000002 311  11  1   2                                        2
85-44-38-168511-001-012000000002 2 3   3  1   2                                        2
39-40-33-728511-001-022000000003 4 7   3  1   2                                        2
57-16-67-668511-001-042200000003 4 6   6  2  22                                        2
23-56-01-838512-001-012000000003 3 9   9  1   2                                        2
06-99-12-268524-001-012000000003 5 3   3  1   1                  X                9    2
02-58-17-688525-001-012000000002 3 7   7  1   2                                        2
79-22-29-278526-001-012000200002 3 9   9  1   2                                        2
38-71-06-878527-001-012000000002 4 3   3  1   1                 XX                1    2
70-41-03-848528-001-012000000003 4 7   3  2  11                XXX                1    2
65-17-43-268528-001-041500001002 3 7  11  1   1                XXXX               1    2
71-43-60-458529-001-012000000002 2 3   3  1   2                                        1
94-71-63-728529-001-082100000002 3 2 3 3  1   1              X  X                 1    2
30-83-69-598530-001-012220000003 3 6   6  1   2                                        2
82-85-96-818531-001-012000000003       6  1   2                                        2
49-65-33-458543-001-021700700002       9  1   1             XXXXXXXXXXXX          3 9  2
91-56-31-008543-001-032000000003 310 6 6  1   2                                        2
01-50-36-268543-001-052000000003          1   2                                        2
18-90-19-378544-001-012300300002       4  1   2                                        1
30-76-94-738545-001-012000000003          1   2                                        2
28-36-36-908546-001-012000000003 3 9   9  1   2                                        2
42-27-91-988547-001-012000000003 3 4   4  1   2                                        2
94-72-76-298547-001-032200300003 3 3 9 0  1   1               XX                  1    2
25-30-45-908548-001-011000000003       3  1   2                                        2
11-32-28-928549-001-012000000003       4  1   2                                        1
98-18-10-628549-001-032000000003 6 7   7  1   2                                        1
58-99-84-268549-001-052000000003 312   0  1   2                                        2
26-23-47-708549-001-062000000003 0 1   1  1   2                                        2
48-17-80-368550-001-012000000003 3 3   3  1   2                                        2
04-99-32-548562-001-012000000003 5 6   6  1   2                                        2
12-78-14-368563-001-012000000003 3 9   0  1   2                                        2
20-52-90-348563-001-032000000003 310 4 4  1   2                                        2
43-27-31-928564-001-012000000003          1   2                                        2
05-71-43-298564-001-032000000003 3 3   3  1   2                                        2
15-30-75-488565-001-012007700002          1   1                XXX                2    2
36-90-11-838566-001-012000000003 3 7   0  1   2                                        2
14-83-05-928567-001-012000000003 2 9   3  1   2                                        1
21-36-20-588568-001-011743500003       3  1   1                 XXX               1 9  1
14-04-95-348568-001-042000000003 3 7   7  1   1                   X               9    2
58-20-44-208569-001-012100001003 4 6   6  1   1            XX                     4    2
13-83-16-718581-001-011720302023 4 1 4 4 11   2                                        2
21-15-18-018582-001-012000000003 4 9   3  1   2                                        2
89-31-46-388583-001-012000000003       6  1   2                                        2
12-20-11-448583-001-061000000003 4 9   9  1   2                                        2
44-18-35-448584-001-012000000003 3 6   6  1   2                                        2
56-78-65-418585-001-021700000003          1   1                       XXXXXX      9 3  2
31-45-10-208586-001-012200000003 3 9   9  1   1                   XX              4    2
10-00-82-238587-001-012000000003          1   2                                        2
51-99-70-758587-001-032000000003 3 3   0  1   2                                        2
19-79-62-778588-001-012000000003       7  1   2                                        2
07-65-64-298588-001-042000000003       3  1   2                                        2
90-79-79-128588-001-052000000003 3 9   9  1   2                                        2
65-92-56-848600-001-012000000002 2 3   3  1   2                                        2
50-42-79-338601-001-012000000003 5 4   4  2  22                                        2
81-82-81-408602-001-012000000002 3 7  11  1   1                XX                 1    2
76-45-13-398603-001-012000000003 4 3  11  1   1             XXX                   1    2
21-64-89-728604-001-012202000002       3  1   1              X                    9    2
43-07-29-438604-001-022000000003 3 7   7  1   2                                        2
34-56-13-138605-001-011201000102 3 7   7  1   1                XX                 1    2
17-58-40-808605-001-042000000002 210  11  1   2                                        2
51-49-02-058605-001-052000000002 3 3   3  1   2                                        1
19-13-41-698605-001-082200000003 3 7   7  2  22                                        2
17-73-62-438606-001-011300300303       3  1   2                                        2
00-17-41-588606-001-022300200003          1   1                   X               9    2
47-61-91-398607-001-022000000002          1   1                     XXXXX         3    2
05-98-11-048607-001-031202000002      11  1   2                                        2
63-99-77-018619-001-011000000003 3 1   1  1   2                                        2
15-79-59-148619-001-032000000003 5 7   0  1   2                                        2
59-52-94-998619-001-042000000003 3 7   0  1   2                                        2
89-75-88-668619-001-052000000003 010   0  1   2                                        2
49-35-44-558620-001-012000000003 3 3 8 3 81   2                                        2
85-03-82-618621-001-012000000002 3 3   3  1   2                                        1
29-77-83-858622-001-012000000003       3  1   2                                        2
06-60-54-058622-001-031200200003 3 4   0  1   1                  XX               9    2
67-14-14-238623-001-012500000003 4 4   4  1   2                                        1
13-28-97-978624-001-012000000002 3 7   7  1   1                   XX             10    2
31-53-35-288624-001-032000000003 3 4   4  1   2                                        2
05-78-30-288624-001-082000000003       3  1   2                                        2
12-57-12-218625-001-012000000003 3 3   3  1   2                                        2
28-14-20-598625-001-022700000002 3 2   2  1   2                                        2
00-75-91-888626-001-012000000003 3 4   4 11   2                                        2
75-32-94-568638-001-021210000003 4 4   4  1   2                                        2
32-13-54-738639-001-012000000002          1   2                                        2
89-32-99-268639-001-021230200003       4  1   1             XX                    8    2
83-24-75-158640-001-012000000003          1   2                                        2
30-62-35-368641-001-012000000003 0 4   4  1   2                                        2
24-53-57-778641-001-052000000003 3 4  11 01   2                                        2
26-59-64-848641-001-062300000003          1   2                                        2
03-57-87-438642-001-012000000003 3 7   1  1   1               X                   2 5  2
96-74-35-598643-001-012400000003       4  1   2                                        2
47-32-36-268645-001-012000000003 4 4   4  1   2                                        2
62-77-44-608657-001-012000000003 3 4   1  1   2                                        2
25-11-93-888658-001-012700000003 5 4   9  1   1                  XXX              1 9  2
00-64-44-958659-001-011201731002 3 4   4  1   2                                        2
42-73-55-338660-001-011500000003 3 4   4  1   1                XXX                9 5  1
53-95-88-368661-001-012000000003 0 4   4  1   2                                        2
96-78-19-138662-001-012000000003          1   2                                        2
82-11-20-668663-001-012000000003       6  1   2                                        2
84-53-24-868676-001-012000000003 3 3   3  1   1                  XX               8 9 42
39-42-04-748676-001-041040002003 4 4   0  1   2                                        2
59-41-71-268677-001-012000000003 3 7  11  1   2                                        2
47-60-56-328678-001-012000000002 3 6   6  1   2                                        1
52-70-21-468679-001-012000000000          1   2                                        2
19-45-92-408680-001-012000000003 310   6  1   1                  XX               310  2
52-85-20-838681-001-011000000003       3  1   2                                        2
13-10-08-068682-001-011320000003          1   2                                        2
19-46-83-648683-001-012000000003       3  1   2                                        2
45-36-82-588683-001-032000000003 5 9   0  1   2                                        2
30-37-49-818695-001-012000000003 3 6   6  1   2                                        2
75-20-85-858695-001-032000000003 3 7 3 7 31   1                X                  3 1  2
51-33-72-028695-001-082000000003       3  1   2                                        2
04-61-10-688695-001-182020010002 2 9   9  1   1                  X                4    2
17-60-11-048696-001-012000700002 3 3  11  1   2                                        2
81-34-52-538697-001-011104300003       3  1   1                XXXXX             10    2
25-94-94-228698-001-012000000003 3 3   0  1   2                                        2
22-97-15-548699-001-012000000003 3 9 7 9  1   2                                        2
47-96-55-928699-001-032000000003 3 9   0  1   2                                        2
88-32-17-248699-001-072000000003 312   0  1   2                                        2
19-69-94-138699-001-082000000003 3 9   9  1   2                                        2
34-08-91-558700-001-012100002212 2 9   9  1   1                  XX               1 3  2
57-28-48-528701-001-012000000002 3 7   3  1   1                  X  X             9    2
52-97-80-708702-001-012000000003 3 3   3  1   2                                        2
20-21-94-268714-001-011300000003 3 710 7  1   2                                        1
38-17-06-968715-001-012000000003       3  1   1              XXX                  4 9  2
05-37-61-298717-001-012210120002 3 3   3  1   2                                        2
64-74-01-698718-001-012000000003       3  1   2                                        2
49-40-84-588722-001-012000000003 3 3 6 4 31   1                X                  1    2
83-36-25-608733-001-012000000003 3 7   7  1   2                                        2
72-66-41-888733-001-032000000003          1   2                                        2
41-44-46-088735-001-012000000003 3 7   7  1   2                                        2
66-41-27-048736-001-011307771002 3 7   0  1   1           XXXXXXXXXXXX            9    2
85-70-89-578737-001-012000000003 3 1   0  1   2                                        2
88-15-22-558738-001-012000000002          1   2                                        2
82-64-61-508739-001-012000000002 212  12  1   2                                        2
67-42-91-358753-001-012000000003          1   2                                        2
95-95-94-938754-001-012000000003 3 6   6  1   2                                        2
02-79-84-968755-001-012000000003          1   2                                        2
46-85-75-768756-001-021021102202          1   1                 X                 3    2
88-49-28-098757-001-042000000003 3 6   6  1   1              X                    3    2
12-87-63-118758-001-012000000003 4 9   9  1   2                                        2
92-44-74-208758-001-052000000003 3 3   0  1   2                                        2
54-52-22-568758-001-082000000003 212   3121   2                                        2
30-31-20-048758-001-102000000003 310   3  1   2                                        2
10-52-36-658758-001-132000010003 411   4  2  12                                        2
01-98-26-608759-001-011000300003       3  1   2                                        2
19-54-84-678762-001-012002000003       4  1   2                                        1
53-85-90-398762-001-021210100002          1   2                                        2
74-88-09-728762-001-042000000003 3 7   3  1   2                                        2
44-98-29-558771-001-011400000003 3 6   6  1   2                                        2
75-70-23-898771-001-021330000003 010   0  1   1               X                   9    2
59-98-51-008772-001-012000000003 310 9 6  1   2                                        2
56-09-93-538773-001-011030000003 3 6   6  1   2                                        2
51-95-59-068774-001-012020020003 3 6   6  1   2                                        2
85-86-06-248777-001-012000000003          1   2                                        2
80-76-40-878778-001-011007203302          1   2                                        2
58-34-75-838778-001-021000200002 3 9   9  22211                XX                 9 5  2
98-49-57-148790-001-012000000002 3 3   3  1   2                                        2
64-16-53-758791-001-012400000003 3 3   3  1   1                  XX               1    2
49-05-57-608791-001-032000000003 3 9   9  1   2                                        2
76-43-45-048792-001-012000000003 4 8   6  1   2                                        2
88-02-51-978793-001-012000000003 3 3   3  1   2                                        2
64-70-27-388794-001-011000200001 1 9 3 9 31   1                      X            1    2
89-93-94-748795-001-012000000003 310 9 3  1   2                                        2
12-71-09-248796-001-012000000003 5 6   6  1   1              X                    1    2
93-26-99-808796-001-062000000003 4 3   3  1   2                                        2
83-78-35-488797-001-022000000003 3 6   6  1   2                                        2
88-68-84-468810-001-012010200002 3 4   4  1   2                                        2
60-67-15-468812-001-011000001003 3 7   7  1   2                                        2
67-02-07-008812-001-022200000003       4  1   2                                        2
59-90-81-838813-001-011040200203 21012 6  1   1                 XX                8    2
75-39-37-488814-001-012400000003 3 9   9  1   2                                        2
33-22-78-308814-001-022000000003 3 9   9  1   1                  X                9    2
60-69-97-348814-001-032400002003          1   2                                        2
05-25-40-188815-001-012000000003          1   2                                        2
75-82-63-098816-001-012000000003 4 4   4  1   1                  X                1    2
59-25-84-218818-001-011000000003          1   2                                        2
76-22-51-568828-001-012213000002          212 2                                        2
60-54-49-648828-001-032000000002 211  11  1   2                                        2
70-12-32-398828-001-072000000002 3 9   0  1   2                                        2
32-69-81-918829-001-011001200003       3  1   1                XXX                9    2
99-40-50-888830-001-011200200001          1   2                                        2
19-04-56-408831-001-012000000003 4 7   0  1   2                                        2
36-06-15-778832-001-012000000002          1   2                                        2
13-61-13-048832-001-022000000003 3 7   7  1   2                                        2
85-05-30-548833-001-012000000003 3 6   6  1   2                                        2
68-10-99-048834-001-012200700002 410  11  1   2                                        2
29-15-63-798835-001-012000000003 3 3   3  1   2                                        2
56-71-35-698835-001-042000000002 3 3   0  1   2                                        2
31-30-48-408847-001-012000000003 3 3 9 3 91   2                                        2
62-04-63-288848-001-011000010003 3 9   9  1   2                                        2
74-14-90-848849-001-022000000003 310 9 3 91   2                                        2
45-91-95-608849-001-062000000002 3 9   0  1   2                                        2
93-90-40-468850-001-021420000003 3 3   3  1   1                XXX                3 9  2
75-76-83-018851-001-012000000003 3 7   0  1   2                                        2
26-48-07-998853-001-022000000003 3 6   6  1   2                                        2
61-87-79-078854-001-031000000003 4 9   9 31   2                                        2
22-63-43-478854-001-102000000003 4 9   9  1   1                  X                4    2
36-19-19-248854-001-132000000003       3  1   2                                        2
17-04-37-998854-001-142000000003          1   2                                        2
83-82-16-268857-001-012000000003 3 5  11  1   2                                        2
48-50-38-148866-001-011300000003       7  1   2                                        2
34-20-55-178867-001-021003000003       4  1   1             XXXX                  9    2
00-21-28-798868-001-012000000003 3 4   4  1   2                                        2
57-34-58-898869-001-011200303002 3 8   6  1   2                                        2
73-42-86-918870-001-012000000003 3 1 4 1 41   2                                        2
22-97-00-788871-001-012000000003       4  1   2                                        2
15-25-93-238871-001-032000000003          1   2                                        2
83-91-97-408872-001-012000000003 3 4   4  1   2                                        2
35-01-49-378872-001-032000000003 3 7   0  1   2                                        2
89-21-49-778872-001-042000000003 410   0  1   2                                        2
23-87-83-618873-001-012000000003          1   2                                        2
63-50-27-098885-001-011200700003 3 4   4  1   1                    XX             9 8  2
89-55-89-928886-001-012000000003      11  1   1                   XXX             1    2
08-98-95-718887-001-012000000003       1  1   2                                        2
71-60-85-768888-001-012000000003          1   2                                        2
81-76-53-588889-001-012000000003 410 7 6  1   2                                        2
26-06-09-838891-001-012000000003 3 4   4  1   2                                        2
65-16-65-468891-001-042000000003       1  1   2                                        2
20-33-59-338892-001-032000000003       4  1   1                   X               9    2
63-82-17-438904-001-012000000003 3 4   2  1   2                                        2
73-69-98-248905-001-012000000003 3 6   6  1   2                                        2
51-60-07-558905-001-032000000003          1   2                                        2
21-39-92-978906-001-012000000003 3 8   4  1   1          XX                       3    2
24-41-62-678907-001-011733506003 3 9   9  1   1                    XX             9    2
82-07-37-998908-001-012000000003          1   1          XX                       2    2
08-47-41-248909-001-022000000003       4  1   2                                        2
81-53-07-828910-001-011000000102          1   1          X          X             9    2
84-71-12-078910-001-022000000003 3 9   9  1   1             XX                    9    2
92-26-76-358911-001-012000000003 3 4   4  1   2                                        2
33-18-58-718923-001-012000000003 3 4   4  1   2                                        2
47-29-44-828923-001-022000000003       4  1   2                                        2
53-04-11-068924-001-011000000002       4  1   2                                        2
75-55-83-598925-001-012300700003       4  1   1        XXXXXXXXXXX                9    2
69-49-99-588925-001-032000000003          1   2                                        2
71-90-17-248926-001-012000000003       4  1   2                                        2
68-09-87-598928-001-012000000002          1   2                                        2
69-73-21-698928-001-032220000003 210   4  2  21                  XXXX             5    2
34-37-17-558929-001-012000000003       1  1   2                                        2
78-19-46-918929-001-032000000003 4 1   1  1   2                                        2
40-52-49-148930-001-012000000003       4  1   2                                        2
00-80-16-378942-001-012000000003 3 4 9 4  1   2                                        2
95-62-22-448944-001-012000000003 3 9   9  1   1       XXXXXX                      1    1
36-99-86-888945-001-012000000003 4 9   9  1   1         X                         9    2
72-84-86-598946-001-012000000003       7  1   2                                        2
42-71-75-988946-001-041422403423          1   1                 XXXXXX            4 9  2
85-46-34-388947-001-011000000000          1   2                                        2
21-73-42-328948-001-012000000003       4  1   2                                        2
04-76-47-848949-001-012000000003          1   2                                        2
99-79-50-978961-001-012702000002          1   2                                        2
87-43-23-918962-001-021000000002 311  11  1   2                                        2
33-89-23-908962-001-032000000003 4 9   0  1   2                                        2
88-87-47-128963-001-031000001003 3 4  11  1   1                       X           9    2
60-72-02-088964-001-012000000003 3 4   4  1   2                                        2
24-50-99-198964-001-041007700003          1   1             XX                    9    1
16-35-68-638964-001-052000000003 4 4   4  1   2                                        2
36-49-58-248965-001-012000000002          1   2                                        2
81-43-70-458966-001-011000132002 3 4  11  1   1               XXXXX               910  2
81-25-23-058967-001-012000000002 3 4   0  1   1                 XX                9    1
55-40-99-938968-001-012000000002      11  1   2                                        2
86-38-44-198968-001-022000000003       4  1   2                                        2
59-07-66-559000-001-991000000003          1   2                                        1
29-18-72-739001-001-992000000003          1   2                                        2
02-83-27-499002-001-992700000003       0  1   2                                        2
55-12-99-149003-001-991200700003          1   1         X  X X                    9    2
00-82-29-309004-001-992000000003 310   1  2  12                                        2
61-64-53-369005-001-992000000003          1   2                                        2
91-80-00-729006-001-992500000003 011   0  1   2                                        2
62-91-93-159007-001-992000000003 5 7 5 1 41   2                                        2
20-10-90-489012-001-992000000003 5 210 0  1   2                                        2
80-12-29-559013-001-991000300003          1   1            X                      9    2
32-76-23-439014-001-992000000003 311   1  1   2                                        2
82-65-86-319015-001-992000000003       4  1   2                                        2
13-46-18-869016-001-991210100003       4  1   2                                        1
39-26-62-839018-001-991300000003          1   1        XXXXX                      9 8  2
46-84-28-279020-001-992000000003 6 4   4  2  12                                        1
67-31-87-029021-001-992000000003          1   2                                        2
72-04-89-379024-001-992000000003       1  1   1          XXXX                     9    2
41-80-78-019025-001-992000000003          1   1       XXX                         7    1
41-85-06-209026-001-991232000003 3 4   4  1   1      XX                           5    1
12-77-94-479027-001-992030000002 3 1   0  1   2                                        2
33-85-76-689028-001-992000000003 3 4   0  1   2                                        2
31-72-02-479029-001-992000000003       4  1   2                                        2
19-34-90-469030-001-991230000003 5 4  11  1   2                                        2
34-49-39-949031-001-991000000003 5 2   4  1   2                                        1
91-20-67-309036-001-992000000002          1   2                                        2
43-35-54-609037-001-992000000003       4  2   2                                        2
01-30-19-759038-001-992100000003          1   2                                        2
18-93-05-879039-001-992000000002       4  1   2                                        2
43-54-40-929041-001-992170000002       4  1   2                                        2
45-67-04-969042-001-992200000002 211  11  1   1             X                     1    2
59-19-77-039043-001-992000000003      12  1   2                                        2
94-79-82-899044-001-991200000003 4 7   7  1   2                                        2
76-23-11-609048-001-992000000003          1   2                                        2
10-59-80-979049-001-992210000003       4  1   2                                        2
62-63-16-539050-001-992000000003          1   2                                        2
13-97-70-749052-001-991000000003          1   2                                        2
12-70-33-599053-001-992432730002       1  1   2                                        2
26-32-90-689054-001-992000000003 4 2 3 0  2  12                                        2
50-69-66-449055-001-992000000002          1   2                                        2
68-91-16-509057-001-992000000002          1   2                                        2
37-02-22-149060-001-992000000003 510   0  1   2                                        2
54-67-96-769061-001-991377700002          1   2                                        2
16-96-62-889062-001-991000000003       4  1   2                                        2
28-64-07-919063-001-992000000003      11  21  2                                        2
93-07-61-879064-001-992000000003 3 4   4  1   2                                        2
76-03-88-489065-001-991310300003          1   1             XXXX                  9    2
52-39-82-649066-001-991000400003      11  1   1             X                     9    2
99-06-65-199067-001-991430000003      11  1   1                XX                 9    2
15-62-38-419072-001-992000000002       3  1   2                                        1
81-75-06-599073-001-991770700002 3 4   4  1   1            XXXXXXX                4 9 32
89-77-60-669074-001-992320100003 3 6   6  1   2                                        1
01-45-88-749075-001-992000000003 3 9   9  1   2                                        2
91-25-87-989076-001-992000000002 211  11  1   2                                        1
36-69-32-279077-001-991000000012 211  11  1   1               XXXXXX              4 1  2
12-33-80-339078-001-992000000003 3 7   3  1   1               XX                 10    2
25-80-40-319079-001-992020000002       3  1   2                                        2
40-22-07-339084-001-991111000003 5 7  11  1   1                    X              9    2
04-06-45-359085-001-992020000003       1  1   2                                        2
06-22-52-519086-001-992210000003       4  1   1              XXX                  9    2
72-43-82-639087-001-992000000003       4  1   2                                        2
03-11-20-989088-001-991200001002       4  1   2                                        2
41-24-20-009089-001-991000223003 3 7   0  1   1                   XX              9    2
92-61-37-659090-001-992000000003          1   2                                        2
17-27-34-699091-001-992000000003 3 4   4  1   2                                        2
55-33-48-389096-001-992000000003          1   2                                        2
11-40-12-329097-001-991021000002          1   1     X  X X  X                     9 3  2
97-20-20-949098-001-992000000003 3 2   2  1   1       XX                          9    2
09-35-31-699099-001-992202600002 5 8   7  1   2                                        2
20-42-86-549100-001-992000000003       0  1   2                                        2
36-33-49-559101-001-992000000003          1   2                                        2
75-06-10-659102-001-992000000003          1   2                                        2
04-53-69-099103-001-992232000003          1   2                                        2
33-06-61-079108-001-992000000003          1   2                                        2
59-75-60-779109-001-992000000003          1   2                                        2
30-85-93-389110-001-992000000003          1   2                                        2
32-31-87-869111-001-992300500003          1   2                                        2
16-39-66-429112-001-991240000001          1   2                                        2
39-32-21-599113-001-992302000003          1   2                                        2
60-78-57-839114-001-992000202003          1   1       XXXXX                       9    1
69-94-87-909115-001-992000000003 3 4   0  1   2                                        2
78-63-49-959120-001-992000000002       1 41   2                                        2
98-87-47-849121-001-992001300003       4  1   1       XXX                         5    1
66-41-92-559122-001-992000000003 4 2 3 0  1   2                                        2
97-08-40-369123-001-992430500002          1   1          XXXXXXX                  9    2
87-24-45-109124-001-992000000004       1  1   2                                        2
40-85-59-289125-001-992000000003 4 8   0  1   2                                        2
48-86-47-399126-001-992400500003 4 2   4  1   1               X                   9    2
12-70-14-529127-001-991020030002 3 9   9 41   1            XXXXXX                 9    2
26-97-84-109132-001-992000000002          1   2                                        2
55-79-10-209133-001-992000000003 4 1 8 0  1   2                                        2
15-01-81-769134-001-992000000003          1   1       XXX   XXXXX                 9    2
49-52-32-399135-001-992000000003          1   2                                        2
88-25-74-019136-001-992300700003       4  1   1              XX                   9    2
06-23-36-639137-001-992000000003 3 4   4  1   2                                        2
55-01-35-089138-001-992000000003          1   2                                        2
62-83-58-729139-001-992000000002          1   1          XX   XX                  9    2
39-13-96-009144-001-991020200000          1   1              X                    9    2
00-36-09-349145-001-992060700002          1   2                                        2
85-82-24-369146-001-991777771012       1 31   2                                        2
36-68-85-539147-001-992000000003 5 6   6  1   2                                        2
43-75-94-149148-001-992000000003       1  1   2                                        1
86-02-30-249149-001-991000000002 3 4   0  1   2                                        2
55-39-06-129150-001-992000000002          1   2                                        2
67-52-25-839151-001-992000000003       2  1   2                                        2
27-36-89-939156-001-992000000003          1   2                                        2
91-13-89-079157-001-992000000003          1   2                                        2
32-62-19-949158-001-992000000002       4  1   2                                        2
08-06-20-199159-001-992000000003 3 4   4101   2                                        2
57-24-06-889160-001-992000000003 5 410 0  1   2                                        2
36-58-89-989161-001-992000000003 5 8   0  1   2                                        2
47-73-31-039162-001-992220200003 4 7   0  1   1                  X                9    2
94-10-83-749163-001-992000000003 4 1 9 0  1   2                                        2
69-88-09-649168-001-991000001003 5 8 6 4  1   1                    XX             9    2
86-76-49-709169-001-991000000003 3 4   4  1   1                 XXX               9    1
19-40-69-329170-001-991000000002 2 4   0  1   2                                        2
52-82-22-749171-001-992000000002          1   2                                        2
34-29-08-869172-001-992000000002          1   2                                        2
98-54-49-969173-001-992000000003          1   1                  XX               9    2
91-95-63-229174-001-992000000003          1   2                                        2
14-48-67-949175-001-991300000003       4  1   1           XXXXXX                  9    2
77-18-35-979181-001-991000000003 3 4   4  1   2                                        2
03-32-08-679182-001-992400000003       4  1   2                                        2
06-97-31-249183-001-992000000003 5 2   2  1   2                                        2
80-77-64-609184-001-992000000003      12  1   2                                        2
45-01-81-559187-001-992000000003 4 1 7 0  21122                                        2
48-37-04-759188-001-992000000003 3 2   1  2  12                                        2
62-72-86-059189-001-992000000003 4 4   0  2  12                                        2
81-77-78-649191-001-992000000003 5 8 5 0  2 112                                        2
30-49-80-989192-001-992000000003       4  1   2                                        2
65-75-10-459193-001-991400200003       4  1   1     XX                            1    2
99-76-28-489194-001-992000100003       1  1   2                                        2
15-88-10-919195-001-992000000003 3 1 3 3 11   1                X                  9    2
64-31-19-379196-001-992000000003 3 4   0  1   2                                        2
95-28-19-909197-001-992000000003 3 2 6 2 71   2                                        2
03-04-70-499198-001-992300200003          1   2                                        2
00-32-93-019199-001-992000000003       4  1   2                                        2
80-66-55-499200-001-992000000002          1   2                                        2
04-38-03-999204-001-991201121003 410 4 4  1   1           XXXXXXXX                9    2
71-28-42-939205-001-992000000003 4 5 1 0  1   2                                        1
63-48-76-369206-001-991000000003 3 2 7 0  1   2                                        2
22-46-77-479207-001-991020202003          1   1             X                     9    2
40-93-52-499208-001-991000007003          1   2                                        2
67-03-80-679209-001-992000000003       6  1   2                                        2
77-10-70-959210-001-991270700003      11  1   1           XXXXXXXX                9    2
07-80-77-579211-001-992000000002          1   2                                        2
08-04-02-229216-001-991704000003 3 4   4  1   1                   XX              9 5  2
06-34-69-419217-001-992200000003          1   2                                        2
14-20-37-379218-001-992000000003          1   2                                        2
37-10-17-359219-001-992120000003 4 4   0  2  12                                        2
63-26-59-039220-001-991400000003       4 71   2                                        2
38-75-36-579221-001-992000000003          1   2                                        2
09-27-34-409222-001-992000000003       1 31   2                                        2
71-62-69-449223-001-992000000003 4 7   1  2  11          X                        9    2
07-44-70-569228-001-992000000003          1   2                                        2
59-10-27-169229-001-992000000003       4  1   2                                        2
62-58-19-089230-001-992000000003          1   2                                        2
22-99-34-959231-001-992000000003 3 5   1  1   2                                        2
85-58-95-019232-001-992000000003          1   2                                        2
39-30-85-529233-001-992000000002          1   1                   XX              9    2
73-39-01-279234-001-992000000003          1   2                                        2
65-46-57-509235-001-992200200003          1   2                                        2
67-85-75-769240-001-992000000003 011   0  1   2                                        2
65-76-97-329241-001-991000000002 3 4 1 4 11   2                                        2
26-68-57-019243-001-992000000003          1   2                                        2
76-50-41-749244-001-992460500003          1   1          XXX                      9    2
63-72-00-389246-001-992000000003       4  1   2                                        2
60-55-92-759247-001-991300000003 4 7   7  1   2                                        2
78-28-76-599248-001-992000000003       4  1   2                                        1
29-49-71-069250-001-991230350202 3 1   1  1   2                                        2
56-40-41-299252-001-992000000003          1   2                                        2
20-74-88-039254-001-991200000003       4  1   2                                        2
38-09-42-459256-001-991312303002          1   1    XX                             9    2
98-18-70-319258-001-992000000003 3 4   4  1   1      X                            9    2
55-58-96-519259-001-992000000003 0 610 0  1   2                                        2
42-35-72-589260-001-992000000003 3 2   1  1   2                                        2
35-36-08-829261-001-992000000003          1   2                                        2
32-90-03-649262-001-992020330002 3 3   3  1   2                                        2
57-53-44-299264-001-992220000003 6 2   0  1   2                                        2
26-88-91-539265-001-991453402002          1   1               XX                  9    2
01-88-82-669266-001-992000000003 4 7   0  1   2                                        2
79-42-48-219267-001-992070000203 6 7   0  1   2                                        2
18-40-65-779268-001-992321700003          1   2                                        2
49-56-33-029269-001-992200000002 4 2   3  1   1               X                   9    2
81-05-08-379270-001-992000000003       1  1   2                                        2
80-43-44-579271-001-992000000003 5 4   4  1   2                                        1
78-76-44-059276-001-992000000002          1   2                                        2
65-25-50-749277-001-991532201002       3  212 2                                        2
66-74-21-159278-001-992000000003       4  1   2                                        2
32-81-93-839279-001-992000000003 4 1 3 0  1   2                                        2
90-42-19-689280-001-992000000003 4 4 7 0  22212                                        2
16-15-87-969281-001-991450200003          1   2                                        2
29-60-01-549282-001-991133000003 5 7   0  2  11      X                            9    2
51-77-23-089283-001-992000000003 312  12  1   2                                        2
81-90-92-949288-001-991342201102 3 4   0  1   1            XXXX                   3 4 52
09-03-54-399289-001-992000000003       0  1   2                                        2
43-03-37-139290-001-992100000003          1   2                                        2
84-22-78-809291-001-992100000003          1   2                                        2
27-76-38-229292-001-992100000003          1   1       XX                          9    2
40-74-38-829293-001-991440000003 3 4 1 4  1   2                                        2
40-93-03-259294-001-992000000004          1   2                                        2
08-82-98-669295-001-992000000003       4  1   2                                        2
69-03-47-269300-001-992000000002 4 1 3 3 41   2                                        2
88-18-85-049301-001-992000000003          1   2                                        2
85-75-97-019302-001-992302030003       4  1   2                                        2
40-73-21-769303-001-992000000002 3 4   4  1   1        XXX                        910  2
43-10-07-269304-001-991072400003 3 3   3  1   2                                        2
86-01-82-029305-001-992100000003          1   2                                        2
34-12-92-299306-001-992000000003 012  12  1   2                                        2
64-82-51-279307-001-992000000003 5 9 4 0  2  12                                        2
12-67-93-489312-001-992000000003 010   4  1   2                                        2
68-91-09-089313-001-992000000003 4 5   5  21112                                        2
33-58-78-409314-001-992000000003 5 8  11 02  12                                        2
96-98-33-639315-001-992000000003      11  1   2                                        2
75-56-43-989316-001-992330101003 510 5 4  1   1         X                         910  2
64-53-44-929317-001-992200000003       4  1   2                                        2
40-38-99-359318-001-991100000003          1   2                                        2
45-13-97-609319-001-992000000003          1   2                                        2
85-88-27-619324-001-992000000003 010   0  1   1                 XX               10    1
64-64-87-239325-001-992000000003          1   2                                        2
47-15-06-109326-001-992300000003       3  1   2                                        2
43-89-06-659327-001-991232202103      11  1   1                 XX                9    2
22-19-71-699328-001-991030500202          1   1                XXX                9    1
85-49-55-659329-001-991331433202 3 3   3  22211          XX                       1    2
28-38-12-329330-001-992333302003 3 7 111  1   1                 XX                3 4 91
12-43-79-949331-001-992750000003          1   1          X                        910  1
79-95-44-989336-001-992000000003 3 7   7  1   2                                        2
06-04-01-409337-001-992000000003       4  1   1    X        X                     9    2
19-04-19-049338-001-992000000002      11  1   2                                        2
99-60-91-449339-001-992000000003 310 8 0  1   2                                        2
53-09-03-619340-001-991073547321 2 3  11  1   1        XXXXXXXX                   9    2
19-42-72-099341-001-992000000003       1  1   1     X                             5    2
08-28-19-769342-001-992000000000 2 4   4  1   2                                        2
80-96-72-779344-001-992000000003 4 1   1  1   2                                        2
25-01-70-509348-001-992000000003 4 7   0  1   2                                        2
86-94-98-599349-001-991000000303 3 9  12  1   1     X   X X                       9    2
67-34-06-299350-001-992000000003 3 7 4 1 71   1      XXX                          9    2
90-76-99-379351-001-992001000003 3 7 3 3 11   2                                        2
98-32-53-079352-001-992000000003       4  1   2                                        2
99-58-23-949353-001-992200000002 2 4   4  1   2                                        2
03-46-94-279354-001-992000000003       1  1   2                                        2
08-30-26-379355-001-992000000003       9  1   2                                        2
33-65-33-889360-001-992000000003 3 7 4 1 31   2                                        2
91-50-62-839361-001-992000000002          1   2                                        2
72-86-45-509362-001-992000000003          1   2                                        2
48-82-01-529363-001-992000000003 4 1   0  1   2                                        2
88-25-01-449364-001-992000000003 3 1   1  1   2                                        2
41-74-29-199365-001-992010000003          1   2                                        1
51-40-07-679366-001-991000000213       1  1   1             X X                   9    2
51-80-49-919367-001-992000000003       4  1   2                                        2
48-38-38-809372-001-991311147722 2 9   0  1   1       XXX       X                 8    2
10-12-19-809373-001-992000000003 3 4   7  1   2                                        2
03-72-31-229374-001-992330000002          1   2                                        2
70-84-96-619375-001-992000000003       4  1   2                                        2
15-20-05-089376-001-992000000003       4  1   2                                        2
96-58-30-669377-001-992000000003 010   1  1   2                                        2
23-40-74-609378-001-992347700002          1   1       XXX                        10    2
60-94-15-529379-001-992000000003 4 1   0  1   2                                        2
54-64-12-329384-001-992000000003 3 1   1  1   2                                        2
37-71-55-099385-001-992000000003 3 8   8  1   2                                        2
94-80-63-679386-001-991000000003 4 7   4  1   2                                        2
43-73-77-939387-001-991730700002          1   1           X     XX                9    2
51-86-66-489388-001-992000000003 3 4   0  1   2                                        2
26-46-48-179389-001-992000000002          1   2                                        2
70-81-36-029390-001-992000000003       1  1   2                                        2
01-85-18-989391-001-991010100122          1   1                 X                 1    2
95-88-36-329396-001-992000000003 0 1 7 0  1   2                                        2
50-76-31-469397-001-992000000003 3 7   4  1   1                 XX                910  1
68-52-75-149398-001-992000000003       0  1   2                                        1
19-92-58-259399-001-992000000003 610   0  1   2                                        2
82-64-37-669400-001-992000000003 6 1 3 1 42  12                                        2
02-90-83-329401-001-992000000003       1  1   2                                        1
37-30-04-689402-001-992000000003          1   2                                        2
37-25-87-899403-001-992033700002          1   2                                        2
58-61-04-259408-001-991320701101      11  1   1          XX                       9    2
34-28-72-349409-001-992000000003 5 6   6  1   1           X                       9    2
61-50-78-969410-001-992000000003          1   2                                        1
90-38-42-769411-001-991300300003 3 4   4  1   2                                        2
38-60-20-459412-001-992000000003          1   2                                        2
23-63-81-349413-001-992000000003       4  1   2                                        2
99-00-10-999414-001-992000000002 3 9  11  1   1          X     X                  9    2
40-51-89-809415-001-991300700002      12  1   1          XXXX                    10    1
28-58-96-949420-001-992000000003 3 4   0  1   2                                        2
33-05-61-079421-001-992000000003 3 1   1  1   2                                        2
61-83-07-209422-001-992000000003 4 4   4  1   2                                        2
33-05-54-659423-001-992010000003 5 8 5 3  1   2                                        2
10-64-88-509424-001-991200000003       4  1   2                                        2
17-50-95-679425-001-991230001003       7  1   1             X   XX                9    2
98-20-97-559426-001-992230000003       1  1   2                                        2
10-60-80-589427-001-992000000003       3  1   2                                        2
44-41-61-469432-001-992000000003 412   0  1   2                                        2
38-64-91-809433-001-992500000003 3 4   0  1   2                                        1
78-67-27-419434-001-992000000003 3 4   4  1   2                                        2
61-71-00-809435-001-992000000003       4  1   2                                        2
90-59-95-739436-001-992000000003       4  1   2                                        2
05-09-57-349437-001-992200000003 3 4   4  1   2                                        2
55-37-21-879438-001-991300000003 3 4   4  1   1                 XX                9    2
14-10-85-099439-001-992000000003 5 4   4  1   2                                        2
20-41-80-679444-001-992000000003 410 2 0  1   2                                        2
77-17-99-909445-001-992000000003       4  1   2                                        2
36-20-42-749446-001-992000000003       2  1   2                                        2
32-16-19-029447-001-992000000003 5 7   4  1   2                                        2
08-14-85-169448-001-992000000003 3 4   4  1   2                                        2
43-39-09-929449-001-992500000002 3 910 0  1   2                                        2
59-31-17-799450-001-992000000002          1   2                                        2
71-17-31-559451-001-992000000003 3 4   4  1   2                                        2
00-84-61-919456-001-991300000002 2 7   0  1   2                                        1
86-99-74-739457-001-992200201002       1  1   2                                        2
35-71-56-609458-001-992000000003 3 3   0  1   1              XXXXX                9    2
03-53-61-009459-001-992000000003 410   0  1   2                                        2
25-95-43-759460-001-992500000002      11  1   2                                        2
72-75-20-509461-001-992400100002          1   2                                        2
57-81-59-319462-001-992000000003          1   2                                        2
43-70-60-999463-001-991000000003 3 7   0  1   2                                        2
10-34-44-399468-001-992000000003 3 4   4  1   2                                        2
86-58-31-019469-001-992000000002          1   2                                        2
81-77-10-969470-001-992300000003 4 4   4  1   2                                        2
17-52-31-829471-001-992000000002 2 7   0  1   2                                        2
30-72-34-419472-001-991700353222 211  11  1   1                     XXX           3 9  2
09-12-57-049473-001-992000000003          1   2                                        2
81-10-36-179474-001-992000000003       3  1   2                                        2
85-66-51-439475-001-991200000103 3 3   3  1   1                XXX                3    2
55-29-52-519480-001-992000000003          1   2                                        2
42-21-39-009481-001-992000000003 312   0  2  22                                        2
53-88-33-239482-001-992000000003          1   2                                        2
06-20-45-719483-001-991331000103 5 5   4  1   1                   XX              9    2
81-48-13-209484-001-991200400003 3 4   3  1   1               X                   9 5 82
97-78-87-499485-001-992000000003 5 5   7  1   2                                        2
38-78-94-689486-001-992000000003 3 810 0  2  22                                        2
49-49-21-219487-001-992000000003       4  1   2                                        2
12-97-18-429492-001-992000000003       1  1   2                                        2
77-41-49-809493-001-991300201003 5 7   0  1   1                      XX           9    2
46-90-70-069494-001-992300200003 5 9   0  1   1               XX                  9    1
16-31-74-789495-001-992000000003          1   2                                        1
45-95-47-729496-001-992000002013          1   2                                        2
16-52-14-199497-001-992000000003 3 4   0  1   2                                        1
33-03-07-879498-001-992000000003 3 4   4  1   1                       XX          910  2
43-62-65-819499-001-992000000003          1   2                                        2
80-85-41-809504-001-992000000003 3 710 7  1   2                                        2
40-87-26-729505-001-992200000003       4 71   2                                        1
01-36-81-759506-001-991000000003          1   2                                        2
15-13-36-269507-001-991221701002 5 9  11  1   1                     X   X         9    2
78-53-09-609508-001-991000000002      11  1   2                                        2
50-59-06-599509-001-991000000002       1  1   2                                        2
77-58-19-809510-001-992000000003          1   2                                        2
75-66-31-659511-001-991000020002       1  1   1                      X            9    2
87-82-51-669516-001-992000000004          1   2                                        2
83-99-35-009517-001-991000000003          1   2                                        1
19-47-08-909518-001-992000000003 6 9 5 0  1   1                 XXX               9    2
09-91-08-559519-001-992000000003 3 4   4  1   2                                        2
59-38-15-339520-001-991000000003 3 4   4 91   2                                        2
93-01-56-599521-001-992000000003 5 2   1  1   2                                        2
52-73-68-199522-001-992000000003          1   2                                        2
12-42-24-269523-001-991300300003          1   2                                        1
93-09-66-689528-001-992000000003 3 2   4  1   2                                        2
83-89-49-849529-001-991700000001          1   2                                        2
43-48-45-489530-001-991000000002          1   2                                        2
93-87-72-479531-001-991000100003       4  1   1                 XX                9    2
18-18-96-989532-001-992000000003          1   2                                        2
23-95-70-939533-001-991200300003 410 8 4  1   2                                        2
57-66-10-929534-001-991300707303 311   0  1   1                     XXX           9    2
58-35-59-939535-001-992000000003 3 4   4  1   2                                        2
69-57-42-619540-001-992000000003 3 1 4 1 41   2                                        2
21-69-92-889541-001-992000000003          1   2                                        2
65-25-58-079542-001-992000000002          1   2                                        2
56-58-40-619543-001-992100000003          1   2                                        2
18-32-76-819544-001-991000000003      12  1   1                   XXXXXX          9    1
88-45-34-309545-001-992000000003          1   2                                        1
14-84-37-579546-001-992000000003       4  1   2                                        2
01-08-69-419547-001-991200000002       4  1   2                                        2
58-17-88-689552-001-992000000003          1   2                                        2
21-71-29-999553-001-992000000003 3 1   0  1   2                                        2
74-06-60-449554-001-992000000003       4  1   2                                        2
54-18-49-989555-001-991340000002          1   1                 XXX               9    2
33-31-92-819556-001-992000000003       4  1   2                                        2
67-78-91-439557-001-992000000003 3 4 7 0  1   2                                        2
97-29-97-959558-001-991200302003          1   1                    XX             9    2
61-57-16-329559-001-992000000003 3 4   0  1   2                                        2
67-23-60-029564-001-992000000002 3 7   7  1   2                                        2
78-43-50-879565-001-992000000003 3 4   4  1   2                                        2
44-13-16-239566-001-991000002003       4  1   1                 XXXX              9    1
49-51-35-879567-001-992000000002          1   2                                        2
23-24-64-989568-001-992000000003       4  1   2                                        2
34-48-84-969569-001-992000000003       1  1   2                                        1
15-09-90-989570-001-991400304003 5 8   4  1   1                 X   XXXX          9    2
50-86-56-009571-001-991300200003          1   1                    XXXXX          9    2
71-52-40-729576-001-992300000003       4  1   2                                        1
95-23-80-359577-001-992000000003 5 7   0  1   1               XX                  9    1
54-59-35-509578-001-991000003003       4  1   2                                        1
96-02-61-389579-001-992000000003          1   2                                        2
38-61-20-059580-001-992000000003 4 7   0  1   2                                        2
89-80-44-559581-001-992000000003          1   1                X                  9    2
45-81-66-469582-001-991000200002      11  1   2                                        2
72-11-59-809583-001-992000000003          1   2                                        2
43-07-73-719588-001-991000400003 4 7   0  1   1                  XXXX             9    2
73-45-68-579589-001-992000000003 4 5 811  1   2                                        2
22-23-13-149590-001-991432703241          1   2                                        2
06-44-37-279591-001-991300400002          1   2                                        2
96-51-42-449592-001-992000000003 4 710 1  1   2                                        2
04-84-65-129593-001-992000000003          1   2                                        2
40-73-99-359594-001-992000300003       4  1   1              X                    9    2
93-47-40-089595-001-991000001003 410   0  1   1              X XX                 9    2
31-90-77-879601-001-991330700002 410 7 0  22211            X X      X             9    2
83-66-26-559602-001-992200000003          1   2                                        2
30-66-72-469603-001-991425002302 410   0  1   1                  XXXXX            9    1
72-93-49-439606-001-992000000003 410 8 4  2  12                                        2
71-50-61-729607-001-991240302013          1   1           XXX                     9    2
91-53-99-679609-001-992000000003          1   2                                        2
75-90-40-129610-001-992000000003          1   2                                        2
09-13-84-689611-001-992000000003          1   2                                        2
52-82-91-959612-001-992000000002          1   2                                        2
01-75-90-409613-001-991010000003          1   2                                        2
67-42-66-099614-001-992770000003          1   2                                        2
24-97-66-719615-001-992000000003 4 7   0  1   2                                        2
36-42-81-209616-001-991400500003          1   1                       X           9    2
88-41-52-539617-001-992000000003          1   2                                        2
19-06-20-229618-001-992000000003          1   2                                        2
33-45-53-789619-001-992000000003 3 4   4  1   1                    X              9    2
75-99-65-059624-001-992000000003 4 8   4  1   2                                        2
46-08-68-289625-001-992000000003 5 8  12  2  12                                        2
00-59-62-059626-001-992000000005       7 81   2                                        2
15-65-02-509627-001-992000000003          1   2                                        2
44-50-63-069628-001-992000000002       7  1   2                                        2
96-92-90-909629-001-992000000002          1   2                                        2
35-63-06-509630-001-992200000003       4  1   2                                        2
45-36-59-569632-001-992000000003          1   2                                        2
45-22-42-309636-001-992000000002          1   2                                        2
23-00-75-399637-001-992700000002 3 5   0  1   2                                        2
85-69-13-379638-001-991000000001          1   1                        X          910  2
75-21-91-969639-001-991013200002          1   1                     XX            9    2
54-58-52-299640-001-992000000002          1   2                                        2
62-67-93-339641-001-991700703003          1   1                     X X           9    1
36-25-85-209642-001-992000000003       4  1   2                                        2
23-69-08-569643-001-992700001002          1   2                                        1
36-49-52-599648-001-992000000003          1   2                                        2
02-90-12-339649-001-992000000002       4  1   2                                        2
51-75-71-539650-001-992000000003 4 4   4  1   2                                        2
62-59-65-849651-001-992000000003 4 6   3 81   2                                        2
08-51-40-059652-001-992000000003 3 4   4  1   2                                        2
69-29-27-579653-001-992030373022 3 4   4  1   1                   X  X            9    1
68-07-53-889654-001-991357700002      11  1   1                    X XX           9    2
47-26-98-909655-001-991400022402 3 910 3 91   1                 XX   X            9    1
26-13-54-649660-001-991300300303          1   1               XX                  9 4  2
40-29-19-469661-001-992000000003 3 410 4  1   2                                        2
56-71-73-069662-001-992000000002          1   2                                        2
82-03-22-329663-001-991200000003 3 4   0  1   2                                        2
40-69-25-229664-001-991434300002 410 7 3  1   1                X  X               9 4  2
27-53-88-209665-001-991400770002 3 7   0  1   1                X                  9 3  1
03-94-37-409666-001-991370000002       3  1   1                XXX                9 3  2
63-22-62-889667-001-991002000003       4  1   2                                        2
60-89-04-059672-001-992000000003          1   2                                        2
81-03-21-329673-001-991331400002 2 3  11  1   1           XXX XXXXXXXX            9 4  2
24-94-13-929674-001-991221010003 4 7   0  2  12                                        2
01-99-40-459675-001-991000000003 3 4   0  1   2                                        2
95-19-62-989676-001-992000000003 4 710 0  2  22                                        2
97-13-13-309677-001-992000000003       4  1   2                                        2
74-99-59-749678-001-992333330003 3 4   4  1   1                     XX            9    2
69-34-56-709679-001-992550000002      11  1   1                 XXXX              9 3  2
50-72-02-109684-001-992000000003 4 2   0  1   2                                        2
26-63-99-979685-001-992000000003 5 4   4  2  12                                        2
31-74-90-369686-001-992000000003 5 5   0  2  12                                        2
56-10-42-629687-001-992000000003          1   2                                        2
10-25-36-999688-001-992000000003 5 7   4  1   2                                        2
39-80-81-259689-001-992000000003          1   2                                        2
76-52-70-119690-001-992000000003 510 9 1 32  12                                        2
02-55-06-259691-001-991333221003 3 4 7 0  2 211               X                   9    2
98-92-76-999696-001-992330000003          1   1             XX                    9    1
49-42-81-839697-001-991210000203       1  1   1                       X           9    1
89-96-24-819698-001-991201040002       7  1   1                 XXX               9 5  1
71-52-25-989699-001-991444400003          1   1                      X            9    1
64-47-08-139700-001-992000000003 4 4  12  1   2                                        1
11-00-69-589701-001-991550002002 211  11  1   1               XXX                 9    2
69-39-91-479702-001-992000000003          1   2                                        1
99-79-54-129703-001-992200000003          1   2                                        2
94-31-69-079708-001-992000000003 3 4   4  1   2                                        2
36-47-82-919709-001-992000000003 5 4   4  1   2                                        2
11-57-47-009710-001-992000000002       1 31   2                                        1
19-66-51-649711-001-992000000003 4 4   4  1   1              XXXXX                6    1
30-84-43-029712-001-992000000003 4 2   4  1   1               XXX                 3 9  2
03-73-09-219713-001-991110200003 5 8   4  2  12                                        2
50-53-03-329714-001-992000000002          1   2                                        2
07-90-24-769715-001-992000000003 4 7   0  1   2                                        2
32-22-11-909720-001-991040000003 4 7  11  1   1                 XXX               9    2
69-91-82-539721-001-992000000004       4  1   2                                        1
39-37-74-479722-001-992230000002 4 7   0  2  12                                        2
25-71-64-419723-001-991233500003          1   1               X                   9 5  1
28-08-01-069724-001-992000000003 310   7  1   2                                        2
69-99-67-859725-001-992001101003 3 4   4  1   2                                        2
80-28-71-849726-001-992000000003 5 8   0  22212                                        2
30-02-37-559727-001-992040000003          1   2                                        2
05-90-69-089732-001-991302400302          1   1               XXX                 9    1
27-72-43-689733-001-992000000003 3 4   0  1   2                                        2
04-71-14-269734-001-991777700002          1   1                  XXX              5    1
01-23-62-909735-001-992000000003 4 4   4  1   2                                        2
81-03-55-019736-001-992010100002 4 5   0  2 112                                        2
82-81-94-299737-001-992000000003       1  1   2                                        2
28-36-58-799738-001-992000000003          1   2                                        1
36-84-33-479739-001-992000000002          1   2                                        2
14-15-07-419744-001-992000000003 4 4   4  1   2                                        2
71-25-43-349746-001-991200200003      11  1   2                                        2
17-36-90-019747-001-992000000003          1   2                                        2
72-22-36-859748-001-992000200002          1   1            X                      9    2
94-94-49-979749-001-992000000003 3 7   1  1   2                                        2
87-96-81-349750-001-992000000003 3 4   0  1   2                                        2
88-19-12-919751-001-992000000003 510 1 0  1   2                                        2
05-83-74-469752-001-991000700002          1   1                  X   X            9    2
78-94-96-399756-001-992000000003       1  1   2                                        2
65-43-30-379757-001-992000000003 3 7 3 7  1   2                                        2
03-71-05-539758-001-992000000003          1   2                                        2
44-49-29-659759-001-992000000002      11  1   2                                        2
86-00-09-019760-001-991677772212 2 7   0  1   1               XXXXXX              9    2
65-80-43-679761-001-992000000002          1   2                                        2
82-04-17-479762-001-991777700301      11  1   1                XXXXXXXX           9    2
84-89-99-929763-001-992000000003       4  22  1            XXXX                  10 9  2
97-13-36-539768-001-992000000003 3 1   1  1   2                                        1
90-80-56-609769-001-992000000003 4 4   0  1   2                                        2
00-42-70-199770-001-992000000003       1  1   2                                        2
17-81-03-349771-001-992000000003 3 4   0  1   2                                        2
42-75-55-889772-001-991002202103 2 5   7  1   1              XXXX                 9 5  1
28-41-86-329773-001-992000000003 3 4   4  1   2                                        2
60-11-08-529774-001-992000000003 6 7   0  1   2                                        2
59-52-95-149775-001-992434200003          1   2                                        2
15-41-45-909780-001-992000000003 0 7   1  1   2                                        2
66-10-45-079781-001-992105001011 2 1   1  1   1               XXXX                9    1
19-31-52-909782-001-991200100003       4  1   2                                        1
93-62-56-559783-001-991300000003 4 9   6  1   2                                        1
33-73-61-899784-001-992000000003 3 9   9  1   2                                        2
77-51-67-909785-001-992000000003       1  1   2                                        2
53-69-68-739786-001-991230300003          1   2                                        1
77-84-56-439787-001-991003010002      11  1   1                     X X           9    1
98-86-77-989792-001-992000000003 312  12  1   2                                        2
98-03-36-049793-001-991243551102 211  11  1   1                XXXX               9    1
69-79-11-489794-001-991100000002          1   2                                        2
71-95-93-919795-001-992000000003 6 7  11  1   2                                        1
74-29-17-179796-001-991000000003 3 7   7  1   2                                        2
17-76-71-169797-001-992000000002 5 310 3  1   2                                        2
34-27-07-409798-001-991100000002      11  1   2                                        2
17-67-02-709799-001-992000000003          1   1                      X            9 3  2
37-31-85-089804-001-992000000003          1   2                                        1
30-23-58-069805-001-992000000003       4  1   2                                        2
95-44-04-709806-001-992000000003          1   2                                        2
95-36-33-739807-001-991100000002          1   1                X                  9    2
77-02-54-159808-001-992000000003 4 710 4  1   2                                        2
00-39-27-139809-001-992000000003      11  1   2                                        2
74-40-98-589810-001-992000000002 311  11  1   2                                        2
53-69-11-309811-001-992000000004 4 4   4  1   2                                        2
