39-26-37-981000-001-01222222            2 6       0       0       0   2          1  2
04-06-65-041000-001-02222222            8         0       0       0   2          1  2
97-90-78-651000-001-03222222            6         0       0       0   2          1  2
69-87-77-121000-001-06222222            6         0       0       0   2          1  2
48-07-72-071001-001-0112212272211222224 1 2       0       0       0   2          1  2
87-35-70-531002-001-01222222            1 2       0       0       0   116    1987   1
90-92-88-291003-001-0112222271111222224 1         0       0       0   2          1  2
16-34-22-801005-001-01222222            2 5       0       0       0   2          1  2
66-03-93-271006-001-0112122272211222224 1         0       0       0   2          1  2
71-71-16-361006-001-0322112272111222224 5 6       0       0       0   2          1  2
93-03-21-311006-001-0422212272222221226 5         0       0       0   2          1  2
64-95-83-641006-001-0512222271211222221 6         0       0       0   2          1  2
54-26-09-511007-001-0112222272221222224 2 6       0       0       0   2          1  1
91-42-46-841009-001-0112122271211112224 2 3       0       0       0   2          1  2
34-08-29-971019-001-01222222            8         0       0       0   2          1  2
25-94-08-501020-001-0112122221111122224 6         0       0       0   2          1  2
42-43-09-211021-001-0112212212211222223 5         0       0       0   116    2009   1
88-63-59-871022-001-0112222242222222227 6         0       0       0   116    2014   2
67-34-56-151023-001-0122112271211122223 5         0       0       0   2          1  2
61-09-84-511024-001-0112212221111212226 5         0       0       0   1 816  2010   2
49-38-79-421025-001-0212122272221222224 1 6       0       0       0   2          1  2
36-53-30-051038-001-0212222232221222224 6         0       0       0   116    2019   1
06-31-99-331039-001-0122122272211222223 6         0       0       0   2          1  2
98-68-74-001041-001-0112122271211222224 6    100000 1584000       0   116    2005   1
86-53-32-921042-001-0112112221111122225 1 5  455000       0       0   2          1  2
59-59-99-491042-001-0222122271211211226 5         0       0       0   2          1  2
68-38-43-941043-001-0112122221211222221 5         0       0       0   1 8    2005   2
51-52-11-491044-001-0112222242211222223 6         0       0       0   2          1  2
36-76-76-331045-001-01222222            1         0       0       0   2          1  2
68-51-31-951058-001-0112222241111122223 1 5       0       0       0   2          1  2
71-14-80-871059-001-01222222            2         0       0       0   2          1  2
79-06-68-491059-001-03222222            1 8       0       0       0   2          1  2
71-40-42-061059-001-0622122272211222224 4         0       0       0   2          1  2
27-54-41-371060-001-01222222            1         0       0       0   2          1  2
50-50-37-471061-001-0312222271211222224 1         0       0       0   2          1  2
25-09-89-031062-001-0112222271222222221 2         0       0       0   2          5  2
21-11-75-861063-001-0112222272211222224 1 2       0       0       0   2          1  2
63-59-38-211064-001-01222222            6         0       0       0   2          1  2
51-70-28-891076-001-0112222272221222224 6 8       0       0       0   2          1  2
45-88-08-271077-001-0112222262212222223 1 3       0       0       0   2          1  2
83-42-33-561078-001-0112222271211222221 5         0       0       0   2          1  2
51-38-42-661079-001-0112212242211222223 1 5       0       0       0   2          1  2
70-13-86-621080-001-0112222271211222221 1 5       0       0       0   2          1  2
15-64-51-681081-001-01222222            5         0       0       0   2          1  2
40-74-76-771082-001-01222222            1 3       0       0       0   2          1  1
71-92-06-801083-001-0112222171211221221 3 5       0       0       0   2          1  2
91-21-42-141095-001-01222222            5         0       0       0   2          1  2
33-55-42-431096-001-0112222232211222223 5         0       0       0   2          1  2
38-42-24-051096-001-0312222272221222224 2         0       0       0   2          1  2
13-90-80-111097-001-01222222            3         0       0       0   2          1  2
84-61-10-621097-001-0212222221112222223 5         0       0       0   2          1  2
74-62-00-181097-001-04222222            2 5       0       0       0   2          1  2
12-20-57-631098-001-01222222            2 8       0       0       0   2          1  1
35-42-42-501099-001-01222222            2         0       0       0   2          1  2
42-46-16-511100-001-01222222            2 6       0       0       0   2          1  2
19-26-42-801102-001-01222222            2         0       0       0   2          1  2
86-26-96-591114-001-0122112222221222224 6         0       0       0   116    2020   1
02-37-07-591114-001-0222122241212122221 5         0       0       0   116    2019   2
66-86-03-221116-001-0112112271222121227 6         0       0       0   1 8    2020   2
93-26-69-751118-001-01222222            5 6       0       0       0   2          1  1
90-93-28-881119-001-0222112272211222223 5 6       0       0       0   2          1  2
88-29-40-911120-001-0222212241221212227 1         0       0       0   2          1362
45-81-76-581122-001-0212112232211122224 5         0       0       0   2          1  2
08-25-45-411134-001-0112112241211221121 7 8 1200000 8088000       0   11519  1983   1
43-81-40-331134-001-0312122222211222224 6         0       0       0   1 811162017   2
69-30-97-631135-001-0122112271212122225 5   1920000       0       0   2          1  2
54-29-44-611140-001-0122112271211222224 6         0       0  250000   2          1362
11-40-59-091140-001-0322212272211222224 6         0       0       0   2          1362
39-14-27-761142-001-0112112211221222224 5         0       0       0   2          1  2
31-67-12-821152-001-0122212272211222224 6 8       0       0       0   2          1  1
13-35-77-181154-001-01222222            6         0       0       0   111    2012   2
31-48-95-021155-001-0122112272211222223 5         0       0       0   2          1  2
84-59-93-681158-001-0122212271211212214 6         0       0       0   2          1  2
11-98-95-751158-001-0212222271221222221 5 6       0       0       0   2          1  2
39-24-29-811159-001-0122112222221212226 3 5       0       0       0   2          1  2
25-97-26-141162-001-011 11  21 11 1   1 5         0       0       0   2          1  2
39-23-26-661171-001-0122212272211222223 5         0       0       0   2          1  2
33-16-62-691172-001-0312212271111222221 5         0       0       0   1 8    2012   1
05-00-83-241173-001-0122212231212122221 4         0       0       0   2          1  2
82-77-98-121174-001-0112222272212222223 5         0       0       0   2          3  2
53-94-37-891177-001-0122212272221222224 5         0       0       0   2          1  2
62-86-62-481177-001-0322212272211222224 5         0       0       0   116    2019   2
72-14-75-361179-001-0122112231211212221 8         0       0       0   2          1  2
34-57-74-201179-001-0212212271121222223 5         0       0       0   1 8    2013   2
93-52-49-511179-001-0612212221211212221 6         0       0       0   1 8    2017   2
63-91-22-931191-001-0112212272211222224 5    720000       0       0   2          1  2
60-74-37-271192-001-0122212231211222224 5         0       0       0   2          1  2
09-26-67-921193-001-01  11  21 11     3 5         0       0       0   2          1  1
94-86-36-141194-001-0112212271211112221 6         0       0       0   2          36 2
25-38-03-951194-001-042212223   1     4 5 6       0       0       0   2          1  2
95-69-66-001195-001-0112212222212122223 4         0       0       0   116    2017   2
19-34-39-641196-001-0112122272 22     1 6         0       0       0   116    2002   2
68-30-00-361196-001-042221222  11     4 6         0       0       0   1 8    2020   2
02-54-47-041198-001-0112112271211222224 3 8       0       0       0   2          1  1
58-10-14-501201-001-0122112232211222223 6         0       0       0   11619  2002   2
12-73-25-801209-001-0112112271211212221 5 6       0       0       0   117    2007   2
20-96-63-721210-001-0122112271112222223 6         0       0       0   11618  2009   2
29-54-32-181212-001-0122112272221222224 4 8       0       0       0   2          1  2
17-51-90-931213-001-0112112271211112226 6         0       0       0   2          1  2
37-86-94-041215-001-0122112242211222224 6         0       0       0   2          1  2
23-14-85-731217-001-0112112271211212221 5 6       0       0       0   111    2010   2
41-93-84-741229-001-0112122222211222223 5 6       0       0       0   125    2015   2
40-87-17-221230-001-01   2              5 7 6000000       0       0   2          1  2
85-07-13-311232-001-0112112121111122214 6 7 1440000       0       0   1 116212010   2
32-06-62-051232-001-0322112272211222223 6         0       0       0   2          3  2
75-03-14-991232-001-0412212272212222223 6         0       0       0   1 8    2018   2
59-82-97-201233-001-0112212221222212216 5   1800000       0       0   1 816  1996   2
61-64-62-241235-001-02  1   21  1     4 8         0       0       0   2          1  1
40-53-63-541236-001-0112112221211212221 7         0       0  600000   2          1  2
32-46-17-361236-001-0422212272221222224 1 6       0       0       0   2          1  1
34-83-68-871239-001-0122112271211222214 5         0       0       0   2          1  1
44-29-24-031239-001-0222212272221222224 5         0       0       0   2          1  2
95-72-84-201247-001-0112112241111222224 5         0       0       0   2          1  2
42-14-42-961248-001-0122212271211212223 5         0       0       0   2          1  2
23-68-93-721249-001-0122112271111222221 6         0       0       0   2          1  2
97-64-08-951250-001-0112222271211222221 6         0       0       0   116    2018   2
19-27-15-151252-001-0122112272211222223 5         0       0       0   2          1  2
72-75-35-981253-001-0122222141221222224 5         0       0       0   2          1  2
68-42-25-671254-001-0112212271221222221 5         0       0       0   2          1  2
52-44-88-571266-001-0222212241211222224 5         0       0       0   2          1  1
73-02-97-011268-001-0112212211211122125 5         0       0       0   116    2020   2
79-77-16-341269-001-0122112221211112224 5         0       0       0   2          1  2
65-64-26-921270-001-0122212221221222221 6         0       0       0   116    2017   2
03-76-88-351272-001-0112112271211112114 6         0       0       0   2          1  2
11-63-34-921273-001-0122112272211222224 5         0       0       0   2          3  2
25-92-53-561285-001-0212212121211122211 5         0       0       0   117    2015   2
53-55-81-031286-001-0122212271211222221 5 6       0       0       0   116    2016   2
55-53-11-051287-001-0112222271122222221 6         0       0       0   119    2013   2
26-82-27-991289-001-0112112222211222224 6         0       0       0   1 516  2020   2
21-58-01-131290-001-0121112241211122221 5         0       0       0   2          3  2
10-52-94-981291-001-0112122231111112225 5 6       0       0       0   1 8    2010   2
65-52-72-291294-001-0122212212221222224 5         0       0       0   119    2017   2
37-29-66-641304-001-0122121141211222224 8         0       0       0   2          1  1
28-24-87-551305-001-0112222221211122221 1 2       0       0       0   116    2000   1
66-65-33-221306-001-0122212222211222223 5         0       0       0   2          1  2
56-76-03-181307-001-0112212221221222224 4 6       0       0       0   119    2018   2
96-10-67-721309-001-0112212241211222221 5         0       0       0   2          1  2
88-26-77-431312-001-0122212271221222224 5 8       0       0 1600000   2          1  1
65-62-10-781323-001-0112222272211212223 5 6       0       0       0   117    2009   2
20-66-75-401323-001-0412222121222221221 6         0       0       0   2          1  2
91-01-26-481323-001-0522212222211222223 6         0       0  400000   116    2016   1
00-63-85-411325-001-0112112222221122225 6         0       0       0   1 810  2011   2
17-62-39-801325-001-0512212242212222223 5 6       0       0       0   2          1  2
19-45-49-881328-001-0112112241111222224 5         0       0       0   125    2017   2
99-92-94-711329-001-0112112271211122223 5 6       0       0       0   1 816  2015   2
96-56-62-651331-001-0112112221211222224 6         0       0       0   1 8 9162000   2
02-10-68-031332-001-0112112272211122223 5 6       0       0       0   2          1  2
14-23-99-911333-001-0112212272221222224 6    840000       0       0   1 8    2016   2
45-37-73-991342-001-0112212272 2      1 5         0       0       0   2          1  2
02-97-68-801344-001-0122212122211222223 6         0       0       0   1 8    2017   2
07-49-23-291345-001-0122112231211212224 5 6       0       0  150000   1 8    2019   2
38-64-41-111346-001-011  1  31 11     1 5         0       0       0   116    2019   2
82-06-86-021347-001-0112211221111111223 5 6       0       0       0   1 816182017   2
85-21-92-451348-001-0112112111211121223 5 6       0       040000000   1 816  2016   2
15-83-65-111350-001-0112112221211122225 6    720000       0       0   116    2019   2
43-88-08-411350-001-0422122222211222224 6         0       0       0   2          7  2
03-09-89-611361-001-0122112221212222221 6         0       0       0   119    2003   2
36-80-76-691364-001-0122122272222212226 6         0       0       0   2          1  2
78-35-11-011364-001-0422212272221222224 5         0       0       0   2          1  1
81-56-93-071366-001-0122122241221212224 8         0       0       0   117    1986   1
97-65-62-821368-001-0112222221111122221 6         0       0       0   1 8    2008   2
47-89-11-601380-001-0212112271211212226 5    900000       0       0   2          1  2
20-43-28-291383-001-0122112271211222221 5 6       0       0       0   2          1  2
39-87-55-401384-001-0112112242211212226 6 8       0       0       0   2          1  1
76-57-93-241385-001-0112212221211211223 5         0       0       0   1 8    2017   2
20-23-88-721386-001-0122122271211221221 5 8       0       0       0   110    2018   1
49-17-74-081387-001-0212222222211212226 5    700000       0 1200000   116    2006   2
73-59-11-961399-001-0122112271111122221 6         0       0       0   2          1  2
49-77-42-641399-001-0422122271222122221 5         0       0       0   2          1  2
35-22-61-351401-001-0122212221211122223 4 6       0       0       0   116    2019   2
37-56-57-811402-001-0122112241221222221 5 6       0       0       0   1 8    2008   2
39-91-71-061403-001-0122112271211222221 1 5       0       0       0   2          1  2
30-62-71-961406-001-0112212272211222224 5 6  180000       0       0   2          1  2
75-86-61-781407-001-0122212242211222224 5     45000       0       0   2          1  2
92-41-29-591419-001-0112112272211222223 6         0       0       0   115    2019   2
59-62-66-411420-001-0112122221222222221 6         0       0       0   1 816  2015   2
66-75-13-741421-001-0112112241221222224 8         0       0       0   2          1  1
02-60-89-241423-001-0122212272221222224 6         0       0       0   2          1  2
70-81-74-671424-001-0212222272211222224 5         0       0       0   2          1  2
65-53-60-991425-001-0112222221221222224 4 8       0       0       0   2          1  2
70-80-85-681426-001-0112112271211222221 5   2760000       0       0   1 8    2017   2
25-65-44-581426-001-0212222272221222214 5 8       0       0       0   2          1  1
56-90-29-761429-001-0112112272221222224 6         0       0       0   2          1  1
21-52-23-441437-001-0112112221211222221 5         0       0       0   2          1  2
67-61-05-721438-001-0112212272221222224 5 6       0       0       0   1 1    2000   2
95-38-40-321438-001-0322212271211212216 5         0       0       0   2          1  2
70-27-56-401439-001-0112212221111112224 5 6 1200000       0       0   2          1  2
46-65-19-641440-001-0122112221221221224 6         0       0       0   2          1  2
88-14-25-671441-001-0112112212211222224 5         0       0       0   2          1  2
67-65-23-891442-001-0112212241211222224 6         0       0       0   2          1  2
69-48-33-221443-001-0122112272212222223 5     40000       0       0   2          1  2
16-57-70-851457-001-0122212271211122221 5         0       0       0   2          1  2
58-46-90-091458-001-0212222242212222224 6         0       0       0   2          1  2
42-90-48-151459-001-0112212271211222223 5         0       0       0   2          1  2
79-50-93-441462-001-0122112231111222221 6         0       0       0   121    2016   2
68-31-48-591463-001-011222227221122222310    480000 4320000       0   116    2002   2
25-84-63-251476-001-0122212271221222224 5         0       0       0   116    1996   2
69-52-20-711477-001-0122122242222221226 6         0       0       0   1 9    2012   2
64-13-92-401478-001-0122112272211121225 6         0       0       0   1 8    2007   2
80-46-40-501481-001-0122112221 1      1 6         0       0       0   125    1997   2
26-46-51-961483-001-01 1    21211122221 5         0       0       0   1 318  2012   1
42-63-63-441486-001-0222122241211222221 6         0       0       0   2          1  2
22-20-15-101494-001-0122112271222222127 7    240000       0       0   2          17 2
24-01-19-771495-001-01222222            6         0       0       0   2          1  2
65-01-04-421497-001-0122112211221222221 6 7  900000       0 3000000   116    2012   2
99-86-57-881498-001-0112212241211112221 5         0       0       0   1 8    2017   2
20-57-87-381499-001-0122122221212222223 6         0       0       0   116    2018   2
25-65-66-841500-001-0112212272212222223 6         0       0       0   2          1  1
54-73-26-731500-001-0222212241222222221 6         0       0       0   2          1  2
20-20-25-341500-001-03222222            6         0       0       0   2          1  2
81-38-85-461501-001-01222222            8         0       0       0   2          1  1
73-23-23-021501-001-0422212221211222221 5 7       0       0       0   119    2020   2
97-18-17-721514-001-0122122271212122221 6         0       0  120000   2          1  2
52-81-86-841515-001-0122112221222222221 5         0       0       0   2          1  2
16-62-97-481517-001-0122212272212222223 6    360000       0  480000   2          1  2
87-62-23-151518-001-0112212211211112221 5         0       0       0   125    2017   1
35-70-97-651519-001-0112112272212222223 6         0       0       0   116    2016   2
83-51-04-001519-001-0312122212221222224 5 6       0       0       0   2          1  2
75-89-71-141520-001-0122212221211122221 5         0       0       0   2          31 2
35-77-45-511520-001-0512112221211221221 6         0       0       0   1 817  2014   2
79-19-49-951532-001-0122122272221212224 5         0       0       0   2          1  2
63-60-11-251533-001-01221122522112121 4 5 6 1080000       0  200000   11516  2015   2
91-84-66-991534-001-0122122252221122225 6   1080000       0       0   2          1  2
30-18-08-811536-001-0112122271211122227 5 6       0       0       0   2          1  2
45-99-00-521537-001-0122212222211222223 6         0       0       0   116    2014   2
83-09-40-731538-001-01221122122122121 3 5 6       0       0       0   1 8    2019   2
39-60-11-461539-001-011212227  11     3 5         0       0       0   2          1  2
88-91-41-191541-001-0122212221111222221 5         0       0       0   2          1  2
00-33-05-951551-001-012212227  22     4 5         0       0       0   116    2019   2
35-10-30-261552-001-0122212271211212223 6         0       0       0   2          1  2
71-54-30-181553-001-012221227222211222510         0 1200000   30000   117    2000   2
87-34-09-051553-001-0322112121211112225 5 6       0       0       0   2          1  2
18-78-78-831554-001-0122212111111111211 6         0       0       0   2          1  2
10-18-49-751554-001-0222112221211212224 5         0       0       0   2          31 1
72-28-96-801555-001-0112112221211222221 6         0       0       0   11422  2008   2
98-95-18-171556-001-0112112241211111227 5         0       0       0   2          1  2
87-14-18-771557-001-0112112171111222224 6         0       0       0   2          1  1
34-04-58-101557-001-0312212241211122224 6         0       0       0   2          1  1
69-89-44-821557-001-0722112272 22     1 6         0       0       0   1 3    2020   2
07-54-14-551559-001-0112212222211222223 6         0       0       0   2          1  2
13-93-41-981571-001-01222222            5         0       0       0   2          1  1
47-27-91-781572-001-0112122121111122123 7         011760000 5000000   1 4 8191990   2
04-70-10-371572-001-0412222111211112226 5         0       0 3000000   1 8    2012   1
28-18-07-541573-001-0112212242211222223 5 6 2640000       0       0   1 2    2021   2
03-53-76-341573-001-0222112222211222224 6         0       0       0   2          1  2
41-70-42-111575-001-0222212272221222224 5         0       0       0   2          1632
61-35-20-591575-001-03222222            6         0       0       0   2          1  2
23-80-89-131576-001-0212222171211222224 5 6       0       0       0   2          1  2
03-31-03-151589-001-0122212272221221224 5         0       0       0   2          1  2
62-89-22-611589-001-0222112171211122221 5         0       0       0   2          1  2
15-24-38-601590-001-0122112221211212223 5    180000       0       0   116    2013   2
51-16-39-431591-001-0122112241111222221 5         0       0       0   1 8    2019   2
16-12-17-411591-001-0222112221211222224 5         0       0       0   2          1  2
72-09-12-511592-001-0122212171211222221 5 6       0       0       0   116    2009   2
05-96-73-801593-001-0122122121211222224 4         0       0       0   2          1  2
26-44-95-551594-001-0122112272211222223 5         0       0       0   1 3    2017   2
39-36-00-001595-001-01222222            6         0       0       0   2          1  2
00-17-71-971596-001-0112122231111112221 510       0 1600000       0   1 816  2003   2
66-25-05-141611-001-0122212271222222221 5 6       0       0       0   2          1  2
01-51-13-551612-001-0112112241111222221 6         0       0       0   2          1  2
96-96-70-931613-001-0122121171211222224 5 8       0       0       0   2          1  1
26-30-52-401614-001-0122112222221222224 6         0       0       0   2          1  2
98-32-71-451615-001-0122112222211222224 5 8       0       0       0   2          1  2
06-69-71-091627-001-0122122241211222224 5    720000       0       0   2          1  2
80-82-72-861628-001-0112112121211222124 5 6       0       0       0   1 817  2016   2
88-52-08-791629-001-01222222            5 6       0       0       0   2          1  2
88-32-79-591632-001-0122112272212222223 6         0       0       0   2          1  2
73-64-90-481633-001-0122112272211122224 5         0       0       0   2          1  2
74-16-11-301633-001-0422112241211221224 5 6  480000       0       0   2          3  2
55-83-58-891635-001-0112112172221222224 5 8       0       0       0   2          1  2
98-14-57-111638-001-0122112221221212224 5         0       0       0   116    2020   1
34-42-45-691646-001-0122112221211222221 7    450000       0       0   2          1  2
85-27-27-291648-001-0122112221222222221 7   1800000       0       0   2          1  2
14-72-45-211649-001-0122112272221212224 5     30000       0       0   2          1  2
11-50-31-531651-001-0112112221111122221 5         0       0       0   2          1  2
95-26-54-251652-001-0112212241211122223 6         0       0       0   116    2017   2
21-96-86-151654-001-0122112272212222224 6         0       0       0   125    2017   2
26-08-75-881665-001-0112112242222122225 5         0       0  200000   2          1  2
54-12-93-501666-001-0122212272212222223 6         0       0       0   2          1  2
76-88-68-321667-001-0122112272211122225 6         0       0       0   2          1  2
72-28-12-361669-001-0212112242211222223 5         0       0       0   1 9    2019   2
20-90-59-331671-001-0122212272211122223 5 6       0       0       0   2          1322
24-16-35-081673-001-0122112272211222224 5 6       0       0       0   2          1  2
61-09-26-351685-001-0112212222211222224 5 8       0       0       0   116    2005   1
97-61-48-511687-001-012221223121121222610         0       0  960000   2          1  2
63-71-40-361691-001-0112212272211222223 5 6       0       0       0   2          1  2
73-26-21-871693-001-0122122272221222224 5         0       0       0   2          1  2
50-82-98-181703-001-0122112221222122125 5 6       0       0       0   11617  2011   2
87-18-56-321704-001-0322112221221222221 6         0       0       0   1 8    2020   1
92-25-23-251704-001-0522122142121222224 5 6       0       0       0   2          1  1
14-59-55-561704-001-0722112242221222224 5         0       0       0   2          1  2
22-38-66-351705-001-0122122271211222221 1 6       0       0       0   2          1  2
04-99-54-691706-001-0112112211111122224 5         0       0       0   110    2019   2
59-65-56-211707-001-0122122242211222224 7         0       0       0   2          1  2
00-51-38-891708-001-0112122231211222221 5    720000       0       0   2          1  2
54-40-29-581708-001-0322112231111122221 6         0       0       0   121    2020   2
36-06-21-601708-001-0722122272212222223 1 6       0       0       0   116    2021   2
97-86-60-251709-001-0122122221111222221 6         0       0       0   116    2008   2
65-68-67-711710-001-01222222           10         0       0       0   2          1  1
43-48-45-111723-001-0222212272221222224 5         0       0       0   2          1  2
90-01-70-151723-001-0322112142221222224 4 6       0       0       0   2          1  2
97-52-70-391724-001-0112122231221222224 6         0       0       0   2          1  2
63-97-16-081725-001-0122112272211222224 6         0       0       0   2          1  2
42-24-69-581725-001-0222112271212222223 5         0       0       0   2          1  1
87-38-94-621728-001-0112112221221222224 8         0       0       0   116    2001   2
15-71-81-761728-001-0312222271111122221 6         0       0       0   2          1  2
87-95-82-401729-001-0122112221211122223 5   1440000       0       0   1 816191994   2
01-40-17-061729-001-0622212222211212223 6         0       0       0   2          1  1
34-52-96-161732-001-01222222            5 6       0       0       0   110    2015   2
54-10-69-381733-001-0112112221211211223 5 6  300000       0       0   2          1  2
58-45-88-021741-001-0122212211211112221 6 7 5000000       0       0   1 816  2006   2
25-26-68-891743-001-0112122272221212224 5 6       0       0       0   117    2015   2
51-51-72-361744-001-0122222172221222224 4 6       0       0       0   2          1  2
30-07-10-441744-001-0222212212211222224 6         0       0       0   2          1  2
15-97-35-811745-001-0122212241211222221 1         0       0 1920000   2          1  2
60-65-34-171746-001-0122122271211222224 6         0       0       0   2          1  2
72-97-97-221747-001-0112112221221222224 5         0       0       0   1 8    2019   1
86-05-00-661748-001-0122212272211222223 5 6       0       0       0   2          1  1
14-29-46-331749-001-0122112242211222223 7         0       0       0   2          1  2
48-16-61-091761-001-0122212252221222224 4    300000       0       0   2          1  2
67-44-06-401762-001-0112222272211222226 5         0       0       0   2          1  2
16-26-02-491762-001-0222212271211211225 6         0       0       0   116    2019   1
10-30-06-051763-001-0122112252221122224 5         0       0       0   2          1  2
99-84-02-401764-001-0122112271211222223 5 6       0       0       0   2          1  2
46-39-86-171765-001-0122122272111222223 4 6       0       0       0   2          1  2
21-73-83-461765-001-0422122241111222223 5         0       0       0   2          1  2
88-80-90-941766-001-0122122212211222224 5         0       0       0   1 8    2018   2
17-64-18-791768-001-0122122272221222224 1         0       0       0   2          1  2
75-16-84-461768-001-0222222152221222224 6         0       0       0   2          1  2
17-21-12-031768-001-032212212222122222410         0       0       0   2          1  2
13-54-21-211768-001-0422212272211122223 6         0       0       0   1 8    2017   2
20-88-24-581771-001-0112112272221222224 5         0       0 10000001  1 8    2004   2
76-34-61-711779-001-0122212221221222221 1 8       0       0       0   2          1  1
97-53-95-821780-001-0122122231212222223 1         0       0       0   2          5  2
41-24-27-931781-001-0122122272221222224 1 5       0       0       0   2          1  2
00-71-13-591782-001-03222222            1 6       0       0       0   2          1  2
70-69-92-641783-001-0122122172221222224 1 2       0       0       0   2          1  2
94-30-16-271784-001-01222222            2 5       0       0       0   2          1  2
41-06-14-611784-001-0222222141211122225 5         0       0       0   2          1  2
31-80-34-981785-001-02222222            1 4       0       0       0   2          1  1
11-59-35-061785-001-0322212172221222224 1 6       0       0       0   2          1  2
36-49-19-371786-001-0122122231211222223 1 5       0       0       0   2          1  2
61-05-13-101798-001-01222222            1         0       0       0   2          1  2
06-52-02-391798-001-0422112272222122225 5 6       0       0       0   2          1  2
03-94-16-921799-001-0112222271212222223 1 6       0       0       0   2          1  2
96-34-88-551800-001-0112222172212222223 1 6       0       0       0   2          1  2
55-36-84-451801-001-01222222            6         0       0  650000   2          1  2
42-29-89-481801-001-0422121231212222221 6         0       0  150000   2          1  2
76-08-90-561802-001-0122122262221222224 1    100000       0       0   2          1  2
77-41-25-131802-001-0322112121111111213 6         0       0       0   2          6  1
49-72-45-381802-001-0422122171211221224 5 6       0       0       0   2          1  2
20-12-62-771803-001-0122122271222212226 1         0       0       0   2          1  2
11-69-14-701804-001-01222222            1 6       0       0       0   2          15 2
58-47-83-551805-001-01222222            1 6       0       0       0   2          1  1
85-44-11-251817-001-0122212241221122224 8         0       0       0   2          1  1
81-90-37-011818-001-01222222            6         0       0       0   116    2001   1
25-66-00-971818-001-0212212271211212223 5         0       0       0   116    2017   2
12-06-08-321818-001-0312112272211222224 6         0       0       0   2          1  2
59-79-79-571819-001-0112212241211122223 6         0       0       0   116    2011   2
03-14-29-971820-001-0112212271111222221 5         0 5280000       0   11619  1997   2
95-67-04-511821-001-0122212221211222224 5         0       0       0   116    2021   1
39-74-78-711822-001-0112212241211122225 5         0       0       0   2          1  2
16-14-26-961823-001-0122112232111212224 5 8       0       0       0   2          1  2
84-22-30-571823-001-0212122221111122225 5         0       0       0   1 8    2015   2
58-53-03-881824-001-0112212241111111221 6         0       0       0   2          1  2
37-48-48-041836-001-01222222            6         0       0       0   2          15 2
93-76-89-481837-001-01222222            1         0       0       0   2          1  2
70-84-46-341838-001-0122222111222222221 4 5       0       0       0   2          1  2
26-76-44-681839-001-01222222            5 6       0       0       0   2          1  2
65-72-55-001840-001-01222222            1 5       0       0       0   2          15 2
99-71-08-471840-001-03222222            5 6       0       0       0   2          1  2
49-42-19-851841-001-01222222            1         0       0       0   2          15 2
31-86-83-671842-001-01222222            1         0       0       0   2          15 2
49-86-16-681843-001-0122122242221222224 5         0       0       0   2          1  1
88-36-35-511843-001-03222222            6         0       0       0   2          1  2
86-98-06-331856-001-01222222            1 8       0       0       0   2          1  1
88-48-03-011856-001-042212224   2     4 1         0       0       0   2          1  2
58-38-27-141857-001-0122112272211122224 1    340000       0       0   2          1  2
07-82-76-341857-001-02222222            110       0       0       0   2          15 2
66-14-13-151858-001-0122122271211222221 1 6       0       0       0   2          1  2
59-46-78-801858-001-08222222            810       0       0   60000   2          1  1
36-33-35-191858-001-0922112272211222224 1 8       0       0       0   2          1  1
70-07-82-731859-001-0122122211        1 4 5       0       0       0   2          1  2
15-25-86-881860-001-0122122211222222221 1         0       0       0   2          1  2
93-67-94-861860-001-03  1   21 11     3 1         0       0   400001  2          21 2
39-53-93-811861-001-01222222            1         0       0       0   2          1  2
25-77-45-141862-001-0112222221211221221 1 5       0       0       0   2          15 2
33-06-24-681874-001-0112222272221222224 2 6       0       0       0   2          1  2
32-28-64-631875-001-0112122242211212228 1 9    3000       0       0   2          1  2
58-08-38-131875-001-0312222272211221226 1 6       0       0       0   2          1  2
62-29-93-461875-001-0712222272211222224 1 6       0       0       0   2          1  2
15-55-16-651876-001-0212122241221222221 6 9       0       0       0   2          1  2
71-47-50-921876-001-0412222271221222224 6 9       0       0       0   2          1  2
41-83-97-521877-001-0212122272211212223 1 7       0 1800000       0   119    2016   2
14-35-65-811877-001-0412222272212222224 1 9       0       0       0   2          1  2
69-30-51-521879-001-01222222            1 9       0       0       0   2          1  2
82-46-52-411880-001-0112222271211122224 9         0       0       0   2          1  2
08-43-62-701893-001-0112222272211212224 5         0       0       0   2          1  2
79-60-26-091896-001-0112222272211222224 5         0       0       0   1 8    2017   1
80-45-22-221896-001-0312112241211212221 6         0       0       0   1 816  2016   2
79-78-18-791897-001-0112222241211222221 6         0       0       0   2          1  2
30-76-58-551898-001-0112222272211212224 5         0       0       0   116    2012   2
25-09-93-321898-001-0312112271211221227 6         0       0       0   1 8    2020   2
38-18-35-021899-001-0212222272221222127 8         0       0       0   2          1  1
19-54-33-721902-001-0112222272212222223 1 7  360000       0       0   2          1  2
18-03-93-661913-001-0112122121111122223 6         0       0       0   1 8    2011   2
16-30-23-531915-001-0112212271221111224 5 6       0       0       0   1 816  2021   2
72-94-88-221916-001-0112122242211222224 510 1920000       0       0   2          1  2
41-59-30-521917-001-0112122232211222224 5 7  240000       0       0   2          1  2
35-77-69-961917-001-0512122211212212222 5         0       0       0   2          1  2
15-84-04-211918-001-0112212241221222224 6         0       0       0   11617192001   2
49-53-59-621922-001-0112222271112222221 5 6       0       0       0   1 8    2010   2
40-11-03-431931-001-01222222            1 5       0       0       0   2          1  2
51-16-84-331932-001-01222222            1 5       0       0       0   2          1  2
53-04-56-801932-001-0212222271111222223 1         0       0       0   2          1  2
55-83-06-851932-001-0412222111211222221 1 2       0       0       0   2          1  2
09-22-72-641932-001-0512222272211222224 1 5       0       0       0   2          1  1
04-39-71-361932-001-0812222272221222224 8         0       0       0   2          1  1
41-12-45-181933-001-01222222            1         0       0       0   2          1  2
74-41-63-531934-001-0112212221211222221 1 5       0       0       0   2          1  2
66-14-94-181935-001-0122112272211222224 1 6       0       0       0   2          1  2
28-72-49-681935-001-0622122172221222224 1 6       0       0       0   2          1  2
56-51-57-981936-001-0112122272221222224 1 3       0       0   14000   2          15 1
58-41-33-741936-001-02222222            1         0       0       0   2          15 2
20-27-84-751936-001-0412222272211222226 1         0       0       0   2          1  2
98-18-22-891937-001-0212222271211222221 1 5       0       0       0   2          1  2
12-92-55-031938-001-0112112121111212221 5 6       0       0       0   1 816  2008   2
05-92-83-741938-001-0212122272111112225 5 6       0       0       0   2          1  2
29-60-24-001950-001-0212222242211222223 1 6       0       0       0   2          1  1
80-22-16-231951-001-0212222272221221128 5         0       0       0   2          1  2
11-83-65-021952-001-0212222271222222221 5 6       0       0       0   2          1  2
83-93-74-591954-001-0112222272221221226 1 6  150000       0       0   2          1  2
81-77-28-591955-001-0112112271111212221 1 5  120000       0       0   1 816  2014   2
01-06-14-471956-001-0112222221111122221 6         0       0       0   2          1  2
16-23-33-321957-001-0112212272211222224 6    120000       0       0   2          1  2
19-09-34-021969-001-01222222            1         0       0       0   2          1  1
56-90-00-491970-001-0212212221221222224 5         0       0       0   2          1  2
58-50-67-671971-001-01222222            1 5       0       0       0   2          1  2
92-65-74-021971-001-0212222272221222224 6         0       0       0   2          1  2
64-52-68-601972-001-0112222272221222224 8    220000       0       0   2          1  1
11-00-28-031972-001-0212212241111212211 1 5 2840000       0       0   2          7  2
31-82-03-691972-001-0512212241111112213 5         0       0       0   2          1  2
19-01-37-031973-001-01222222            1         0       0    4000   2          1  2
16-14-63-931974-001-0122212221211222221 1 5       0       0       0   2          1  2
78-60-63-441975-001-0212212221212222223 5         0       0       0   2          7  2
78-73-09-301976-001-01222222            2 6       0       0       0   2          1  1
01-58-42-071988-001-0112222171211122224 5 7       0       0       0   2          1  2
32-78-55-351988-001-06222222            1         0       0       0   2          1  2
25-96-98-141988-001-0712222271211212213 1 5       0       0       0   116    2008   2
08-18-13-461989-001-01222222            1 8       0       0       0   2          1  2
19-52-92-511990-001-0112212271211222221 5         0       0   45000   2          1  2
72-35-09-821991-001-0112212121211112211 5         0       0       0   116    2017   2
42-19-40-011991-001-0412212121211122224 5   1500000       0       0   1 8    2020   2
21-07-86-971992-001-0112222271211122111 5         0       0       0   2          1572
57-66-23-771993-001-0112212242221222224 6         0       0       0   2          1  2
28-97-65-631994-001-0112212221211112224 1         0       0   50000   2          15 2
86-15-44-911994-001-0312222271211212219 2 5  840000       0       0   2          1  1
48-18-40-432007-001-01222222            3 5       0       0       0   2          15 2
23-38-07-812008-001-0112212271211222223 1 6  720000       0       0   1 8    2018   2
31-46-39-262009-001-0112212242211222224 1 5       0       0       0   11624  2013   2
79-28-77-432009-001-0312222241111112226 6         0       0       0   1 8    2017   1
82-54-02-142009-001-04222222            6         0       0       0   2          1  2
36-61-47-762009-001-0612222221211222221 2 5       0       0       0   2          1  2
27-69-09-192010-001-0112222242211122224 5         0       0       0   1 816  2020   1
67-18-23-872011-001-0112212271111112211 5 6       0       0       0   116    2018   1
23-38-22-852012-001-0112212221211112221 1 6       0       0       0   116    2008   2
10-79-15-552013-001-0112222221221122221 1         0       0       0   2          1532
28-82-13-872014-001-0112222272221222224 810       0       0  168000   2          21 2
95-44-14-692014-001-0212222232221222224 8         0       0       0   2          12 2
65-11-98-082026-001-0112212221221222221 6         0       0 1500000   1 8    2021   2
62-10-06-922027-001-0112112221211222224 5         0       0       0   2          1  2
42-38-34-362028-001-0112212272221222224 6 8       0       0       0   2          1  1
83-09-48-582029-001-0112212272221222224 1 2       0       0       0   2          1  2
44-32-20-342030-001-0112222222211222223 5 6       0       0       0   2          1  2
86-02-52-322031-001-0112212251111212221 5 6       0       0   70000   116    2021   2
12-88-92-272032-001-0112212211211122221 5 6       0       0  700000   116    2021   2
68-75-40-962033-001-0112222221211112225 5         0       0       0   2          1  2
66-23-15-542045-001-01222222            1         0       0       0   2          15 2
19-73-12-232045-001-0212212221222222221 1         0       0       0   2          15 2
62-61-78-732046-001-01222222            1 5       0       0       0   2          1  2
37-38-65-382047-001-0112222242221222224 1 6       0       0       0   2          1  2
51-19-63-662048-001-0112222271222222221 1         0       0       0   2          16 2
68-42-20-722049-001-01222222            1         0       0       0   2          15 2
08-25-98-682050-001-02222222            6         0       0       0   2          1  2
97-07-45-242051-001-01222222            1 5       0       0       0   2          1  2
71-98-45-442052-001-01222222            810       0       0       0   2          15 2
94-12-64-072064-001-01222222            1 6       0       0       0   2          1  1
17-99-58-672065-001-01222222            1 6       0       0       0   2          1  2
77-92-16-672066-001-0122122272211222224 4 5       0       0       0   1 8    2019   2
66-38-93-892067-001-0122122271222222221 1         0       0       0   2          1  2
35-93-00-792068-001-0122122272211112228 4 5       0       0       0   2          1  2
53-91-30-092069-001-0122122272211222223 1 4       0       0       0   2          1  1
98-95-98-622070-001-0112222241211222221 3         0       0       0   2          1  2
13-66-67-952072-001-0122222171221222221 1         0       0       0   2          1  2
70-95-25-802072-001-0212222212212222223 6         0       0       0   2          1  2
24-27-78-932083-001-0112222171211222224 4 8       0       0       0   2          1  1
51-49-82-492083-001-0312222271111122223 510  360000       0       0   2          1  2
73-25-52-852085-001-01222222            6         0       0       0   116    2003   2
50-36-50-822086-001-01222222            5 6  312000       0       0   2          1  2
29-87-29-692087-001-0112222272211222224 5 6       0       0       0   2          1  2
92-24-01-442088-001-01222222            6         0       0       0   2          1  2
31-32-30-422089-001-0112222242221222224 1 8       0       0       0   2          1  1
61-82-69-082089-001-0212112221111122221 6         0       0       0   1 8    2020   2
52-18-39-522090-001-0112222171211222223 1 6       0       0       0   2          1  2
73-31-47-952102-001-0112212272211222224 1         0       0       0   2          1  2
02-38-53-952103-001-01222222            1 5   50000       0       0   2          1  2
34-93-93-402105-001-01222222            1         0       0       0   2          1  2
82-80-81-612105-001-0212212172221222224 1         0       0       0   2          15 2
99-81-48-132106-001-01222222            1 6       0       0       0   2          1  2
21-33-89-792107-001-0112212121211222221 1 4       0       0       0   2          1  2
08-12-12-352108-001-0112222272211222223 1 5       0       0       0   2          1  2
46-01-30-672109-001-01222222            1         0       0       0   2          1  2
89-05-97-182110-001-01222222            1 4       0       0       0   2          1  1
19-03-71-262121-001-01222222            1         0       0       0   2          1  2
72-87-81-322122-001-0112222272221222224 1         0       0       0   2          1  2
62-47-33-372123-001-0122122271221222224 1 4       0       0       0   2          1  1
46-20-06-252123-001-02222222            1         0       0       0   2          1  2
37-05-92-602124-001-0112122272211222223 5         0       0       0   2          1  2
85-54-66-362125-001-0112222172211122223 1 5       0       0       0   2          1  1
35-74-58-192126-001-01222222            6         0       0       0   2          1  2
94-09-90-452127-001-0112222242211222224 1 6       0       0       0   2          1  2
41-24-37-002128-001-01222222            1 4       0       0       0   2          1  2
96-25-27-682140-001-01222222            410       0       0       0   2          21 2
60-98-83-842141-001-01222222            6         0       0       0   2          1  2
49-89-60-442142-001-01222222            4 6       0       0       0   2          1  2
47-33-48-342143-001-01222222            1 6       0       0       0   2          1  2
41-90-49-082143-001-02222222            1 7       0  210000       0   2          1  2
93-04-22-652143-001-0412222271222222221 1         0       0       0   2          1  2
42-74-37-602144-001-0112222272221222224 8         0       0       0   2          1  2
51-55-51-262145-001-01222222            1         0       0       0   2          1  2
88-95-93-562146-001-0112222271111222221 1         0       0       0   2          1  2
37-02-89-812146-001-0312222271111112225 1 4       0       0       0   2          1  2
98-78-94-132147-001-0112222272221222224 2 4       0       0       0   2          1  2
82-49-19-232159-001-0122222172212222223 1 5       0       0       0   2          15 2
40-34-16-232159-001-0412222271222222221 1 6       0       0       0   2          1  2
35-01-77-262161-001-01222222            8         0       0       0   2          1  1
43-91-81-402161-001-0312222222211112128 6         0       0       0   2          1  2
36-41-18-972161-001-04222222            6         0       0       0   2          1  2
92-29-28-062162-001-01222222            1         0       0       0   2          1  2
45-96-39-562164-001-01222222            1 6       0       0       0   2          1  2
43-24-82-622165-001-0112222272211222224 2 4       0       0       0   2          1  2
79-35-82-232166-001-01222222            1         0       0       0   2          1  2
27-71-37-112178-001-0112222271211111123 6         0       0       0   116    2008   2
08-19-86-572179-001-0112222272211222224 1 8       0       0       0   2          1  1
27-47-48-352179-001-0312212271221221221 6         0       0       0   2          1  2
14-48-48-942180-001-0112222272211212226 6         0       0       0   2          1  2
82-21-30-392181-001-0112222271211211124 1 5       0       0       0   116    2008   1
09-99-32-012182-001-0112222241211222221 6         0       0       0   116    2012   2
81-89-19-212183-001-0112222272212222223 5         0       0       0   2          1  1
97-20-56-672184-001-0112122241221222224 8         0       0       0   2          1  2
01-60-89-942185-001-0112222272221222224 7 8       0 1200000       0   1 816  1995   1
50-12-34-352197-001-0112222272221222224 1 6       0       0       0   2          1  1
54-85-06-092198-001-0212122272221222224 1 6       0       0       0   2          1  2
01-99-19-152198-001-03222222            610       0       0       0   2          1  2
56-62-89-782199-001-0122122241211222221 1 3       0       0       0   2          1  1
77-31-17-492199-001-0312222272221222224 8         0       0       0   2          1  1
97-95-25-482200-001-0112222272211212224 2 3       0       0       0   2          1  1
99-10-27-022200-001-03222222            1 6       0       0       0   2          1  2
14-73-22-192201-001-01222222            1         0       0       0   2          1  2
89-10-69-312202-001-0112222272221222224 1 6       0       0       0   2          1  1
72-15-83-722203-001-01222222            1 6       0       0       0   2          1  2
56-10-08-702204-001-01222222            5 6       0       0       0   2          1  2
59-53-21-472204-001-04222222            5         0       0       0   2          1  2
78-15-43-852216-001-01222222            1     50000       0       0   2          1  2
23-93-25-072217-001-0112222241111212223 6         0       0       0   116    2014   1
81-50-48-562217-001-0212222221111211221 1 5       0       0       0   2          1  2
84-58-41-512218-001-0112222171121222221 1 5       0       0       0   1 8    2021   2
55-19-95-162219-001-01222222            1 5       0       0       0   2          1  2
91-90-18-922220-001-0112222272212222223 5 6       0       0       0   1 810  2018   2
05-40-62-632221-001-01222222            1 6       0       0       0   2          1  2
24-15-17-332222-001-0112222141211222221 1         0       0       0   116    1999   2
33-24-91-942222-001-0412222121111112221 6         0       0       0   116    2015   2
14-85-96-302222-001-0812222222211112224 5    720000       0       0   2          1  2
35-89-80-032223-001-02222222            6         0       0       0   1 8    2009   2
21-66-19-792235-001-01222222            8         0       0  150000   2          1  2
04-72-30-292236-001-01222222            1 5       0       0       0   2          1  2
00-11-58-552236-001-0222122272211222224 6         0       0       0   2          1  2
70-46-23-362237-001-01222222            1 4       0       0   36000   2          51 2
33-40-18-382238-001-0122122232221222224 1 8       0       0       0   2          1  1
00-38-57-232239-001-01222222            4         0       0       0   116    2020   2
74-49-80-072239-001-03222222            1         0       0       0   2          1  2
56-51-50-292240-001-0212212242212222223 6         0       0       0   116    2020   2
33-71-74-272241-001-0122122272212222223 1         0       0       0   116    2019   1
31-14-86-012242-001-01222222            5         0       0       0   2          15 2
53-95-94-122254-001-0112222271211222223 1 4       0       0       0   2          1  2
74-70-00-932255-001-01222222            1 4       0       0       0   2          12 2
93-31-89-762256-001-01222222            1 5       0       0       0   2          1  2
79-86-31-642256-001-03222222            1 2       0       0       0   2          1  2
30-93-95-652257-001-0112222252221222224 1 5       0       0       0   2          1  2
14-19-73-232258-001-01222222            1 2       0       0       0   2          1  2
80-56-51-762259-001-01222222            2 5       0       0       0   2          16 2
16-88-52-772260-001-01222222            1         0       0       0   2          1  2
21-64-01-842273-001-0121212221211112224 6         0       0       0   2          1  2
73-59-89-102273-001-02222222            3 6       0       0       0   118    2018   2
29-26-31-232274-001-01222222            6         0  240000       0   2          1  1
03-57-75-862275-001-01222222            6         0       0       0   2          13 2
82-16-51-602276-001-0121212272211222223 6         0       0       0   2          1  2
61-97-17-872277-001-0121222231221222221 1         0       0       0   2          1  2
19-61-62-902277-001-0321212121111222223 5         0       0       0   2          1  2
67-22-78-742278-001-0221212171221222221 5         0       0       0   2          1  2
69-36-49-082279-001-01222222            5         0       0       0   2          1  2
41-81-85-622280-001-0122212272211222223 5 6       0       0       0   2          1  2
14-58-18-612292-001-0221222221211222224 1         0       0       0   2          1  2
05-63-45-742292-001-0522212221111122221 5         0       0       0   2          1  2
29-32-41-812293-001-0122212172211222223 6         0       0       0   2          1  2
22-44-20-212293-001-0222212241111222223 5         0       0       0   2          1  1
64-85-98-162293-001-0321222272211121225 6         0       0       0   2          1  2
48-54-13-872293-001-0422212272211222224 5 6       0       0       0   2          1  2
99-82-71-872293-001-0521212272211222223 6         0       0       0   2          1  2
79-64-91-552294-001-0121222271211222128 6         0       0       0   119    2004   2
83-01-75-412295-001-01222222            1         0       0       0   2          1  2
80-85-79-462296-001-01222222            6         0       0       0   2          1  1
78-59-25-362297-001-01222222            8         0       0       0   2          1  2
90-57-92-072298-001-0121212272221222224 7         0  120000       0   2          1  1
86-59-55-562299-001-0121222271222222221 4 6       0       0  100000   2          1  2
96-15-71-562311-001-0121212221211112224 9   3600000       0       0   2          1  2
89-81-17-292311-001-0422212272211222223 5         0       0       0   2          1  2
61-02-06-092312-001-0122212272221212224 9         0       0   50000   2          1  2
75-37-54-952313-001-0121212271221222221 7         0       0       0   2          1  2
30-53-00-862313-001-0421222271111122221 9         0       0       0   2          1  2
56-57-01-262314-001-02222222            5         0       0       0   2          1  2
85-96-93-022316-001-0121222272221222224 5         0       0       0   2          1  2
22-80-06-872317-001-0121222271211222221 5         0       0       0   2          1  2
45-27-67-932318-001-0121212272211222223 5         0       0       0   2          1  2
58-86-03-572318-001-03222222            5 9       0       0       0   2          1  2
86-63-88-502320-001-02222222            5         0       0       0   2          1  2
26-42-83-982320-001-0322212271211222221 9         0       0       0   2          1  2
80-22-47-542330-001-0121212272221222224 8         0       0       0   2          1  2
93-78-78-682330-001-0321222252221222224 6         0       0  150000   2          1  2
32-23-46-362331-001-0221221242221222224 5         0       0       0   2          1  2
85-36-62-822331-001-0321122271111222223 6         0       0       0   118    2014   2
43-48-43-982332-001-01222222            5         0       0  240000   2          1  2
66-03-37-532332-001-0221212272211222223 6         0       0       0   2          1  1
16-87-07-492332-001-0322212241111122221 6         0       0       0   2          1  2
50-36-38-522333-001-0121222271212222211 5         0       0       0   2          1  2
16-67-78-002333-001-0421212231111221227 5         0       0       0   116    2018   2
14-75-18-462334-001-01222222            5         0       0       0   2          1  2
55-18-13-572335-001-0121212272211221223 5         0       0       0   2          1  2
92-87-43-342336-001-01222222            5         0       0       0   2          1  2
89-20-65-962337-001-01222222            6         0       0       0   2          1  2
39-63-22-942337-001-02222222            5         0       0       0   2          1  2
38-22-99-112337-001-03222222            5         0       0       0   2          1  1
87-83-98-062349-001-0121222271221222224 1         0       0       0   2          1  2
43-46-75-792349-001-0321222271222222221 1 9       0       0       0   2          1  2
16-05-33-002349-001-0421222271211222221 7         0       0       0   2          1  2
68-30-71-792350-001-0321212241211222224 9         0       0       0   2          1  2
14-98-81-492352-001-02222222            1         0       0       0   2          13 2
10-53-21-932352-001-03222222            9         0       0       0   2          1  2
12-97-36-292352-001-0422212242212222223 6         0       0       0   118    2010   2
34-46-16-812352-001-0621212232211122223 7         0       0       0   2          12 2
81-32-40-342352-001-07222222            1 5       0       0       0   2          1  2
87-03-73-532353-001-0121212271211222224 9         0       0       0   2          1  2
31-61-58-012353-001-0321222271221222224 9         0       0       0   2          1  2
18-73-48-012353-001-0421212211121211124 5         0       0       0   2          5  2
46-05-43-172353-001-0522212172211222224 7         0       0  300000   2          1  2
00-22-08-832354-001-0122212272211122225 6         0       0       0   118    1990   2
19-93-05-372354-001-0421222272211222223 6         0       0       0   2          1  2
48-82-44-022355-001-0122212271221222124 5         0       0       0   2          1  2
66-57-22-712356-001-0121222272221222224 5         0       0       0   2          1  2
57-18-13-692360-001-0122212172221222224 6         0       0       0   118    2008   2
05-56-85-772368-001-0121212221222122224 6         0       0       0   2          1  2
16-06-99-892369-001-01222222            6         0  240000       0   2          1  2
54-52-86-502371-001-01222222            1 9       0       0       0   2          1  2
41-12-34-602371-001-0321222272211222224 6         0       0       0   118    2016   2
19-42-65-672372-001-01222222            5 6       0       0       0   2          1  2
42-73-45-382372-001-0321222272211122224 6         0       0       0   2          1  2
03-24-77-012373-001-0222212271111222223 6         0       0       0   2          1  2
81-79-41-972373-001-03222222            6         0       0       0   118    2020   2
28-79-16-082374-001-0121222271111122221 6         0       0       0   2          1  2
60-08-42-862375-001-0121222271211222221 6         0       0       0   2          1  2
33-43-17-322376-001-01222222            7         0  240000       0   2          1  2
12-35-23-782387-001-01222222            6         0       0       0   2          1  2
17-13-64-832389-001-0121222271211222221 6         0       0       0   118    2011   2
77-70-58-352389-001-0222212271211212221 6         0       0       0   2          1  2
95-75-70-262390-001-01222222            5 6       0       0       0   2          1  2
67-42-09-682391-001-01222222            9         0       0       0   2          1  2
96-99-75-722392-001-0121222271111122221 9         0       0       0   2          1  2
35-55-28-822392-001-0222212271111222221 6         0       0       0   2          1  2
68-94-82-232393-001-01222222            9         0       0       0   2          1  2
93-80-46-372393-001-03222222           10         0       0       0   2          1  2
95-47-09-332394-001-01222222            9         0       0       0   2          1  2
15-53-02-912398-001-01222222            6         0       0       0   2          1  2
54-69-27-762398-001-06222222            9         0       0       0   2          1  2
37-02-86-232406-001-01222222            6 9       0       0       0   2          1  2
49-96-52-652407-001-01222222            6 9       0       0       0   118    2015   2
10-76-53-732408-001-0221222271111222221 8         0  240000       0   2          1  2
56-58-31-662409-001-0121212272211222223 6         0       0       0   1 5    2015   1
29-27-54-862410-001-01222222            5 6       0       0       0   118    2018   2
40-86-14-692411-001-0111212211211211124 6         0       0       0   125    1999   2
55-50-13-132411-001-0222212271211222124 6         0       0       0   2          1  2
51-59-49-062411-001-0321222271211111221 6         0       0       0   2          1  2
11-33-21-962412-001-01222222            9         0       0       0   2          1  2
39-94-38-122413-001-01222222            8         0       0       0   2          1  2
62-22-40-082413-001-02222222            6         0       0       0   2          1  2
34-56-25-772413-001-032122221221121222610         0       0       0   2          1  2
22-06-92-442425-001-01222222            8         0  280000       0   2          1  1
11-04-89-972425-001-0321222221211212226 6         0       0       0   118    2010   2
19-16-49-472426-001-0121222271211222224 6         0       0       0   118    2014   2
65-69-85-942427-001-01222222            5         0       0       0   2          1  2
04-08-20-272428-001-01222222            1         0       0       0   2          1  2
24-59-87-472430-001-0122212272211222224 1         0       0       0   2          1  2
17-25-01-082431-001-01222222            1 5       0       0       0   2          1  2
81-05-05-172432-001-01222222            4         0       0       0   2          15 2
82-12-05-752435-001-0121222271211222221 1         0       0       0   2          1  2
02-45-99-152444-001-01222222            5 6       0       0       0   2          1  2
68-54-43-382445-001-0112222271221122221 6         0       0       0   2          1  1
36-65-28-912445-001-0212122251221222221 6         0       0       0   2          1  2
43-06-56-912446-001-0122122272212222223 6         0       0       0   116    2009   2
79-50-78-322446-001-0312222221221222224 5         0       0       0   116    2017   2
59-21-82-292447-001-0112122171211222224 5 6       0       0       0   2          1  2
40-17-70-092448-001-01222222           10    480000       0       0   2          1  1
50-54-75-172448-001-0212222272212222223 5 6       0       0       0   2          1  2
05-10-21-252449-001-01222222            5 6       0       0       0   2          1  2
06-02-80-212449-001-0222122271221222224 5         0       0       0   2          1  1
08-04-12-232450-001-0112222272221222224 6         0       0       0   2          1  1
32-08-98-112451-001-0112222272221222224 1 5       0       0       0   2          1  2
02-48-82-832463-001-0212112141111111214 1 5       0       0       0   1 8    2018   2
47-13-32-572464-001-0312122122221222224 1 6       0       0       0   2          1  2
61-68-08-532464-001-0422122271221222224 9         0       0       0   2          1  2
26-26-56-682464-001-0812112171211211226 6         0       0       0   2          1  2
80-00-48-662465-001-01222222            9         0       0       0   2          3  2
84-08-06-472466-001-01222222            5 6       0       0       0   2          1  2
20-30-86-792467-001-0212122271221222224 5 8       0  120000       0   2          1  2
79-12-46-622467-001-0312122271111122211 6         0       0       0   116    2019   2
50-73-58-262468-001-0122122272221222224 1 5  100000       0       0   2          1  2
36-03-07-442468-001-0312222222221222224 5 6       0       0       0   117    2021   2
89-90-41-692469-001-0112222252211222223 6         0       0       0   116    2010   2
67-03-39-722471-001-0112122212212221227 6         0       0       0   2          1  2
68-67-25-542482-001-01222222            1 6       0       0       0   2          1  2
84-22-10-902483-001-0112222172212212226 1 6  120000       0       0   2          1  2
84-15-81-242484-001-01222222            1 6       0       0       0   2          1  2
81-42-62-102485-001-0122222122212211227 6         0       0       0   2          1  2
98-07-44-472486-001-01222222            1 6  210000       0       0   2          1  2
47-67-96-082486-001-0212122 7   2     4 1 6       0       0       0   2          1  2
47-84-06-542487-001-0112222172212222223 1 6       0       0       0   2          1  2
47-82-17-412488-001-011222224222122222410         0       0       0   2          1  2
72-61-43-802488-001-0412222242211122223 6         0       0       0   116    2020   2
16-18-83-882489-001-0122222172211222224 1 8       0       0       0   2          1  1
60-01-61-292520-001-0112122272222222224 6         0       0       0   2          1  2
00-90-94-292520-001-03222222            9         0       0  100000   2          1  2
88-73-79-172521-001-0112222251211222221 1         0       0       0   2          1  2
66-00-48-102521-001-02222222            5 6       0       0       0   2          1  2
05-19-50-612522-001-0112222272212222223 1         0       0       0   2          1  2
27-48-96-982523-001-0222122272221222224 1         0       0   30000   2          1  2
76-40-47-962523-001-03222222            5         0       0       0   2          1  2
22-75-70-322524-001-0112222272211222224 1         0       0       0   2          1  2
83-14-14-222525-001-01222222            6         0       0       0   2          1  2
07-14-14-702526-001-0112222272221222224 6         0       0       0   2          1  2
89-74-27-612527-001-0112222272221222124 1 5       0       0       0   2          1  1
21-30-41-122527-001-0512122221211222221 1 5       0       0       0   2          1  2
59-63-78-892527-001-0722122272221222224 1         0       0       0   2          1  2
27-41-74-922539-001-0112112171111121215 6         0       0       0   116    2017   2
16-70-89-242540-001-0112222252222221227 1         0       0       0   2          1  2
46-20-08-822542-001-0112122221111222211 5 6       0       0       0   111    2019   2
08-10-16-122544-001-0112222221111122225 1         0       0       0   2          1  1
91-81-72-272545-001-0112222272211222224 5 8       0       0       0   2          1  1
96-82-53-902546-001-0112222272211222223 6         0       0       0   2          1  2
80-87-24-092558-001-0112122272211122225 5         0       0       0   2          1  2
78-10-96-072559-001-0112222242211222224 1 6       0       0       0   2          1  2
38-66-19-412560-001-0111212121111222223 5 9       0       0       0   116    2017   2
51-23-09-382561-001-01222222            5         0       0       0   2          1  2
27-43-87-822562-001-0122222172212222223 9     80000       0       0   2          1  2
89-03-38-422563-001-0112222272112222223 6     60000       0       0   2          1  2
23-81-14-662564-001-0122212272221222224 6         0       0       0   2          1  2
33-20-45-662566-001-01222222            1 6       0       0       0   2          1  2
87-80-88-842577-001-0122212272211212226 1 6       0       0       0   2          1  2
31-12-34-482578-001-01222222            1 5       0       0       0   2          1  1
50-89-79-362578-001-04222222            1 5       0       0       0   2          1  2
35-12-71-002578-001-0512212271221212226 5 6       0       0       0   2          1  1
57-34-90-342579-001-0112212121111222221 1 2       0       0       0   2          1  2
03-51-31-802580-001-0122212272211222224 1 7       0       0       0   2          1  1
36-00-34-172581-001-01222222            7         0       0       0   2          1  2
19-69-36-162582-001-01222222            1     70000       0       0   2          1  2
81-90-64-932582-001-02222222            1         0       0       0   2          1  2
52-35-01-102583-001-0122212261211122221 1         0       0   39000   2          1  2
67-65-66-592584-001-0122212221222222221 1 6       0       0       0   2          1  2
46-01-46-902596-001-01222222            2         0       0       0   2          1  2
04-45-84-212596-001-02222222            1 2       0       0       0   2          1  2
38-21-54-732596-001-0312222272221222224 1 6       0       0       0   2          1  2
70-04-49-902597-001-0112222271211212224 1 5       0       0       0   2          1  2
03-81-40-042598-001-01222222            1         0       0       0   2          1  2
79-69-38-692598-001-0312222272211122224 1 6       0       0       0   2          1  2
71-80-87-222599-001-01222222            1         0       0       0   2          1  2
63-68-95-782600-001-01222222            1 6       0       0       0   2          1  2
96-72-67-952601-001-01222222            1 6       0       0       0   2          1  2
52-12-15-012601-001-03222222            1         0       0       0   2          1  2
31-62-76-732601-001-04222222            1 6       0       0       0   2          1  2
41-43-64-192603-001-01222222            5 6       0       0       0   2          1  2
10-26-89-172603-001-0212222271221222224 6         0       0       0   2          1  1
81-85-70-182615-001-01222222            1 6       0       0       0   2          1  2
66-52-13-332615-001-02222222            6         0       0       0   2          6  2
47-38-94-742616-001-0122122242211222223 1         0       0       0   2          1  2
53-64-62-372617-001-01222222            6 8       0       0       0   2          1  1
47-47-77-472618-001-0122122272211222223 1         0       0       0   2          1  2
68-36-96-712619-001-0112112271111222221 5 6       0       0       0   2          1  2
86-05-32-232620-001-0112122241212122225 1         0       0  200000   116    2015   2
33-87-64-652621-001-0112122272211222223 5 6       0       0       0   2          1  2
33-68-64-862622-001-0112122272221222224 1 2       0       0       0   2          1  2
57-11-56-322622-001-0412122241111222221 6         0       0       0   116    2021   2
61-66-70-262634-001-0122212271221222221 4 6       0       0       0   2          1  1
51-21-65-292635-001-0122212272221212224 4 6       0       0       0   2          1  1
50-61-33-622636-001-0122212211112222222 1 5       0       0       0   2          1  2
87-28-67-892637-001-0122212272221222224 1 4       0       0       0   2          1  2
30-74-77-532637-001-0522212121212222223 6         0       0       0   116    2015   2
33-23-50-352638-001-0122212252221222224 5         0       0       0   2          1  2
65-03-17-072639-001-0122212242221222224 4         0       0       0   2          6  2
01-89-35-762640-001-01222222            1 6       0       0       0   2          1  2
57-20-33-402641-001-0122212242221222224 7         0       0       0   2          1  1
18-61-60-452654-001-0112212221211222221 5 8       0       0       0   125    2019   2
24-22-77-122655-001-0112222271111222221 1         0       0       0   2          1  2
99-69-94-532656-001-01222222            1 5       0       0       0   2          1  1
52-66-15-242656-001-0222212272212222223 5 6       0       0       0   2          1  2
26-04-82-202657-001-0112122141111111124 5         0       0       0   1 816  2020   2
37-28-81-672658-001-0112112222211222223 5 6       0       0       0   125    2019   2
84-99-75-072659-001-0122212271121222224 6         0       0       0   2          1  2
09-77-46-662659-001-02222222            8         0       0       0   2          1  1
11-06-14-782659-001-0612112171111111221 6         0       0       0   2          1  2
11-34-93-372660-001-0122212272211222223 5         0       0       0   2          1  2
34-84-49-372660-001-0222122171211222221 6         0       0       0   2          1  2
47-19-86-882672-001-0212222252221222224 1         0       0       0   2          1  2
50-32-82-322673-001-0122212272221222224 1 8       0       0       0   2          1  1
13-28-91-732674-001-01222222            8         0       0       0   2          1  1
20-33-96-802675-001-0112222272221222224 8         0       0       0   2          1  1
84-24-88-242676-001-0112222272221222224 1 6       0       0       0   2          1  2
08-23-56-622677-001-01222222            4         0       0       0   2          1  1
16-50-27-262678-001-0112222272221222224 1         0       0       0   2          1  1
07-37-34-262679-001-0112222222221222224 6 8       0       0       0   2          1  2
35-57-95-512691-001-0212212272221222224 5         0       0       0   2          1  1
65-08-61-172691-001-0312222272221222224 6         0       0       0   2          1  2
14-03-67-892691-001-05222222            5         0       0       0   116    2019   2
47-00-46-322692-001-0112222241221222221 1 6       0       0       0   2          1  1
98-82-42-792692-001-0322212242211222224 5         0       0       0   2          3  2
39-54-66-842693-001-0122212272212222223 1    330000       0       0   11625  2020   2
91-80-39-562694-001-01222222            8         0       0       0   2          1  1
86-49-59-312695-001-0112212242211222223 1 2       0       0       0   2          1  2
50-01-22-992696-001-0112222271211222221 1         0  120000       0   11516  1997   2
01-08-22-822696-001-0522212221211222221 5 6       0       0       0   11016  2016   2
61-87-14-182697-001-0112222222212222223 8         0       0       0   2          1  1
45-04-85-292710-001-0212212132221222224 5         0       0       0   2          1  2
23-46-30-522711-001-0112112222212222223 1 5       0       0       0   116    1995   2
85-32-02-912713-001-0112212221211222227 1         0       0  230000   2          1  2
89-50-33-812714-001-0122212242221222224 7         0  376400       0   116    2003   2
33-55-50-672714-001-0412222142211222224 4         0       0  240000   2          1  2
84-67-51-772715-001-01222222            1 6       0       0       0   2          1  2
57-47-30-232716-001-0112222262221222224 1         0       0       0   2          1  2
98-76-92-342717-001-01222222            8         0       0       0   2          1  1
58-81-27-492729-001-0112222271221222224 5         0       0       0   2          3  2
25-52-27-622729-001-0522122272212222223 7         0       0       0   2          1  2
81-05-28-512730-001-0112222252211222227 5         0       0       0   1 8    2003   2
65-93-85-502732-001-01222222            8         0       0       0   2          1  1
83-80-66-592733-001-0112122242211122224 5         0       0       0   116    2015   2
87-27-83-152733-001-0422122272211222224 6         0       0       0   1 1    2011   1
82-42-21-072734-001-01222222            5         0       0       0   2          1  2
31-77-47-702735-001-01222222            1 5       0       0       0   2          1  2
32-23-36-462736-001-0112222272221222224 6         0       0       0   2          1  1
99-22-06-742748-001-0121212232221222224 8         0  120000       0   2          1  2
22-68-13-622749-001-0322212232211122224 5         0       0       0   2          1  2
56-82-25-562750-001-0222212271221222224 7         0       0       0   2          1  1
43-96-69-252750-001-0312222271211222221 7         0       0       0   2          1  2
36-28-66-742750-001-0422212271222222221 7         0       0       0   2          1  2
64-25-22-132751-001-01222222            8         0       0       0   2          1  2
27-89-89-482751-001-0222212272211122225 2 3       0       0       0   2          1  2
31-08-62-952751-001-03222222            5 6       0       0       0   118    2014   2
14-04-69-072751-001-0422112171211222223 1    200000       0       0   11618  2016   2
29-03-15-962752-001-0221222272221222224 6         0       0       0   2          1  2
90-26-85-712752-001-0322212272221222124 5         0       0       0   2          1  1
07-70-94-702753-001-01222222            6         0       0       0   2          1  2
61-34-33-612753-001-04222222            6         0       0       0   2          1  2
91-52-73-312753-001-0522212111221122224 6         0       0       0   116    2019   2
66-44-70-132754-001-02222222            1 8       0       0       0   2          1  1
08-43-88-382754-001-0322221272221222224 7         0       0       0   2          1  2
19-29-52-872755-001-0121222272212122225 6         0 1800000       0   118    2006   2
88-70-16-472767-001-0121222272221222224 4 5       0       0       0   2          1  2
16-56-36-972769-001-01222222            5         0       0       0   116    2018   1
02-76-71-132770-001-0121222271211222221 5         0       0       0   2          1  2
87-19-17-052770-001-0321222271211222221 6         0       0       0   118    2012   2
85-33-29-822771-001-01222222            6         0       0       0   2          1  2
84-47-37-132772-001-0122212271221222221 5         0  240000       0   2          1  2
06-61-50-272773-001-0121212272221221224 5 6       0       0       0   2          1  2
18-00-64-552774-001-0121212272211221227 6         0  140000       0   116    2000   2
88-64-17-462786-001-01222222            9         0       0       0   2          15 2
64-39-68-452787-001-01222222            9         0       0       0   2          1  2
37-86-68-692788-001-01222222            9         0       0       0   2          1  2
67-86-73-422789-001-0121222271211222221 5         0       0       0   2          1  2
54-74-73-732790-001-01222222            1         0       0   80000   2          1  2
80-39-16-432790-001-04222222            9         0       0       0   2          1  2
85-92-14-252791-001-01222222            1         0       0       0   2          1  2
87-77-75-052791-001-03222222            9         0       0       0   2          1  2
90-59-38-222792-001-0121222271221222221 9         0       0       0   2          1  2
44-64-21-262793-001-01222222            9         0       0       0   2          1  2
37-60-26-942805-001-0121222271111222221 1         0       0       0   2          1  2
76-51-50-032805-001-0222212272221222224 6         0       0       0   2          1  2
34-43-26-392806-001-01222222            6         0       0       0   118    2013   2
95-20-72-752807-001-01222222            6         0       0       0   2          1  2
57-77-58-512808-001-01222222            6         0       0       0   118    2002   2
77-46-65-692808-001-0422212272211222223 6         0       0       0   2          1  2
24-36-34-302809-001-0122212272221222224 5         0       0       0   2          1  2
37-58-50-612810-001-01222222            6         0       0       0   125    2012   2
42-67-05-592811-001-0121222271211222221 1         0       0       0   118    2014   2
59-21-01-602811-001-0321222272221222224 1 5       0       0       0   2          1  2
87-98-39-372811-001-0521222272211222224 6         0       0       0   2          1  2
76-91-42-392812-001-01222222            1         0       0       0   2          15 2
80-80-65-622824-001-01222222           10         0   20000       0   2          1  1
19-85-67-172824-001-0321212222211212223 9         0       0       0   2          1  2
67-58-37-562825-001-02222222            6 9       0       0       0   2          1  2
21-09-62-822826-001-0121222272211222224 9         0  240000       0   2          1  1
41-80-74-822827-001-0122212271211222224 6         0       0   500001  2          1  2
23-80-00-292828-001-0122222171212222223 6 9       0       0       0   118    2010   2
57-13-03-722829-001-01222222            6         0  120000       0   118    2010   2
80-05-91-632829-001-0321212211111222221 6         0       0       0   2          1  2
13-39-33-842833-001-0121212232211222224 5 9  480000       0       0   118    2017   2
54-69-14-262834-001-01222222            3         0       0       0   2          1  2
55-34-29-762834-001-02222222            6         0       0       0   111    2015   2
75-91-49-952843-001-0122222141221222224 1 8       0       0       0   2          1  1
97-90-78-932845-001-0122222172221222224 4         0       0       0   2          1  2
18-57-38-572846-001-0222222171211222221 4 5       0       0       0   1 8    2019   2
42-58-28-212847-001-01222222            8         0       0       0   2          1  1
45-58-23-032848-001-0122122272111222223 4 5       0       0       0   116    2017   2
94-34-32-832848-001-0522222121111112226 4    180000       0       0   116    2019   1
32-62-78-172849-001-01222222            1 5       0       0       0   2          1  2
28-25-83-472850-001-0122122172211222224 4         0       0       0   116    2018   2
88-07-76-372850-001-0322222172221222223 4 8       0       0       0   2          1  1
72-52-09-672862-001-0122112222211212223 9         0       0       0   2          6  2
07-91-87-182863-001-0122122252221222224 5 8       0       0       0   2          1  1
19-23-04-672864-001-0222122242221222224 6         0       0       0   2          1351
43-41-04-262865-001-0222122232222122225 5         0       0       0   2          1  2
48-32-03-052866-001-0222112221211222221 5 8       0       0       0   2          1  1
49-04-68-352867-001-0122212272221221224 4 8       0       0   80000   2          1  1
44-22-57-982867-001-0222212241221122225 6         0       0       0   2          1  2
78-84-91-492868-001-0122122222211222224 6         0       0       0   2          1  2
19-24-76-442868-001-0222122221211112224 5         0       0       0   125    2018   2
52-10-29-332872-001-0122122241211222223 5    100000       0  200000   116    2020   2
70-30-87-902881-001-0122122232221222224 4         0       0       0   2          1  2
75-66-24-492882-001-0122112212111222224 5         0       0       0   2          1  2
89-46-50-462884-001-012212227221122222410         0       0   78000   2          1  2
32-58-54-822885-001-01222222            4         0       0       0   2          1  1
22-11-88-242886-001-0122112242221222224 510       0 6000000  120000   116    1985   2
07-54-31-912887-001-01222222            1 5       0       0       0   2          1  2
90-46-70-812888-001-0122122241211212226 6         0       0       0   2          31 2
97-82-85-812888-001-02222222            6         0       0       0   2          1362
63-23-37-672888-001-04222222            6         0       0       0   2          1231
05-21-43-642892-001-0122122272222221227 4 5       0       0       0   2          1  2
97-86-09-582892-001-0222112272222221227 6         0       0       0   2          1  2
30-79-15-052892-001-0312212272221222224 1 6       0       0       0   2          1  2
26-02-57-302900-001-01222222            1 4       0       0       0   116    2019   2
11-84-43-782901-001-01222222            4         0       0       0   1 8    2020   2
84-67-69-892902-001-01222222            4 6       0       0       0   11619  2018   2
42-64-34-582903-001-01222222            1 4       0       0       0   11619  2016   2
66-74-34-222904-001-01222222            1 6       0       0       0   2          1  2
45-99-60-942905-001-0122221242221222224 8         0       0       0   2          1  1
78-96-68-722906-001-0122221272221222224 1         0       0       0   2          1  2
17-19-40-212907-001-0122221272221222224 4         0       0       0   1 8    2019   2
79-65-91-282907-001-03222222            4 6       0       0       0   1 8    2019   1
42-59-87-532919-001-01222222            4         0       0       0   116    1999   2
51-20-76-342920-001-01222222            4 8       0       0       0   2          1  1
82-14-02-372921-001-0122112141211222224 4         0       0       0   116    2014   2
03-83-60-832921-001-02222222            5 8       0       0       0   116    2019   1
01-75-64-932921-001-0722122141111122224 5         0       0       0   2          1  2
19-67-82-362921-001-0822212271211222224 5         0       0   50000   2          1  2
36-50-24-992921-001-0922122272211222224 5 6       0       0       0   2          1  2
35-45-76-622922-001-0122122241211222224 4         0       0  800000   116    2018   2
39-25-98-642923-001-0122112272221222224 4         0       0       0   1 816  2020   2
77-63-97-982924-001-0222122271222222221 2 4       0       0       0   1 816  2006   2
75-26-16-452925-001-0122112272211222223 1 6       0       0       0   2          4  2
03-82-32-102925-001-0222112272211222224 4 6       0       0       0   116    2019   1
47-73-88-652926-001-01222222            1 4       0       0       0   1 816  2021   2
49-70-62-322938-001-01222222            5         0       0       0   2          1  2
98-72-24-882938-001-08222222            1 8       0       0       0   2          1  1
98-16-58-292939-001-01222222            1         0       0       0   2          1  2
97-14-97-262940-001-01222222            1 3   60000       0       0   2          1  2
63-28-39-312941-001-01222222            1         0       0       0   2          1  1
10-79-10-162943-001-0122122232111222222 5         0       0       0   2          1  2
13-60-86-392943-001-03222222            1 5   50000       0       0   2          15 2
35-91-66-392943-001-0422122272221222224 1         0       0       0   2          1  2
52-53-44-122944-001-0112122252211222224 1 6       0       0       0   2          1  2
64-72-48-232945-001-0112222252221222224 6         0       0       0   2          1  2
91-79-41-802957-001-0122122131111212223 2 4       0       0       0   2          1  2
50-10-51-602958-001-01222222            1 6       0       0       0   2          1  2
90-65-51-492959-001-01222222            5         0       0       0   2          1  2
70-30-55-472959-001-0422222172211222224 6         0       0       0   2          1  1
34-70-67-062960-001-01222222            5 8       0       0       0   2          1  2
71-25-33-162961-001-01222222            6         0       0       0   2          1  2
58-61-27-232961-001-03222222            6         0       0       0   2          1  2
81-26-65-302961-001-04222222            6         0       0       0   2          1  2
67-75-87-742962-001-01222222            4         0       0       0   2          1  2
08-98-55-432963-001-01222222            1 6       0       0       0   2          1  2
89-30-02-672964-001-01222222            1 4       0       0       0   2          1  2
32-62-90-592976-001-0112122252211222224 5         0       0       0   2          1  2
16-13-54-822977-001-011212227122122222110         0       0   50000   116    1979   2
04-21-89-632978-001-01222222            6         0       0       0   2          1  2
69-63-47-362981-001-0112122221111222221 6         0       0       0   1 816  2014   2
61-82-34-682981-001-0412112272211222224 5         0       0       0   2          1  2
18-96-82-132982-001-0112212121111212211 5         0       0       0   110    2017   2
15-25-36-672983-001-0112112241211122221 6    180000       0       0   116    2003   1
40-47-65-992995-001-02222222            8         0       0       0   2          1  1
50-14-90-692995-001-03222222            2         0       0       0   2          1  1
88-33-69-392996-001-02222222            2 5       0       0       0   2          1  1
11-02-33-602997-001-01222222            1 8       0       0       0   2          1  1
27-70-95-262999-001-0112222142211222224 1 6  150000       0       0   2          1  1
47-30-53-573000-001-0122122172122222221 2         0       0       0   2          1  2
59-36-48-493001-001-01222222            3         0       0       0   2          1  2
55-44-12-073002-001-01222222            2         0       0       0   2          1  2
49-72-09-773015-001-0112222231212222223 1    200000       0       0   2          1  2
72-00-94-623016-001-01222222            6         0       0       0   2          1  2
92-34-42-703017-001-01222222            5 6       0       0       0   2          1  2
16-21-53-453018-001-02222222            6         0       0       0   2          1  2
36-05-18-273019-001-0112222241211222213 6         0       0       0   2          1  2
90-87-97-823020-001-0112222242212222223 1 6       0       0       0   2          1  2
99-98-16-423020-001-0412222272221222224 6 8       0       0       0   2          1  1
24-49-65-143021-001-01222222            5         0       0       0   2          1  2
76-23-29-953022-001-01222222           10         0       0       0   2          1  2
15-64-68-803033-001-01222222            7         0       0       0   2          1  2
02-25-96-123034-001-0122122222221222224 1 8       0       0       0   2          1  1
50-53-97-993035-001-0122122252221222224 1 3       0       0       0   2          1  2
35-05-63-483037-001-01222222            1         0       0       0   2          5  2
39-50-51-323038-001-0112122272211212223 1 2       0       0       0   2          1352
07-48-89-433039-001-0112222272221222224 6         0       0       0   2          1  2
39-36-43-123040-001-01222222            1         0       0       0   2          1  2
72-68-04-923042-001-01222222           10         0       0       0   2          1  2
89-40-51-883052-001-0112112271211111124 5         0       0       0   2          1  2
95-86-44-773055-001-0112222272211222223 6         0       0       0   2          1  2
10-97-13-243055-001-0212122272221222224 5 6       0       0       0   2          1  1
55-92-25-943056-001-0112122272211222224 5         0       0       0   2          1  1
83-05-26-493056-001-0312212221111222223 6         0       0       0   1 8    2011   2
68-23-21-383056-001-0412212121111222221 6         0       0       0   116    2015   2
78-10-18-943056-001-0512212221111122225 5 6       0       0       0   116    2014   2
45-31-45-863056-001-1012222141211112221 6         0       0       0   116    2020   1
81-18-90-713057-001-01222222            6         0       0       0   2          1  2
04-23-29-783058-001-0112212221111222221 1         0       0       0   116    2020   1
47-16-59-293059-001-0112222272221222224 5         0       0       0   2          1  2
38-77-98-463071-001-0112222172221222224 1 2       0       0       0   116    2020   2
65-09-41-663073-001-0112222172211222223 5         0       0       0   2          1  1
96-10-29-263074-001-0112222242221222224 1 2       0       0       0   2          1  1
52-87-01-713074-001-03222222            1         0       0       0   2          1  2
83-83-97-843074-001-041222225222222122710         0       0       0   2          26 2
89-42-62-023075-001-0212222242221222224 3         0       0       0   2          1  1
18-27-56-503076-001-01222222            1 2       0       0       0   2          1  2
26-56-21-873076-001-0412222272221222224 8         0       0       0   2          1  1
22-18-86-073077-001-0112222272211222224 2         0       0       0   116    2020   2
22-58-01-553078-001-01222222            1 2       0       0       0   2          1  2
04-35-28-363078-001-02222222            1 2       0       0       0   2          1  2
79-17-75-553090-001-0112122271211122224 1    240000       0       0   2          1  1
12-15-07-663091-001-01222222            6 7       0       0       0   2          1  2
81-32-17-943092-001-01222222            1 6       0       0       0   2          1  2
01-31-69-053093-001-0122212272221222224 1 2       0       0       0   2          1  2
08-93-73-163094-001-0112222271211222221 1 6       0       0       0   2          1  2
66-31-98-443095-001-01222222            6         0       0       0   2          1  2
12-95-59-213097-001-0112222272221222224 1         0       0       0   2          1  1
93-36-30-053109-001-01222222            1         0       0       0   2          1  2
82-67-31-093110-001-01222222            1         0       0       0   2          1  2
13-23-04-153112-001-01222222            1 6       0       0       0   2          1  2
15-55-05-963113-001-0112222272221222224 5         0       0       0   2          1  2
65-60-93-933114-001-01222222            1         0       0       0   2          1  2
18-57-18-843115-001-011222226222221222710         0       0       0   2          1  2
40-18-89-323116-001-01222222            7         0       0       0   2          1  2
69-54-28-673117-001-01222222            1 6       0       0       0   2          1  1
06-70-18-543128-001-0122221271211222221 1 2       0       0       0   2          1  1
32-38-59-303128-001-0212222271221222221 6         0       0       0   2          1  1
90-08-06-643129-001-01222222            1         0       0   50000   2          1  2
27-42-34-263130-001-01222222            1         0       0       0   2          1  2
76-85-92-963130-001-0312222242212212226 6         0       0       0   2          1  2
45-58-24-423131-001-0122211271111111221 1         0       0       0   2          1  1
50-77-26-343131-001-0222211212221222224 1 8       0       0       0   2          1  2
65-17-44-643131-001-0622221242212222224 5         0       0       0   2          1  2
02-24-34-263132-001-0122212272221222224 1         0       0       0   2          1  1
00-83-50-403133-001-01    2             1         0       0       0   2          7  2
39-92-70-013134-001-0122212221211222221 1 2       0       0       0   2          51 2
82-38-31-493135-001-0122212272212222223 6         0       0       0   2          1  2
96-64-64-183147-001-0112212272221222224 5         0       0       0   2          1  2
97-39-88-773147-001-0312222222212222223 5         0       0       0   2          1  2
17-86-57-813148-001-0112212271211222221 4 6       0       0       0   2          1  1
78-79-19-153148-001-0212222171211222224 5 6       0       0       0   116    2015   2
57-20-31-663149-001-0112222271211222123 5         0       0       0   2          1  2
62-65-17-393150-001-0112222271111122123 3 5       0       0       0   112    2014   2
84-04-83-383150-001-0912222172211112224 5 6       0       0       0   2          1  1
36-95-77-683151-001-0212222272221222224 5 7       0       0  150000   2          1  1
59-48-24-653152-001-0112212221222112225 1 6  960000       0       0   2          1  1
26-43-46-663154-001-0111212222211222223 6         0       0       0   116    2017   2
81-00-58-343166-001-0122122272211222223 1 4       0       0       0   2          1  2
29-45-42-373167-001-01222222            4 8       0       0       0   2          1  2
42-00-78-103168-001-01222222            1         0       0       0   2          1  2
44-11-82-583168-001-0312122222211222211 4         0       0       0   2          1  2
02-79-56-673169-001-0112222271222222221 1 5       0       0       0   2          61 2
51-73-58-843170-001-0112212221121222221 1         0       0       0   2          1  2
60-37-36-573171-001-0112212272211222223 5 6       0       0       0   2          1  2
84-02-93-513172-001-01222222            1         0       0       0   2          1  2
23-81-85-473173-001-01222222            5         0       0       0   2          1  2
02-50-88-113185-001-0112222272211222223 1 4       0 2100000       0   116    1999   1
76-50-08-943186-001-0112222252212222224 1 6       0       0       0   2          1  1
78-32-84-413187-001-0112222172211222223 1         0       0       0   2          1  2
76-44-53-443188-001-0112222272221212224 4         0       0  200000   2          1  2
51-12-48-043189-001-01222222            1         0       0       0   2          1  2
88-75-03-883189-001-02222222            6         0       0       0   116    2018   2
51-34-40-933190-001-0112212142211222123 1 2       0       0       0   2          1  2
48-43-31-893191-001-0112122221111222223 5 6  180000       0       0   2          1  2
71-65-11-523192-001-0112222262212222223 1 4       0       0       0   2          1  2
69-32-86-523204-001-0112212221211222223 4 5  200000       0       0   1 816  2018   2
52-46-20-493204-001-0712222221112222223 6         0       0       0   116    2002   2
96-05-32-133205-001-0112212271221222221 4         0       0       0   2          1  2
96-49-61-153205-001-0412112111111111121 6         0       0       0   2          7  2
94-43-36-883205-001-0612212251221222221 5         0       0       0   1 8    2018   2
22-66-04-873205-001-10222222            1 6       0       0       0   2          1  1
02-22-03-233206-001-0112222272221222224 2 4       0       0       0   2          1  2
04-27-33-343206-001-03222222            4         0       0       0   2          1  2
31-39-00-823206-001-0412212271222222221 5         0       0       0   2          1  2
48-07-76-493206-001-0622212221212222221 4    300000       0       0   116    2008   2
26-70-89-553207-001-01222222            810  130000       0       0   2          1  1
09-76-80-663208-001-0112212271211222221 4 5       0       0       0   2          1  2
75-95-65-453209-001-0112222272211222224 4 5       0       0       0   116    2019   1
14-67-94-833210-001-0112222271211212221 5 6       0       0       0   2          1  2
60-15-76-713210-001-0212222211221222221 5         0       0       0   2          1  1
22-95-67-143211-001-0112222271211222124 1 6       0       0       0   2          1  2
00-02-43-543211-001-0212222272221222124 5         0       0       0   2          1  2
44-17-25-083223-001-0112212221111222223 1 8       0       0       0   1 8    2015   1
53-39-95-473223-001-0312212271211221221 6         0       0       0   1 8    2018   2
06-86-69-013224-001-0112222241111222223 1         0       0       0   2          1  2
13-80-08-373225-001-01222222            8         0       0   60000   2          1  2
20-59-72-433226-001-0212222211 11     1 1 7       0       0       0   2          1  2
98-13-48-063226-001-0412222221221222223 1         0       0       0   2          1  2
47-22-49-383226-001-0512222241221212224 6         0       0       0   2          1  2
20-80-75-393227-001-0112222221 11     1 4    200000       0  400000   1 8    2019   2
57-04-59-093228-001-0112222271211222221 6 8       0       0       0   2          1  2
07-11-53-333229-001-0112222272211222223 1 6       0       0       0   2          1  2
41-59-20-523230-001-0112222242222122223 1         0       0       0   2          1  2
28-52-66-873242-001-0212122272221222224 5 7       0       0 2500000   2          1  1
58-10-71-553242-001-0412222271111222224 5 6       0       0       0   2          1  2
05-64-48-413243-001-0112222272211222223 4 5  600000       0       0   116    2017   1
24-27-63-883245-001-0112122242211122214 5 6       0       0       0   1 816  2019   2
46-74-75-273245-001-0222212272211222224 5 6       0       0       0   121    2020   2
17-89-33-993246-001-0212112221211222223 6         0       0       0   116    2003   1
24-80-96-773247-001-0122212271222222221 1         0       0       0   117    2010   2
70-27-78-933248-001-011212227122122122410    840000       0 1200000   2          1  2
55-03-85-133249-001-0212112221111212224 4         0       0       0   116    2009   1
29-02-83-483261-001-0112222271121111113 1 5   60000       0       0   2          3  2
07-56-54-183262-001-0122222172221222224 1 3       0       0       0   2          1  2
51-14-72-583262-001-0322222172222212227 1         0       0       0   2          1  2
71-53-32-343263-001-01222222            110       0       0       0   2          1  1
83-61-10-833263-001-0412222172221222224 6         0       0       0   2          1  2
15-53-65-253264-001-01222222            5 6       0       0       0   2          1  2
88-67-31-993264-001-03222222            1         0       0   10000   2          1  2
11-13-37-023265-001-01222222            1 5       0       0       0   2          1  1
90-95-86-113266-001-02222222            6         0       0       0   2          1  1
77-48-80-613267-001-0122222172221222224 1         0       0       0   2          1  2
97-89-67-153268-001-0112222172211222224 1 5       0       0       0   2          1  2
29-54-17-403280-001-0121212272221122224 6         0 2400000       0   11819  2015   2
55-24-48-283280-001-0321222272221222224 6   1080000       0       0   118    2014   2
02-10-18-693282-001-0121222222211222223 8         0       0       0   118    2016   2
54-41-09-053283-001-01222222            6 8       0       0       0   2          1  1
67-45-28-553284-001-0121222272221122224 7         0  240000       0   2          1  2
17-42-25-533285-001-0121222262212222223 5         0       0       0   2          1  2
57-13-68-833286-001-0121222271111122221 6         0       0       0   118    2002   2
67-48-88-473287-001-0121122271211122225 6         0       0       0   2          1  2
29-33-69-973287-001-0321222271211111225 6         0       0       0   2          1  2
79-60-13-243291-001-01222222            7         0  240000       0   2          1  2
47-43-75-403299-001-0121222271111122221 9         0       0       0   2          1  2
13-69-88-523300-001-0121222221211122225 6         0       0       0   118    2015   2
25-10-49-723300-001-0311222241211221227 6         0       0       0   118    2020   2
31-41-92-043300-001-0821222272211222224 6         0       0       0   118    2018   2
98-01-82-113302-001-0121222271211122124 6         0       0       0   2          1  2
60-62-46-173305-001-01222222            6         0       0       0   118    2005   2
86-36-32-763305-001-04222222            6         0       0       0   2          1  2
39-31-01-683305-001-0521222271111112221 5 6       0       0       0   118    2019   2
39-67-64-983306-001-0121222272211222224 6 7       0 4200000       0   119    2016   2
03-52-49-683308-001-0121212242221222224 6 7       0       0       0   118    2000   2
67-40-67-383308-001-0421222211211212221 6         0       0       0   117    2021   2
47-26-13-133308-001-06222222            6         0       0       0   116    2016   2
49-84-87-183319-001-012121221221122222410  10050000       0       0   1 616181990   2
80-38-17-763320-001-01222222            6         0 1548000       0   1 818  1990   2
82-69-45-833321-001-0121121241111111125 6         0       0       0   118    2005   2
97-10-54-023321-001-0622212271211222221 6         0       0       0   2          1  2
63-99-75-443322-001-0121212272211222224 6         0       0       0   2          1  2
61-94-01-173323-001-0121122271111112221 6 7       0 7200000       0   11117  1999   2
77-08-44-383324-001-0122212272211222224 5         0       0       0   111    2020   2
93-85-76-773325-001-0121212221211122224 7   1800000       0       0   2          1  2
48-82-84-863326-001-01222222            7 8       0 1200000       0   110    2017   1
53-47-74-743337-001-0121212221211122224 5    600000       0  300000   118    2010   2
87-26-53-243337-001-1022212272211222224 6         0       0       0   2          1  2
08-68-08-903338-001-0121212211111222221 6 7       0       0       0   118    2002   2
35-87-79-863338-001-0221212221111122221 5         0       0       0   2          1  2
00-41-29-303338-001-0622212211111222221 6         0       0       0   118    2015   2
58-82-57-563339-001-0122212272221222224 6         0       0       0   2          1  2
61-26-75-563340-001-0121222221111222221 6         0       0       0   118    2005   2
65-52-85-373341-001-0122212272211212226 6         0       0       0   2          1  2
16-27-36-483341-001-0522212272221222224 6         0       0       0   2          1  2
64-46-62-173343-001-0121212232211122224 5 6       0       0       0   2          1  2
39-89-58-203343-001-0722212272212122225 6         0       0       0   118    2017   2
30-58-68-183344-001-0121212271211222223 5         0       0       0   2          1  2
86-53-85-033356-001-0121112272211222224 5 6       0       0       0   2          1  1
09-51-75-993358-001-0121222271111222221 6         0       0       0   116    2001   2
90-79-01-953360-001-01222222            6         0       0       0   111    2010   2
17-79-46-663362-001-0121212281111222221 6         0       0       0   118    2005   2
32-66-06-163363-001-0121222271211112225 6         0       0       0   118    2009   2
50-00-52-553364-001-0121222271111222221 6         0       0       0   2          1  2
35-50-28-413366-001-0121212272211122224 6         0       0       0   118    2000   2
06-81-63-103375-001-0122212272221222224 6         0       0       0   125    1992   2
50-14-03-463375-001-0521212221211212223 5         0       0       0   1 816182020   2
79-39-05-893377-001-0221222272221222221 6         0       0       0   2          1  2
62-47-91-693377-001-03222222            6         0       0       0   118    2000   2
93-04-12-363378-001-0122112272211222224 4 6       0       0       0   2          1  2
03-71-71-403379-001-0121222272221222224 6   2400000       0       0   2          14 2
95-02-90-033380-001-0222212272211222224 5 8 1440000       0       0   2          1  2
43-95-25-823380-001-0311212232212221227 6         0       0       0   1 316  2020   2
25-91-74-683380-001-0521212241211221224 6         0       0  210000   118    2020   2
97-08-28-903381-001-0122212272221222128 5         0       0       0   118    2015   2
19-86-31-293385-001-0112212272221222224 5 9       0       0       0   2          1  2
38-07-00-153385-001-0322212272211222223 9         0       0       0   2          1  2
79-29-36-723387-001-0121222271111222221 7         0 3600000       0   116    2012   2
84-92-14-033387-001-0321122271211222221 6         0       0       0   2          1  2
53-03-79-223387-001-04222222            6 7       0       0       0   2          1  2
60-29-82-273394-001-0121222272211221224 5 6       0       0       0   118    2005   2
52-39-32-543395-001-0121212272211222223 6         0       0       0   2          1  2
70-36-81-113396-001-01222222            6         0       0       0   2          1  2
36-20-39-903397-001-0121222271112222221 6         0       0       0   118    2015   2
10-93-52-093398-001-0121122241211222124 6         0       0       0   2          1  2
12-45-31-273399-001-0121212272211222224 6         0       0       0   118    1993   2
24-43-08-663400-001-0121212241111112224 6         0       0       0   119    2001   2
14-99-84-453400-001-0321122242222222127 5 6       0       0       0   118    2002   2
31-12-32-103401-001-0121212221211222224 6         0       0       0   2          1  2
70-31-88-363401-001-0621212271221222225 6         0       0       0   2          1  2
73-06-99-993413-001-01222222            5 6       0       0       0   2          1  2
53-24-74-493414-001-0121222271211122221 6         0       0       0   2          1  2
55-69-64-173415-001-0121222271211222224 6         0       0       0   2          1  2
20-44-11-193416-001-0121212272221222224 5         0       0       0   2          1  2
55-46-94-663417-001-0121222271211212226 5 6       0       0       0   118    2018   2
06-92-14-813419-001-02222222            6 8       0       0       0   2          1  2
10-51-19-403420-001-0121212271111122221 6         0       0       0   2          1  2
73-39-76-843432-001-0121222271212222221 7         0  240000       0   2          1  2
02-57-71-623432-001-0721212271211212124 4   2700000       0       0   118    2020   2
14-55-53-523433-001-01222222            6    600000       0       0   2          1  2
18-41-34-723433-001-0321222272211222224 6         0       0       0   2          1  2
31-70-41-833433-001-0422212271211112224 6         0       0       0   2          1  2
56-03-92-813434-001-0121212271211222224 6         0       0       0   2          1  2
19-09-09-223435-001-0111122212211222224 6  14000000       0       0   11018  2005   2
01-30-61-433436-001-0121212222211212224 5         0       0       0   110    2016   2
12-00-35-803436-001-0221222271211222221 6         0       0       0   118    1982   2
09-38-12-723436-001-03222222            6         0       0       0   2          1  2
22-32-62-133437-001-0121222272211222224 6         0       0       0   2          1  2
99-65-36-523438-001-0121212242221222224 6 8       0       0       0   118    2019   1
54-07-81-943439-001-01222222            6         0       0       0   2          1  2
59-66-37-093451-001-01222222            6         0       0       0   2          1  2
89-97-86-403452-001-01222222            5 6       0       0       0   2          1  2
19-33-65-873454-001-0122212271211211124 6         0       0       0   2          1  2
49-34-22-353455-001-0121222272221222224 5         0       0       0   2          1  2
16-82-72-363457-001-0121222272221222224 6         0       0       0   2          1  2
02-23-52-073461-001-01222222            6         0       0       0   2          1  2
78-67-37-493462-001-0121222271111122221 6         0       0       0   2          1  2
86-30-64-463470-001-0221212211111222224 5 7       0       0       0   2          1  1
66-71-90-733470-001-0322212231211222224 6         0       0       0   2          13 2
97-85-50-183471-001-0122212272211222224 5 6       0       0       0   2          1  2
30-91-34-183471-001-0421222272221222224 5 6       0       0       0   2          1  2
32-33-64-223471-001-0521222221111222221 6 7       0       0       0   2          1  2
39-05-26-853472-001-0122212272211222224 6         0       0       0   118    1994   2
97-16-21-933474-001-0121222241222221225 6         0       0       0   11618  2010   2
73-85-52-403476-001-0222212272221222224 8         0       0       0   2          1  2
04-68-39-663477-001-0122212272211222224 5 6       0       0       0   2          1  2
25-21-14-193477-001-0322212272221222224 6         0       0       0   2          1  2
59-20-56-743478-001-0122212271221222224 7         0  240000       0   2          1  2
47-93-53-063478-001-0322212271221222221 6         0       0       0   2          1  2
70-99-48-973480-001-01222222            1         0       0       0   2          1  2
94-47-73-483489-001-0122212172221222224 8         0  240000       0   2          1  1
31-48-87-393489-001-0321222272212122225 6         0       0       0   2          1  2
40-03-22-643489-001-0422212272221222224 5         0       0       0   2          1  2
70-78-01-003490-001-0121212271211222221 6         0       0       0   116    2012   2
54-87-78-293491-001-0122212272211211224 6         0       0       0   2          1  2
22-61-86-863492-001-01222222            4         0       0       0   2          1  2
21-49-62-633492-001-02222222            5         0       0       0   2          12 2
15-34-03-333493-001-0121212242211222224 5 6       0       0       0   11618  2009   2
09-16-01-563494-001-0122212272221222224 5 8       0  120000       0   2          1  2
97-77-83-363495-001-0121222211111212221 6 7       0       0       0   2          1  2
73-75-10-153495-001-0321222211111222221 6         0       0       0   2          1  2
57-73-74-663496-001-0121212271211222123 5         0       0       0   110    2018   2
91-44-84-623496-001-0222112271211211124 6         0       0       0   2          1  2
96-72-21-063508-001-0121222262221222224 5 6       0       0       0   2          1  1
72-05-89-273510-001-01222222            6         0       0       0   11618  2005   2
56-39-47-013511-001-0222122271221222221 1         0       0       0   2          3152
34-32-25-053512-001-0121212222211112224 5         0       0       0   2          1  2
15-04-32-363513-001-0121212271111122224 6         0       0       0   118    2005   2
69-45-07-553515-001-0122212272221222224 5 8       0  240000       0   2          1  2
08-01-09-663527-001-0121222271211222223 6         0       0       0   116    2012   2
22-14-22-013528-001-0122212272211222224 6         0       0       0   2          1  2
70-97-47-263530-001-0121222271211112225 6         0       0       0   116    2010   2
01-24-87-903531-001-0221212272221222224 5         0       0       0   2          1  2
04-20-49-833531-001-0321222271211222221 6         0       0       0   2          1  2
40-81-52-803532-001-0121222271211222224 5         0       0       0   2          1  2
82-29-39-773533-001-0121222222211122224 5         0       0       0   2          1  2
83-00-71-983534-001-01222222            6         0       0       0   118    2015   2
41-84-61-733538-001-0121122272221222224 5         0       0       0   2          1  1
96-22-91-013546-001-01222222            6   1200000       0       0   2          1  2
22-22-56-753547-001-0121122211111222224 4         0       0       0   118    2018   2
01-55-74-143547-001-0822112271211212226 1    300000  400000       0   2          1  1
09-84-62-493548-001-0121222272221222224 6         0       0       0   118    2004   2
89-52-85-323548-001-0321222232221221227 5 6       0       0       0   118    2014   2
19-39-89-593549-001-0121222271111222221 6         0       0       0   118    2002   2
25-94-25-923549-001-0421222271111222221 6         0       0       0   2          1  2
28-81-38-503552-001-0222212272221222224 6         0       0       0   2          1  2
88-09-47-103553-001-0121212272212222223 6         0       0       0   118    2005   2
74-75-91-793553-001-0322212282211222224 4         0       0       0   125    2003   2
34-93-30-453553-001-04222222            5         0       0       0   2          1  2
35-66-97-363565-001-0121222271111112221 6         0       0       0   2          1  2
50-81-62-943566-001-0221212272211221227 6         0       0       0   118    2019   2
46-98-94-173566-001-0321222272111222224 6         0       0       0   111    2018   2
58-65-61-503567-001-0121222272221222224 7         0 2520000       0   118    2000   2
47-40-39-243568-001-0121222271111111124 6         0       0       0   2          1  2
28-99-71-413568-001-0221222271211222225 6         0       0       0   1 5    2013   2
14-42-12-253569-001-0112212272211222223 6         0       0       0   118    2004   2
10-48-96-023570-001-0121222221221222224 6         0       0       0   118    2002   2
40-99-43-253571-001-01222222            6         0       0       0   118    2017   2
18-82-34-133572-001-01222222            5 6       0  112000       0   119    2005   2
49-10-52-893572-001-0321222272211222223 6         0       0       0   2          1  2
96-98-39-953584-001-0121222272211222224 5         0       0       0   2          1  2
61-26-57-823585-001-01222222            6         0       0       0   2          1  2
32-17-78-073586-001-0122122272211222224 4 6       0       0       0   2          1  2
20-25-86-313586-001-0222112272221222224 1         0       0       0   2          1  2
29-90-23-763587-001-0121222272211112225 9         0       0       0   2          1  2
71-17-30-513587-001-03222222            6         0       0       0   118    2017   2
57-66-69-933587-001-0522212212222211128 5         0       0       0   2          1  2
68-84-80-663588-001-0122212172221222127 6         0  240000       0   2          1  2
56-13-01-423589-001-01222222            6         0       0       0   2          1  2
51-29-40-343590-001-0121222111111222221 6 7       0       0       0   2          1  2
81-86-14-733603-001-0112122222211222223 1         0       0       0   2          1  2
33-58-54-273604-001-0122112271222222221 5         0       0       0   2          1  2
09-31-93-253605-001-01222222            1 5       0       0       0   2          1  2
38-56-07-333606-001-01222222            1 4       0       0  105000   2          1  2
11-40-56-853607-001-01222222            4         0       0       0   2          1  2
46-48-20-193608-001-01222222            1 4       0       0       0   2          1  2
35-55-95-513609-001-02222222            8         0       0       0   2          7  1
65-52-91-163610-001-0122112242211222224 4 5       0       0       0   2          1  1
06-96-90-323622-001-0122212221211222223 5 6       0       0       0   1 8    2018   2
56-19-55-133622-001-0322112231211222224 4         0       0       0   2          1  2
34-14-13-383625-001-0112222272212222223 1         0       0       0   2          1  2
21-35-87-243627-001-0122122272211222224 110       0 4320000  200000   1 8    2012   1
78-79-74-873632-001-0122112241221222224 5 6       0       0       0   1 8    2003   1
88-20-31-173641-001-01222222            1         0       0       0   2          1  2
58-58-82-683643-001-01222222            4         0       0       0   2          5  2
08-34-40-963644-001-0122122272211222224 1         0       0       0   2          1  2
48-70-78-563645-001-01222222            4 6       0       0       0   2          1  2
69-15-49-573646-001-01222222            6         0       0       0   2          7  2
28-62-38-353647-001-01222222            1         0       0       0   2          1  2
34-78-01-693648-001-01222222            6         0       0       0   2          1  2
51-59-11-363660-001-0212112231211222224 5    240000       0       0   1 8    2019   2
51-56-87-593660-001-0422112122211122223 6         0       0 2000000   1 816  2009   2
55-63-74-923660-001-1022112221211122221 6         0       0   95000   2          1  2
37-00-59-023662-001-0122112271221222224 1 5       0       0       0   2          1  1
53-57-52-183662-001-0322122271111222211 1 6       0       0       0   116    2021   2
57-29-56-033663-001-0112112272211222224 5 9       0       0       0   2          1  2
53-39-02-413664-001-0122122272221222224 8         0       0       0   2          1  2
84-24-39-263665-001-0122122272211222223 1 5       0       0       0   2          1  2
17-40-36-853665-001-0522212272221222224 1 5       0       0       0   2          1  2
73-54-93-253666-001-0122122221211221224 1 5       0       0       0   2          1  2
33-22-49-703667-001-01222222            6 8       0       0       0   2          1  1
73-60-78-233667-001-02222222            6         0       0       0   2          1  1
97-63-96-063667-001-0311122271221222224 2 5       0       0       0   2          1  2
11-43-16-033682-001-0222112242221222224 5 6  870000       0       0   116    2015   1
60-02-21-843682-001-0322212271211212223 5         0       0       0   116    2020   2
11-95-71-263682-001-0422212231212222223 6         0       0       0   116    2019   2
38-63-86-703684-001-0112212221211121227 5 6       0       0       0   117    2014   2
57-63-76-703685-001-0212212221211221223 6         0       0       0   1 816  2013   2
34-30-09-003686-001-0212112242211122224 8         0 4200000       0   116    1994   1
97-67-30-883687-001-0112112271 11     3 5         0  600000       0   117    1992   1
16-52-17-333689-001-0122112222211122223 6         0       0       0   116    1989   2
10-77-43-803698-001-0112112122211122224 6         0       0       0   2          1  2
60-75-46-463699-001-0122112241111112226 1 5       0       0       0   2          1  2
27-95-03-753699-001-0222122221211222224 5 6       0       0       0   2          1  2
72-71-84-213700-001-0122212271211222224 6         0       0       0   2          1  2
98-73-63-703700-001-0412112271211122221 5 6 2100000       0       0   2          1  2
99-07-17-063702-001-0122112272221222224 6         0 6000000       0   116    2010   1
35-26-37-733702-001-0722212221211222224 5 7 1440000       0       0   2          13 2
34-82-27-893703-001-0122112241211222224 5 6       0       0       0   110    2019   2
07-63-97-623703-001-0222112272211222224 5 8       0       0       0   2          1  1
62-66-60-133705-001-0112212242211222224 6 8       0       0       0   2          1  2
18-09-78-063705-001-0212112271111222223 6         0       0       0   110    2021   2
06-37-92-793717-001-01222222            1         0       0       0   2          15 2
29-48-35-093718-001-01222222            1         0       0       0   2          1  2
24-81-45-053719-001-01222222            1         0       0       0   2          1  2
84-70-04-133720-001-01222222            1         0       0       0   2          1  2
67-16-45-783721-001-01222222            1         0       0       0   2          1  2
46-79-04-893722-001-0122212272211222223 3         0       0       0   2          1  2
94-01-95-713723-001-01222222            1         0       0       0   2          1  2
26-38-86-973723-001-03222222            4         0       0       0   2          1  2
44-69-31-703724-001-0122212272211222224 1         0       0       0   2          1  2
26-58-05-333737-001-0122122272221222224 4         0       0       0   2          1  2
86-99-26-343737-001-02222222            1         0       0       0   2          1  1
55-51-32-873738-001-012212217  1    1 4 2 4       0 3000000       0   116    1995   2
98-39-03-023738-001-02222222            1 5       0       0       0   2          1  2
69-36-36-133739-001-0122122271222212226 1 6       0       0       0   2          1  1
98-58-55-763740-001-01222222            4         0       0   50000   2          1352
11-59-39-513741-001-0122122242221222224 1         0       0  300000   2          1  2
19-11-07-193741-001-0322122222211222223 5         0       0       0   2          1  2
45-98-24-043741-001-0422122241221122225 1 5       0       0       0   116    2017   2
19-82-60-373742-001-0122122272211222  4 1 8       0       0  100000   2          1  1
78-14-25-283743-001-0122122242221222224 1 4       0       0       0   2          1  1
07-04-66-243755-001-0122122221222222221 5         0       0  300000   2          1  2
49-54-53-563756-001-0122112222221212224 5 9       0       0       0   2          1  2
12-51-29-423756-001-0322122221211222224 5         0       0       0   2          1  1
78-77-60-913757-001-01222222            6         0       0       0   2          1252
99-97-67-743757-001-0222122221221222224 6         0       0       0   2          1232
17-54-53-533758-001-01222222            5 9       0       0       0   2          1  2
51-47-84-023759-001-0222212242211222224 4 9       0       0       0   2          1  1
35-97-97-593760-001-01222222            1         0       0       0   2          1  2
05-15-50-513761-001-0122212212211122224 9         0       0 1000000   2          2  2
13-45-35-463762-001-0122122241222121227 5         0       0       0   116    2005   2
37-54-54-333774-001-012211227   1     4 4         0       0       0   2          1  2
53-91-81-333775-001-0122212242211222223 1         0       0  100000   116    2016   2
60-37-85-653775-001-0322112261112222221 7 8       0       0       0   2          1  2
68-35-57-413776-001-0122122221211111124 1 5       0       0       0   116    2020   1
39-38-87-533777-001-01222222            4         0       0       0   116    2018   2
83-42-86-523778-001-01222222            4   1500000       0       0   2          4  2
59-87-34-753778-001-0222122242221222224 1 4       0       0       0   2          1  2
29-01-39-993779-001-02222222            4         0       0       0   2          1  2
80-65-61-383780-001-01222222            1         0       0       0   2          1  1
85-97-80-163781-001-0122112271222222221 1 6       0       0       0   2          1  2
45-90-10-233781-001-0222122272221222224 1 6       0       0       0   2          1  1
85-38-17-703793-001-0122222141221212226 4         0       0       0   2          1  2
81-77-97-813794-001-0112122242211222224 6 8       0       0       0   1 8    2018   1
97-69-40-903794-001-0422122272211222223 5 6       0       0       0   2          1  2
33-23-93-773795-001-01222222            4 5       0       0       0   2          1  2
73-13-17-313796-001-0122122172221222224 1         0       0       0   2          3  1
76-50-20-663797-001-0122122172211222224 1 4       0       0       0   116    2011   2
57-76-50-933797-001-0322122221211221221 5         0       0       0   122    2019   2
43-76-27-973797-001-0422112271211222224 1 4       0       0       0   117    2021   2
21-49-44-333797-001-0622111231111221221 1 6       0       0  258000   2          3  2
53-62-39-023798-001-0122222141111222224 4 5       0       0       0   2          1  2
72-85-50-423798-001-0222122251211222224 1         0       0       0   2          1  2
56-68-24-883799-001-01222222            1 4       0       0       0   1 8    2019   2
70-70-60-493800-001-01222222            4 5       0       0       0   2          1  2
87-57-04-483812-001-01222222            4         0       0       0   2          1  2
13-50-39-653814-001-01222222            6 7       0       0       0   2          1  1
70-77-45-253815-001-0112112242211221226 1         0       0       0   2          7  1
36-43-78-803816-001-0122112221211222223 6         0       0       0   116    2009   2
23-66-01-783816-001-0222112232211222224 6         0       0       0   116    2019   2
47-37-02-613817-001-0122112221211212223 4         0       0       0   2          7  2
72-20-59-333817-001-0222112121221221221 5         0       0       0   2          1  2
65-91-88-243818-001-0122122241211122225 7         0       0       0   2          1  1
68-31-54-093819-001-01222222            1         0       0       0   2          1  2
58-28-36-163822-001-0222112221212122225 5         0       0  150000   2          1  2
71-79-67-823831-001-0122112262221222224 4         0       0  400000   1 8    2020   2
71-74-59-743831-001-0222122242221222224 1 4       0       0       0   1 825  2018   2
25-94-82-153832-001-01222222            6         0       0       0   2          1251
77-32-67-803833-001-0122122222211222224 4         0       0       0   1 8    2014   2
19-17-25-173833-001-0422122222212222223 6    300000       0       0   119    1994   2
15-35-28-353833-001-0522122222211222223 4         0       0       0   1 8    2017   2
37-71-99-363834-001-0122122272212222223 1 4       0       0       0   2          1  1
54-43-79-143834-001-0222122272221222224 1 4       0       0       0   2          1  1
48-62-80-163835-001-01222222            1         0       0       0   2          1  2
17-92-85-183836-001-0122122242211222224 4         0       0       0   1 8    2014   2
85-03-08-423837-001-01222222            1         0       0       0   2          1  2
09-79-49-523838-001-01222222            4 5       0       0       0   2          1  2
09-77-56-913850-001-0122112242211222224 4         0       0       0   2          1  2
18-86-63-893851-001-02222222            4         0       0       0   2          1  2
83-95-24-143852-001-0122122272211222223 4         0       0       0   125    2000   2
14-66-69-713852-001-0522112122211222224 5         0       0       0   116    2020   2
00-68-43-533852-001-0722112231211211227 6         0       0       0   2          1  2
22-52-97-753854-001-0122122221211222223 4         0       0       0   2          1  2
03-34-89-373854-001-0321212271211112224 6         0       0       0   2          7  2
83-08-74-843855-001-0222212271222222121 4         0       0       0   116    2019   2
95-93-01-713856-001-0122122242121222221 4         0       0       0   1 8    2018   2
72-66-88-883859-001-0122212141211221224 4         0       0       0   2          1  2
84-24-16-373869-001-01222222            1         0       0       0   2          1  2
77-48-36-643870-001-0122122272222221227 2 4       0       0       0   116    2019   2
38-68-55-543871-001-01222222            4 6       0       0       0   2          1  1
71-09-27-793871-001-0322122141222212126 6         0       0       0   2          1  2
88-98-35-963872-001-0122122242211222224 2         0       0  350000   116    2018   1
64-66-80-403872-001-0322122271221222224 1 4       0       0       0   1 8    2017   2
20-18-61-413872-001-0421122272222221227 5 6       0       0       0   2          1  2
04-39-66-833874-001-01222222            4         0       0       0   2          1  1
01-05-27-433875-001-0122122242221222224 4         0       0       0   2          1  2
04-78-92-483876-001-01222222            4         0       0       0   2          1  2
36-72-56-753876-001-02222222            1 4       0       0       0   2          1  2
73-01-30-743888-001-0122122272221122225 6         0       0       0   1 8    2019   2
95-35-64-973889-001-01222222            1 4       0       0       0   2          4  2
18-23-18-313889-001-0222112262211222224 4 6       0       0       0   116    2016   2
66-99-22-633890-001-01222222            4         0       0       0   1 8    2006   2
47-80-77-243891-001-0122112162221222224 4         0       0       0   116    2018   2
23-60-48-433892-001-0122122141221222224 1 5       0       0       0   2          1  2
97-44-20-973892-001-0222212171211122224 4 5       0       0       0   116    2019   2
22-02-13-943892-001-0322212221211222224 5         0       0       0   2          1  2
69-11-38-353893-001-0112112122211212223 4         0       0       0   1 8    2017   2
88-69-14-993894-001-0122122272221222224 4 5       0       0       0   2          1  2
54-17-82-963895-001-0122112272211222224 4 6       0       0       0   116    2006   1
51-35-14-553895-001-0422212271111122224 6 8       0       0       0   1 8    2015   1
77-50-25-333907-001-0122122221211212224 5         0       0       0   2          1  1
65-07-68-203908-001-0122112271211222211 6         0       0       0   1 816192011   2
65-31-91-123909-001-0122112242221222224 810       0 1200000       0   1 816  2006   1
55-64-94-923910-001-0122112271222122225 5         0       0       0   116    2008   2
65-41-44-093911-001-0122112272211222224 6         0       0       0   2          1  2
92-48-82-253912-001-0122212242111122224 6         0       0       0   116    2019   2
63-37-64-223913-001-0122112222211222224 4 6       0       0       0   1 8    2017   2
66-41-39-813914-001-0122112271211222221 1         0       0       0   1 8    1990   2
37-57-85-403926-001-01222222            1 8       0       0       0   2          1  1
66-86-85-063928-001-0112222272211222224 5         0       0       0   2          1  2
02-21-58-023929-001-0112222272211222223 4         0       0       0   2          1  2
25-53-39-243930-001-0112122242211221223 6         0       0       0   2          1  2
20-41-14-613931-001-0112122242221222224 1 6       0       0       0   2          1  1
69-79-60-613932-001-0122122272221122224 6         0       0       0   2          1  1
76-89-02-193933-001-0112212112221222224 5         0       0       0   1 8    2017   2
69-88-86-773934-001-0112122272211211224 6         0       0       0   2          1  2
72-80-89-543945-001-0112222272221222224 110       0       0       0   2          1  2
43-94-10-023946-001-0112222272221222224 5 6       0       0       0   2          1  2
89-86-06-243946-001-0212222272212222223 9         0       0       0   2          1  2
40-17-26-863946-001-0512222272221222224 6 8       0       0       0   2          1  1
38-79-29-913947-001-0112212272221222224 9         0       0       0   2          1  2
04-01-34-613948-001-0112222272221222224 1 6       0       0       0   2          1  2
90-94-69-723948-001-0412122241111222221 1         0       0       0   2          1  2
86-88-87-143948-001-0512222272222212226 6         0       0       0   2          1  2
14-63-58-263949-001-0112212241211222221 1         0       0       0   2          1  2
12-55-82-353950-001-01222222            8         0       0       0   2          1  1
10-36-95-743951-001-0112222272221212224 1 8       0       0       0   2          1  1
26-84-75-253951-001-1112212272221222224 5 8       0       0       0   2          1  1
89-61-25-193966-001-0112122242212212223 1 5       0       0       0   2          1  2
18-30-64-743967-001-0322122222211222224 5 6       0       0       0   2          1  2
99-27-51-683969-001-0112222221221221227 6         0       0       0   1 816172011   2
57-63-62-903970-001-0212122241221212224 5 8       0       0       0   2          1  1
99-03-56-383970-001-0312222272221222224 8         0       0       0   2          1  1
14-51-55-673972-001-0112222272221222224 1         0       0       0   2          1  2
62-60-65-503983-001-0112222222221212224 5   1140000       0       0   1 8    2013   2
01-44-20-243985-001-0112222242211222224 5         0       0       0   2          1  2
32-76-07-363987-001-0112122252211222223 5 6       0       0       0   110    2017   2
40-83-11-313988-001-0112222252221222224 8         0       0       0   2          1  1
72-56-16-113988-001-0212222231211111224 6         0       0       0   116    2015   2
33-86-89-613989-001-0122122272211222224 610  240000       0       0   2          1  1
31-70-53-033990-001-0112222211211221223 6    240000       0       0   116    2019   2
07-65-63-283993-001-01222222            6         0       0  350000   2          1  2
89-64-05-584002-001-01222222            1         0       0       0   2          1  2
82-51-14-664002-001-0212222272221222224 1 6       0       0       0   2          1  2
11-46-01-714002-001-0512222272221222224 6         0       0       0   116    2021   1
07-12-29-184002-001-06222222            6         0       0       0   2          1  2
15-44-50-114003-001-0112222272221222224 5         0       0       0   2          1  2
56-08-15-534003-001-0312222271222222221 6         0       0       0   2          1  2
21-77-05-564004-001-0112222241111222221 1 6       0       0       0   2          1  2
95-46-77-554005-001-01222222            1 2       0       0       0   2          1  2
71-92-23-114006-001-0112212251211222221 1 6       0       0       0   2          1  1
04-95-86-384007-001-0112212121211212224 1         0       0       0   1 8    2001   2
99-75-01-914007-001-0322122271222222221 6         0       0       0   2          1  2
41-08-71-954008-001-0112122271211222223 1 3       0       0       0   116    2010   2
27-44-99-194012-001-0112222272221222224 1 8       0       0       0   2          1  1
90-00-90-294012-001-04222222            1         0       0       0   2          1  2
32-84-96-214022-001-01222222            1         0       0       0   2          1  1
17-42-17-194023-001-0112222272221222224 6         0       0       0   2          1  2
50-45-96-784024-001-0112222251211222221 1         0       0       0   2          1  2
27-81-82-904024-001-0312222172211222224 1         0       0       0   2          1  2
40-85-46-994025-001-01222222            6 8       0       0       0   2          1  1
10-39-31-184025-001-0312222272221222224 5         0       0       0   2          1  1
18-34-45-054026-001-0112222271211222221 1         0       0       0   2          1  2
63-66-25-234027-001-0112222272221222224 8         0       0       0   2          1  1
60-71-29-584028-001-0112222272212222223 6         0       0       0   116    1999   2
91-25-48-934032-001-0112222272221222224 1         0       0       0   2          15 2
18-01-59-534032-001-06222222            1         0       0       0   2          1  2
55-39-56-434032-001-07222222            6         0       0       0   2          1  2
29-58-09-234040-001-01222222            1 2       0       0       0   2          1  1
87-00-93-354040-001-06222222            1         0       0       0   2          1  2
12-61-17-854041-001-0112222121211221224 3 5       0       0       0   1 816  2019   2
86-10-26-314041-001-0312222271111222223 1 6       0       0       0   2          1  2
23-18-10-954042-001-01222222            4         0       0       0   2          1  2
84-50-65-924043-001-0112122232211222224 1 5  100000       0       0   2          1  2
08-74-51-594044-001-01222222            8         0       0       0   2          1  1
42-06-56-074044-001-02222222            1 6       0       0       0   2          1  2
86-84-40-044045-001-0212222272222212226 8         0       0       0   2          1  1
32-39-94-054046-001-01222222            1 4       0       0       0   2          5  2
29-07-10-514046-001-03222222            5         0       0       0   2          1  2
52-74-53-784046-001-0512122272211222224 6         0       0       0   116    2019   2
83-55-87-544047-001-01222222            1         0       0       0   2          1  2
18-86-34-874059-001-0112122241211222221 5   3000000       0       0   2          6  2
33-84-30-994059-001-0212222271111222224 5 6       0       0       0   2          1  2
51-63-01-994060-001-0222122272221222224 5 6  720000       0       0   2          7  1
80-28-97-934062-001-0112222272211222224 810  720000       0  200000   1 819  2020   1
95-65-46-004063-001-0212222272221222224 6         0       0       0   2          1  2
40-51-18-374064-001-0112212241211212224 6         0       0       0   2          4  2
78-47-25-914065-001-0112212172221222224 6 8   80000       0       0   1 816  2008   1
49-08-53-544067-001-0112222242211222223 6         0       0       0   116    2015   2
79-73-56-174078-001-01222222            6         0       0       0   2          1  2
93-25-73-374079-001-01222222            1 6       0       0       0   2          1  2
20-21-91-334080-001-0112222272211222224 1 8       0       0       0   2          1  1
96-18-51-614081-001-01222222            1         0       0       0   2          1  2
06-55-51-274082-001-01222222            1 2       0       0       0   2          1  2
62-64-26-584083-001-01222222            1 3       0       0       0   2          1  2
30-19-73-484084-001-0112222272221222224 1 3       0       0       0   2          1  2
42-26-57-764085-001-01222222            1         0       0       0   2          1  2
19-03-44-864085-001-0212222242221222224 1 6       0       0       0   2          1  1
04-41-69-294097-001-0112222272212222223 5    120000       0       0   2          1  1
38-77-04-394098-001-0112212271221212223 6         0       0       0   2          1  2
89-95-31-064099-001-0112222222212222223 5    120000       0       0   2          1  2
12-33-52-634100-001-0112222271212122221 5         0       0       0   116    2019   2
25-99-47-094100-001-0212222271221222224 1         0       0  150000   2          1  1
40-60-65-664101-001-0112222272212222223 6         0       0       0   2          1  2
53-17-09-604101-001-0322122272212222223 5         0       0  680000   116    2019   2
87-79-54-714102-001-0112222271211212223 5   2000000       0       0   116    2011   2
13-66-77-224104-001-0212212121211121124 5         0       0       0   1 812162011   1
11-60-09-724116-001-0112212271211222224 5 6       0       0       0   2          1  2
17-66-26-344118-001-01222222            3 5       0       0       0   2          2  2
60-41-68-414119-001-03222222            6         0       0       0   2          1  2
69-13-58-824120-001-0122212272221222224 1 8       0       0       0   2          1  1
85-78-30-984120-001-0312222272221222224 1 6       0       0       0   2          1  1
99-38-87-714121-001-0212212272221222224 1 5       0       0       0   2          1  1
22-45-82-054122-001-0112222251221222221 1 8   60000       0       0   2          1  1
26-75-76-204123-001-0112222272211222224 1 8       0       0       0   2          7  1
82-88-76-784136-001-0122222162222212226 910       0       0       0   117    2015   2
19-64-20-934137-001-01222222            1 6       0       0       0   2          1  2
53-43-54-844137-001-0622222172221122225 5         0       0       0   2          1  2
17-12-17-704138-001-0112122271111122221 1 5       0       0       0   116    2019   2
83-49-56-574139-001-0122212272212222227 1 2       0       0       0   2          1  2
66-95-65-174140-001-0112222272212222224 1 9       0       0       0   2          1  2
61-45-39-144140-001-03222222            1 9       0       0       0   2          1  2
45-74-24-364141-001-01222222            1 2       0       0  200000   2          1  2
11-85-36-844142-001-01222222            1 9       0       0       0   2          1  2
17-60-45-744154-001-0122112272211222224 1    120000       0       0   2          1  2
12-58-34-524154-001-0322112222221222224 4 5       0       0       0   2          4  2
43-86-88-414155-001-0122212272221222224 8         0       0       0   2          1  2
36-56-05-454156-001-0122122222211222223 5 6       0       0       0   2          1  2
49-17-91-924156-001-03222222            5         0       0       0   2          1  2
62-89-78-464158-001-0122212222211222224 4 8       0       0       0   116    2014   1
06-97-45-524159-001-0112112221211122221 4 5       0       0       0   2          1  2
82-98-10-514159-001-0612112171211122223 5 6       0       0       0   2          3  2
42-45-79-764160-001-0112112222211122225 4 5       0       0       0   2          1  2
75-63-76-424161-001-0122112222221222224 1         0       0       0   2          1  1
98-98-23-614173-001-0122112222211122225 5         0       0       0   2          1  2
75-95-90-124174-001-0222212272221222214 5         0       0       0   2          1  1
17-41-82-374175-001-0122212272221222224 5         0       0       0   2          1  1
34-00-24-754175-001-0322212272211222223 5         0       0       0   2          1  2
86-84-87-564175-001-0412211141211212224 5 6       0       0       0   1 816  2015   2
63-92-77-034176-001-0122212211212212226 5         0       0       0   2          2362
71-94-85-464177-001-0122212222211221224 5         0       0       0   116    2017   2
01-33-36-044178-001-0112222272211222224 5         0       0       0   116    2020   2
57-63-62-504178-001-0422212242221222224 6         0       0       0   2          1  2
63-89-85-384179-001-0122212172212222227 6         0  140000       0   2          1  2
76-44-03-364180-001-0112112221211222224 5         0       0       0   116    2014   2
30-35-93-514192-001-0122122241211222224 1 8       0       0       0   2          1  1
98-25-88-294193-001-0122122272211222223 1 5       0       0       0   2          1  2
01-53-37-234195-001-0122122242221222224 8         0       0 1600000   2          1  1
48-88-88-904196-001-0112112121111121224 510       0       0       0   2          1  2
04-91-14-704196-001-0222122131211221224 4         0       0       0   2          1  2
25-39-51-764197-001-0122122272221222224 8         0       0       0   2          15 2
47-24-64-534197-001-0712112241211122224 6         0       0       0   1 1    2019   2
17-78-73-004198-001-01222222            4         0       0       0   2          1  2
91-79-97-084199-001-012221227222122222410         0       0       0   2          1  2
87-54-04-174200-001-0122112272221222224 6 7 1920000       0  250000   2          1  2
69-90-13-474200-001-0322212272222122225 6         0       0       0   2          1  2
62-29-18-134211-001-01222222            1         0       0       0   2          1  2
24-61-09-854211-001-02222222            1         0       0       0   2          1  1
74-48-80-244211-001-0322122242221222224 5 8       0       0       0   2          1  2
45-29-72-644212-001-0222122272211222224 4 5       0       0       0   2          1  1
15-03-38-514213-001-01222222            4 5       0       0       0   2          1  2
18-95-24-274214-001-0222112272221222224 5         0       0       0   2          1  2
87-15-08-264215-001-0122122221111222223 4 5       0       0       0   116    2012   2
84-29-09-244216-001-0122122272212222223 5         0       0       0   2          1  2
10-54-43-564217-001-0122112241211222224 4 5       0       0       0   116    2019   2
07-34-22-284218-001-0122112221111222221 6         0       0       0   116    2000   2
83-33-51-914232-001-0112112121211112224 5   5400000       0       0   1 816  2008   2
55-60-85-574232-001-0222112271211212221 5 6       0       0       0   2          1  2
40-02-49-454234-001-011211224121122222310   1150000 6108000       0   116    1998   2
37-73-60-504237-001-0112212232211222224 5         0       0       0   2          1  2
15-90-91-834238-001-0112222221221222224 5         0       0       0   2          1  2
00-45-18-144249-001-01222222           10         0       0       0   2          1  2
40-28-44-004250-001-01222222            1 2       0       0       0   2          1  2
37-53-47-864251-001-01222222            1         0       0  150000   2          1  2
62-59-88-184251-001-0422222172222222128 1 5       0       0       0   2          1  2
31-68-16-834252-001-01222222            1 3  360000       0       0   2          1  2
91-89-73-124252-001-0322222171222222221 4 5       0       0       0   2          1  2
49-80-80-494253-001-0122222172221222224 1         0       0  250000   2          1  2
69-54-12-634254-001-01222222            1 2       0       0       0   2          1  2
57-75-82-484255-001-01222222            1 6       0       0       0   2          1  1
30-61-10-204270-001-0112122272221212226 1 6       0       0       0   2          1  2
80-41-93-594271-001-0122122272221222224 1 2       0       0       0   2          1  2
43-23-22-294271-001-0212222272221222224 1         0       0       0   2          1  2
67-84-80-744272-001-01222222            1 6       0       0       0   2          1  2
10-28-66-794273-001-0122122271211222221 1 6       0       0       0   2          1  2
42-50-43-004274-001-01222222            1         0       0       0   2          1  2
31-50-94-424275-001-01222222            1    700000       0       0   2          1  2
96-41-62-544287-001-0112222272211222223 5   4800000       0       0   1 8    2016   2
87-52-88-384288-001-0112222141211222224 6 8  132000       0       0   2          1  1
58-09-19-584289-001-01222222            1 8       0       0       0   2          1  1
91-36-93-284290-001-0112222272221222224 1         0       0       0   2          1  2
52-54-19-744291-001-0122212272221222224 5 6       0       0       0   2          1  1
89-06-08-544292-001-0112222272211222223 5 6       0       0       0   2          1  2
75-53-82-184293-001-0112212271211222223 5         0       0       0   1 816172016   2
68-60-12-214306-001-0122122221212222224 1         0       0       0   2          1  2
54-09-41-154306-001-0322122272222212226 6         0       0       0   2          1  2
54-41-93-394306-001-04222222            1         0       0       0   2          1  1
27-81-46-114307-001-0122121281211212224 1         0       0       0   1 8    2019   2
48-26-35-364308-001-0112222252221222224 4         0       0       0   2          1  2
31-91-85-564309-001-0122122272222221227 1 4       0       0       0   116    2019   2
29-82-56-654310-001-0122122232221222224 4         0       0       0   2          1  2
75-82-37-584310-001-0222122242221222224 4         0       0       0   2          1  2
28-05-92-534310-001-04222222            6         0       0       0   2          1  2
09-67-89-134311-001-01222222            6         0       0       0   2          15 2
78-86-12-724311-001-04222222           10         0       0       0   2          3152
81-38-99-764312-001-01222222            1         0       0       0   2          1  2
66-68-73-914313-001-0122122172221222224 4 6       0       0       0   116    2017   2
35-71-26-254325-001-0112222272211222223 5 6       0       0       0   1 816  2008   2
72-50-64-154325-001-0422212271222212221 6         0       0       0   2          1  2
56-83-61-514326-001-0122212242212222223 1 6       0       0       0   1 8    2019   2
29-42-96-404328-001-0112222271211112224 1 5       0       0       0   2          1  2
71-27-07-534328-001-0212222272221222224 1 5       0       0       0   2          1  2
86-93-88-714329-001-01222222            6 8       0       0       0   2          1  1
13-46-89-174330-001-01222222            1 6       0       0       0   2          1  1
85-15-73-244330-001-02222222            5 6       0       0       0   2          1  2
15-10-45-124331-001-01222222            2 8       0       0       0   2          1  1
35-76-82-174331-001-0212212272211222223 5 6       0       0       0   2          1  2
02-37-22-484331-001-0322212271222222221 6         0       0       0   2          1  2
41-79-32-394332-001-0112212272212222223 1 4       0       0       0   1 8    2021   2
43-17-13-154344-001-01222222            5         0       0       0   2          1  2
73-64-77-414345-001-0112222212211222223 5         0       0       0   2          1  2
11-69-06-894345-001-0212122272212222223 1 6       0       0       0   1 8    2006   2
28-58-98-634346-001-0112122272211222224 5 6       0       0       0   2          1  2
81-97-07-344347-001-0112122271211212123 5 6       0       0       0   2          1  2
22-29-95-004348-001-0112222141211222223 6   2750000       0       0   116    1983   2
87-23-03-174349-001-0112222172211222224 610       0 6000000       0   116    2004   2
96-86-76-744350-001-0112212272221222224 2 5  120000       0       0   1 8    2015   2
76-28-83-164351-001-0122212221221222224 6    540000       0       0   2          1  1
95-89-60-914363-001-0112222252211222224 1 5       0       0       0   2          3  2
47-02-15-084364-001-0112222231211212223 4         0       0       0   2          1  2
28-07-25-294364-001-02222222            1         0       0       0   2          1  2
15-35-50-034365-001-0112222242221222224 5 6       0       0       0   2          1  2
50-28-33-064365-001-0312222272212222223 1 5       0       0       0   2          1  2
29-58-66-324365-001-0522212271211222221 6         0       0       0   2          1  2
94-35-43-704366-001-0212222272221222224 1 5   20000       0       0   2          3612
77-14-05-264367-001-0112222272221222224 1         0       0       0   2          1  2
14-89-23-384367-001-02222222            9         0       0       0   2          1  2
85-29-98-904368-001-0212222221211222223 9         0       0       0   2          1  2
17-01-34-494368-001-0312222211211222224 9         0       0       0   2          2  2
38-11-78-454369-001-0112222262221222214 9         0       0  900000   2          1  2
68-98-65-234370-001-0112212271211122225 6 9       0       0       0   2          1  2
67-91-07-214382-001-0112122272211211224 5         0       0       0   2          1  2
55-17-89-694383-001-0112222272212222223 5 6       0       0       0   2          1  2
36-88-48-324384-001-0112122241111122211 6         0       0       0   116    2002   2
87-23-37-094385-001-0112122221211212223 2 6       0       0       0   2          1  2
08-57-09-204386-001-0212122172221222224 1 6       0       0       0   2          1  2
44-26-26-334386-001-0312121272211221114 6 8       0       0       0   1 8    2020   1
23-28-17-584386-001-0512122271211222224 6         0       0       0   2          1  2
63-15-23-804387-001-0112122211211222221 1         0       0       0   2          1  2
88-30-09-514388-001-01222222            1         0       0       0   2          1  2
80-95-10-004390-001-01222222            1 6       0       0       0   2          1  2
51-70-44-664401-001-01222222            6         0   80000       0   2          1  2
57-36-35-194402-001-0112122272221222224 5         0       0       0   2          1  2
55-75-03-844403-001-0112222122211122223 5 6   84000       0       0   2          13 1
95-42-72-984404-001-01222222            6 8       0       0       0   2          1  1
98-50-13-744405-001-0122122272212222223 6         0       0       0   2          1  2
72-18-62-994405-001-02222222            6         0       0       0   2          1  2
81-96-63-124406-001-01222222            6         0       0       0   2          1  1
31-82-16-054407-001-01222222            1         0       0       0   2          1  2
41-86-88-494409-001-0122122272222222224 6 8       0       0       0   2          1  1
08-30-76-814420-001-0122122272221222224 1         0       0       0   2          1  1
04-34-24-344421-001-0122122242212222223 4         0       0       0   2          1  1
16-13-69-074421-001-0422122242211222224 1 3       0       0       0   2          1  2
47-76-35-154422-001-01222222            1 6       0       0       0   2          1  2
87-79-28-484422-001-0212122241111121221 6         0       0       0   2          1  1
60-71-91-184422-001-0422122272222122226 4         0       0       0   2          1  2
98-11-62-454423-001-01222222            4 5       0       0       0   2          1  2
31-67-35-804424-001-0112122272211222224 1 8       0 1200000       0   1 816  2009   2
62-12-89-804424-001-0312122171211222223 6         0       0       0   116    2018   2
50-44-26-514424-001-0412122211111111214 6         0       0       0   2          6  1
10-05-75-774425-001-0112122221111111221 1 5       0       0       0   1 8    2009   2
59-24-51-604426-001-01222222            1         0       0       0   2          1  1
80-33-32-254427-001-01222222           10         0       0       0   2          1  1
48-73-44-844439-001-01222222            110       0       0 2400000   2          1  2
05-77-19-484440-001-01222222            3 6       0       0       0   2          1  2
20-22-92-624441-001-0122212271212222221 1 6       0       0       0   2          1  2
59-35-71-824442-001-0122122272212222223 1         0       0       0   2          1  2
89-30-33-364442-001-0522222172212222223 6         0       0       0   2          1  1
02-51-38-994443-001-0112122242221222224 710       0       0       0   2          1  1
18-84-57-804443-001-03222222            1         0       0       0   2          1  2
60-34-10-264443-001-0422122231212222221 7         0       0       0   2          2  2
77-57-87-514443-001-0522122221211222221 1 5       0       0       0   2          15 2
43-79-07-184444-001-0122122272221222224 1         0       0       0   2          1  1
75-52-30-394445-001-01222222            1 2       0       0       0   2          1  2
82-26-21-394445-001-0322122272221222224 1 6  360000       0 5000000   2          1  2
81-84-58-854445-001-0422122272211222223 1         0       0       0   2          1  2
84-67-96-954446-001-0122122272221222224 3         0       0       0   2          1  2
51-34-28-604458-001-01222222            1         0       0       0   2          1  2
63-30-74-354461-001-01222222            1 5       0       0       0   2          1  1
24-49-93-404462-001-01222222            1 6       0       0       0   1 8    2018   2
01-52-39-234463-001-0112222272212222223 1 6       0       0       0   2          1  2
36-73-85-024463-001-0212222272222221227 1         0       0       0   2          1  2
86-27-46-334463-001-0312222222211222224 4         0       0       0   2          1  2
60-57-49-174463-001-0412112221211222214 6         0       0       0   1 816  2014   2
05-90-94-554463-001-05222222            6         0       0       0   2          1  2
59-91-45-634463-001-0612222272221222224 1 6       0       0       0   2          1  2
99-76-98-434464-001-01222222            5         0       0       0   2          1  2
11-54-93-994464-001-0412222272211222224 5         0       0       0   2          1  2
66-52-25-504464-001-0512222272211222224 1 5       0       0       0   2          1  2
88-09-11-144465-001-01222222            6         0       0       0   2          1  2
91-55-29-144466-001-0112222272211222224 6         0       0       0   2          1  2
35-05-57-384467-001-01222222            5         0       0       0   2          1  2
36-39-21-634478-001-0122122272221222224 1 2       0       0       0   2          1  2
54-34-39-914478-001-03222222            1 6       0       0       0   2          1  2
25-88-33-814481-001-0122122272211222224 1         0       0  200000   2          1  2
99-28-29-124482-001-03222222            1         0       0       0   2          1  2
22-37-41-424482-001-0622122272221222224 6         0       0       0   2          1  2
41-58-31-404483-001-0122122242222212224 1    400000       0       0   2          1  2
14-35-00-154484-001-01222222            110       0       0       0   2          1  2
48-62-55-604496-001-0112122221211222221 1         0       0  300000   2          1  2
98-57-46-794497-001-0112122272221222224 1 5  150000       0       0   2          1  2
10-98-93-804498-001-0122122272221222224 1 6       0       0       0   2          1  2
34-85-87-844498-001-0322112272211222223 1         0       0  100000   2          1  2
27-01-39-844499-001-0212122272212222223 1 4       0       0       0   2          1  2
05-19-84-164499-001-03222222            1      5000       0  200000   2          1  2
52-69-37-484500-001-01222222           10         0       0  300000   2          1  2
07-40-17-944501-001-0222122271111112226 1         0       0       0   2          1  2
10-94-44-734501-001-0312122172221222224 1 6  500000       0       0   2          1  2
56-35-31-494501-001-0422122272221222224 1         0       0       0   2          1  2
75-25-78-644501-001-0622122272211222224 1         0       0       0   1 4    2019   2
41-39-89-994501-001-0722122222211212224 1         0       0       0   2          1  2
79-90-44-824501-001-08222222            1         0       0       0   2          1  2
27-12-14-234501-001-1522122271221222221 1         0       0       0   1 4    2019   2
46-06-74-344502-001-01222222            1         0       0       0   2          1  2
98-64-31-114502-001-0212222232212222223 5         0       0       0   2          1  2
72-51-93-504503-001-0112122272221111128 1 2  200000       0  150000   1 4    2013   2
79-13-46-574515-001-01222222            1 6       0       0       0   2          1  1
97-88-90-364516-001-0112122141221222211 1 5       0       0       0   2          1  2
70-16-64-654517-001-0112222272211222224 1         0       0       0   2          13 2
42-13-45-354518-001-0112122272211222224 5 6       0       0       0   2          1  2
18-35-65-994519-001-01222222            1 2       0       0       0   2          1  2
02-31-76-704519-001-02222222            5         0       0       0   2          1  2
82-38-97-694519-001-05222222            1 6       0       0       0   2          1  2
81-55-21-874520-001-0112222272221222224 1         0       0       0   2          1  1
20-44-65-064520-001-1012122241211222221 1 6       0       0       0   2          1  2
66-05-47-214521-001-01222222            1 6       0       0       0   2          1  2
67-86-47-254521-001-02222222            6         0       0       0   2          1  2
82-71-03-114521-001-03222222            6         0       0       0   2          1  2
68-16-27-734521-001-0412222272212222223 1 2       0       0       0   2          1  2
27-90-81-474522-001-01222222            8         0       0       0   2          1  1
56-74-41-294534-001-01222222            1         0       0       0   2          1  2
92-98-94-244535-001-0112222272221222224 1 4       0       0       0   116    2020   1
54-75-27-274535-001-0312122241211112124 1 5       0       0       0   2          5  2
60-91-64-874537-001-01222222            1 4       0       0       0   2          1  2
79-89-73-454538-001-01222222            1         0       0       0   2          1  2
23-26-79-034539-001-0212212272221222224 6         0       0       0   2          1  2
97-63-24-274540-001-01222222            6         0       0       0   2          1  1
88-22-71-884540-001-02222222            6         0       0       0   2          1  1
99-29-28-044543-001-01222222            1 2       0       0       0   2          1  2
33-21-92-064543-001-0412222272222212224 1         0       0       0   2          1  2
07-12-78-204553-001-0112122272211222224 6         0       0       0   2          1  1
71-01-31-444556-001-0122122272221222224 5 6       0       0  360000   2          1  1
12-75-64-834557-001-0122122272221222224 6         0       0       0   2          1  2
20-25-34-584560-001-0122122272221222224 5 6       0       0       0   2          1  1
59-19-21-434564-001-0112122251211222221 5         0       0       0   2          1  2
87-69-42-264572-001-01222222            1 6       0       0       0   2          1  2
91-04-87-474573-001-01222222            1 5       0       0       0   2          1  2
44-70-01-244573-001-0622212271222222221 6         0       0       0   2          1  2
98-51-76-864574-001-01222222            1 2       0       0       0   2          1  1
75-03-12-014574-001-1122112272212222223 2 4       0       0       0   2          1  2
14-12-24-894574-001-14222222            1 6       0       0       0   2          1  2
08-04-53-234575-001-0112222252211222223 1 2       0       0       0   2          7  2
79-83-28-884575-001-0312222272211222224 5         0       0       0   2          1  2
81-26-85-914576-001-0122212272212222224 6         0       0       0   2          1  2
17-67-12-914577-001-01222222            6         0       0       0   2          1  1
37-60-86-834579-001-01222222            2 6       0       0       0   2          1  2
52-91-24-054591-001-0122122272221222224 1 2       0       0       0   2          1  2
61-42-72-094593-001-01222222            1 2       0       0       0   116    2018   2
18-48-24-684594-001-0112222271211222224 4 5       0       0       0   116    2018   2
92-85-59-414595-001-0112122152211222223 1 2       0       0       0   116    2018   2
34-86-75-054596-001-0122122172212222223 4         0       0       0   116    2019   2
06-13-33-114597-001-0122222142        1 1         0       0       0   2          1  2
96-37-81-904598-001-012212227     1   6 1 4       0       0       0   2          1  2
49-21-39-304610-001-01222222            6         0       0       0   2          1  1
65-85-36-394610-001-032221227     2   6 6         0       0       0   2          1  2
26-21-26-624611-001-0122122272221212224 6         0       0       0   2          1  1
32-04-36-834613-001-01222222           10         0       0   20000   2          1  1
59-40-38-534614-001-0112222272211212224 4 6       0       0       0   2          1  2
64-20-85-604615-001-0112212221211221223 6         0       0       0   1 816  2004   2
29-51-90-804616-001-01222222            2 4       0       0       0   2          1  2
63-32-21-814616-001-0322122242221222224 4 7       0       0       0   2          3  2
20-68-50-494616-001-042212222      2  7 4 5       0       0       0   2          1  2
51-70-53-074618-001-0112222271211222223 1         0       0       0   2          1  2
35-88-72-584618-001-0212222242211212223 4 6       0       0       0   2          1  2
10-28-09-944618-001-03222222            6         0       0       0   2          1  1
60-43-11-364629-001-01222222            8         0       0       0   2          1  1
64-80-76-154630-001-0122122252222222224 1 2       0       0       0   2          1  2
85-63-13-874631-001-01222222            1         0       0       0   2          1  2
67-40-05-014631-001-0712122271222122221 1 5       0       0       0   2          1  2
91-36-32-574633-001-01222222            3         0       0       0   2          1  2
42-20-92-374633-001-06222222            1 2       0       0       0   2          1  2
34-33-43-164634-001-0112222221211112221 1         0       0       0   2          1  2
45-15-69-234635-001-0122122272221222224 2 4       0       0       0   2          12 2
49-97-30-764636-001-0112222272222212226 1         0       0       0   2          1  2
30-42-65-654640-001-01222222            6         0       0       0   2          1  2
02-23-53-224648-001-01222222            1 5       0       0       0   2          1  2
35-41-66-584649-001-04222222            1 6       0       0       0   2          1  2
38-73-88-634650-001-01222222            1         0       0       0   2          1  2
63-63-73-114651-001-011222225221122222510         0       0  350000   2          1  2
00-91-88-384652-001-01222222            4         0       0       0   2          1  2
21-63-11-414653-001-0112222232211222224 5         0       0       0   2          1  2
92-11-72-844655-001-01222222            6         0       0       0   2          1  2
69-31-95-974655-001-03222222            2 3       0       0       0   2          1  2
78-40-70-974667-001-01222222           10         0       0       0   2          1  2
31-94-25-674667-001-02222222            6         0       0       0   2          1  2
27-44-96-424667-001-03222222            1 5       0       0       0   2          1  2
89-60-64-184668-001-0112212241211222223 6         0       0       0   2          1  2
17-03-15-714669-001-01222222            5 6       0       0       0   2          1  1
55-86-26-384670-001-0122212241222222221 110       0       0       0   2          1  2
64-93-12-244671-001-0122122272221222224 1 5       0       0       0   2          1  1
51-54-67-864672-001-0112122271221222224 6         0       0       0   2          7  2
03-89-93-604673-001-0112212222221122224 1 5       0       0       0   2          1  2
19-56-77-124673-001-02222222            1 5       0       0       0   2          1  2
34-09-21-584674-001-0112212252221222224 1 8       0       0       0   2          1  1
22-96-03-484674-001-02222222            1 5       0       0       0   2          1  2
11-39-76-334686-001-011222227221222222310    360000 9000000       0   116    1983   2
13-30-32-394686-001-0522112242211222223 5 6       0       0       0   2          1  2
64-29-64-164687-001-0122112272211222224 5         0       0       0   116    2016   2
72-39-42-754688-001-0222112272221222224 8         0       0       0   2          1  1
50-92-63-134689-001-0112212271211222224 6         0       0       0   2          1  2
34-80-26-314689-001-0312222241111122211 5         0       0       0   116    2008   2
49-12-55-494690-001-0112112242211222223 5 6       0       0       0   1 816  2017   2
69-05-51-734691-001-0212212272221222224 5         0       0       0   2          1  1
77-70-87-744692-001-0112222211111111225 6    200000       0 15000001  1 8    2006   2
67-19-03-674693-001-0112212242211112225 5 8 2090000 8112000       0   1 819  2004   1
86-84-85-384693-001-0612212221111112221 5 6       0       0       0   11619  2017   1
72-25-71-424705-001-0112221272211222223 1 6       0       0       0   2          1  2
86-76-02-114706-001-0112222142211222223 1 2       0       0       0   2          1  2
22-03-76-214707-001-01222222            1 5       0       0       0   2          1  2
96-02-86-114709-001-0122221221212222221 1 3       0       0       0   2          1  2
34-31-41-494710-001-0122221272221222224 1 5       0       0       0   2          1  2
66-92-85-394710-001-03222222            2 5       0       0       0   2          1  2
48-54-38-194711-001-0112221272211222224 1 2       0       0       0   2          1  2
13-80-32-634724-001-01222222            1         0       0       0   2          1  2
46-46-75-674725-001-0112122272212222223 1 6  960000       0       0   116    2005   2
20-41-67-774725-001-03222222            1         0       0       0   2          1  2
50-56-16-504726-001-0112122231111111223 5 6       0       0       0   116    2004   2
97-39-50-714727-001-01222222            1         0       0  400000   2          1  2
64-29-60-194727-001-03222222            1         0       0       0   2          1  2
14-54-41-374728-001-0122122272211222223 1         0       0       0   2          1  2
69-36-12-774730-001-0122122271222222221 1 2       0       0       0   2          1  2
47-67-32-844730-001-03222222            1 6       0       0       0   2          1  2
37-63-74-984731-001-0122122272221222224 7     42000       0       0   2          1  1
99-24-15-134731-001-02222222            1 6       0       0       0   2          1  2
68-16-68-794743-001-01222222            1         0       0       0   2          1  2
72-19-32-094744-001-0122122272221222224 1         0       0       0   2          1  2
15-21-88-534745-001-0122122272221222224 1 3       0       0       0   2          15 2
62-43-51-594745-001-0412112241111111124 6     60000       0       0   2          15 2
32-60-45-234746-001-01222222            1 6       0       0       0   2          1  2
68-11-89-034747-001-0112122221221222224 1 2       0       0       0   2          1  2
82-63-17-224748-001-0122122272212222224 1 5  120000       0       0   2          1  2
54-20-65-814749-001-0112222271212222223 1 6       0       0       0   2          1  1
86-91-07-434750-001-0122122272222221227 1 6       0       0       0   2          1  2
83-01-32-254750-001-0222122271211222224 5         0       0       0   2          4  1
28-98-99-324750-001-0522122221211122221 5    120000       0       0   2          1  2
49-76-86-824750-001-08222222            1 6       0       0       0   2          1  2
50-66-78-064762-001-01222222            1 2       0       0       0   2          1  2
81-71-44-084762-001-02222222            5 6       0       0       0   2          1  2
47-55-39-754762-001-0322122272212222223 5         0       0       0   2          1  2
88-66-82-044762-001-04222222            5 6       0       0       0   2          1  2
44-87-32-804763-001-01222222            1         0       0       0   2          1  2
33-63-56-624763-001-0312222271221222224 1 6       0       0       0   2          1  2
51-90-57-304764-001-01222222            1         0       0       0   2          1  2
37-78-08-274764-001-03222222            1 5  200000       0       0   2          1  1
66-00-46-864764-001-04222222            1 6       0       0       0   2          1  2
15-53-81-324764-001-0812122171211211227 1 2       0       0       0   2          15 2
95-95-14-854765-001-01222222            1         0       0       0   2          1  2
89-76-80-984765-001-0212122121211122221 1         0       0       0   116    2017   2
00-38-32-834766-001-0122122221211222224 1 2       0       0       0   2          1  2
00-31-35-004766-001-0312122121211222224 1 2       0       0       0   2          1  2
66-94-14-014766-001-04222222            1 8       0       0       0   2          1  2
29-34-78-174766-001-05222222            1 6       0       0       0   2          1  2
13-09-88-204766-001-1022222131222221221 1         0       0       0   2          7  2
64-03-28-394767-001-0122222121222222221 1         0       0       0   2          15 2
38-76-84-394768-001-0122222172211222223 1         0       0       0   2          1  1
66-09-01-844768-001-0212122242211222224 5 7   60000       0       0   2          1  2
33-30-46-034769-001-0122122171111222224 1 2       0       0       0   2          1  2
10-29-22-884781-001-0112222221211222221 1 5       0       0       0   2          1  2
06-17-87-544782-001-01222222            6         0       0       0   2          1  2
46-91-21-084782-001-0212222231211222221 1 6       0       0       0   2          1  2
89-56-35-034782-001-0322122221221222221 1         0       0       0   2          1  2
09-72-48-744783-001-0122122272221212224 1 2       0       0       0   2          1  1
95-47-39-494783-001-0322122241211122221 6         0       0       0   11617  2019   2
77-16-73-054783-001-0422122231221222224 1         0       0       0   2          1  2
79-66-60-704783-001-0622122241211212224 2 5  110000       0       0   116    2019   2
21-21-00-334785-001-01222222            6         0       0       0   2          1  2
18-38-75-744786-001-0122122231212222223 1         0       0       0   2          1  2
83-91-44-864788-001-0122122272211222223 1 6       0       0       0   2          1  2
97-53-31-514788-001-0312112241211112224 5 6       0       0       0   2          1  2
74-79-96-154789-001-0122122241211212223 1 6  190000       0       0   116    2019   2
29-77-71-614800-001-0122112271211222223 1 6       0       0       0   2          1  1
35-86-44-704800-001-02222222            1         0       0       0   2          1  2
04-03-40-974800-001-1022122272221222224 3 6       0       0       0   2          1  2
66-94-03-174800-001-19222222            1 6       0       0       0   2          1  2
87-21-08-094801-001-0112122272221222224 5 8       0       0  120000   2          1  2
84-03-14-864802-001-0122122272221222224 5 7       0       0   50000   2          1  1
08-11-25-784803-001-0212222231221122221 1         0       0       0   2          1  2
73-49-56-134804-001-01222222            1 3       0       0       0   2          6122
24-67-34-654805-001-0112112122221222224 1 2       0       0       0   2          1  2
87-26-62-634805-001-0522122172212222223 1         0       0       0   2          1  2
78-46-80-074806-001-0122122272222122225 5         0       0       0   2          1  2
60-52-94-104807-001-01222222            1 5       0       0       0   2          1  2
31-26-29-144807-001-0522122272221222224 1         0       0       0   2          1  2
84-78-41-064820-001-0112122272221222224 1 2       0       0       0   2          1  1
59-26-45-524820-001-0312222242211222223 6         0       0       0   2          7  2
37-89-07-714821-001-0122122172221222224 6         0       0       0   2          1  2
83-88-14-904821-001-0722122272211222224 6         0       0       0   2          1  2
29-50-42-334822-001-0122122141222222221 6         0       0       0   2          1  2
85-73-80-994822-001-0622122221222222221 1         0       0       0   2          1  2
39-17-25-574823-001-01222222            5         0       0       0   2          1  2
01-34-80-684824-001-01222222            810       0       0       0   2          1  2
58-67-39-474825-001-0122222172211222224 1 4       0       0       0   2          1  2
91-09-61-374826-001-0222112272211212224 1 2       0       0       0   2          1  2
51-20-55-514826-001-11222222            1 3       0       0       0   2          1  2
98-17-39-894829-001-0112222272221222224 1 2       0       0       0   2          1  1
17-85-72-984838-001-0122222172221222224 1 5       0       0       0   2          1  2
33-87-11-244839-001-01222222            1 8       0       0       0   2          1  1
17-43-17-874841-001-0122122122212222223 5 7       0       0 1440000   2          1  2
92-94-33-394841-001-0322222131222222221 4         0       0       0   2          1  2
76-69-80-584842-001-0122122121211222224 1         0       0       0   116    2018   2
15-67-33-214843-001-01222222            1         0       0       0   116    2015   2
35-77-92-814844-001-02222222            1 6       0       0       0   2          15 2
01-60-16-754845-001-0112122241221222221 4         0       0       0   2          1  2
95-50-06-674845-001-0312222121211122221 1         0       0       0   2          13 2
36-89-46-824858-001-0112122171222212126 5 6       0       0       0   2          1  2
93-91-00-814859-001-0122122211221222224 5 7       0       0       0   2          1  2
11-13-37-424860-001-01222222           10         0       0       0   2          1  1
84-10-16-274861-001-0112122221111122221 1         0       0       0   2          1  2
92-40-07-944862-001-0122122271211221227 5 7   48000       0       0   2          1  2
65-63-93-474863-001-0122122222111221224 6         0       0       0   116    2019   2
37-83-99-234864-001-0122212272221222224 5         0       0       0   2          1  2
80-07-40-894864-001-0412122271211122224 5         0       0       0   2          1  1
63-09-12-734864-001-0512112231211122221 6         0       0       0   2          1  2
61-20-48-064877-001-01222222            1 2       0       0       0   2          1  2
02-39-87-314878-001-0122122272211222223 1 2       0       0       0   2          1  2
80-02-63-904879-001-0112122271222222221 1 6       0       0       0   2          1  2
78-15-30-224880-001-0112222272211222224 5         0       0       0   2          1  2
07-30-00-564880-001-0212222272221222224 1 5       0       0       0   2          1  1
87-00-29-744880-001-03222222            5     20000       0       0   2          1  2
15-09-89-024881-001-01222222            6         0       0       0   2          1  2
20-18-08-464882-001-01222222            1 6       0       0       0   2          1  2
58-98-10-284883-001-01222222            1         0       0       0   2          1  2
74-65-01-514883-001-04222222            1 2       0       0       0   2          1  2
47-30-58-254895-001-0122112272221222224 1 8       0       0       0   2          1  1
83-48-46-444895-001-0322212272212222223 1         0       0       0   2          1  2
72-54-30-154895-001-0522112271212222223 6         0       0       0   2          1  2
06-47-27-704896-001-0122212222211222223 4 5       0       0       0   2          1  2
55-37-33-834897-001-0122122242212222223 1 5       0       0       0   2          1  2
87-09-78-694898-001-0122112272211211223 1 6       0       0       0   116    1993   2
83-14-14-024898-001-0422212271111222223 5         0       0       0   2          1  2
11-30-27-894899-001-0122112272221222224 4         0       0       0   2          1  2
42-87-18-364900-001-01222222            6 8       0       0       0   2          1  1
44-11-06-044901-001-0122212271221222224 1         0       0       0   2          1  2
66-05-57-514902-001-01222222            5         0       0       0   2          1  2
82-92-95-334914-001-0122122232221222224 7         0       0  240000   2          1  1
37-86-09-804915-001-01222222            1         0       0       0   2          1  2
84-99-81-334916-001-0122212242222221227 5 8       0       0       0   2          1  1
70-83-81-894917-001-0122122272221222224 6         0       0       0   2          1  2
12-86-91-664918-001-01222222            6 8       0       0       0   2          1  1
63-07-18-144919-001-01222222            1         0       0       0   2          1  2
50-74-04-804919-001-0222122212212222223 5         0       0       0   2          61 1
19-81-67-344920-001-0122122242221222224 5 6       0       0       0   2          1  1
62-49-93-004921-001-01222222            8         0       0       0   2          1  1
31-32-27-894934-001-0222212242221222224 1 6       0       0       0   2          1  1
18-03-94-104935-001-01222222            2 6       0       0       0   2          1  1
63-74-76-284936-001-0122212272221222224 5 6       0       0       0   2          1  2
22-44-45-564937-001-0112212272221222224 2         0       0       0   116    2020   2
20-59-92-394938-001-0122122272221222224 6         0       0       0   2          1  2
49-79-07-864938-001-0212112231211212211 5 6       0       0       0   2          1  2
16-74-03-084938-001-05222222            4         0       0       0   2          1  2
63-25-21-504939-001-01222222            1         0       0       0   2          1  1
03-44-97-894940-001-01222222            1 5  720000       0       0   2          1  2
27-50-87-344971-001-0122222142211222227 1 6       0       0       0   2          1  2
17-97-82-004971-001-0222122271111212221 6         0       0       0   116    2021   2
39-26-01-864972-001-0112222171211222221 1 6       0       0       0   2          1  1
30-25-28-774973-001-0222222171212222221 1         0       0       0   2          1  2
67-95-55-994973-001-0422212171212212223 6         0       0       0   1 8    2016   2
97-70-48-754974-001-0122222172221222224 3         0       0       0   2          1  2
13-71-79-354975-001-0122212171211222221 1 6       0       0       0   2          1  2
15-97-26-644976-001-0122222172211222224 5         0       0       0   2          1  2
37-13-74-754976-001-032222217222122222410         0       0       0   2          1  1
69-14-01-644978-001-01222222            1 6       0       0       0   2          1  2
77-11-61-744978-001-0322122242221222224 3 5       0       0       0   2          1  2
12-54-93-334978-001-0522212271111222223 6         0       0       0   2          1  2
84-34-29-434990-001-0222212242221222227 1 5       0       0       0   2          1  1
56-79-04-464991-001-0112212172211222224 6         0       0       0   2          1  2
85-74-34-934992-001-0122212272221222224 1 2       0       0       0   2          1  2
59-59-77-064993-001-01222222            1 5       0       0       0   2          1  2
29-14-89-654994-001-01222222            1         0       0       0   2          1  2
22-03-21-614995-001-01222222            6         0       0       0   2          1  2
82-93-80-804996-001-0122212271211222223 4 6       0       0       0   2          1  2
69-02-98-204997-001-0112212232221222224 1 2       0       0       0   2          51 2
91-35-17-355009-001-0112222242221222224 3 5       0       0       0   2          1  2
88-31-04-505009-001-03222222            1 3       0       0       0   2          1  2
45-67-40-695010-001-01222222            1 5       0       0       0   2          1  1
59-98-24-365011-001-01222222            1 8       0       0       0   2          1  1
10-20-55-115012-001-0112222272212222223 2 4       0       0       0   2          1  2
66-02-80-915013-001-01222222            1 2       0       0       0   2          1  2
87-78-39-465014-001-01222222            2         0       0       0   2          1  2
94-34-19-215015-001-01222222            1 2       0       0       0   2          1  2
11-03-49-695015-001-02222222            6         0       0       0   2          1  2
18-94-40-075016-001-01222222            2 5       0       0       0   2          1  2
10-04-57-615028-001-0112222272212222223 4         0       0       0   1 8    2018   2
43-79-50-755028-001-0222212222221221227 5 6       0       0       0   2          7  2
85-32-26-075029-001-0122212221211212221 5         0       0       0   2          1  2
50-23-60-365030-001-0112122272221222224 5         0       0       0   119    2016   2
39-21-14-585030-001-0412122272221222224 6         0       0       0   116    2020   2
21-10-51-275031-001-02222222            3 8       0       0       0   2          1  1
89-97-94-105032-001-0112222252211222223 1 2  840000       0       0   2          1  2
88-26-48-685032-001-0312222272211222223 5         0       0       0   2          1  2
25-26-48-115034-001-0112222231211222221 6         0       0       0   1 8    2017   2
84-82-31-125035-001-0112222222222221227 5         0       0       0   116    2020   2
81-48-24-725047-001-01222222            6         0       0       0   2          1  2
55-63-96-995048-001-0112222252211222223 6         0       0       0   2          1  2
57-88-08-505048-001-0322122272211222223 6         0       0       0   2          1  2
74-84-15-575048-001-04222222            6         0       0       0   116    2019   2
44-38-13-625049-001-0122212272212222223 6         0       0       0   2          1  2
53-32-10-735050-001-0112112232211111224 5 6       0       0       0   2          1  2
16-17-31-145051-001-011221222222122222410         0       0       0   2          1  1
05-61-84-715051-001-03222222            5         0       0       0   2          1  2
12-54-70-115051-001-05222222            1         0       0       0   2          1  2
40-48-42-935052-001-0112222271211222221 6         0       0       0   2          1  2
31-68-70-085053-001-02222222            8    150000       0       0   2          1  1
11-15-22-175054-001-0112212241211211223 5 6       0       0       0   2          1  1
85-92-56-865066-001-0122222172221222223 3 6       0       0       0   2          1  2
41-04-66-705066-001-05222222            6         0       0       0   2          1  1
29-03-15-915067-001-0122222121111211123 3 4       0       0       0   2          1  2
44-59-43-785068-001-01222222            2         0       0       0   2          1  2
72-69-78-165069-001-01222222            2         0       0       0   2          1  2
56-72-06-275070-001-01222222            3         0       0       0   2          1  2
98-26-72-135070-001-0322222172221222224 6         0       0       0   2          1  2
14-01-19-875071-001-0122222152221222224 1 2       0       0       0   116    2005   1
14-19-72-275072-001-01222222            2 3       0       0       0   2          1  2
18-87-03-635073-001-0112122111211222223 4         0       0 5000000   116    2020   1
83-01-69-835085-001-0112222241211222224 5 6       0       0       0   2          1  1
98-44-73-355086-001-01222222            1 2       0       0       0   2          1  2
25-85-02-565087-001-01222222            1 3       0       0       0   2          1  2
55-38-00-935088-001-01222222            6         0       0       0   2          1  2
99-41-28-595089-001-0112222222211222224 8         0       0  600000   2          1  2
56-66-54-795090-001-0112222222222212226 1         0       0       0   2          1  2
94-36-12-695091-001-0112222272221222224 1         0       0       0   2          1  2
83-51-28-255092-001-01222222            4 6       0       0       0   2          1  2
34-09-28-385105-001-0122212271222222221 6   2160000       0       0   2          1  2
11-09-42-765107-001-0122112232221222224 5         0       0       0   2          1  2
03-45-70-945108-001-0122112221211212223 5 6       0       0       0   2          1  2
48-03-96-895109-001-0112112222211212224 5   1800000       0       0   2          17 2
93-52-40-275110-001-0112212212211222223 6         0       0       0   2          6  2
24-04-48-765111-001-0122112272221222214 6         0       0       0   2          1  2
40-03-26-065111-001-0222122271222222221 5 6       0       0       0   2          1  2
13-54-48-285127-001-0112112222211122225 5    523000       0       0   2          1  2
14-93-39-355130-001-0112212272211222224 7         0       0 1250000   2          1  2
67-20-84-575131-001-0122122221211222221 5 6       0       0       0   116    2017   2
17-62-01-085132-001-0112222111211222221 6         0       0       0   1 8    2020   1
55-28-79-265133-001-0122112271111212221 6         0       0       0   117    2020   2
00-96-71-975143-001-0122122272211222224 6         0       0       0   2          1  2
45-64-99-215144-001-0122212242211221224 5    360000       0       0   2          1  2
41-48-55-905146-001-0222112271221222224 5         0       0       0   1 3 8  2015   2
17-34-97-005147-001-0112112271211122213 5         0       0       0   1 8    2013   2
44-41-11-215152-001-0112112271211222223 6 8       0       0       0   2          1  1
74-17-49-045152-001-0322112221211222221 5         0       0       0   1 8    2021   2
13-88-45-245153-001-0122112271211122225 5         0       0  400000   2          1  2
60-48-84-865162-001-0222112241211222221 5         0       0       0   1 8    2019   2
61-72-29-745168-001-0122212271211112211 5 8       0       0       0   2          1  1
89-55-84-785168-001-0222112231111222221 5         0       0       0   117    2012   2
05-74-42-735169-001-0122112241111122225 6         0       0       0   1 9    2012   1
01-63-14-035170-001-0122112251221222224 5         0       0       0   2          1  2
01-19-56-685170-001-0422211242221222223 5         0       0       0   2          1  2
64-17-97-375171-001-0122212221211122223 5         0       0       0   116    2011   2
75-41-34-455180-001-0122212211211122221 6         0       0       0   1 8    2007   2
07-08-29-865182-001-0112112221111222211 6   2400000       0       0   1 816  2003   2
41-85-46-235183-001-0122112242111122225 6   7000000       0       0   1 817  1996   2
91-68-31-455184-001-0122112221111122213 6         0       0       0   1 3 8252006   2
12-31-89-985186-001-0122122221112112223 6         0       0       0   1 816172005   2
84-26-77-425202-001-0122122272222221227 5         0       0       0   2          1  2
65-79-70-425203-001-01222222           10         0       0       0   2          1  1
25-87-86-915204-001-0122112272221222224 5 6       0       0       0   2          1  2
07-76-87-785205-001-0212112271211222124 8         0       0       0   2          3  2
82-29-14-195207-001-0112112221111112215 5         0       0       0   116    2019   2
45-44-32-565218-001-0122212272211122224 5         0       0       0   2          1  2
56-86-40-505219-001-0121122211211121223 5         0       0  150000   2          2  1
85-66-89-755220-001-0112212221211222223 5         0       0       0   11516  2018   2
21-19-85-695220-001-0612212271211212221 6         0       0       0   1 8    2004   2
01-55-98-585221-001-0112212272221222214 5         0       0       0   2          1  2
71-46-78-615222-001-0211222271111122221 6         0       0       0   2          1  2
65-33-89-345223-001-0122112251211122223 5   2000000       0       0   116    2021   2
80-84-09-325224-001-0122112271211112224 6         0       0       0   116    2017   2
93-09-91-355224-001-0222122241221212224 6 8       0       0       0   2          1  1
23-23-07-215224-001-03222222            5 6       0       0       0   116    2013   2
23-20-97-075228-001-0112112271221122223 5 6       0       0       0   2          1  2
94-55-33-915228-001-0222112221211112214 5 8       0       0       0   2          1  2
46-71-16-365228-001-0912112221211112225 5 8       0       0       0   2          1  2
11-99-21-965238-001-0122212272211222224 7   1800000       0       0   2          3  2
59-60-16-185240-001-0122212272211122225 5 8       0       0       0   2          1  2
74-22-57-095241-001-0112112221211122224 5         0       0       0   116    2019   2
54-99-57-065241-001-0222121231211122225 5 6       0       0       0   2          1  2
55-30-92-445242-001-0112112221111122221 6         0 1200000       0   119    2019   2
31-85-61-415244-001-0112112221111111221 5   5400000       0       0   2          1  2
02-32-95-595245-001-0112112221111111215 5         0       0       0   1 3 8162008   2
40-20-38-565256-001-0122112221211222221 5         0       0       0   119    2008   1
64-89-87-105257-001-0112112221211211227 5         0       0       0   1 8    2015   1
01-30-37-925258-001-0212212221111111213 6         0       0       0   1 816  2018   2
84-21-69-365260-001-0122112272211222224 6         0       0       0   1 8    2011   2
72-15-66-955261-001-0112112121211122221 5 8 1440000       0       0   2          1  1
49-22-90-255263-001-0112212221211112223 5   4000000       0  400000   1 8    2003   2
76-48-76-235275-001-0122212241211222221 5         0       0       0   2          1  2
62-56-55-855277-001-0122112232211222223 5         0       0       0   2          1  2
34-37-01-015277-001-0612112222212222223 6         0       0       0   116    2015   2
86-02-89-525278-001-0112112242211212224 6         0       0       0   2          1  2
06-07-05-325279-001-0212222221211222223 6         0       0       0   2          1  1
88-84-54-605280-001-0122122272221222224 6         0       0  250000   2          1  2
97-40-54-245281-001-0122122271212222221 5         0       0       0   2          1  2
95-14-71-785283-001-0122112241211222224 5         0       0       0   2          1  1
13-56-55-765294-001-0112112212211222223 5         0       0       0   2          1  2
09-35-53-515295-001-0122112272111222224 5         0       0       0   2          1  2
83-64-12-665296-001-0112112252211222224 6         0       0       0   116    2019   2
36-71-44-485296-001-0412122222211222223 5         0       0       0   1 816  2020   2
82-32-82-665298-001-0112112271211222224 5         0       0       0   1 819  2020   2
38-91-78-915300-001-0122112271211212221 5 6       0       0       0   1 8    2017   2
14-25-58-455303-001-0112222221211222221 1 5 2760000       0       0   125    2019   2
43-47-25-485313-001-0122112272211222224 6         0       0       0   2          1  2
59-75-89-445314-001-0112122221111222223 5 6       0       0       0   1 8    2019   2
33-25-48-505316-001-0112212241111122225 5         0       0       0   1 8    2014   2
03-34-75-965318-001-0112212241211212224 1         0       0       0   2          1  2
86-62-84-505319-001-0112212211111122223 5 613560000       0       0   116    2009   2
75-15-04-695320-001-0112112221111112223 6         0       0       0   122    2010   2
43-91-43-845323-001-0212212271211122225 6         0       0       0   1 9    2018   2
21-75-27-695333-001-0212112142211122225 4         0       0       0   116    2020   2
17-86-06-055334-001-0222112222221222224 6   1000000       0       0   2          1  1
37-88-09-875334-001-0422112221221222224 610 1140000       0       0   2          1  1
84-44-21-985334-001-1222122211111112221 6         0       0       0   2          1  2
22-96-94-525335-001-0222212221211222224 5    600000       0       0   2          1  1
94-90-68-895336-001-0112212272211222224 5         0       0       0   1 8    2013   2
17-08-19-255337-001-0112112211211122223 6         0       0       0   116    2000   2
05-23-98-895339-001-0122212272211222223 5         0       0       0   2          1  2
89-81-22-005340-001-0112212231211212221 5 6       0       0       0   1 816  1999   2
28-34-52-785340-001-0512112272211222223 5         0       0       0   2          3  2
03-84-38-535351-001-0122122231211122223 6         0       0       0   111    2020   2
01-83-60-195351-001-0212121241221222224 8         0       0       0   2          1  1
09-95-50-425352-001-0122212271111122215 5 6       0       0       0   1 821  2016   2
60-07-91-165353-001-0122212241211222224 6         0       0       0   2          1  2
19-74-16-955354-001-0122112221111112221 5         0       0       0   2          1  2
99-02-84-995357-001-0112212172211222224 5         0       0  200000   2          1  2
82-70-66-935358-001-0112112221211112221 5 6       0       0       0   116    2003   2
74-93-09-745361-001-0122212221211112226 5 6       0       0       0   116    2004   2
25-04-99-495370-001-0112212222221222224 5 8       0       0       0   2          1  2
21-97-56-165372-001-0112212221211122224 5         0       0       0   2          1  1
29-45-94-815373-001-0112112221111122223 6         0       0       0   116    2018   2
42-78-88-255374-001-0122112231211122221 5         0       0       0   116    2008   1
22-84-85-635375-001-0112212271211212224 5   1600000       0       0   116    2011   1
90-21-94-205375-001-0312212271211222223 6         0       0       0   116    2018   2
74-04-76-755376-001-0122112272221222224 5         0       0       0   2          1  2
49-96-09-535392-001-0122112121211112223 5 6       0       0       0   116    2002   2
86-61-12-525393-001-0122212221211122223 6         0       0       0   116    2007   1
24-42-81-995395-001-0122112211111112223 5 6       0       0       0   1 8    2010   2
77-53-54-395396-001-0112212221211222221 3 6       0       0       0   116    2012   2
71-29-17-945397-001-0122122111211222221 5 6  415000       0       0   116    2008   2
44-37-95-025400-001-0112212211111222221 6         0       0       0   1 816  2010   2
74-05-17-775409-001-0122212171221222224 5   1800000       0       0   2          1  2
53-63-74-275410-001-0112112221211122225 5 6       0       0       0   1 8    2018   2
48-78-00-745411-001-0122212272211222226 5         0       0  200000   2          1  2
35-15-55-425412-001-0112212272221212224 5         0       0       0   2          1  2
89-13-50-435413-001-0122112262221212224 6         0       0       0   2          3  2
20-63-28-325414-001-0122122272211222224 4         0       0       0   2          7  2
03-48-02-995414-001-0522122252212122124 5         0       0       0   116    2018   2
99-52-69-845415-001-0122112222111222223 5         0       0       0   1 1    2018   2
81-08-80-445427-001-0122212271211222224 5         0       0       0   116    2018   2
84-06-03-855429-001-0112112221111112223 6         0       0       0   1 811  2006   2
13-12-10-355429-001-0222212271211222224 5         0       0       0   2          1  2
81-96-90-165430-001-0122112271211222221 5 6       0       0       0   1 8    2005   2
58-42-38-985431-001-0122122221212222221 510 2328000       0       0   2          7  2
05-64-34-945433-001-0122112221111112221 1 2 1200000 4800000       0   1 817  1998   2
38-73-16-035434-001-0122212271211221224 5 7 1260000       0       0   2          1  2
47-54-92-465446-001-0112112221211212221 5 6       0       0       0   2          7  2
38-02-99-865447-001-0112212272222221227 5 6       0       0       0   2          1  2
49-33-69-825447-001-0322122272121222227 6         0       0       0   2          1  2
98-53-16-545449-001-0112122212211221223 5 6       0       0       0   1 816  2021   2
65-00-16-015450-001-0112112241221122224 5    600000       0       0   1 8    2019   2
10-28-04-695451-001-0122112272221222224 5         0       0       0   2          1  1
43-33-92-975456-001-01222222            5         0       0       0   2          1  2
17-92-39-335458-001-0112112221211112215 6         0       0       0   2          1  2
82-76-47-585458-001-0312112221111112225 5         0       0       0   116    2018   2
63-15-48-135458-001-0422212271211222221 6         0       0       0   2          1  2
68-81-50-135458-001-0522112121111222224 6         0       0       0   2          1  2
08-15-71-455468-001-0122112272112222222 6         0       0       0   2          1  1
50-00-32-665469-001-0122112272211122223 6         0       0  210000   2          1  2
27-19-08-105471-001-0112212272222222221 5 6       0       0       0   2          3  2
80-15-86-315471-001-0222112221211222223 5         0       0       0   2          1  2
77-36-55-835473-001-01222222            610       0 1200000       0   1 1    2004   2
17-51-06-005474-001-0122112231211212223 5 6       0       0       0   2          1  2
41-68-12-115474-001-0212122242221212224 5         0       0       0   2          1  2
20-70-51-825475-001-0112212131211222224 6         0       0       0   2          1  2
47-48-66-405476-001-0122112242221122224 1 8  180000       0       0   2          1  1
49-13-11-655484-001-0112112241111222211 6         0       0       0   1 616  2010   2
86-93-20-115485-001-0122112241211122224 5         0       0       0   116    2020   2
31-45-41-115486-001-0112222241211222224 5   2400000       0       0   2          1  2
66-94-54-605487-001-0122111252211222224 5 6  420000       0       0   1 8    2009   2
88-27-19-895487-001-0812112111211122224 4 6       0       0       0   1 8    2014   2
53-91-40-315489-001-0112212271211122224 6         0       0       0   2          1  2
12-32-78-575490-001-0112111221111122223 5   340000020400000       0   119    2013   2
24-74-23-235490-001-0322211221111222221 6         0       0       0   111    2017   2
53-45-74-685505-001-0112212241211122224 7         0  150000       0   116    1996   1
20-73-66-195505-001-0212112121111112213 5 6       0       0       0   2          1  2
47-37-81-695507-001-0122122271211122221 5         0       0       0   116    2018   2
44-00-58-985507-001-0522212171221212224 6         0       0       0   2          1  1
48-67-40-545509-001-0122112121211121224 5 8  300000       0       0   125    2019   1
08-95-01-365509-001-0522212272211222224 6         0       0       0   1 6    2014   2
92-35-01-025513-001-0312222241111122221 5 6       0       0       0   116    2013   2
73-86-17-645514-001-0122112271211122225 1 5       0       0       0   2          1  2
80-94-00-015522-001-0122212241111122225 6         0       0       0   2          1  2
93-50-85-495524-001-0112212272222212226 6         0       0       0   2          1  2
14-29-81-005524-001-0312222171111221213 6         0       0       0   2          1  2
43-33-33-255525-001-0122112231211122225 6         0       0       0   2          1  2
60-30-64-855526-001-0122112271211222221 5         0       0       0   2          1  2
23-71-04-945527-001-0112212231111212224 5         0       0       0   2          1  1
71-78-60-805528-001-0112122272221121224 6         0       0       0   2          1  2
22-58-79-145529-001-0112122141211222224 7 8       0 3840000       0   116    2016   1
65-69-75-995529-001-0322112121211112225 6 8       0       0       0   116    2020   1
19-23-47-965541-001-0122212272221222224 5 6       0       0       0   2          1  2
66-88-55-185543-001-0122212221212212221 6         0       0       0   1 8    2018   2
95-07-34-025543-001-0222122271221222221 6         0       0       0   2          1  2
84-98-35-825544-001-0212222272211222224 5         0 1200000       0   116    1980   1
69-11-26-365545-001-0122122221211212221 5 6       0       0       0   2          1  2
53-11-60-075546-001-0112212241211122221 5 8 1800000  640000       0   119    2008   1
81-69-84-395547-001-0122212221211122224 5         0       0       0   1 816  1995   2
84-87-72-595550-001-0112122242221122225 7         0       0       0   2          1  2
52-99-24-535562-001-0122112221211211124 6         0       0       0   2          7  2
29-20-77-815564-001-0122122282221222224 8         0       0       0   2          1  2
61-02-09-785564-001-0222112211111112211 5         0       0       0   2          1  2
93-13-36-025565-001-0112212272211222224 6         0       0       0   2          1  2
57-60-09-895566-001-0112212271211222224 6         0       0       0   2          1  2
72-89-66-515566-001-0222122271211222224 5         0       0       0   2          1  2
70-02-98-975566-001-0322112271111212213 6         0       0       0   2          1  2
54-58-61-125566-001-0622112241211222224 5 6       0       0       0   116    2016   2
06-45-10-135566-001-0722112272221222224 6         0       0       0   2          1  2
66-41-47-675567-001-0122122242111222224 5         0       0       0   2          1  2
62-17-74-785570-001-0122212272211222224 6         0       0       0   1 8    2020   2
88-62-76-335570-001-02222222            6         0       0  100000   2          1  2
73-37-54-445579-001-0222122241221112226 6         0       0  200000   1 8    2020   2
85-60-57-925579-001-0312212212221222224 6         0       0       0   2          1  2
53-74-80-355579-001-0522212142222122225 5         0       0       0   2          1  2
95-18-99-895581-001-0122212131221221224 5         0       0       0   2          1  2
86-58-89-005581-001-0222212272221221227 6 8       0       0       0   2          1  1
43-85-65-435582-001-0112112232211222214 5 6       0       0       0   1 816  1992   2
52-27-83-635582-001-0722122272221222224 5    300000       0       0   2          3  2
86-58-49-115582-001-0812112151111122223 5 6       0       0       0   1 816  2017   2
58-05-44-885582-001-0922122231211222224 6         0       0       0   2          3  2
40-01-55-035584-001-0112222222211222224 5 6       0       0       0   1 8    2001   2
95-26-88-185585-001-0122212271111122225 6         0       0  300000   1 8    2015   1
95-02-37-555586-001-0112112271211222221 5         0       0       0   116    2020   2
93-34-85-305588-001-0122112241211222221 5 6       0       0       0   2          1  2
48-33-57-295601-001-0122112272221222224 6         0       0       0   2          1  1
39-00-15-065602-001-0122212242211222224 5         0       0       0   2          1  2
38-68-59-135602-001-0222122141211122223 5         0       0       0   2          1  2
35-24-24-705603-001-0122112232221122225 4         0       0       0   2          1  2
69-67-14-925604-001-0112112152221221224 6         0       0       0   1 8    2010   1
90-64-93-585605-001-0112112231221122214 5 6       0       0       0   125    2020   2
30-89-84-265606-001-0122122241212112225 5 6       0       0       0   1 8    2015   2
91-10-13-905608-001-0122212272211222224 5 8 2100000 1512000       0   11619  1996   1
75-52-06-305608-001-0422112272211222224 6         0       0       0   2          1  2
36-54-86-745608-001-0522112221211222224 5         0       0       0   110    2018   2
65-00-65-835617-001-0122112272211222128 5 6       0       0       0   2          1  2
10-78-08-685618-001-0122112221211222223 6         0       0       0   2          1  2
35-07-90-235620-001-0122112272221222224 5 8       0       0       0   2          1  2
38-99-80-345620-001-0322112251211222224 5 6       0       0       0   2          3  2
09-59-77-675620-001-0422122272221212224 6         0       0       0   2          1  2
22-79-71-245621-001-0122112151211122223 6         0       0       0   11621  2014   2
46-47-87-295623-001-0122112271111222223 5         0       0       0   2          1  2
64-24-38-895628-001-0222122271211222224 5 6       0       0       0   2          1  2
13-17-92-715655-001-0122112241211122225 6         0       0       0   117    2017   2
40-76-87-095658-001-0112112111111211211 5         0       0       0   1 4 8162015   2
56-98-08-805659-001-0122212222211122223 4         0 1939000       2   1 816  2010   2
37-32-55-415659-001-0212122221211122215 5         0       0       0   1 816212012   2
52-25-64-035661-001-0122112221211222223 6         0       0       0   1 810  2019   2
89-10-48-895662-001-0111112211111122221 5         0       0       0   1 3    2014   2
04-72-52-935663-001-0212112241211222224 7 8       0  180000       0   11617  2005   2
71-69-21-575664-001-011212222221122222410   1800000 6240000       0   116    2012   1
99-90-90-775664-001-0412212271211212224 1 8       0       0       0   2          1  1
59-36-96-795674-001-0122112221211112211 6         0       0       0   116    2018   2
33-20-74-755675-001-0122122272211222223 6         0       0       0   2          1  2
61-73-49-665675-001-0222112271211222224 6         0       0       0   2          1  1
86-66-81-365677-001-0122112272211122224 8         0       0       0   1 8    2010   2
76-87-74-685677-001-0222212252221222224 6         0       0       0   2          1  2
46-26-04-315677-001-0322112271212222223 6         0       0       0   2          1  2
05-31-65-365678-001-0122122241211211226 5         0       0       0   2          1  2
79-74-42-255678-001-0221122241111222221 6         0       0       0   2          1  2
24-49-93-785679-001-0112212272211222223 5 6       0       0       0   2          1  1
71-80-18-745680-001-0122112232221121226 5         0       0  150000   2          1  2
05-01-30-395684-001-0122112271211222221 6         0       0       0   2          1  2
01-27-84-485684-001-0222112221221222224 5 6       0       0       0   2          1  1
82-25-26-415693-001-0122122272221222224 1 4       0       0       0   2          1  2
11-19-24-005694-001-0122122272221222224 6         0       0       0   2          1  2
08-62-77-615694-001-0222122272221222224 6         0       0       0   2          1  2
94-78-24-505695-001-0112112231111221223 1         0       0       0   116    2020   2
22-22-24-345695-001-0322112221221121221 6         0       0       0   2          1  2
53-17-72-605696-001-0122112242211122224 1 6       0       0       0   2          1  2
37-78-83-385697-001-0122112272221222224 5         0       0       0   2          1  2
65-23-24-115698-001-02222222            6         0       0       0   2          1  2
17-53-58-105699-001-0222112272121222221 5 6       0       0       0   2          1  2
47-70-61-565699-001-0312112221221212224 6         0       0       0   116    2016   1
61-48-38-415699-001-0522122272211222223 6         0       0       0   125    2020   2
17-95-04-885700-001-0222212272211222224 5         0       0       0   2          1  1
79-17-61-025712-001-0122212271211222223 6         0       0       0   117    1998   2
98-98-42-615715-001-0222122271221122221 5         0       0       0   2          1  2
68-17-16-865716-001-0122112232212222223 5         0       0       0   2          7  2
58-27-67-845717-001-0112112221211122225 6         0       0  400000   1 8    2012   2
67-56-06-175719-001-0122122212211212224 4 5       0       0       0   116    2018   1
92-97-79-035719-001-0322122231211222224 6         0       0       0   1 9    2017   2
65-48-46-485720-001-0222122271111212226 5 8       0       0       0   2          1  2
46-41-62-535732-001-0212112141221112214 5    360000       0       0   1 3    2015   2
51-42-13-995733-001-0122112221221212221 5 8       0       0       0   2          1  1
19-11-34-715734-001-0122112272211222223 5         0       0       0   2          1  1
30-34-03-135735-001-0122122272212222223 5         0       0       0   2          1  2
77-41-15-355736-001-0122112222211222223 1         0       0       0   2          3  2
36-31-65-125737-001-0112112272211222223 6         0       0       0   2          1  2
96-24-36-025739-001-0122112241111222211 1 2 1080000       0       0   2          1  2
24-73-51-955751-001-0112212251211222223 5 6       0       0       0   2          3  2
32-74-79-045752-001-0122122271211222221 6         0       0       0   2          1  2
83-47-63-755754-001-0122212282221222224 6         0       0       0   2          1  1
85-06-94-305755-001-0122112112211222223 5         0       0       0   125    2020   2
59-32-76-755755-001-0222212122211122224 5         0       0       0   1 8    2017   1
33-52-85-185756-001-0112112241211122224 5         0       0       0   2          1  2
57-91-11-625757-001-0122112241111222221 6         0       0       0   125    2017   1
28-13-11-195757-001-0312122271211222221 510  300000  380000       0   116    2007   2
10-82-69-775759-001-0122112221211222224 8         0       0       0   2          1  2
33-71-00-285769-001-0122222121211122224 1 2  200000       0       0   2          36 2
92-79-67-435770-001-01222222            1         0       0       0   2          15 2
94-45-36-565770-001-0212222271222212226 1         0       0       0   2          15 2
53-27-69-225771-001-02222222            1 8       0       0       0   2          1  2
07-56-66-105771-001-03222222            1 6       0       0       0   2          1  2
79-00-92-685772-001-0122222172221222224 1 5       0       0       0   2          1  2
47-78-47-795772-001-02222222            1         0       0       0   2          1  2
68-92-99-575772-001-0422222171222222221 1 6       0       0       0   2          1  2
02-53-46-615773-001-01222222            5         0       0       0   2          1  2
05-37-40-065774-001-01222222            1 5       0       0       0   2          1  2
18-79-73-945775-001-0122122142211222224 1 2       0       0       0   2          1  2
84-53-36-535775-001-03222222            1 6       0       0       0   2          1  2
37-14-46-625776-001-03222222            1 2       0       0       0   2          1  2
28-56-69-975788-001-0112212151221222224 1 6       0       0       0   2          1  1
23-80-10-385789-001-0112222242221212224 1 6       0       0       0   2          1  2
35-74-54-215790-001-0122212271211222221 1 6       0       0       0   2          71 2
22-28-98-695792-001-0122222121211222221 1 6       0       0       0   2          13 2
67-04-67-565793-001-0222122271221212227 1 6       0       0       0   2          1  2
68-80-66-675794-001-01222222            1 5       0       0       0   2          1  2
83-43-16-345795-001-0112222211211222223 1 5       0       0       0   2          4  2
22-63-12-955807-001-0122212272221222224 5 6       0       0       0   2          1  2
31-53-02-275808-001-0112112141211122224 5 6       0       0       0   2          1  2
61-37-81-585809-001-01222222            110       0 3600000       0   116    2010   2
21-50-80-185810-001-0112122122211222223 5 8       0       0       0   2          1  1
27-84-25-055811-001-0122122271221222221 6 7       0       0       0   2          1  2
13-99-04-575811-001-0322212271212212223 6         0       0       0   2          1  2
17-30-36-215812-001-01222222            6         0       0       0   2          1  2
10-14-40-395812-001-0222212222222222224 5 6       0       0       0   2          1  2
26-51-57-725812-001-09222222            8         0       0  100000   2          1  1
24-24-46-685813-001-0112112221211122221 6    300000       0       0   110    2013   2
19-25-98-045814-001-0112212272212222223 5 7 4200000 3000000       0   116    2008   2
63-25-00-935826-001-0122212271222222221 1 6       0       0       0   2          1  2
37-34-49-635826-001-0322212252221222224 1 6       0       0       0   2          1  2
08-26-71-405827-001-0112222271211222226 5         0       0       0   2          1  2
92-97-95-535827-001-04222222            1 6       0       0       0   2          1  2
48-13-95-645828-001-0112222271221222221 1         0       0       0   2          1  2
21-65-22-885829-001-01222222            1 2       0       0       0   2          1  2
94-76-69-885829-001-03222222            1 6       0       0       0   2          1  2
72-88-82-085829-001-04222222            1         0       0       0   2          15 2
74-91-94-845830-001-0122122231211222223 1 2       0       0       0   2          3  2
20-78-60-485831-001-0122122221211222221 1 5       0       0       0   2          15 2
30-83-13-845832-001-0122112271221222224 1 2       0       0       0   2          1  2
52-82-77-115832-001-0322212272211222224 1 6       0       0       0   2          1  2
32-42-68-555833-001-0122212272211222224 1 6       0       0       0   2          1  1
58-84-38-085845-001-01222222            1 6       0       0       0   2          1  2
11-39-67-375846-001-01222222            1    140000       0       0   2          1  2
42-22-06-975847-001-01222222            1 5       0       0       0   2          1  2
00-04-51-535847-001-03222222            1 6       0       0       0   2          1  2
29-25-55-645847-001-0512222242212222223 6         0       0       0   2          1  2
19-13-10-225848-001-0412122271211212224 1 7       0       0       0   2          1  2
59-35-72-905849-001-0112222171222222221 1 8       0       0  120000   2          1  2
38-54-59-265850-001-01222222            6         0       0       0   2          1  2
44-93-96-145851-001-01222222            6         0       0       0   2          1  2
70-86-81-135851-001-03222222            1         0       0       0   2          1  2
91-80-40-095851-001-04222222            1         0       0       0   2          1  2
52-17-86-975851-001-09222222            1 6       0       0       0   2          1  2
96-92-93-895851-001-10222222            6 8       0       0   50000   2          1562
03-67-88-375852-001-0112222272222222224 1 6       0       0       0   2          1  2
62-87-05-555864-001-01222222            5 6       0       0       0   2          1  2
10-06-36-805864-001-0512222272211222223 5         0       0       0   2          1  2
46-07-29-055865-001-0112222272221222224 1 6       0       0       0   2          1  2
08-02-76-675866-001-0112222272211222224 4 5  420000       0       0   2          1  2
37-35-29-125868-001-01222222            6 7  100000       0       0   2          1  2
77-63-66-905869-001-0112222272211222214 5 6       0       0       0   2          1  2
28-63-80-025870-001-0112212231211222221 1         0       0       0   2          1  2
20-23-28-815871-001-0222212272221222224 5 8       0       0       0   116    2018   1
44-04-54-775872-001-0112222272221222224 6 8       0       0       0   2          1  2
20-76-31-705883-001-0112222281221222224 1         0       0       0   2          1  2
64-76-70-495883-001-0212222151221222221 1         0       0       0   2          1  2
33-09-32-845883-001-06222222            1         0       0       0   2          1  2
36-17-87-865884-001-0112222171111122211 1 7       0       0       0   1 816  2012   2
74-22-61-415885-001-01222222            1 6       0       0       0   2          1  2
78-86-78-615886-001-0112122272212222223 1 6       0       0       0   2          1  2
23-97-33-545886-001-02222222            1         0       0       0   2          1  2
75-03-15-465887-001-0112222272211222224 1         0       0       0   2          1  2
43-75-62-755887-001-02222222            1         0       0       0   2          1  2
79-80-98-585890-001-0112222272211222224 1 5       0       0       0   2          1  1
95-27-24-015890-001-04222222            1         0       0       0   2          1  2
12-84-18-265890-001-05222222           10         0       0       0   2          1  1
93-71-44-485891-001-0212222171222222221 5         0       0       0   2          1  2
40-38-66-585892-001-01222222            8         0       0       0   2          1  1
22-22-59-955902-001-0112222272211212226 5 6  300000       0       0   2          1  2
03-84-91-665903-001-0112222271222222221 5    120000       0       0   116    2010   2
13-22-21-625903-001-0412222272211222223 6         0       0       0   2          1  2
17-58-37-025903-001-0912222271211222213 1 5       0       0       0   2          1  2
10-50-11-075904-001-071222227222122222410         0       0       0   2          1  1
67-59-94-205906-001-01222222            1         0       0       0   2          1  2
76-63-95-625907-001-01222222            1 2       0       0       0   2          1  2
25-11-43-665908-001-0112222272211222223 6 7  120000       0       0   2          1  2
15-35-33-895909-001-0112222272211222224 1         0       0       0   2          1  2
68-01-22-225909-001-0212222272211222223 1 5       0       0       0   2          1  2
66-21-25-855911-001-0112222272211222214 1 5       0       0       0   2          1  2
04-94-42-315921-001-0112222272221222224 5    480000       0       0   2          1  2
38-93-36-285924-001-0112112241212122225 6 7 1200000       0       0   116    2005   2
41-02-03-455926-001-0112122272212222223 6         0       0       0   116    2015   2
72-79-15-245927-001-0112222271122222221 6         0       0       0   2          1  2
42-54-67-885928-001-0122212272212222223 5         0       0       0   2          1  2
95-81-73-095929-001-0112222272211222224 6         0       0       0   2          1  1
57-81-79-875929-001-0212212271221212226 6         0       0       0   2          1  2
47-03-39-285930-001-0112222221111211221 3 6       0       0 1700000   1 8    2014   2
63-22-91-285940-001-01222222            1 6   98000       0       0   2          1  2
99-00-64-745941-001-0112222252221222224 1 8       0       0       0   2          1  1
73-55-94-915941-001-04222222            1         0       0       0   2          1  2
96-92-79-065941-001-0512222221211122221 1         0       0       0   2          1  2
76-51-31-465941-001-0612222271222222221 1         0       0       0   2          1  2
20-34-67-305942-001-02222222            8         0       0       0   2          1  2
23-96-25-195942-001-03222222            1 6       0       0       0   2          1  2
44-44-29-875943-001-01222222            110       0       0       0   2          1  1
22-41-43-445945-001-0112222251211222221 1         0       0       0   2          1  2
02-34-38-525945-001-0312222141222222221 6         0       0   90000   2          1  2
79-34-82-765946-001-0112222272221222128 1 6  250000       0       0   2          1  1
71-24-70-235946-001-0312222272211222128 1 6       0       0       0   2          1  2
99-99-38-585947-001-0112222231211222223 6         0       0       0   116    2010   2
71-84-74-895949-001-0112122271211222221 1 6       0       0       0   2          1  2
71-02-68-735959-001-0112212241211212226 6         0       0       0   1 5    2018   2
90-97-94-285960-001-0212222242221222224 5 8       0       0       0   2          1  1
75-97-06-905961-001-0212222272221222224 5 8       0       0       0   2          1  2
46-18-20-365962-001-01222222            6    100000       0       0   1 8    2012   2
24-11-85-385963-001-0112222211211122221 1 5  360000       0       0   2          1  2
56-30-03-125963-001-02222222            1         0       0       0   2          1  2
60-11-48-655965-001-01222222            8         0       0       0   2          1  1
77-40-44-475966-001-0112122271221122221 5 6       0       0       0   116    2019   1
05-95-47-035978-001-0212212272211222224 1 8       0       0       0   2          1  1
36-27-61-515979-001-0112222272221222224 5 6       0       0       0   2          1  2
52-56-40-355980-001-0112222271221212219 6         0       0       0   2          15 2
57-20-33-945982-001-0112212221111122223 6         0       0       0   116    2014   2
24-59-59-235983-001-0112222272222221226 5 6       0       0       0   2          1  2
60-33-80-915984-001-0112112241211112223 1 4       0       0       0   2          1  1
86-55-81-365984-001-0412222271211222221 6         0       0       0   2          7  1
46-74-15-535985-001-0112222211211222221 1 7       0       0  300000   2          1  2
75-90-98-165985-001-0312222272212222223 6         0       0       0   2          1  2
66-05-92-815997-001-0112222211111122223 1 5       0       0       0   2          5  2
59-55-57-895998-001-01222222            1         0       0       0   2          1  2
93-05-23-975999-001-01222222            1         0       0       0   2          1  2
02-23-99-716000-001-01222222            1         0       0       0   2          1  2
64-89-37-396001-001-01222222            8         0       0       0   2          1  1
13-03-41-286002-001-01222222            1 6       0       0       0   2          1  2
81-54-24-306003-001-01222222            1         0       0       0   2          1  2
62-68-30-916004-001-01222222            810       0       0       0   2          17 2
29-95-19-426016-001-0222222171111112224 4 5       0       0       0   2          6  2
09-64-88-486017-001-0112222212212222223 6         0       0       0   2          1  1
53-68-94-866018-001-0112212172221222221 1 5       0       0  100000   116    2020   2
82-59-52-606019-001-01222222            6         0       0       0   2          1  2
96-42-34-306019-001-02222222            6         0       0       0   2          1  2
57-59-03-696020-001-0112222271212222223 6         0       0       0   2          1  2
68-25-13-096021-001-0112212232211212224 5    150000       0       0   2          1  2
55-34-45-246022-001-0112122251221222224 5 8       0       0       0   2          1  1
66-36-27-886023-001-0112112271211111118 6         0       0       0   2          1  2
73-52-71-346023-001-02222222            5 8       0       0       0   2          1  1
07-48-74-586035-001-01222222            8         0       0       0   2          1  1
83-05-08-186036-001-01222222            8     15000       0       0   2          1  2
10-14-55-396037-001-0112222272211222224 1 5       0       0       0   2          1  1
12-59-79-526038-001-0112222272221222224 1 6       0       0       0   2          1  1
02-10-69-096039-001-01222222            1         0       0       0   2          1522
62-44-54-156040-001-01222222            1 8       0       0       0   2          15 2
69-16-29-086042-001-01222222            1 6       0       0       0   2          1  1
42-91-10-706042-001-03222222            1 5       0       0       0   2          1  2
12-27-66-476054-001-0122212272212222223 5 8       0       0       0   2          4  1
55-99-58-576055-001-0122212272221122224 6 8       0       0       0   2          1  1
87-85-63-386056-001-0112222271222221221 5         0       0       0   2          1  2
51-02-45-506057-001-0112211242212122222 5         0       0       0   1 825  2008   2
16-83-63-446058-001-0112212271111122214 5 6       0       0       0   2          1  2
93-38-63-796059-001-0112212271221222221 6         0       0       0   2          1  2
60-28-98-046060-001-0112222221211212226 5 6       0       0       0   116    2015   2
63-57-65-066061-001-0212212272211222223 5 6 3480000       0       0   11625  2012   2
88-88-77-016074-001-01222222            1         0       0       0   2          1  2
47-51-56-856075-001-01222222            1         0       0       0   2          1  2
03-51-56-446076-001-0122222172211222224 1 6       0       0       0   2          1  2
04-11-05-776077-001-0122222142212222223 1 2       0       0       0   2          1  2
90-51-97-206078-001-0122222172221222224 1 4       0       0       0   2          15 2
97-93-22-896080-001-01222222            8         0       0       0   2          1  2
69-83-52-176081-001-01222222            1         0       0       0   2          1  2
98-41-89-296092-001-0112122252211222224 5 8       0       0       0   2          1  1
67-53-69-106093-001-01222222            1 4       0       0       0   2          1  2
58-61-73-626094-001-01222222            1 8       0       0       0   2          1  1
54-05-19-516094-001-02222222            1 5       0       0       0   2          1  2
23-11-44-096095-001-0112222172211222224 4         0       0       0   117    2020   2
67-38-97-816096-001-0122122272221222224 8         0       0       0   2          1  1
54-69-37-596097-001-01222222            8         0       0       0   2          1  2
17-87-45-376098-001-01222222            4         0       0       0   2          1  2
82-38-88-876099-001-01222222            1         0   80000       0   2          1  2
11-28-10-276111-001-0212222272221222224 4         0       0  300000   2          1  2
32-80-84-066112-001-01222222            1         0       0       0   2          1  2
37-68-62-196113-001-01222222            6         0       0       0   2          1  2
54-19-44-176114-001-01222222            1 6       0       0       0   2          1  2
11-95-77-216115-001-0112122272211222224 1 5       0       0       0   2          1  2
59-91-92-126116-001-0112122241211122211 1         0       0       0   1 8    2020   2
93-28-31-466117-001-0112222272221222224 4 6       0       0       0   2          1  2
57-19-84-556118-001-0112122272221222224 1 8       0       0       0   2          1  1
62-45-14-046130-001-0112222272221222224 1 6       0       0       0   2          1  2
43-13-81-136131-001-01222222            1         0       0       0   2          1  2
99-47-59-376132-001-01222222            1 6       0       0       0   2          1  2
27-72-81-606133-001-01222222            1 2       0       0       0   2          1  2
37-44-76-906134-001-01222222            6         0       0   70000   2          1  2
22-70-22-956135-001-0122222172211212224 2         0       0       0   2          1  2
88-89-71-036136-001-0112222172211222224 5         0       0       0   2          1  2
78-07-69-386137-001-01222222            1 4  300000       0       0   2          1  2
65-97-14-246149-001-031212227222122222410         0 1980000       0   116    2004   2
86-36-46-366150-001-0212222271211112221 5         0       0       0   2          1  2
88-99-03-546151-001-0112222272221222224 1 8       0       0       0   2          1  1
70-44-66-336152-001-0112122272211222221 1 6       0       0       0   11516172017   2
52-66-48-206153-001-0112222272212222224 4         0       0       0   2          1  2
00-62-14-066154-001-0112222172212222221 6         0       0       0   1 8    2020   2
21-27-12-896155-001-0112222272211222226 1         0       0       0   117    2021   1
43-45-32-856155-001-0312212271211112224 5 6       0       0       0   1 8    2020   2
76-95-55-866156-001-0112222272221222224 8         0       0       0   2          1  1
26-10-81-996170-001-0112222272211112224 6         0       0       0   2          1  2
12-92-21-926171-001-0122122242221222224 5 8       0       0       0   2          1  1
51-60-23-276171-001-0312122251112222221 1         0       0       0   2          1  2
03-70-85-496172-001-01222222            6     60000       0       0   2          1  1
79-67-07-566172-001-0522112272211222224 6         0       0       0   2          1  1
84-90-20-916172-001-0622212242212222223 6         0       0       0   2          1  2
35-50-92-436173-001-01222222            5 6       0       0       0   2          1  2
99-88-87-926174-001-01222222            1 6       0       0       0   2          1  2
47-39-58-576175-001-0112222272212222223 6         0       0       0   2          1  1
31-00-34-196187-001-01222222            1         0       0       0   2          1  2
01-26-99-776188-001-01222222            1         0       0       0   2          1  2
70-41-05-646188-001-0312122221211222224 5         0       0       0   2          7  2
51-98-37-196188-001-05222222            1         0       0       0   2          7  2
51-88-82-056189-001-02222222            1 6       0       0       0   2          1  2
06-47-87-896191-001-01222222            6         0       0       0   2          1  1
61-54-05-566193-001-01222222            1         0       0  100000   2          1  1
79-89-89-376194-001-01222222            1         0       0       0   2          1  2
37-52-14-906195-001-01222222            1 5       0       0       0   2          1  2
06-31-96-516206-001-0122122272221222224 1 6       0       0       0   2          1  1
82-69-24-926207-001-0112222262221222224 6 8       0       0       0   2          1  1
54-09-11-756208-001-01222222            1 5   60000       0       0   2          1  2
45-98-66-276209-001-01222222            5 6       0       0       0   2          1  2
99-49-58-426210-001-01222222            1         0       0       0   2          1  2
52-94-78-516210-001-0322212272211122224 5         0       0       0   2          1  2
26-39-50-186210-001-0412122271221222214 1         0       0       0   2          1  1
12-12-01-706211-001-01222222            1 7       0       0       0   2          1  2
34-04-89-696212-001-02222222            5         0       0       0   2          1  2
33-59-62-206213-001-0122122271221222224 1 5       0       0       0   2          1  2
83-63-10-666225-001-0112222171111211223 6         0       0       0   1 815  2017   2
95-07-03-496227-001-0112112221211222223 5 6       0 6879577       0   116    1995   2
08-97-23-096227-001-0312222141222221221 5         0       0       0   116    2018   2
11-91-38-756227-001-0712122271221221224 6 8       0       0       0   2          1  2
56-36-73-366228-001-0112222272221222224 6         0       0       0   2          1  2
95-58-90-606229-001-0112222272211222223 1 5       0       0       0   2          1  2
41-83-47-556230-001-0112212222211122223 5 6       0       0       0   1 815  1997   2
55-78-97-516231-001-01222222            5         0       0       0   1 8    2016   2
31-43-47-486232-001-0212122141211222223 4 6  960000       0       0   1 815  2020   2
42-99-08-386244-001-0112222272221222224 1 6       0       0       0   116    2020   2
05-51-75-156245-001-0112222272211212224 1 4       0       0       0   1 8    2019   2
09-68-04-756246-001-0122222172221222224 1         0       0       0   2          1  2
66-91-47-616247-001-01222222            1 5       0       0       0   2          1  2
61-92-53-506248-001-01222222            4 6       0       0       0   1 8    2020   2
54-85-24-906249-001-01222222            1         0       0       0   2          1  2
79-54-29-986250-001-0112222272211222224 4 6       0       0       0   2          1  2
66-49-35-956250-001-0312222272211222224 6         0       0       0   2          1  1
29-42-49-586251-001-0122222172221222224 4 8       0       0       0   2          1  2
83-23-74-006251-001-0212222221222222221 4 6       0       0       0   1 815  2006   2
42-21-30-216263-001-0112222272222221226 1 4       0       0       0   1 816  2020   2
77-10-93-706264-001-01222222            1 6       0       0       0   2          1  2
41-22-27-296264-001-0212222212222221227 5 8       0       0       0   2          1  2
69-12-72-796264-001-03222222            6         0       0       0   2          1  2
61-38-11-526264-001-04222222            6         0       0       0   2          1  1
58-29-18-126265-001-0122122222211222128 1 5       0       0       0   116    2013   2
56-37-50-426266-001-0112222271211212223 5         0       0       0   1 8    2008   2
25-91-76-286267-001-0122122272221222224 1 6       0       0       0   2          1  2
82-70-52-526268-001-0112122241222222221 1 5       0       0       0   2          1  2
11-88-00-956269-001-0112122241111211223 1 4       0       0       0   2          1  2
11-72-84-766270-001-01222222            1 4       0       0       0   2          1  2
02-44-29-836283-001-01222222            7 8       0  240000       0   2          1  2
99-15-04-146284-001-0221212272211222224 7 8       0 2400000       0   118    2013   2
98-78-30-546285-001-0121222272221222224 5 7       0  240000  150000   2          1  2
14-50-60-426286-001-0111222222211222224 8         0       0       0   118    2020   2
92-80-58-026287-001-0121222272211222224 6         0       0       0   2          1  2
05-83-49-876288-001-0121212271211222221 6         0       0       0   2          1  2
97-84-41-246288-001-0321222271111122221 6         0       0       0   2          1  2
45-09-09-996289-001-01222222            5         0       0       0   2          1  2
03-78-58-926289-001-0221222271211222224 6         0       0       0   1 8    2020   2
94-96-70-826290-001-01222222            7         0  104400       0   2          1  2
97-50-28-136301-001-0221222272221222224 1 6       0       0       0   2          1  2
41-23-56-726301-001-0421222271111122221 6         0       0       0   2          1  2
73-14-75-696301-001-0721222271211222221 6         0       0       0   2          1  2
45-02-64-576302-001-0121222272221112224 5         0       0       0   2          1  2
05-10-56-886302-001-0321222271211222221 5         0       0       0   2          1  2
87-73-43-116302-001-0621222271111122221 6         0       0       0   2          1  2
48-73-01-386302-001-1921212272211112224 5 6       0       0       0   118    2008   2
47-56-84-866303-001-0121222271111122221 1         0       0       0   2          1  2
05-90-43-766304-001-01222222            6         0       0       0   2          1  2
58-60-80-366304-001-0321222271211222224 6         0       0       0   2          1  2
22-39-67-026305-001-01222222            1         0       0       0   2          1  2
90-71-51-006305-001-0421222222212221227 6         0       0       0   118    2014   2
70-65-42-626306-001-01222222            1         0       0       0   2          1  2
27-39-94-016307-001-0121212212211222224 1         0       0       0   2          1  2
59-09-89-426308-001-0122212271222222221 1         0       0       0   2          1  2
74-65-42-856320-001-0121222272221222224 1 6       0       0       0   116    2017   2
50-37-26-696320-001-03222222            5         0       0       0   2          1  2
83-65-66-326321-001-0111122272211112224 6         0       0       0   2          1  2
89-64-79-516321-001-02222222            6         0       0       0   118    2010   2
53-68-21-896322-001-0121222272221222224 6         0       0       0   118    2019   2
64-19-71-756323-001-01222222            6 7       0  240000       0   2          1  2
51-65-66-406324-001-01222222            1         0       0       0   2          1  2
07-03-57-976325-001-0121222271111122221 1         0       0       0   2          1  2
20-56-10-126326-001-0122212271211222221 6         0       0       0   2          1  2
06-96-00-206328-001-0121222272211122224 6         0       0       0   2          1  2
25-78-94-476339-001-01222222            7 8       0  240000       0   2          1  2
72-11-62-646340-001-0122212242221222224 9         0       0       0   2          1  2
92-64-92-356340-001-02222222            8         0       0       0   2          15 2
85-15-11-196341-001-0121222272222212226 1 9       0  240000       0   2          1  2
20-77-92-586341-001-0421222272221122224 9         0       0       0   2          1  2
97-85-68-416341-001-05222222            6         0       0       0   2          1  2
77-06-04-456342-001-01222222            8         0       0       0   2          1  2
69-68-49-176343-001-0122212271211222221 6         0       0       0   2          1  2
67-02-63-506344-001-0121222271111122221 1         0       0       0   2          1  2
70-01-95-456345-001-01222222            9         0       0       0   2          1  2
85-35-63-166346-001-0121212272221222224 7         0       0       0   2          1  2
50-28-73-176358-001-0121212272211212226 7 8       0  240000       0   2          1  2
03-48-14-786358-001-0321222271111222221 6         0       0       0   2          1  2
77-26-70-156359-001-0121222271111222221 1 6       0       0       0   118    2013   2
69-27-54-866360-001-0121222272221222224 9         0       0       0   2          1  2
04-64-50-056361-001-0121212271111222221 1         0       0       0   2          1  2
20-21-28-556364-001-0122212271211211121 3         0       0       0   125    2016   2
48-55-18-526365-001-01222222            1         0       0       0   2          16 2
08-47-64-556366-001-01222222            6         0       0       0   2          1  2
16-07-21-726368-001-01222222            6         0 3600000       0   1 5    2008   2
98-46-77-536377-001-01222222            9         0       0       0   2          1  2
49-71-93-576378-001-0121212222221222224 9         0       0       0   2          1  2
96-48-89-166379-001-02222222            4         0       0       0   2          1  2
74-39-66-616379-001-0322212272211222224 9         0       0       0   2          1  2
55-24-38-086379-001-0622222172211222224 6         0       0       0   2          1  2
27-72-20-136380-001-01222222            9         0       0       0   2          1  2
12-25-31-276381-001-01222222            9         0       0       0   2          1  2
28-78-60-056382-001-02222222            1 8       0       0       0   2          1  2
14-01-39-666382-001-04222222            9         0       0       0   2          1  2
74-48-64-426383-001-01222222            1         0       0       0   2          1  2
40-38-88-716384-001-0121222272211222223 5         0       0       0   2          1  2
46-97-87-156396-001-01222222            1         0       0       0   2          1  2
08-40-63-566396-001-07222222            9         0       0       0   2          1  2
25-31-42-236397-001-0121212271111222221 6         0  240000       0   2          1  2
70-17-46-826397-001-0521212271111122221 6         0       0       0   2          1  2
18-68-55-106398-001-0121222272211122225 6         0       0       0   118    2019   2
78-20-52-646399-001-0121212271211222221 6         0       0       0   2          1  2
86-95-19-386399-001-0321222271211222221 6         0       0       0   125    2005   2
77-50-94-746400-001-01222222            5         0       0       0   2          1  2
43-43-72-076402-001-0121222272211222223 5         0       0       0   2          1  2
55-16-39-246403-001-0112222272211222224 5         0       0       0   2          1  1
11-96-95-296403-001-0221212272211122225 5         0       0       0   2          1  2
98-79-08-966403-001-0321222272211222223 5 6       0       0       0   118    2021   2
72-27-29-336415-001-0112122271212222223 1 4  360000       0       0   1 8    2013   2
08-84-14-216416-001-01222222            1         0       0  200000   2          1  2
22-51-85-316417-001-01222222            110       0       0       0   2          1  1
74-44-49-986418-001-01222222            1 8       0       0       0   2          1  1
82-86-40-336419-001-0112222272212222223 1 5       0       0       0   2          1  2
52-47-45-236420-001-01222222            1 4       0       0       0   2          1  2
03-85-03-216420-001-0412222241221212221 1 6       0       0       0   2          1  1
54-54-62-596420-001-07222222            1 5       0       0       0   2          1  2
99-09-27-496421-001-0112222222222212226 5         0       0       0   2          1  2
10-43-69-506422-001-0112222272211222224 4    150000       0       0   2          1  2
23-49-87-296422-001-0312222122222221227 6         0       0       0   116    2018   1
61-53-25-976422-001-0712222172212222223 6         0       0       0   2          1  2
83-65-59-436434-001-0112222241111122223 6         0       0       0   2          1  2
14-09-16-456435-001-0112222241222222221 5         0       0  250000   2          1  1
08-23-57-496436-001-0112222272221222224 1         0       0       0   116    2005   2
24-41-64-866439-001-0112222272211222123 1 5       0       0       0   2          1  1
02-75-80-056440-001-0112112142222212226 6         0       0       0   116    2015   2
84-29-96-566441-001-0112222221111122224 5    120000       0       0   2          7  2
87-17-70-386454-001-01222222            1 2       0       0       0   2          1  2
15-86-79-436454-001-0312222242212222223 1 5       0       0       0   2          1  2
52-82-89-256454-001-04222222            1 6       0       0       0   2          1  2
27-55-74-036455-001-0112222272221222224 1 2       0       0  120000   2          1  2
76-66-03-896455-001-03222222            6         0       0       0   2          1  1
46-83-71-366455-001-1412222241211222221 1         0       0       0   2          1  2
46-23-09-376456-001-01222222            1 6       0       0       0   2          1  2
68-19-41-436457-001-0112222171222222221 6         0       0       0   116    2020   2
80-69-29-256458-001-01222222            1         0       0       0   2          1  2
57-79-50-336459-001-0122222182222222221 1         0       0       0   2          1  2
44-63-23-236461-001-01222222            6 7       0       0  384000   2          1  2
72-31-74-166464-001-01222222            1 4       0       0       0   2          1  2
41-72-19-886472-001-0112222271212222221 1 6       0       0       0   2          1  2
94-69-24-296473-001-01222222            1 5       0       0       0   2          1  2
84-34-97-786473-001-02222222            5 6       0       0       0   2          1  2
29-96-83-266473-001-03222222            5 6       0       0       0   2          1  2
02-59-27-086474-001-0112222272211222224 5         0       0       0   2          1  2
96-57-53-186476-001-0112222272221222224 5 6       0       0       0   2          1  2
33-57-29-676477-001-0112222272221222224 1 6       0       0       0   2          1  2
97-99-78-086478-001-0112222241211222221 6         0       0       0   2          1  2
77-95-84-346478-001-0312222272222221227 1         0       0       0   1 8    2019   2
75-95-85-696479-001-0112222272221222224 1 5       0       0       0   2          1  2
20-79-25-446479-001-0312122251211211221 1 5       0       0       0   2          1  2
91-33-18-366479-001-0412222272212222223 6         0       0       0   2          1  2
64-41-75-296483-001-01222222            1 4       0       0       0   2          1  2
71-76-36-556483-001-03222222            1 5       0       0       0   2          1  2
11-29-55-866491-001-0112222152221222225 6         0       0       0   2          1  2
63-18-65-676492-001-01222222            1 6       0       0       0   2          1  2
03-33-67-136492-001-0322212281222222221 5 6       0       0       0   2          1  2
75-84-54-756492-001-04222222            1         0       0       0   2          1  2
36-33-33-866493-001-0112222272211222224 1         0       0       0   2          1  2
27-38-03-646494-001-0112222282222222225 5    120000       0       0   2          1  1
27-23-59-626494-001-0212222271211111124 6         0       0       0   2          6  2
43-89-26-206495-001-0112222272221222224 6         0       0       0   116    2013   2
95-01-55-686496-001-01222222            1 6       0       0       0   1 8    2014   2
27-59-11-206497-001-01222222            1 5       0       0       0   2          1  2
05-50-28-026498-001-01222222            6         0       0       0   2          1  2
97-72-32-966498-001-0212222221211222221 5         0       0       0   2          1  2
71-41-76-146510-001-01222222            1 5  150000       0       0   2          1  2
51-46-98-396510-001-0312222172212222223 1 6       0       0       0   2          1  2
35-01-19-396512-001-01222222            1 6       0       0       0   2          1  2
47-74-89-626513-001-01222222            1         0       0       0   2          1  2
27-15-50-546514-001-0222222182222222224 1 5       0       0       0   2          1  2
29-16-28-356515-001-01222222            1 6       0       0       0   2          1  2
17-02-71-386516-001-0122222172212222223 6         0       0  120000   2          1  2
96-44-09-556517-001-0122222111221222221 1 5       0       0       0   2          1  2
65-10-31-756519-001-01222222            5         0       0       0   2          1  2
47-12-55-446529-001-0112222272211222224 5         0       0       0   2          1  2
56-34-20-756530-001-02222222            5 6       0       0       0   2          1  2
44-89-17-706531-001-0112222272221212224 1 6       0       0       0   2          1  2
19-59-67-136533-001-06222222           10         0       0  120000   2          1  1
55-33-74-886534-001-01222222            5         0       0       0   2          1  2
58-19-43-556535-001-0112222281222222221 6         0       0       0   2          1  2
22-36-08-676540-001-0112222271111212214 1         0       0       0   2          1  2
03-97-26-406540-001-07222222            1 5       0       0       0   2          1  2
02-59-97-966548-001-01222222            6 8       0       0       0   2          1  1
56-07-09-796549-001-0112222211222222221 6         0       0  2900001  2          1  2
07-21-55-346550-001-0112222271211222221 1 6       0       0       0   2          1  2
09-65-95-536551-001-01222222            1 5       0       0       0   2          1  2
34-83-67-576552-001-0112122272221211227 5         0       0   50000   116    2021   1
72-53-31-516554-001-01222222            8         0       0       0   2          1  1
42-18-80-926554-001-0212222141221222221 5         0       0       0   2          1  2
37-90-35-556556-001-0112222272211222224 5         0       0       0   2          1  2
36-93-31-666567-001-01222222            1         0       0       0   2          1  2
32-17-02-116568-001-0112222272221222224 1 6   50000       0       0   2          1  2
16-06-89-646568-001-0212222271222222221 6         0       0       0   2          1  2
91-18-16-936568-001-14222222            1         0       0       0   2          1  2
97-15-23-636569-001-0122122241222222221 1 5       0       0       0   2          1  2
92-89-34-776570-001-0112122271211222224 1 2       0       0       0   2          1  2
42-46-06-766572-001-01222222            1         0       0       0   2          5  2
24-34-12-726572-001-06222222            1 2       0       0       0   2          15 2
56-84-52-726574-001-01222222            1 2       0       0       0   2          1  2
43-24-92-926577-001-01222222            1 4       0       0       0   2          1  2
07-75-47-366577-001-02222222            1 3       0       0       0   2          15 2
93-19-95-836577-001-03222222            5         0       0       0   2          1  2
57-07-52-206577-001-0822122172222221226 6 8       0       0       0   2          1  1
32-45-09-376586-001-01222222            1         0       0       0   2          1  1
18-80-88-976586-001-06222222            6         0       0       0   2          1  2
70-73-71-136589-001-0112222271211222229 5         0       0       0   2          1  2
80-93-26-966590-001-0112222272221221224 1 6       0       0       0   2          1  2
86-71-65-266591-001-0112222271211222224 1 6       0       0       0   2          1  2
92-71-85-296592-001-0112222272211212224 1 2       0       0       0   2          1  2
62-76-44-946593-001-0112222272221222224 5 8       0       0       0   2          1  1
88-82-06-536594-001-0112222272211222224 1 6       0       0       0   2          1  2
96-58-46-806594-001-0312222241222222221 1 6       0       0       0   2          1  2
78-28-57-686605-001-01222222            1 6       0       0       0   2          1  2
72-27-12-346606-001-0112222271221222224 6         0       0       0   2          1  2
76-45-07-376606-001-0812222171222212221 6         0       0       0   2          1  1
08-61-87-736607-001-0112222241221222221 1 6       0       0       0   2          1  2
62-43-05-956607-001-0212222272211221226 1 6       0       0       0   2          1  2
49-08-77-446608-001-011222227221122222110         0  293000   600001  119    2014   2
51-54-08-226608-001-0312222272211222224 5 6       0       0       0   2          1  2
09-64-72-226608-001-05222222            6         0       0       0   2          1  2
83-54-05-596608-001-0612222221211222213 5 6  240000       0       0   116    2008   2
78-81-71-506608-001-08222222            1 5       0       0       0   2          1  2
71-87-57-156609-001-0112222271222222221 1 6       0       0       0   2          1  2
66-70-79-346609-001-0212222272211122225 5 6       0       0       0   2          1  2
29-94-20-906610-001-0112222241211222221 1 6       0       0  320000   2          1  2
44-75-42-746611-001-0112222142221222224 1 5       0       0       0   2          1  2
19-89-88-006612-001-0112222171221222224 5 8       0       0       0   2          1  1
80-62-36-736624-001-0112222272222221228 5         0       0       0   2          1  2
38-42-44-706624-001-03222222            5 8       0       0       0   2          1  1
78-99-28-076625-001-0112222272221222224 5         0       0       0   2          1  1
77-46-56-516625-001-0312222271211222224 6         0       0       0   2          1  2
42-27-83-496626-001-0112222272221222224 6 8       0       0   20000   2          1  2
43-61-41-956626-001-0312222271222222221 5 6       0       0       0   2          1  2
14-86-77-336628-001-01222222            1         0       0       0   2          1  2
92-45-77-356629-001-0112222272221212224 1 6       0       0       0   2          1  2
54-42-51-516630-001-0112212241211222221 1 6       0       0       0   2          1  2
70-18-79-876631-001-0112222141211222221 1 6       0       0       0   2          1  2
02-91-95-356643-001-0212212242221222224 2         0       0       0   2          6  2
16-03-32-726644-001-0112112231221222224 1 5       0       0       0   2          1  2
55-69-54-256644-001-0222212222212222223 5         0       0       0   2          1  2
10-96-80-356645-001-01222222            8         0       0       0   2          1  1
75-68-77-896646-001-01222222            8         0       0       0   2          1  1
07-04-96-496646-001-0212112271211222223 5         0       0       0   1 810  2010   2
31-39-32-156647-001-0112222272211112224 4         0       0       0   2          1  2
69-54-89-686648-001-0312222272221222224 1         0       0       0   2          1  1
26-99-67-446649-001-01222222            1 5       0       0       0   2          1  2
62-34-25-276649-001-04222222            6         0       0       0   116    2020   1
14-03-63-516650-001-0112222252212222223 1 5       0       0       0   116    2015   2
06-77-19-316662-001-0112212221211222221 9         0       0       0   2          1  2
85-73-88-306663-001-01222222            9         0       0       0   2          1  2
78-80-82-526663-001-0222212222211211223 6         0       0       0   2          1  2
72-42-48-546664-001-0122212272212222223 5         0       0       0   2          1  2
84-21-24-016666-001-0122122252212222223 5         0       0       0   2          1  2
70-39-28-986668-001-0112212272212222223 9         0       0       0   2          1  2
59-89-96-376681-001-0112222272211222224 1 4       0       0       0   2          1  2
69-65-88-586682-001-0122112221222122221 6         0       0       0   116    2013   1
87-52-69-726683-001-01222222            1         0       0  486000   2          1  2
51-83-22-176684-001-0122212242211222224 1 5       0       0       0   2          1  1
87-13-87-386684-001-0412122241211211213 5 8       0       0       0   117    2018   1
90-81-21-336685-001-0112112221211111223 5 6       0       0       0   116    2015   2
57-83-63-176686-001-0122122272221222224 3 5       0       0       0   2          1  1
84-83-53-306686-001-03222222            6         0       0       0   1 8    2015   2
76-24-20-646688-001-0122212272221222224 1 6       0       0       0   2          1  2
23-06-01-226688-001-0222112271222222221 6         0       0       0   2          1  2
18-01-61-836700-001-0112222252221222224 1         0       0       0   2          1  1
04-08-40-006700-001-0512212271111222221 3 5 1080000       0       0   2          1  2
23-72-91-946701-001-0112212242221222224 1 8       0       0       0   1 816  1995   1
74-02-43-526702-001-0122222141211212226 6         0       0       0   2          1  1
78-86-48-876702-001-0222212272221222224 6         0       0       0   2          1  1
34-13-53-966703-001-0112212272221222224 2         0       0       0   2          1  2
62-72-97-956703-001-0222212272221222224 5         0       0       0   119    2016   1
07-28-97-626704-001-0112222232221222224 5 8       0       0       0   2          1  1
13-88-41-416704-001-0612212271111211221 6         0       0       0   2          1  2
35-90-52-646705-001-0112222242211222224 8         0       0       0   2          1  1
26-96-01-746706-001-0112222271211222224 1 6       0       0       0   2          1  1
24-14-39-626707-001-0112212231211222224 1         0       0       0   2          1  2
07-51-50-816707-001-0212212221211112223 6         0       0       0   11316  2018   2
84-59-97-106720-001-0112222221211111123 1 2       0       0       0   114    2019   2
72-22-80-546720-001-0412222241211212224 4         0       0       0   2          1  2
66-83-68-716721-001-0212222242211222223 6         0       0       0   2          1  2
29-72-79-976721-001-0312222242212222223 6         0       0       0   2          4  2
35-74-20-296722-001-0112222272211222224 6         0       0       0   2          1  1
14-77-09-086723-001-0112222272221222224 1 8       0       0       0   2          1  1
92-19-80-246724-001-0212222241111212224 1 3       0       0       0   2          7  2
85-32-43-016725-001-0112222242222122225 1 5       0       0       0   2          1  2
17-39-73-616726-001-0111221272221222224 6         0       0       0   114    2018   2
43-31-36-036738-001-0112222221221222224 5         0  114000       0   2          1  2
72-04-45-836738-001-0212212272221122225 5         0       0       0   2          1  2
73-10-24-176739-001-0212222272221222224 1 5       0       0       0   2          1  1
51-44-38-206740-001-0122212272212222223 1 3       0       0       0   2          1  2
49-49-65-836741-001-0112212272221222224 1 8       0       0       0   2          1  1
52-82-50-466742-001-0112222272221222224 1 6       0       0       0   2          1  1
26-32-48-446743-001-0112222221211112223 5 6       0       0       0   2          1  2
73-80-63-696744-001-0112212272211222224 2 3       0       0       0   2          1  2
02-53-75-426744-001-0312212121211221227 2 6       0       0       0   2          1  2
29-53-11-796744-001-0422212272221222214 5 6       0       0       0   116    2020   2
70-73-79-516745-001-0112222271212222221 1 5       0       0       0   116    2010   2
50-87-44-556757-001-0122112242211222223 5         0       0       0   2          1  2
90-69-46-626758-001-0122212221221222214 5         0       0       0   2          1  2
35-25-40-966759-001-0112222251211222214 5 6       0       0       0   110    2019   2
44-17-75-496759-001-0322212211111212223 5         0       0       0   2          7  2
39-22-48-886760-001-0112122271221222224 5         0       0       0   2          1  2
77-65-57-296761-001-0112212221211222224 8         0       0       0   2          1  1
48-98-77-456762-001-0212111211211222224 5         0       0       0   116    2020   2
99-49-96-006763-001-0122212242221222224 8         0       0       0   117    1984   1
07-67-15-036764-001-0122212242211222224 5 6       0       0       0   2          1  2
19-82-82-716777-001-0112122272211222224 5         0       0       0   116    2017   2
46-84-49-486777-001-0212212271211222221 6         0       0       0   116    2016   2
90-88-19-106778-001-0112212272221222224 4         0       0       0   2          1  1
44-32-59-966778-001-0312212211111212213 5    540000       0       0   2          7  2
96-38-99-946779-001-0112122272221222223 6         0       0       0   2          1  1
60-38-68-426780-001-0112222232221222224 4 6       0       0       0   2          1  2
63-88-49-186782-001-0122212241221112226 5         0       0       0   2          1  2
32-79-81-436783-001-01222222            5         0       0       0   2          1  1
01-42-95-746795-001-0122212271211211223 6         0       0       0   125    2015   2
09-13-57-946796-001-0112222221211222224 4 6       0       0       0   2          1  2
18-33-22-806796-001-0222222172221222224 6 8       0       0       0   2          1  1
54-22-97-326797-001-0112222272221222224 1         0       0       0   2          1  1
66-84-66-136798-001-0112222221211222214 1 2       0       0       0   2          1  1
07-05-50-616798-001-0222222171111222221 5         0       0       0   116    2019   2
58-57-11-796799-001-01222222            1 3       0       0       0   116    2021   2
47-31-17-646800-001-01222222            1 2       0       0       0   2          1  2
44-13-78-446801-001-0112222272221222224 1         0       0       0   2          1  1
31-28-73-836802-001-01222222            8         0       0       0   2          1  1
85-23-86-976802-001-02222222            1 6       0       0       0   2          1  2
90-24-52-356815-001-0122212272211222224 6         0       0       0   2          1  2
33-09-36-016815-001-0222212272211222223 5         0       0       0   2          1  2
67-04-18-656816-001-01222222            6         0       0       0   2          1  2
16-89-80-516817-001-0121222271211211121 6         0       0       0   2          1  2
64-66-82-466818-001-0121222272211122225 6         0 1800000       0   11819  2010   2
88-98-92-706819-001-0121212272221222224 1 6       0       0       0   2          1  2
56-74-50-106820-001-0121222271111112221 6         0       0       0   116    2014   2
73-18-89-476820-001-0221222271112222221 6         0       0       0   2          1  2
01-25-68-076820-001-04222222            6         0       0       0   2          1  2
40-63-13-426821-001-01222222            1         0       0       0   2          1  2
71-89-41-696821-001-02222222            6         0       0       0   118    1980   2
92-59-32-256823-001-0121222272221222224 5         0       0       0   118    2021   2
50-00-81-786833-001-01222222            1         0       0       0   2          1  2
95-13-92-536834-001-0121222271111122221 1 5       0       0       0   2          1  2
17-74-85-106835-001-01222222            1         0       0       0   2          1  2
82-57-40-446836-001-0121222271221222221 6         0       0       0   2          1  2
87-61-58-556837-001-0121222271111222222 1         0       0       0   2          1  2
41-17-69-736838-001-01222222            6         0       0       0   2          1  2
27-51-88-026840-001-01222222            1 5       0       0       0   2          1  2
77-97-28-766840-001-0321212272211222224 6         0       0       0   2          1  2
68-07-53-516840-001-04222222            6         0       0       0   2          1  2
88-19-35-896841-001-0221222272211222224 1   1080000       0       0   2          1  2
78-80-86-766852-001-01222222            8         0       0       0   2          1  2
92-27-58-046853-001-01222222            8         0       0       0   2          1  2
28-49-62-706853-001-02222222            8         0       0       0   2          1  1
58-38-79-076854-001-01222222            6         0       0       0   2          1  2
42-81-48-106855-001-0121222271111122221 9         0       0       0   2          1  2
31-24-25-006855-001-05222222            6         0       0       0   2          1  2
43-50-96-456855-001-06222222            9         0       0       0   2          1  2
53-89-26-216856-001-01222222            9         0       0       0   2          1  2
23-94-41-146857-001-0122212272221222224 8         0       0       0   2          1  1
02-87-91-276858-001-01222222            1         0       0       0   2          1  2
92-39-56-706859-001-01222222            1         0       0       0   2          1  2
04-99-86-826871-001-01222222            9         0       0       0   2          1  2
47-87-67-896872-001-01222222            1         0       0       0   2          1  2
40-03-50-066873-001-0121212272211222224 6         0       0       0   2          1  2
15-81-85-386874-001-0121222222211222223 6         0       0       0   118    2008   2
20-21-71-386874-001-0321222271211222224 6         0       0       0   2          1  2
56-38-85-256875-001-0121212281211222224 7         0 4800000       0   2          1  2
79-80-09-616876-001-01222222            5 7       0 1740000       0   118    1999   2
12-80-07-676876-001-0321222172211122225 5         0       0       0   1 8    2018   2
32-88-21-396877-001-0121222271111122221 6         0       0       0   2          1  2
67-50-49-396878-001-02222222            6         0       0       0   2          1  2
10-69-53-456888-001-02222222            6         0       0       0   2          1  1
43-34-77-276888-001-0312222222211122225 6         0       0       0   2          1  1
65-82-46-026890-001-01222222            1         0       0       0   2          1  2
47-59-25-346891-001-0121222271222222221 8         0       0       0   2          1  2
57-65-96-666892-001-01222222            8         0   60000       0   2          1  1
71-69-22-916893-001-01222222            1         0       0       0   2          1  2
71-82-09-066894-001-01222222            6         0       0       0   2          1  2
11-93-82-766894-001-0222212222211222224 1 7       0       0       0   2          1  2
60-05-42-656895-001-01222222            6         0       0       0   2          1  2
73-84-95-916895-001-0421222272211222223 3 6       0       0       0   2          1  2
01-49-07-646897-001-0121212272211212226 2 5       0       0       0   2          1  2
33-02-17-446899-001-01222222            1         0       0       0   2          1  2
79-11-11-226899-001-0821222272211222224 2         0       0       0   2          1  2
25-16-88-576909-001-01222222            4         0  720000       0   2          1  2
24-01-78-776909-001-03222222            4         0       0   20000   2          1  2
69-09-51-686910-001-0122212272211222224 1 4       0       0       0   116    2018   1
38-40-83-556911-001-01222222            4         0       0       0   2          1  1
67-09-23-976911-001-0222221272221222224 1 6       0       0       0   2          1  2
03-42-21-926913-001-0122122272221222224 4         0       0       0   2          1252
33-10-71-266915-001-01222222            5 8       0       0 1000000   2          1  1
56-21-00-906916-001-0122122272221222224 4 8       0       0       0   2          1  1
68-33-35-376919-001-0122212232212222223 1         0       0       0   2          1  2
01-47-28-756928-001-01222222            1         0       0       0   2          1  2
11-10-89-136929-001-0122222172211222224 1 5       0       0       0   2          1  2
72-25-82-386930-001-01222222            4         0       0       0   2          1  2
06-76-01-176931-001-0122122272211222224 4 8       0       0       0   2          1  1
50-39-91-676931-001-0322222172211212226 9         0       0       0   2          1  2
70-02-66-386931-001-04222222            4         0       0       0   2          1  2
99-84-80-486932-001-0122222122211222223 4         0       0       0   116    2018   2
31-46-55-706933-001-0122222172221222224 4         0       0       0   2          15 2
41-12-42-336934-001-01222222            4         0       0       0   2          1  2
30-47-17-376934-001-0222122272221222224 9         0       0       0   2          1  1
77-83-92-486935-001-01222222            4 9       0       0       0   2          1  2
25-70-77-906935-001-0222222172212222223 5         0       0       0   2          1  2
63-09-67-796947-001-0122122242211222224 4         0       0       0   2          1  2
84-45-49-736948-001-0122122262221222224 1 2       0       0       0   2          1532
70-60-21-696950-001-01222222            1         0       0       0   2          5  1
60-97-00-276950-001-0222122232221222224 4         0       0       0   2          5  2
88-90-24-326951-001-01222222            4 6       0       0       0   2          1  2
52-64-08-676952-001-0122122252211222224 1 4       0       0       0   116    2018   2
46-99-43-266953-001-01222222            4         0       0       0   2          1  2
02-72-68-136954-001-0222122272221222224 1 4       0       0       0   2          1  2
50-75-79-746954-001-04222222            4 5       0       0       0   116    2019   2
66-44-70-236966-001-0122122222211222224 4         0       0       0   116    2017   2
37-06-23-146966-001-0222122272221222224 1 8       0       0       0   2          1  1
83-11-49-916966-001-032212213111122222410         0       0       0   1 8    2019   2
62-22-46-876967-001-01222222            1 4       0       0       0   116    2018   2
50-56-53-186968-001-0122112271222222221 4 5       0       0       0   116    2019   2
43-58-35-806969-001-0122112272221222224 1 4       0       0       0   2          1  2
00-02-34-816969-001-03222222            1         0       0       0   2          1  1
15-13-25-316970-001-01222222            1 4       0       0       0   116    2017   2
60-66-83-586971-001-01222222            4 8       0       0       0   2          1  1
65-25-95-946972-001-0122221272211222223 4         0       0       0   116    2016   2
53-85-21-066973-001-01222222            1 4       0       0       0   2          1  2
35-21-67-116986-001-0122122271221222224 4 6       0       0       0   2          1231
64-88-79-476987-001-0122122271111211224 1         0       0       0   2          1  1
99-49-91-346988-001-0122112272211222224 1 6   20000       0       0   116    2020   1
87-64-23-476989-001-03222222            4 6       0       0       0   1 8    2017   2
80-39-14-716990-001-02222222            1 4       0       0       0   2          1  2
40-09-63-236991-001-01222222            1         0       0       0   2          1  2
94-41-63-626991-001-0622122232211222224 4         0       0       0   1 8    2018   2
25-50-62-806992-001-0122122271211222224 1 4       0       0       0   116    2017   2
43-19-97-256994-001-0122122272211222224 4 6       0       0       0   116    2017   2
80-62-17-577005-001-0112212272211222224 6         0       0       0   116    2010   2
04-63-36-487007-001-0111212211212122221 6         0       0       0   117    2015   2
06-28-59-737012-001-0122122272221222224 5         0       0       0   2          1  1
62-36-56-967012-001-0222112262211222224 5 9       0       0       0   2          1  2
94-11-91-897023-001-0112122272211222223 4         0       0       0   2          1  2
99-49-33-057023-001-0222112271112212223 5 6       0       0       0   2          3  2
83-85-01-927024-001-0112112272212222223 1 6       0       0       0   116    2010   2
18-92-38-967025-001-0122122231211222223 4         0       0       0   2          1  2
94-03-29-907026-001-0122122211222222221 2         0       0       0   2          1  2
24-12-46-547026-001-0422122272221222224 1         0       0       0   2          1  1
53-69-30-267027-001-01222222            1         0       0       0   2          1  2
12-01-68-847027-001-0312222271222222221 1 6       0       0       0   2          1  2
62-00-77-337027-001-0612222272211212224 6         0       0       0   116    2021   2
19-85-87-437028-001-0112222262211222224 1 2       0       0       0   2          1  1
10-97-71-757028-001-0412222271111222221 5         0       0       0   2          1  2
41-41-06-727029-001-01222222            1 3       0       0       0   2          1  2
45-81-24-077030-001-0122121242211222223 1 2       0       0       0   2          1  2
44-43-71-627030-001-0322122121111122211 6         0       0       0   1 8    2015   2
42-67-95-587042-001-01222222            2 8       0       0       0   2          1  1
56-43-18-627042-001-02222222            1 5       0       0       0   2          1  2
41-71-43-397043-001-01222222            1 2       0       0       0   2          1  1
12-60-18-287043-001-0222122242212222223 5         0       0       0   2          1  2
20-12-38-437044-001-01222222            4         0       0       0   2          1  2
09-53-61-527045-001-01222222            1 2       0       0       0   2          1  2
58-22-33-937045-001-0212222251212111114 5 6       0       0       0   2          1  2
21-93-66-057045-001-0322122252212222223 1 2       0       0       0   2          1  2
98-87-18-537046-001-01222222            1 6       0       0       0   2          1  2
95-99-51-827047-001-01222222            1 2       0       0       0   2          1  2
68-30-88-277047-001-0422122262212222223 1 6       0       0       0   2          1  2
80-06-63-067048-001-01222222            6         0       0       0   2          1  2
58-51-78-077049-001-01222222            1 3       0       0       0   2          1  2
83-87-76-407049-001-02222222            1 3       0       0       0   2          1  2
82-38-27-787062-001-0112122272212222223 1         0       0 2700000   1 8    2015   2
29-87-50-907063-001-0112222271211122224 5         0       0       0   2          1  2
21-73-35-067065-001-0112112222211221227 5 6       0       0       0   2          1  1
15-26-83-147066-001-0122212271211222223 1 6       0       0       0   2          1  2
05-78-60-717068-001-0112222242112222223 5 6       0       0       0   2          1  1
12-28-18-607081-001-01222222            6         0       0       0   2          1  2
80-06-33-447082-001-0212222171211222221 5         0       0       0   116    2019   2
91-38-07-557083-001-0112122241111111213 5         0       0       0   119    2014   2
32-14-53-787083-001-0212112241111112224 5 8       0       0       0   2          1  1
65-05-75-397083-001-0512222121221211226 6         0       0       0   116    2016   2
38-76-85-867084-001-0112212271222222221 6         0       0       0   11617  2007   2
21-89-88-287085-001-0122122141211122221 7         0       0       0   2          1  2
34-42-36-427086-001-0122122252221222227 6         0       0       0   2          1  1
66-84-13-037086-001-0212122271211212223 6         0       0       0   116    2015   2
61-49-29-247087-001-0122122272211222224 4         0       0       0   2          6  2
55-25-26-907087-001-0322122272221212224 6         0       0   70000   2          1  2
83-75-68-607099-001-0112222272221222224 6         0       0       0   2          1  2
64-20-56-277100-001-01222222            5 6       0       0       0   2          1  1
73-92-63-517102-001-0112222272211221224 1         0       0       0   2          1  2
28-64-39-027103-001-01222222            5         0       0       0   2          1  2
16-14-07-747105-001-0212122241111222221 1 5       0       0       0   116    2008   2
31-51-08-987105-001-0312222221111122221 5         0       0       0   1 8    2010   2
06-49-50-717106-001-0112222271211222224 1         0       0  200000   2          1  2
13-96-85-807106-001-03222222            1         0       0       0   2          1  2
34-73-33-017108-001-01222222            6         0       0       0   2          1  1
29-40-20-767110-001-0112222272212222223 1 6       0       0       0   2          1  2
31-77-10-507118-001-0112222272211122225 1 5  336000       0       0   2          1  2
78-35-45-177119-001-0122112272211222224 1         0       0       0   2          1  2
10-98-13-237119-001-0422122272221222224 1         0       0       0   2          13 2
90-38-56-467120-001-0112122251211222221 5         0       0       0   2          1  2
24-00-17-337121-001-0112122251211222221 1         0       0       0   2          1  2
96-07-66-127122-001-0112122271211222224 1 2       0       0       0   2          1  2
72-66-97-487122-001-0612222272211222223 1 5       0       0       0   2          1  2
84-92-39-367122-001-07222222            1         0       0       0   2          1  2
98-75-56-677123-001-01222222            6         0       0       0   2          1  2
21-63-86-537124-001-0112222272221222224 1         0       0       0   2          1  1
70-58-84-847125-001-0212222271221222223 1 4       0       0       0   2          1  2
32-34-20-457137-001-0122122172222221227 6         0       0       0   116    2015   2
13-00-99-017139-001-0112122271211222221 6         0       0       0   1 8    2018   1
75-04-21-967139-001-0222122221211222224 6         0       0       0   116    2017   1
38-11-97-927140-001-0112222272211222223 5         0       0       0   2          1  2
94-17-30-327141-001-0212222272221222224 6         0       0       0   2          1231
99-03-97-377142-001-0112222271211222224 5         0       0       0   2          1  2
12-71-99-587142-001-0212222241211222224 6 7  120000       0       0   2          1  2
13-52-97-317143-001-01222222            6         0       0       0   2          1  2
92-05-19-707147-001-0112112222211222224 5         0       0       0   2          1  2
70-94-18-577156-001-0112122241221222221 1 3       0       0       0   2          1  2
89-15-40-327156-001-07222222            1 6       0       0       0   2          1  1
82-99-49-707157-001-0122122272221222224 1 6       0       0       0   2          1  1
96-84-54-517158-001-0212112221211112223 6         0       0       0   2          1  2
48-98-09-927159-001-0112122272221222224 1 2       0       0       0   2          1  2
74-82-94-057161-001-0112222271211212224 1 5       0       0       0   2          1  2
15-99-79-887162-001-0122122272221222224 1         0       0       0   2          1  1
23-95-13-937163-001-0122122272211222124 5         0       0       0   2          1  1
45-44-01-967166-001-01222222            1         0       0       0   2          1  1
46-11-79-017166-001-0312122211222222221 1         0       0       0   2          1  2
33-18-04-957175-001-0112222272221222224 6         0       0       0   2          1  2
59-13-37-757177-001-0112212222211212223 6         0       0       0   2          1  2
83-54-03-757178-001-01222222            5 6       0       0       0   2          1  2
80-08-62-557179-001-0122112272211122224 6         0       0       0   2          1  2
08-17-85-337182-001-0112222272212222223 5         0       0       0   2          1  2
00-30-59-557185-001-0112222221211222224 5         0       0 2500000   2          1  2
91-24-48-007185-001-0212222272211222224 9         0       0       0   2          1  2
33-35-59-817194-001-0212222272221222224 1 2  180000       0       0   2          1  2
77-00-39-767195-001-0112222221211122224 1 4       0       0       0   116    2021   2
63-50-84-217196-001-0112212272221222224 5         0       0       0   2          1  2
78-83-68-487197-001-0112112221111112224 6         0       0       0   116    2015   1
00-59-89-487198-001-0112222272221222219 1 6       0       0  350000   1 816  2011   2
36-27-12-337200-001-01222222            1 6       0       0       0   2          1  2
74-28-51-417201-001-01222222            1 7  120000       0       0   2          1  2
82-43-40-067214-001-01222222            8         0       0       0   2          1  1
34-57-40-287215-001-0112222271211122124 1 6       0       0       0   2          1  2
94-63-12-267217-001-01222222            6         0       0  120000   2          1  2
33-93-15-017218-001-0112222242211222223 3 5       0       0       0   2          7  2
55-07-80-347219-001-0112222272221222224 1 4       0       0       0   2          1  2
92-02-31-707220-001-0112222272221222224 110       0       0       0   2          1  2
68-11-80-277232-001-01222222            5         0       0       0   2          1  2
03-88-81-187233-001-0212222272221222224 1 8   60000       0       0   2          1  1
50-03-21-927234-001-01222222            1         0       0       0   2          1  1
18-17-32-427235-001-01222222            5 8       0       0       0   2          1  1
22-75-61-337236-001-01222222            1 5       0       0  240000   2          1  1
12-90-93-317237-001-01222222            1 4       0       0       0   2          1  2
41-63-57-787238-001-01222222            1 8       0       0       0   2          1  1
39-75-73-737239-001-01222222            6         0       0       0   2          7  2
18-80-43-117251-001-01222222            1         0       0       0   2          1  2
81-00-68-637251-001-0212222272211222224 1 6       0       0       0   2          1  1
66-77-07-597252-001-0112222271211222221 1         0       0   90000   2          1  1
28-64-53-797252-001-0312112221221222224 5         0       0       0   116    2020   2
35-55-15-717252-001-0912222271221222221 1         0       0   60000   2          1  1
00-28-92-717252-001-1312212272211122128 5 6       0       0       0   2          1  2
45-38-97-527252-001-1512222272211222224 1 5       0       0       0   2          1  2
97-32-03-217252-001-1812222242222212226 1 6       0       0       0   2          1  2
23-03-77-967253-001-0112222272221222224 1 4       0       0       0   2          1  2
60-19-64-977254-001-01222222            1 4       0       0       0   2          1  2
89-93-63-097254-001-0212222272221222224 1 4       0       0       0   2          7  2
13-78-92-737255-001-0112222272221222224 1 6       0       0       0   2          1  2
52-66-54-877255-001-0212222272212221227 4 6       0       0       0   2          1  2
27-28-31-487256-001-0112222271221222221 4 5   60000       0       0   2          1  2
15-61-79-537257-001-0112222272211222224 1 8       0       0       0   2          1  1
44-61-66-317257-001-0312222271211222121 1 6       0       0       0   2          1  1
49-28-25-587258-001-0112222272221222224 4         0       0       0   2          1  2
86-48-55-227270-001-0112222241222222221 1 6       0       0       0   116    2012   2
77-81-42-637271-001-0112222262212222223 5 8       0       0       0   2          1  1
20-15-14-217271-001-0212222272222221226 1 6       0       0       0   2          1  1
53-21-29-447271-001-0312222221211222223 6         0       0       0   2          1  2
21-72-59-457272-001-0112222271211222224 1 5       0       0       0   2          1  2
83-24-43-627273-001-0112221272221122224 1    300000       0       0   1 8    2003   2
54-14-06-277274-001-0112222271222222221 4         0       0       0   2          1  2
04-52-92-667274-001-0312222272222212226 4         0       0       0   2          1  1
50-87-73-807275-001-01222222            1 6       0       0       0   2          1  2
93-43-36-447276-001-0112212271211112224 1 6       0       0       0   1 8    2021   2
70-90-36-857277-001-01222222            1         0       0       0   2          1  2
82-35-63-017277-001-0312222272211222224 1 2       0       0       0   2          1  2
63-58-36-227289-001-0112212272211221227 2 5       0       0       0   2          1  1
77-66-23-237289-001-0212212272211212226 4 5       0       0       0   2          1  1
58-92-85-997290-001-0112212241221222223 1 2   60000       0       0   2          1  2
97-27-00-817291-001-01222222            6         0       0       0   2          1  1
35-09-72-297293-001-0112122132211222223 1 2       0       0       0   2          7  2
27-63-10-527293-001-0712222272212222223 1 2       0       0       0   2          15 2
12-77-98-507294-001-0112222241222212221 1 2       0       0       0   2          1352
36-47-69-257295-001-0112212272221222224 8         0       0       0   2          1  1
73-59-70-207296-001-0122112271221222221 1 6       0       0   30000   2          1  2
81-24-89-067308-001-0121222272211222224 5 6       0       0       0   118    2018   2
72-37-91-607309-001-0121222221211222223 6         0       0       0   118    2000   2
28-79-98-177310-001-0121212221211222221 6 8       0       0       0   114    2019   2
73-73-51-587310-001-07222222            6         0       0       0   1 8    2002   2
43-85-46-147311-001-0121222272221222224 6         0       0       0   116    2010   2
92-65-28-457311-001-0321222212222221227 6         0       0       0   2          1  2
00-66-36-347312-001-0121222271221222221 6         0       0       0   2          1  2
17-11-43-977313-001-0121222272222212226 5 6       0  240000       0   2          1  2
34-58-07-447313-001-0322212271211222221 6         0       0       0   2          1  2
62-97-54-297314-001-0121212272111212224 6         0       0       0   118    2006   2
38-54-14-427315-001-0221222271111122221 8         0       0       0   2          1  2
97-06-30-367315-001-0322212281111122223 6         0       0       0   1 3    2014   2
48-34-32-497315-001-0722212271111112221 6         0       0       0   118    2010   2
42-92-22-907327-001-01222222            5         0       0       0   2          1  2
85-74-80-157329-001-01222222            6         0       0       0   118    2000   2
46-96-12-487329-001-06222222            7         0       0       0   2          1  2
40-97-85-437331-001-0121222271111222221 8         0 2544000       0   2          1  2
19-02-89-147332-001-01222222            5 6       0   60000       0   2          1  1
60-98-71-687332-001-0421212242211221224 5 6       0       0       0   116    2006   2
42-14-14-817333-001-0121222272211222223 6         0       0       0   118    2010   2
12-67-87-417335-001-0122212171211222224 6 8       0       0       0   2          1  2
36-94-70-067335-001-0321222221211222224 6         0       0       0   118    2019   2
21-63-57-617335-001-0522212272221222224 6         0       0       0   2          1  2
55-16-11-717336-001-0122122281121222221 6         0  240000       0   2          1  2
91-08-30-357338-001-01222222            5         0       0       0   2          1  2
26-24-63-127338-001-03222222            6         0       0       0   2          1  2
02-14-73-117338-001-04222222            6         0       0       0   2          1  2
01-41-02-177338-001-0521222272211222223 6         0       0       0   2          1  2
30-25-85-657346-001-0122212272211122225 5 6       0       0       0   2          1  2
64-15-09-777346-001-0521122271211222224 6         0       0       0   2          1  2
34-62-09-377347-001-0121212221111212224 6         0       0       0   118    2012   2
55-10-51-627347-001-0321212271111222224 6         0       0       0   2          1  2
48-39-65-327348-001-0121212272211212224 6         0       0       0   118    2020   2
80-48-20-057348-001-0221212271111122221 6         0       0       0   118    2015   2
04-37-17-227351-001-0121222222211122225 6         0       0       0   2          1  2
99-19-99-877351-001-0221222272221112224 6         0       0       0   2          1  2
63-06-79-487352-001-0121222271111122221 6         0       0       0   118    1993   2
97-60-49-467353-001-0121222272221222224 5         0       0       0   2          1  2
18-52-04-857356-001-0122212272211222224 8         0       0       0   116    2013   2
34-59-88-067357-001-0121222271211222221 6         0       0       0   118    2005   2
61-62-58-057365-001-0122212271111222221 1         0       0       0   2          1  2
11-89-03-917366-001-01222222            6         0       0       0   2          1  2
20-57-15-037367-001-0122212241211212224 4         0       0       0   2          1  2
35-07-68-117368-001-01222222            6         0       0       0   118    2007   2
70-04-61-087368-001-0322212272211222224 6         0       0       0   1 818  2018   2
57-34-12-227368-001-0422212281221212128 6         0       0       0   125    2019   2
57-71-61-557369-001-0122212221111212226 6         0       0       0   116    2000   2
10-69-14-067370-001-0121222271211222221 1         0       0       0   2          1  2
20-59-60-327371-001-0122212271211212124 6         0       0       0   2          1  2
48-76-94-457372-001-0121212272211222224 6         0       0       0   2          1  2
87-10-82-227372-001-0221212242221222224 6         0       0       0   111    2021   2
27-01-95-337384-001-0121222272211222223 6         0       0       0   2          1  2
09-81-72-687386-001-0121222271111122221 6    360000       0       0   2          1  2
36-79-39-187387-001-0121212271111122221 6         0       0       0   2          1  2
61-96-80-797389-001-0121222222211212224 6         0       0       0   116    2000   2
30-26-56-767389-001-0321222272221222224 6         0       0       0   2          4  2
32-55-16-377390-001-0121222272221222224 6         0       0       0   2          1  2
64-30-56-817391-001-0122212272212222223 5         0       0       0   2          1  2
80-19-24-077391-001-03222222            5         0       0       0   118    2017   2
57-85-17-747394-001-0121212272211222224 6         0       0       0   2          1  2
42-82-43-707395-001-0121212272211222224 6         0       0       0   2          1  2
71-09-34-097395-001-0421212222211122224 6         0       0       0   2          1  2
97-61-41-017403-001-03222222            3         0       0       0   2          1  2
39-77-07-097403-001-0421212221211212226 6         0       0       0   1 5    2011   2
21-76-15-177404-001-0121222271211222221 6         0       0       0   2          1  2
15-29-25-837405-001-0121222271111122221 6         0       0       0   2          1  2
39-05-07-637406-001-0121222272211222224 6         0       0       0   118    1990   2
99-17-36-097408-001-0121212272211222224 6         0       0       0   2          1  2
50-64-27-177408-001-0421222271111122221 6    600000       0       0   2          1  2
30-44-95-917409-001-0122222181221222221 5         0       0       0   2          1  2
10-37-60-677410-001-0121222271111122221 6         0       0       0   2          1  2
62-42-88-737411-001-01222222            6         0       0       0   2          1  2
99-27-23-547411-001-0321222272221222224 6         0       0       0   2          1  2
33-53-17-057422-001-01222222            6         0       0       0   116    2013   2
59-33-88-597423-001-0121222271211222221 6         0  960000       0   118    2015   2
12-04-08-937423-001-0321212272211222223 6         0       0 1500000   118    2014   2
27-47-47-257424-001-02222222            6         0       0       0   118    2004   2
91-31-85-797425-001-01222222            6         0       0       0   2          1  2
66-59-88-817425-001-0221222222211222224 5         0       0       0   2          1  2
17-88-91-417426-001-0221222242211222224 6  16000000       0       0   118    2014   2
62-84-76-647427-001-0121222272211222224 5 6       0       0       0   2          1  2
79-91-54-767428-001-0121212222221222224 5 6       0       0       0   2          1  1
93-26-34-857428-001-0222212272211222224 6         0       0       0   2          1  2
52-89-52-127429-001-0121222271111222221 6         0       0       0   2          1  2
92-73-17-297429-001-0521222221111222221 6         0       0       0   2          1  2
61-13-94-567441-001-0121212271111222221 6         0       0       0   125    2000   2
71-19-58-667441-001-0521212271211222221 6         0       0       0   125    2020   2
43-02-86-267441-001-0821222272211122224 6         0       0       0   111    2018   2
42-34-84-467442-001-0121212272211212224 6 7       0       0       0   118    2000   2
83-93-17-157443-001-0121222271111122224 6 8       0  387333       0   118    2017   2
79-17-76-937444-001-0121222271111222221 6         0       0       0   118    2019   2
05-56-20-527447-001-01222222            6         0       0       0   2          1  2
75-19-68-937448-001-0121212272211221227 6         0       0       0   118    2015   2
85-38-87-287450-001-0221222271111122225 6 8       0       0       0   2          1  2
97-45-73-657451-001-0121212272211222224 6         0       0       0   2          1  2
93-14-64-677460-001-0121222271111122221 6         0       0       0   2          1  2
04-27-32-807460-001-0321222271111122221 6         0       0       0   2          1  2
55-58-50-707460-001-0421212222211112124 6         0       0       0   2          1  2
66-05-78-037461-001-0121222272211222224 6         0       0       0   119    2006   2
98-87-38-277463-001-01222222            6         0       0       0   116    2000   2
68-28-02-787463-001-0621212221211212221 6         0       0       0   118    2012   2
45-12-70-007463-001-0721222241211221227 6         0       0       0   118    2015   2
93-40-14-107465-001-0121222172211222223 5 6       0       0       0   118    2018   2
74-05-68-157465-001-0222212271211222223 6         0       0       0   116    2010   2
61-04-46-277466-001-01222222            6         0       0       0   1 511182019   2
40-22-54-837467-001-0121212222211212226 5         0       0       0   2          5  2
59-34-72-417467-001-0422212272211222224 6         0       0       0   119    2019   2
69-36-57-377468-001-0121222272211222223 6         0       0       0   118    2012   2
19-50-06-437468-001-0322212222211222223 6         0       0       0   118    2018   2
38-25-30-167469-001-0121212271211222221 6         0       0       0   125    2011   2
84-26-92-197479-001-0221222222211122224 5         0       0       0   2          1  2
78-19-84-007479-001-0322212242211222224 5 6       0       0       0   2          1  2
71-70-58-387480-001-0121212272211222224 6         0       0       0   2          1  2
76-48-78-537482-001-02222222            6 7       0       0       0   2          1  2
49-77-34-977482-001-0322212272221222224 1         0       0       0   2          1  2
82-30-87-297482-001-04222222            5         0       0       0   2          1  2
79-59-27-697483-001-0121212272211222223 6         0       0       0   1 8    2014   2
78-63-13-427483-001-0821222272221222224 6         0       0       0   2          1  2
16-25-90-167484-001-0121222271111222222 9         0       0       0   2          1  2
17-96-10-307485-001-0121222272211222224 6         0       0       0   2          13 2
16-78-62-637486-001-0121222271221222221 5         0       0       0   2          1  2
61-77-54-847487-001-01222222            4         0       0       0   2          1  2
44-59-44-927498-001-0121222231111222221 6         0       0       0   116    1995   2
33-91-82-597499-001-0121222272211222223 6         0       0       0   2          1  2
55-73-81-377500-001-0121212271211122224 6         0       0       0   118    2010   2
96-64-18-887501-001-0122212241221222224 5         0       0       0   125    2016   2
30-52-74-137501-001-0222212272221222224 6         0       0       0   116    2020   2
76-58-03-527502-001-0121212272211112225 6         0  400000       0   118    2005   2
36-22-77-717502-001-0521222272212121225 6         0       0       0   118    2005   2
37-46-34-847503-001-0121212272211222227 6         0       0       0   116    2010   2
60-30-22-407505-001-0121222272211122224 6         0       0       0   2          1  2
20-48-53-247517-001-0122212272111112223 5 6       0       0       0   118    2011   2
08-05-68-827518-001-0121212271111122224 6         0       0       0   2          1  2
86-00-60-927518-001-0212212171111222223 6 7 1440000       0       0   2          1  2
90-15-32-017519-001-0121112272211222223 7         0 2640000       0   11619  2010   2
45-55-13-167519-001-05222222            8         0       0  240000   2          1  2
79-79-29-627520-001-0122212271111122221 6         0       0       0   1 6    2005   2
11-57-08-367521-001-0121212212221112224 6         0       0       0   118    2000   2
82-06-22-637521-001-0321222272111122224 6         0       0       0   2          1  2
98-27-39-847522-001-0121212241211222221 5         0       0       0   125    2019   2
76-82-26-267522-001-0621222211211111121 5         0       0       0   125    2019   2
41-29-34-327523-001-01222222            5 7       0 1200000       0   118    2000   2
09-22-50-427524-001-01222222            6         0       0       0   1 511182016   2
80-00-99-677536-001-0121212221211222223 6         0       0       0   118    2017   2
82-77-21-507539-001-0121222272221222224 6         0       0       0   2          1  2
83-67-28-047540-001-0121212221211112224 6         0       0       0   116    2000   2
92-92-73-427541-001-0221222271111122221 6         0       0       0   2          1  2
28-67-49-347542-001-0121112272211122223 5         0       0       0   118    2011   2
83-29-55-217543-001-0121212272221222224 6    170000       0       0   118    2010   2
77-31-14-187543-001-0321212242222122225 6         0       0       0   118    2019   2
10-69-54-327545-001-0121222272211222223 6    720000  240000       0   118    2018   2
16-82-78-487547-001-0121212271211222224 6         0       0       0   2          1  2
87-52-25-547555-001-0121222272211222224 6         0       0       0   2          1  2
09-60-72-357558-001-0121222242211222224 6         0       0       0   2          1  2
37-24-31-427558-001-0321222172211222224 9         0       0       0   2          1  2
87-10-26-467559-001-0121212271211222221 6         0       0       0   118    2011   2
46-85-30-667560-001-0121222272221222224 6         0       0       0   2          1  2
07-35-63-027560-001-0321222272221222224 6         0  240000       0   2          1  2
78-81-38-517561-001-0121222271111222221 8         0       0       0   2          1  2
11-75-23-667561-001-0321222271111222221 6         0       0       0   2          1  2
63-12-04-227562-001-0122212222212222223 6         0       0       0   118    2009   2
78-86-94-277568-001-0121222272211222224 5         0       0       0   2          1  2
29-88-55-887574-001-01222222            6 7       0 2040000       0   1 5    1998   2
77-24-57-027574-001-0621212221111222223 6         0       0       0   1 8    2010   2
50-73-43-857575-001-0121212222211122224 7    600000       0       0   2          1  2
93-02-42-567576-001-01222222            9         0       0       0   2          1  2
43-51-75-037577-001-0112212271111122221 7 8       0  240000       0   2          1  2
94-28-78-017578-001-0221221271211222221 6         0       0       0   2          1  2
09-74-44-297579-001-0121222272211222223 6         0       0       0   2          1  2
17-54-20-107580-001-01222222            6         0 1080000       0   118    2006   2
83-88-89-827581-001-01222222            7  14400000       0       0   2          1  2
74-13-08-417593-001-0121221271111212221 6         0       0       0   118    2012   2
58-30-02-977593-001-0321212222211222224 6         0       0       0   118    2012   2
40-92-52-967593-001-0422212272211222224 6         0       0       0   11718  2018   2
36-16-69-017595-001-0121212171111122221 6         0       0       0   2          1  2
15-68-66-437595-001-0321212271111122221 5 6       0       0       0   2          1  2
86-24-82-757596-001-0122212271111112221 1 6       0       0       0   2          1  2
71-84-38-207597-001-0121222172221222224 6 7       0 1440000       0   2          1  2
86-49-40-917597-001-0321222222222221227 6         0       0       0   1 9    2018   2
33-07-39-667598-001-0121222172211222226 6         0       0       0   11618  2015   2
05-83-12-707598-001-0221222271111122221 6         0       0       0   2          1  2
94-76-98-577599-001-0221222271211222224 6         0       0       0   2          1  2
44-06-71-597600-001-0121222272211212126 6         0       0       0   2          1  2
64-92-05-337612-001-0121222271111222221 6         0       0       0   118    2011   2
70-95-65-917614-001-01222222            6         0       0       0   2          1  2
62-10-79-127615-001-01222222            5 6       0       0       0   2          1  2
35-93-44-407615-001-0221222271111222221 6         0       0       0   2          1  2
98-74-97-827616-001-0121222272211222224 1         0 1392000       0   118    2018   2
59-88-60-907621-001-01222222            6         0       0       0   111    2016   2
14-19-96-877623-001-0121222271221222221 6         0  240000       0   125    2020   2
49-96-42-287631-001-03222222            1 6  240000       0       0   2          1  2
63-41-44-087632-001-0112112272211222224 5 6       0       0       0   116    2014   2
00-21-85-367633-001-0112112221211222221 6         0       0   360001  116    2003   2
46-70-45-217634-001-0122122272221222224 1         0       0       0   2          1  2
63-23-04-537635-001-0112222272221222224 1 5       0       0       0   2          1  1
16-31-01-007636-001-0122122271211222221 1 5       0       0       0   2          1  1
64-48-82-857637-001-01222222            5 6       0       0       0   2          1  1
75-68-88-147638-001-0112212221211122225 5 6       0       0       0   1 816  2010   1
72-11-98-017650-001-0122122241211222221 5         0       0       0   2          1  2
44-04-92-357651-001-0122122222211222224 5         0       0       0   2          3  2
05-80-88-367652-001-0122122272221222224 6    480000       0       0   1 8    2021   2
62-17-78-367653-001-0112112241211212221 5         0 1200000       0   11619  2006   2
38-38-42-787655-001-0112212241211222221 1 5       0       0       0   2          1  1
68-19-91-607656-001-0122212272211222223 1         0       0       0   2          1  2
48-81-33-817656-001-0322112271211222223 5 6       0       0       0   2          7  2
64-69-57-407657-001-0112122272211222224 1 2       0       0       0   2          1  2
17-20-31-197657-001-0322112242211122224 6         0       0       0   1 8    2015   2
58-92-18-387657-001-0412222171211112225 5 6       0       0       0   116    2012   2
06-15-32-097671-001-0122112272211221224 6 8       0       0       0   2          1  1
66-49-10-897672-001-0112122272212222223 5         0       0       0   1 8    2018   2
48-48-39-867674-001-0112222272211222224 1 5 4800000       0       0   2          6  1
27-77-08-527675-001-0122222111211222221 4 5       0       0       0   2          1  1
72-74-54-137676-001-0122112271211222221 5         0       0       0   2          1  1
48-25-81-237688-001-0122122272211222224 1    200000       0       0   2          1  2
37-27-82-447689-001-01222222            1 6       0       0       0   2          1  2
32-21-84-787690-001-0222222171221222224 1 6       0       0       0   2          1  1
73-28-16-657692-001-0122222142221222224 4    600000       0       0   2          1  2
59-61-20-397693-001-0122222172211212223 1         0       0       0   2          1  2
38-29-15-917693-001-0222122172211212226 1 5       0       0       0   2          1  2
51-45-14-977694-001-0122222141211122224 1 3       0       0       0   2          1  1
48-86-67-227695-001-0122222172221222224 1 8       0       0       0   2          1  1
10-40-33-807707-001-0122112272211222223 7         0       0       0   2          1  2
12-87-18-547708-001-0112222272221222224 5 6       0       0       0   2          1  1
43-93-30-837709-001-0112212271211222224 1 2       0       0       0   1 816  2018   1
26-55-00-487709-001-0412112121211222221 6         0       0       0   1 8    2011   2
84-10-74-907710-001-0122112212211212226 6         0       0       0   2          7  2
70-68-63-467710-001-0212212211211222221 5 6       0       0       0   2          1  2
08-11-59-497711-001-0112112271211212111 1         0       0       0   2          1  2
67-88-22-187712-001-0122112232221222224 4 6       0       0       0   2          1  1
69-60-68-967712-001-0512122272221222224 7         0       0       0   2          1  2
26-94-90-987713-001-0112212221211212223 5 6       0       0       0   2          1  1
00-98-54-117726-001-01222222            1 6       0       0  300000   2          1  2
46-86-49-347727-001-01222222            1         0       0       0   2          1  2
11-67-43-987727-001-02222222            1 5       0       0       0   2          1  2
21-14-28-097727-001-0311212272221212224 6         0       0   30000   2          2  2
15-42-73-607728-001-0122212212222221227 1 5       0       0       0   2          1  2
45-57-77-157728-001-0422212172221222224 1 6       0       0       0   2          1  2
88-14-86-337729-001-0122112221222222221 4    120000       0  600000   2          1  2
82-52-23-197730-001-01222222            1 4       0       0       0   2          1  2
28-74-45-587731-001-0122212172221222224 1 6       0       0       0   2          1  1
83-92-82-087732-001-0122212272211222224 1    280000       0       0   2          1  2
51-07-44-647732-001-0522112282211222224 1 6       0       0       0   2          1  1
26-88-11-767732-001-0612212272211222224 110       0       0       0   2          1  1
63-84-49-817732-001-0922212272221222224 1 6       0       0       0   2          1  1
94-29-07-237733-001-0122212272211222224 1 2       0       0       0   116    2020   2
70-92-10-887733-001-03222222            1 5       0       0       0   2          1  2
62-66-54-857745-001-0222212252221222224 5 6       0       0       0   2          1  1
59-34-00-287746-001-0122112211211222223 6         0       0   500001  2          1  2
70-87-82-307746-001-0412212211211222221 5         0       0  2000001  2          1  2
86-62-61-137747-001-0112212272212222223 5         0       0       0   2          1  2
82-92-85-757748-001-0122112272221222224 210  240000 4800000       0   116    2005   2
94-41-06-337749-001-0112212172211222224 1 8       0       0       0   2          1  1
81-04-14-297751-001-0122212231221212224 6 8       0       0       0   2          1  1
60-92-37-797752-001-0112212222222221227 5 6       0       0       0   116    2020   2
68-48-30-867752-001-0222212171222222221 5         0       0       0   2          1  2
96-06-39-807764-001-0122122272221222224 6 8       0       0       0   2          1  2
60-10-77-457765-001-01222222            4 6       0       0       0   2          1  2
99-45-69-657766-001-0222122272222221227 6         0       0       0   2          1  2
09-26-56-737767-001-01222222            1         0       0       0   2          1  2
36-91-08-387767-001-02222222            4         0       0       0   2          1  2
82-38-34-767768-001-01222222            1         0       0       0   116    2017   2
90-27-13-047768-001-02222222            1         0       0       0   2          1  1
66-99-05-827770-001-0122122272221222224 4         0       0       0   116    2019   2
11-76-93-907771-001-01222222            4 6       0       0       0   2          1  2
93-67-00-467771-001-0222122212211222224 9         0       0       0   2          5  2
87-23-20-077771-001-07222222            5         0       0       0   2          1252
19-27-38-767772-001-01222222            2         0       0       0   2          1252
39-02-43-057783-001-0122222121221222221 5 6       0       0       0   116    2010   2
64-51-13-877784-001-0122212271211112223 1 4       0       0       0   116    2017   1
91-84-77-027784-001-05222222            1 4       0       0       0   2          1  1
94-73-38-057785-001-0122212112211222224 5         0       0  600000   1 8    2019   2
07-40-14-617785-001-0722212122211222224 6         0       0       0   2          1  2
45-53-69-637786-001-0122222172221222224 7         0       0  210000   2          1231
14-96-14-697788-001-01222222            810       0       0       0   2          1  1
89-70-07-167788-001-0222212272221222224 8         0       0       0   1 8    2020   1
63-96-57-657789-001-01222222            4   2200000       0       0   116    2017   2
37-79-76-007789-001-02222222            4         0       0       0   116    2020   2
16-12-93-027790-001-0222112271221221227 4 6       0       0       0   1 8    2020   1
40-64-10-347802-001-0122112271212222221 1 4       0       0       0   116    2018   2
17-90-17-267804-001-01222222            4         0       0       0   2          7  2
60-23-57-077805-001-0122122242211222224 4         0       0       0   1 8    2021   2
17-34-94-887806-001-01222222            2         0       0       0   2          15 1
81-48-53-177806-001-0222122272221212224 6         0       0       0   2          1  2
25-44-43-187807-001-01222222            1         0       0       0   2          1  2
95-48-94-617808-001-0122112242211222224 1 4       0       0       0   116    2020   1
16-78-00-157809-001-0122122221222222221 1 4       0       0       0   116    2019   2
33-34-92-887811-001-0122122282221222224 4         0       0       0   116    2018   2
74-19-50-757821-001-0122212272221222224 4 7       0       0       0   2          7  1
05-58-61-247821-001-0222122231222222221 1 2       0       0       0   116    2019   2
16-78-25-517822-001-0122112272221222224 5 6       0 1200000       0   116    2005   1
32-99-12-857823-001-0122122252221222224 8         0       0       0   2          1  1
95-78-69-017823-001-0222122231221212224 1 4       0       0       0   2          1  1
63-30-99-247824-001-0122112271221212224 4         0       0       0   2          1  1
26-83-07-887825-001-0122112231221222224 1     40000       0   20000   2          1  1
19-13-36-447826-001-0222212272221222224 6 8       0       0       0   2          1  1
11-01-62-717826-001-0422112271221222224 6 8       0       0       0   2          1  1
19-76-47-957827-001-01222222            4         0       0       0   116    2011   1
18-60-12-927827-001-0222112232211222224 1 6       0       0       0   116    2020   2
50-85-67-457828-001-01222222            5         0       0       0   2          1231
17-99-40-217840-001-01222222            4         0       0       0   118    2018   2
49-58-44-747841-001-0122212272221222224 1 4       0       0       0   1 6    2019   1
29-74-60-147842-001-0122212272221222224 4 6       0       0       0   2          1  1
63-73-59-667842-001-0322212272211222224 4         0       0       0   125    2015   2
22-67-43-597843-001-0122222172221222224 4 8       0       0       0   2          1  1
45-51-75-377844-001-0122222172221222224 6         0       0       0   2          1  1
56-26-44-997845-001-0122212272212222224 1 4       0       0       0   2          1  1
21-16-08-167846-001-0122212132221222224 4         0       0       0   118    2017   2
08-12-65-707847-001-01222222            1         0       0       0   2          1252
83-27-07-277847-001-02222222            4         0       0       0   2          1  2
13-86-84-697859-001-01222222            1         0       0       0   2          1  2
70-91-07-557860-001-01222222            8         0       0       0   2          1  1
01-06-91-867860-001-0222122272211222223 4 5       0       0       0   116    2021   2
19-68-40-277860-001-0422212271222212226 6         0       0       0   2          1  2
06-05-88-837861-001-01222222            8         0       0       0   2          1  1
07-61-69-657862-001-0122212272221222224 1 4       0       0       0   116    2016   1
08-24-51-297863-001-0122212272211212224 1 5       0       0       0   116    2019   2
03-51-23-507865-001-0122212232221222224 1 4       0       0       0   2          1  2
16-82-37-777866-001-0122212272221222224 1 4       0       0       0   2          1272
14-97-67-177866-001-0322212121211222224 5         0       0       0   1 8    2018   2
88-88-83-397866-001-0422212172221212224 4 5       0       0       0   116    2021   2
44-41-62-447878-001-0122112251211221226 6         0       0       0   2          13 1
56-33-92-927879-001-0122212221211222224 6         0       0       0   2          1  1
48-60-13-237880-001-0222122222221222224 5         0       0       0   2          1  2
92-47-41-817880-001-0422122121211222223 6   1200000       0       0   1 816  1988   2
01-39-89-987881-001-0112122242221122224 5         0       0       0   2          1  1
05-43-47-877881-001-0222122232221222224 1         0       0       0   2          1  2
20-91-10-077882-001-0112112222211211227 5 6       0       0       0   1 8    2008   2
48-52-11-317884-001-0222122242211121224 5         0       0       0   111    1999   2
05-38-38-517885-001-0122112271212122225 6         0       0       0   111    2011   2
49-33-77-787887-001-0122122111211212221 6         0       0       0   2          1  1
39-06-35-227887-001-0222112212211222224 6         0       0       0   2          1  2
12-28-87-827887-001-0312122242211222223 6         0       0       0   2          1  1
84-90-25-347897-001-01222222            4         0       0       0   2          1  1
22-54-53-727898-001-0122122271221222221 6         0       0       0   2          1  1
34-13-06-647899-001-0122122122211222224 5         0       0       0   1 8    2020   2
52-33-12-157900-001-0122122272211222224 1 4       0       0       0   2          1  2
90-34-69-567901-001-01222222            1 8       0       0   20000   2          1  2
90-41-70-137902-001-01222222            5 8       0       0       0   2          1  2
62-09-95-837902-001-02222222            5 6       0       0       0   2          1  2
23-91-99-717903-001-0122122272211221223 1         0       0       0   116    2018   2
71-25-97-717903-001-0322222121211222224 4 5       0       0       0   116    2010   2
87-80-72-977904-001-0122112242211221227 4 5  300000       0       0   1 816  2016   1
08-08-88-137904-001-0322212242211222223 4         0       0   50000   2          1  2
90-68-95-747916-001-0112222272221222224 6 8       0       0       0   2          1  1
95-68-45-617917-001-01222222            1         0       0       0   2          1  2
80-27-00-227918-001-01222222            2         0       0       0   2          1  2
19-89-44-487919-001-01222222            1 6       0       0       0   2          1  2
71-33-08-657919-001-1112222272221222224 1 6       0       0       0   2          1  2
52-72-30-637920-001-0112222272211212224 6         0       0       0   2          1  2
53-96-23-777921-001-0112222272211222224 5         0       0       0   2          1  2
32-16-83-617921-001-0412222272211222224 6         0       0       0   2          1  1
45-53-14-167922-001-01222222            1         0       0       0   2          1  2
43-53-42-887923-001-0112212272221222224 1 6       0       0       0   2          1  2
17-46-58-997935-001-0112222252221222224 1         0       0       0   2          1  2
23-45-63-667935-001-0612222222211122223 5         0       0       0   116    2016   2
74-23-11-257935-001-0712122251221222224 1 8       0       0       0   2          1  1
24-84-33-697935-001-0812222272111212223 1 6       0       0       0   2          1  2
38-93-20-827935-001-1012222272221222224 1 4       0       0       0   2          3  2
31-35-06-217936-001-0112222242211222214 1         0       0       0   2          1  2
65-66-36-377936-001-0712222271221222224 6 8       0       0       0   2          1  1
29-53-90-677937-001-01222222            1 4       0       0       0   2          1  2
61-07-26-107937-001-0312222242211222224 1 6       0       0       0   2          1  2
11-86-72-637937-001-0612222272221222224 1 6       0       0       0   2          1  1
16-88-90-727937-001-07222222            6         0       0       0   2          1  2
47-29-29-057938-001-0112222272211222223 1 2  150000       0       0   2          15 2
15-50-78-417938-001-03222222            6         0       0       0   2          1  1
57-06-25-307938-001-0512222272211222224 5         0       0       0   2          1  1
66-44-37-767939-001-0112222272221222224 1 7       0       0 1200000   2          1  2
82-22-68-187939-001-03222222            5         0       0       0   2          1  2
60-09-93-817939-001-1112222272221222224 6         0       0       0   2          1  2
71-59-39-297940-001-02222222            1         0       0       0   2          1  2
68-19-08-477941-001-0112222242221222228 1 2       0       0       0   2          1  2
91-32-59-607941-001-0312222252222221227 6         0       0       0   11621  2020   2
83-71-94-397941-001-0512112221211112221 6   5000000       0       0   1 816  2001   2
60-83-88-297942-001-0112112272211222224 1 2       0       0       0   2          1  2
68-63-47-407942-001-0412222272212222223 5         0       0       0   2          1  2
91-59-57-157942-001-0612222272211212224 5         0       0       0   2          1  2
85-82-39-187942-001-09222222            1 5       0       0       0   2          1  2
77-04-03-227942-001-1112222221221222221 6         0       0       0   2          1  2
79-34-62-977954-001-0112122272211222223 6    600000       0       0   1 816  2013   2
04-74-85-307954-001-0612212271212222224 5 6       0       0       0   2          1  1
71-84-35-817954-001-0722122271222222221 6         0       0       0   1 9    2018   2
85-29-06-507956-001-0112122241111122213 5         0       0       0   116    2018   2
26-00-84-067957-001-01222222            6         0       0       0   2          1  2
11-11-82-257958-001-0112122242211222214 5 6       0       0       0   2          1  2
86-62-05-207958-001-0612222272211222223 6         0       0       0   2          1  2
68-08-62-127958-001-0712112241211222211 6         0       0       0   110    2020   2
18-94-18-127962-001-0112212231211122225 5 6       0       0       0   2          1  2
87-93-30-617973-001-01222222            6         0       0       0   2          1  2
12-58-42-987974-001-01222222            1         0       0       0   2          1  2
73-85-16-747975-001-01222222            1         0       0       0   2          1  2
64-86-51-207976-001-01222222            1 2       0       0       0   2          1  2
66-05-47-957977-001-01222222            1 8       0       0       0   2          1  2
61-85-33-747978-001-01222222            1         0       0       0   2          1  2
38-20-36-177978-001-04222222            1         0       0       0   2          1  2
30-07-36-267979-001-01222222            1 6       0       0       0   2          1  2
33-39-81-337980-001-01222222            1 2       0       0       0   2          1  2
94-02-09-967992-001-0212222221222212221 5         0       0       0   2          1  2
60-95-84-907993-001-01222222            3         0       0       0   2          1  2
39-16-24-827995-001-0112112141111112224 110       0 4000000       0   1 816  1990   2
61-18-82-897995-001-0312112241111222223 2 6       0       0       0   1 816  2014   1
41-73-71-997995-001-0412122121111222211 3 5       0       0       0   1 8    2017   2
02-66-98-627997-001-0112222272212222223 5 6       0       0       0   2          7  2
31-14-12-167998-001-0112212121211222224 1 5       0       0       0   116    2017   2
58-92-11-347998-001-0422122111211122223 5 6       0       0       0   116    2015   2
00-35-78-418000-001-0112222272212222223 1 5       0       0       0   2          1  2
53-35-83-738001-001-0212222271211212226 5         0       0       0   2          1  2
38-93-28-418011-001-0112122242212222223 1         0       0       0   2          1  2
50-40-29-948012-001-0112222271211222221 5         0       0       0   2          1  2
98-99-18-198012-001-0322122272211222224 6 8       0       0       0   2          1  1
03-53-78-348013-001-0112222241222222221 1         0       0       0   2          1  2
88-05-64-808013-001-0312222272212222223 6         0       0       0   2          1  2
04-26-12-458013-001-0412222172221221227 5 6       0       0       0   2          1  2
14-68-38-978014-001-0112222272221222224 1 6       0       0       0   2          1  2
54-57-11-678015-001-0112122171211222221 6         0       0       0   1 816  2012   2
91-66-92-698016-001-01222222            5 6       0       0       0   2          1  1
29-86-51-868017-001-0112222272222222223 1 4       0       0       0   2          1  2
90-37-68-488030-001-01222222            6         0       0       0   2          1  2
01-21-77-708030-001-02222222            5 6       0       0       0   2          1  2
55-10-45-608032-001-0312222271221222224 1 6       0       0       0   2          1  2
44-32-80-968033-001-0212122271221222223 6         0       0       0   2          1  2
68-35-72-168035-001-0122122251211222221 1         0       0       0   2          1  2
13-62-28-638036-001-0122122272221222224 5         0       0       0   2          1  2
74-11-66-438037-001-01222222            5         0       0       0   2          1  2
61-40-59-858038-001-0112222222211222224 6         0       0       0   2          1  1
15-06-67-678039-001-01222222            5         0       0       0   2          1  2
87-69-15-568050-001-0112122271211112214 5 6       0       0       0   110    2014   2
61-74-11-868052-001-0112212221221222221 8         0       0       0   2          1  1
58-52-23-478053-001-0112222222212222223 5 6       0       0       0   116    2008   2
00-57-86-778054-001-0112222272212122225 6         0       0       0   1 8    2010   2
31-54-96-428055-001-0212212221211222224 7 8 5160000 3600000       0   11015161987   1
90-22-84-418056-001-0112222232221222224 5 7  720000  350000       0   1 8    2011   1
86-00-20-098056-001-0512122231212212226 6         0       0       0   11016  2019   2
20-53-14-888059-001-0112222222221222224 5         0       0       0   11016  2014   2
59-42-79-328068-001-02222222            1 5       0       0       0   2          1  2
08-10-16-648068-001-0422222142221222224 1         0       0       0   2          1  2
78-96-49-968069-001-01222222            1 2       0       0       0   2          1  2
05-06-56-338069-001-04222222            2 4       0       0       0   2          1  2
62-39-49-908070-001-0112222242211222214 1   1000000       0       0   2          1  2
99-94-65-538071-001-01222222            1         0       0       0   2          1  2
39-63-64-448073-001-0122122272211222223 1 6       0       0       0   2          1  2
17-46-97-578073-001-0312122152211222223 1         0       0       0   2          1  2
86-24-47-948074-001-01222222            5         0       0       0   2          1  2
29-04-37-378076-001-0212222272221222224 1 3       0       0       0   2          1  2
35-43-15-568076-001-0312222272221222224 1         0       0       0   2          1  2
33-01-35-908079-001-0112222272212222223 1         0       0       0   2          1  2
78-51-37-438087-001-0112222242211222223 1 6       0       0   20000   2          1  2
37-69-71-688088-001-0112222272211222224 1 6       0       0       0   2          1  1
96-28-87-018089-001-01222222            1         0       0       0   2          1  1
41-20-70-698090-001-0122212272221222224 1         0       0       0   2          1  2
82-22-36-588091-001-01222222           10         0       0       0   2          1  2
08-11-10-008092-001-0112212221111222221 1 5   60000       0       0   2          1  2
30-34-74-238093-001-0112212272221222224 1 5       0       0       0   2          1  2
40-65-81-688094-001-01222222            1 8       0       0  140000   2          1  2
21-68-14-268106-001-0212222272211222224 1 7       0       0       0   2          1  1
58-04-46-168107-001-0112222272221222224 1         0       0       0   2          1  2
82-38-92-088108-001-0112222242212222223 1 6       0       0       0   2          1  2
04-52-77-928109-001-0212222272221212224 1 3       0       0       0   2          1  1
08-91-66-168110-001-01222222            6 8       0       0       0   2          1  1
29-19-06-618110-001-0212222271211222224 6         0       0       0   2          1  2
29-16-25-688111-001-0112222272222221227 3         0       0       0   2          1  2
91-73-79-238112-001-0112222271111211121 1 2       0       0       0   2          1  2
80-61-59-888113-001-01222222            1         0       0       0   2          1  2
62-27-70-088125-001-0112212172221222224 4         0       0       0   116    2015   2
58-56-42-558127-001-0112222241212222223 5         0       0       0   116    2012   2
65-27-64-638130-001-0112222271211222224 1 5  720000       0       0   2          1  1
27-42-58-048130-001-0322212121212222226 3 6       0       0       0   11617  2006   2
80-53-57-308131-001-0112212272212222223 5         0       0       0   2          1  2
00-06-67-728132-001-0112122272221222224 6 8       0       0       0   1 816  2015   1
32-65-47-458145-001-0112112241111211214 5 8  360000       0       0   116    2019   1
31-02-55-838146-001-0112212272221222224 7         0       0  225000   2          1  1
84-36-20-538147-001-0122112231211222224 5    720000       0       0   2          1  2
59-14-14-768148-001-0122212221111222221 6         0       0       0   1 816  2013   2
70-83-32-278149-001-0122212272211222223 5    660000       0       0   2          1  2
71-67-36-168150-001-01222222            5 6  480000       0       0   2          1  2
02-20-12-918151-001-01222222            5         0       0       0   2          1  2
55-94-19-898151-001-0222212222221222224 5         0       0       0   2          7  2
68-70-95-158164-001-0122212221222222221 1 5       0       0       0   2          1  2
06-57-77-898167-001-0122212272222222128 1 6       0       0       0   2          1  2
66-05-65-518168-001-0122212242221222224 1         0       0       0   2          1  2
16-85-18-498169-001-01222222            1 4       0       0       0   2          1  2
08-81-11-438169-001-0222212242221222224 5         0       0       0   2          1  2
19-34-58-488170-001-0122212272221222224 8     40000       0       0   2          1  1
23-92-25-818170-001-0212212271211212224 5         0       0       0   2          1  2
87-50-63-898171-001-0122212271222222221 5 8       0       0       0   2          1  1
73-73-81-468173-001-0122212271221222221 1 6       0       0       0   2          1  1
81-59-25-118182-001-0122212142221222224 5         0       0       0   2          3  2
85-45-40-368182-001-0222112121111222224 5         0       0       0   2          1  2
11-04-95-978183-001-01222222           10         0       0       0   2          1  1
55-32-59-928183-001-0321112221211221223 5         0       0       0   116    2021   2
55-00-80-558184-001-0122122172211222223 5         0       0       0   2          1  2
08-21-18-738185-001-0122122272221222224 1         0       0       0   2          1  2
64-14-59-038186-001-0122122242211222224 6         0       0       0   2          1  2
83-98-37-268187-001-0122122272211222223 1 5       0       0       0   2          1  2
76-68-51-698187-001-0322122271211222223 5 6       0       0       0   116    2020   2
28-17-95-658187-001-0422212271221222224 6         0       0       0   2          1  2
40-81-26-918187-001-0522112271211222223 6         0       0       0   2          1  2
37-12-34-368188-001-0122122272221222224 4         0       0       0   2          1  2
68-96-28-518189-001-0122112272221222224 4 5       0       0       0   2          1  2
44-07-39-978201-001-0122122271221221224 5         0       0       0   2          1  2
01-27-92-618203-001-01222222            4         0       0       0   2          1  2
63-99-79-448204-001-0112112252221222224 6         0       0       0   2          1  2
69-37-83-888205-001-0122122241211122223 4         0       0       0   11016  2000   2
85-30-79-738205-001-0222122221111122224 6         0       0       0   2          3  2
75-64-92-778206-001-0122112272221222224 1 5       0       0       0   116    2018   2
37-84-33-458213-001-0122122271211222224 4 6       0       0       0   116    2019   2
11-50-44-148220-001-01222222            1         0       0       0   2          1  2
59-62-63-868220-001-0412222272211222224 1 6       0       0 1200000   2          1  2
07-12-36-518221-001-0112222272212212223 5 6       0       0       0   2          1  2
51-95-27-788221-001-0412222242211222223 6         0       0       0   2          1  2
37-27-39-028221-001-12222222            6         0       0       0   2          1  2
31-58-34-738222-001-0112222272212222223 1         0       0       0   2          1  2
89-62-84-168223-001-0112222272222112225 5    180000       0       0   2          15 2
50-15-97-058224-001-01222222            1 5       0       0       0   2          1  1
42-70-94-918225-001-01222222            1 6       0       0       0   2          1  2
19-84-40-428227-001-0112222272221222224 1     96000       0       0   2          1  2
74-41-92-738227-001-03222222            1 5       0       0 1000000   2          1  1
48-89-22-758228-001-03222222            1 5       0       0       0   2          1  1
64-39-63-918239-001-0112222271111112216 5         0       0       0   116    2021   1
04-37-85-438240-001-01222222            1 9       0       0       0   2          1  1
74-87-14-678240-001-0322122271211222221 5         0       0       0   2          1  2
75-29-65-678241-001-0112222272221222224 1 5       0       0       0   117    1998   2
45-06-93-918242-001-0112222272221222224 1 6       0       0       0   2          1  2
91-94-05-768243-001-02222222            8         0       0       0   2          1  1
66-31-63-618244-001-0112222272221222224 110       0       0       0   2          1  1
15-55-04-528245-001-0112222272221222224 5 8       0       0       0   2          1  1
69-24-30-068246-001-0112222272221222224 1         0       0       0   2          1  2
33-13-26-348258-001-0112122242211222224 4 5  120000       0       0   1 8    2019   2
52-96-30-548259-001-0112122271112221223 4 6       0       0       0   116    2014   2
52-98-01-088260-001-01222222            6         0       0       0   2          1532
40-28-81-738261-001-0122122272221222224 4         0       0       0   2          1  2
27-65-92-718262-001-01222222            4         0       0       0   116    2019   2
25-50-76-858263-001-0122122272221222224 110       0       0   60000   2          1  1
82-86-92-668264-001-0112122271112222223 6         0       0       0   116    2014   2
49-43-73-788267-001-01222222            1 4       0       0       0   2          1  1
62-23-73-138267-001-02222222            4         0       0       0   2          1  2
45-39-10-248277-001-01222222            6         0       0    4000   2          1  2
77-57-20-328278-001-0112222242211222224 6 8       0       0       0   2          1  1
24-46-42-268281-001-01222222            1         0       0       0   2          1352
24-95-76-968281-001-07222222            1         0       0       0   2          1532
76-84-55-628282-001-0112222232211222224 4         0       0       0   2          1  2
83-35-92-638282-001-0212212271221222221 1 6       0       0       0   2          1  2
97-06-33-258282-001-03222222            1 2       0       0       0   2          1  1
36-66-06-018283-001-0212122232211222224 6         0       0       0   2          1  2
25-22-50-958284-001-0112222272211222224 1 5       0       0       0   2          1  1
95-10-97-388285-001-0112222272211222223 1 5       0       0       0   2          1  2
34-24-42-478296-001-0112122221221212224 5         0       0       0   2          1  1
38-49-25-708296-001-0312222272221222224 4         0       0       0   2          1  2
77-70-61-918297-001-0112222222211222224 5    600000       0       0   2          1  2
63-26-63-658297-001-0322212271222222221 6         0       0  1000001  2          1  2
53-38-97-118298-001-0112212252222112226 5         0       0       0   116    2016   1
56-76-52-708298-001-0212212271122122225 6         0       0       0   2          1562
30-91-33-948299-001-011221223121112222310    360000 1200000       0   116    2007   1
20-29-54-858300-001-01222222            6    180000       0       0   2          1  2
02-46-85-148300-001-02222222            6         0       0       0   2          1  2
80-62-47-378301-001-011222227222122222410         0       0       0   2          1  1
46-37-69-598302-001-01222222            5         0       0       0   2          1  2
04-67-25-728303-001-0112112271121122225 5 6       0       0       0   2          1  1
94-59-16-398315-001-0122112222221222224 1         0       0       0   2          1  2
34-59-28-888315-001-0222112212211211227 5         0       0       0   2          1  2
56-42-78-398316-001-0112122271222121225 4 6       0       0       0   2          1  2
29-73-67-928317-001-0122122251222122221 1         0       0       0   2          1  2
10-62-33-698318-001-0112222172221222224 1 5       0       0       0   2          1  2
19-74-83-658320-001-0112222242221222224 2         0       0       0   2          1361
76-73-73-608320-001-0212222171211212224 1 5       0       0       0   2          1  2
57-94-17-988321-001-0322122272222221224 5         0       0       0   2          1  2
61-12-23-648323-001-0122122222221222223 5         0       0       0   2          1  2
99-80-42-778334-001-0112222271221222221 1 5       0       0       0   2          1  2
97-55-57-288335-001-0112212272221222224 1         0       0       0   2          1  1
78-23-24-878336-001-02222222            1         0       0       0   2          1  2
06-62-00-958337-001-01222222            1         0       0       0   2          1231
28-61-87-708338-001-0112222242212222223 1         0       0       0   2          1  2
22-74-35-708338-001-0312222272221222224 1 3       0       0       0   1 816  2016   2
11-35-47-338339-001-0112222271111122214 1         0       0       0   2          1  1
49-43-24-278340-001-01222222            5 7       0       0       0   2          1  2
07-03-03-328341-001-01222222            1         0       0       0   2          1  2
13-18-37-568353-001-0122122272221222224 1 4       0       0       0   2          1  2
59-42-27-788354-001-01222222            1 3       0       0       0   2          1  2
12-37-16-458354-001-04222222            1 6       0       0       0   2          1  2
93-83-30-358355-001-02222222            6         0       0       0   2          1  2
28-76-39-688355-001-03222222            6         0       0       0   2          1  2
09-59-03-968356-001-01222222            1 4       0       0       0   2          1  2
18-29-59-278356-001-03222222            1 4       0       0       0   2          1  2
53-32-03-538356-001-0712222272211222223 1 4       0       0       0   2          1  2
03-68-90-998357-001-01222222            1 4       0       0       0   2          1  2
82-27-98-918357-001-04222222            1 4       0       0       0   2          1  2
40-81-26-448358-001-01222222            8         0       0       0   2          1  1
07-04-49-798359-001-01222222            2 3       0       0       0   2          15 2
31-67-78-918360-001-01222222            5         0       0       0   2          1  2
89-41-43-058372-001-0112112242211222223 1 5       0       0       0   1 8    2013   2
09-25-40-398372-001-05222222            8         0       0       0   2          1  1
77-59-31-638372-001-3022122242211222224 1         0       0       0   2          1  2
12-62-25-268373-001-01222222            1 3       0       0       0   2          1  2
42-62-13-408373-001-05222222            1         0       0       0   2          1  1
89-62-22-138374-001-01222222            1 6       0       0       0   2          1  2
13-70-69-598375-001-01222222            1 6       0       0       0   2          1  2
02-43-32-068376-001-0112122172221222224 1 8       0       0   20000   2          51 1
37-71-21-508377-001-0112222141211112223 2         0       0       0   116    2007   2
90-31-32-298377-001-0322222172221222224 1         0       0       0   2          1  2
42-29-84-548378-001-0112222272221222224 4 6       0       0       0   2          1  2
41-09-02-208378-001-0612112271211212223 6         0       0       0   1 816  2019   2
86-36-77-818379-001-01222222            1 6       0       0       0   2          1  2
71-62-11-038391-001-0312122131111112211 1 5       0       0       0   2          15 2
27-25-01-278392-001-0112222272221222224 1 5       0       0       0   2          1  2
30-99-27-278393-001-01222222            1 6       0       0       0   2          1  2
82-29-94-458394-001-01222222            1 4       0       0       0   2          15 2
02-89-25-528395-001-0122222121221222221 1         0       0       0   2          15 2
75-47-35-578395-001-0222122121211222221 1         0       0       0   2          51 2
14-29-33-678396-001-0122122242221222224 1         0       0       0   2          3  2
16-88-13-928398-001-0122122271221222221 1 2       0       0       0   2          1  2
63-66-15-528410-001-01222222            1 6       0       0       0   2          1  2
35-76-92-328411-001-01222222            1 2       0       0       0   2          1  2
08-37-96-268412-001-01222222            1         0       0       0   2          1  2
29-90-85-158412-001-02222222            1 6       0       0       0   2          1  2
29-28-77-938413-001-01222222            1         0       0       0   2          1  2
53-65-94-758414-001-01222222            1 5       0       0       0   2          1  2
42-07-57-408414-001-03222222            1 5       0       0       0   2          1  2
03-58-06-438415-001-0112122272211222224 6 8       0       0       0   2          1  2
37-60-80-098415-001-0312222271211222221 6         0       0       0   2          1  2
33-83-90-348416-001-01222222           10         0       0       0   2          5  2
22-94-41-888416-001-0312122272211222226 1         0       0       0   2          1  2
81-60-85-718417-001-01222222            1 2       0       0       0   2          1  2
78-17-26-878417-001-05222222            6         0       0       0   2          1  1
68-36-25-838429-001-01222222            1 2       0       0       0   2          1  2
88-30-56-528430-001-0212222272211222224 1         0       0       0   2          1  2
02-94-58-758430-001-0412212231212112225 5         0       0       0   2          1  2
55-28-78-708430-001-0512222272212222223 1         0       0       0   2          15 2
05-26-99-668431-001-01222222            1 6       0       0       0   2          1  2
53-79-41-888432-001-0112222272212222223 1 5       0       0       0   2          1  2
97-93-89-278432-001-04222222            5         0       0       0   2          1  2
51-76-89-738433-001-01222222            1 6       0       0       0   2          1  2
54-84-39-338434-001-01222222            1 6       0       0       0   2          15 2
23-84-39-388434-001-0312122222211222223 5         0       0       0   2          1  2
09-35-15-018435-001-0112222171212222221 1 5       0       0       0   116    2020   2
56-11-57-358436-001-0122212211222222221 1         0       0       0   2          1  2
09-69-32-298448-001-0112222221221222221 1 5  120000       0       0   2          1  2
85-90-69-268448-001-05222222            1 4       0       0       0   2          15 2
08-15-79-098449-001-0112222232221222224 1         0       0       0   2          1  2
59-10-88-398450-001-0112222241221222224 1         0       0       0   2          1  2
17-48-94-578451-001-0222122272221222224 1 8       0       0       0   2          1  1
94-34-92-188452-001-01222222            1 3       0       0       0   2          15 2
83-21-82-378452-001-0312122271211122224 5 6       0       0       0   2          1  2
28-52-02-768453-001-0112122241211222224 1 6       0       0       0   2          1  2
94-38-37-268454-001-0112122271211222221 1 5       0       0       0   2          1  2
22-92-19-148454-001-0312112271211222224 5 6       0       0       0   2          1  1
86-55-14-578454-001-0712122271221212221 1 5  100000       0  5500001  2          1  2
20-16-02-248455-001-0222112122211222224 1 2       0       0       0   2          1  2
88-25-16-768467-001-0112212221211222221 5         0       0       0   116    2019   2
63-41-60-758468-001-0112222272221222224 5 6       0       0       0   2          1  1
67-07-55-148468-001-0312222221222222221 6         0       0       0   2          1  2
82-41-10-878470-001-0112212151211222224 5 7  480000       0       0   121    2019   2
29-67-07-148470-001-0312212271211221224 5 6       0       0       0   116    2015   2
01-65-53-728471-001-0112112141111212221 5 6 2000000       0       0   1 2    2009   2
26-59-11-808472-001-0112122221211121125 5   1800000       0       0   2          2  2
27-44-06-258474-001-0112122131111111213 2 5 2880000       0 40000001  1 816  2006   1
33-54-58-878476-001-0222122232221222224 3 7 4800000 1200000       0   116    1980   2
41-48-65-388477-001-0112112241211221224 5 8       0       0 1200000   1 8    2014   2
42-27-57-108486-001-01222222            3         0       0       0   2          1  2
57-70-35-258487-001-0122122221222222221 5 6       0       0       0   2          1  2
17-10-15-118487-001-0312222121111222213 6         0       0       0   1 8    2018   2
31-29-40-318487-001-0412122221211122221 6         0       0       0   1 8    2021   2
24-66-81-388487-001-0522222171111111125 4 5       0       0       0   1 8    2017   2
02-08-79-278487-001-13222222            1 5       0       0       0   2          1  2
71-16-15-448488-001-0122122221211222221 1         0       0       0   2          53 2
01-22-64-738488-001-0322112241222211121 6         0       0       0   2          1  2
46-76-91-048489-001-02222222            1 5       0       0       0   2          1  2
61-07-71-068490-001-01222222            1 6   70000       0       0   2          1  2
54-46-16-238490-001-03222222            6         0       0       0   2          1  2
67-77-05-688490-001-0722222172221222224 1 6       0       0       0   2          1  2
43-16-93-388491-001-01222222            1 6       0       0       0   2          1  2
25-13-85-268492-001-0122122271222222221 4 5       0       0       0   2          1  2
20-95-20-088492-001-0512122272111212214 5 6       0       0       0   2          1  2
57-30-46-038493-001-0112222241221222214 2 6       0       0       0   2          1  2
89-21-61-718493-001-03222222            6         0       0       0   2          1  2
06-25-32-858493-001-0512222222221222224 8         0       0       0   2          1  1
48-32-46-838505-001-0112122271211222221 4 5       0       0       0   2          1  2
32-24-12-228506-001-01222222            1 4       0       0       0   2          1  2
62-07-93-438507-001-01222222            6 8       0       0       0   2          1  2
30-40-59-808508-001-0112122262211222224 1 4       0       0       0   1 8    2021   2
55-35-60-258508-001-0312222272221222224 1         0       0       0   2          1  1
63-86-47-138509-001-0112112271211222224 1 4       0       0       0   1 8    2021   1
03-16-05-288509-001-0212122121211111213 6         0       0       0   116    2019   2
27-00-87-678509-001-05222222            1         0       0       0   2          1  2
85-44-38-168511-001-01222222           10         0       0       0   2          1252
39-40-33-728511-001-02222222            1 5       0       0       0   2          1  2
57-16-67-668511-001-04222222            3         0       0       0   2          1  2
23-56-01-838512-001-0112122271222221227 1 6       0       0       0   116    2020   2
06-99-12-268524-001-0122122241211222221 1         0       0  120000   2          1  1
02-58-17-688525-001-0122122231211221226 5         0       0       0   2          1  1
79-22-29-278526-001-0112222272211222224 4         0       0       0   2          1  2
38-71-06-878527-001-0112112271221222224 6         0       0       0   2          1  2
70-41-03-848528-001-0122122271212222221 5 6       0       0       0   2          1  2
65-17-43-268528-001-04222222            6         0       0       0   2          1  2
71-43-60-458529-001-01222222            2         0       0       0   2          1252
94-71-63-728529-001-0822122271222222221 1 4       0       0       0   2          1  2
30-83-69-598530-001-0122122232211222224 1         0       0       0   2          1  2
82-85-96-818531-001-0112222222211122223 4         0       0       0   116    2017   2
49-65-33-458543-001-02222222            6         0       0       0   2          1  2
91-56-31-008543-001-0312222222211222224 5         0       0       0   2          1  2
01-50-36-268543-001-0512122271222222221 6         0       0       0   2          7  2
18-90-19-378544-001-0112222272211222224 4 5  120000       0       0   116    2020   2
30-76-94-738545-001-0122122271211212224 1         0       0       0   2          1  2
28-36-36-908546-001-01222222            4         0       0       0   2          1  2
42-27-91-988547-001-0112122271221222221 1 3       0       0       0   2          1  2
94-72-76-298547-001-0322222181222222221 1 5       0       0       0   2          1  2
25-30-45-908548-001-0112222221222222221 5         0       0       0   2          5  2
11-32-28-928549-001-0112121172211111226 1 5       0       0  860000   2          6  2
98-18-10-628549-001-03222222            6         0       0  360000   2          1  2
58-99-84-268549-001-0512222271211222223 5         0       0       0   2          1  2
26-23-47-708549-001-0612212272212222223 5 6       0       0       0   116    2013   2
48-17-80-368550-001-0112122172221222224 1         0       0       0   2          1  2
04-99-32-548562-001-01222222            2 4       0       0       0   2          1  2
12-78-14-368563-001-01222222            1 4       0       0       0   2          1  2
20-52-90-348563-001-0312222271221222224 1 5       0       0       0   1 8    2020   2
43-27-31-928564-001-01222222            4 5       0       0       0   2          56 2
05-71-43-298564-001-03222222            1 5       0       0       0   2          1  2
15-30-75-488565-001-01222222            8         0       0       0   2          1  1
36-90-11-838566-001-0122122272221222224 1 4       0       0       0   2          1  2
14-83-05-928567-001-0112122232211222224 1         0       0       0   2          25 2
21-36-20-588568-001-0122122272221222224 1 6       0       0       0   2          1  1
14-04-95-348568-001-04222222            1 6       0       0       0   2          1  2
58-20-44-208569-001-01222222            1 2       0       0       0   2          1  2
13-83-16-718581-001-0112222272221222224 1         0       0       0   2          51 2
21-15-18-018582-001-0112222272222221227 1 2       0       0       0   2          1  2
89-31-46-388583-001-0112222272221222224 4 5       0       0       0   2          1  1
12-20-11-448583-001-0612222272211222223 5 6       0       0       0   2          1  2
44-18-35-448584-001-01222222            1 4       0       0       0   2          1  2
56-78-65-418585-001-0212222271221222224 5 6       0       0       0   2          1  2
31-45-10-208586-001-0112222271211222221 1 6       0       0       0   2          1  2
10-00-82-238587-001-0112222272221222224 1 2       0       0       0   2          1  2
51-99-70-758587-001-0312222272211122224 3         0       0       0   2          1  2
19-79-62-778588-001-01222222            1 2       0       0       0   2          1  2
07-65-64-298588-001-04222222            4 6       0       0       0   2          1  2
90-79-79-128588-001-05222222            6         0       0       0   2          1  1
65-92-56-848600-001-01222222            4         0       0       0   2          1352
50-42-79-338601-001-0112222271212222221 4         0       0       0   2          1  2
81-82-81-408602-001-0112222272221222224 6         0       0       0   2          1  1
76-45-13-398603-001-0112212241111212224 1 2       0       0       0   2          1  2
21-64-89-728604-001-0112222272221222224 5 8       0       0       0   2          1  2
43-07-29-438604-001-0212212221111221224 5 6       0       0       0   2          1  2
34-56-13-138605-001-0112222272221222224 1 5  440000       0       0   2          1  2
17-58-40-808605-001-0412122272211222224 4         0       0       0   2          1  2
51-49-02-058605-001-05222222            1    350000       0       0   2          1  2
19-13-41-698605-001-0812222242211222224 6         0       0       0   2          16 2
17-73-62-438606-001-01222222            8         0       0       0   2          1  2
00-17-41-588606-001-0212222272211222224 5         0       0       0   2          1  2
47-61-91-398607-001-0212222272221222224 1 6       0       0       0   2          1  2
05-98-11-048607-001-0312222271221222224 1 5       0       0       0   2          1  1
63-99-77-018619-001-01222222            1 2       0       0       0   2          1  2
15-79-59-148619-001-0312212242212222223 6         0       0 60000001  1 816  2014   2
59-52-94-998619-001-0412212242211222223 3 6       0       0       0   2          1  1
89-75-88-668619-001-0522212271211222223 5         0       0       0   2          36 2
49-35-44-558620-001-0122122271222221221 1 2       0       0       0   2          1  2
85-03-82-618621-001-0122122221222222221 1 2  130000       0       0   2          1  2
29-77-83-858622-001-01222222            1 5       0       0       0   2          15 1
06-60-54-058622-001-0312212271211222224 6         0       0       0   2          1  2
67-14-14-238623-001-0112122121211211221 1 6       0       0       0   1 816  2010   2
13-28-97-978624-001-0112122241211222224 1 8       0       0       0   2          1  1
31-53-35-288624-001-0312222242211222223 6         0       0       0   116    2010   2
05-78-30-288624-001-08222222            1 5       0       0       0   2          1  1
12-57-12-218625-001-0122112271221222224 1 6       0       0       0   2          1  2
28-14-20-598625-001-02222222            1         0       0       0   2          1  2
00-75-91-888626-001-0112222221211112223 5         0       0       0   116    2016   2
75-32-94-568638-001-0212222241111211211 5 8       0       0       0   116    2013   1
32-13-54-738639-001-01222222            1 5       0       0       0   2          1  2
89-32-99-268639-001-0212222241211122224 6 7       0       0       0   1 8    2021   2
83-24-75-158640-001-0112212221212222221 110       0 2280000  4000001  1 819  2007   2
30-62-35-368641-001-0112222271211222223 6         0       0       0   1 816  2009   2
24-53-57-778641-001-0512222272221222224 1 8       0       0       0   2          1  1
26-59-64-848641-001-0612122211221122221 5         0       0       0   2          1  2
03-57-87-438642-001-0112122252211122223 5 6       0       0       0   116    2012   2
96-74-35-598643-001-0112112221221222221 1 6       0       0       0   2          1  2
47-32-36-268645-001-0112122272212222223 1 4       0       0       0   116    2019   2
62-77-44-608657-001-0112122111211122224 5 6       0       0       0   116    2020   2
25-11-93-888658-001-0112222231221222224 5 7       0       0       0   2          1  2
00-64-44-958659-001-0122112221222222221 5 6       0       0       0   2          1  2
42-73-55-338660-001-0112222231211222221 8         0       0       0   116    2021   1
53-95-88-368661-001-0112212272211222223 1 6       0       0       0   116    2018   2
96-78-19-138662-001-0112222271222121223 5 6 3600000       0       0   116    2008   2
82-11-20-668663-001-0112122221211111221 6    480000       0       0   116    2018   2
84-53-24-868676-001-0112222272221222224 1 4  200000       0  320000   2          1  2
39-42-04-748676-001-0412122271111111123 1 6       0       0       0   2          1  1
59-41-71-268677-001-0122122271211222221 1 2       0       0       0   2          1  2
47-60-56-328678-001-01222222            1 7       0       0  450000   2          1  2
52-70-21-468679-001-0122122241222222221 6         0       0       0   2          1  2
19-45-92-408680-001-0112122252211222224 6 7       0       0       0   2          13 2
52-85-20-838681-001-0112222121211222221 1 5       0       0       0   2          1  2
13-10-08-068682-001-01222222            2         0       0       0   2          1  1
19-46-83-648683-001-0112122272211222223 1 2       0       0       0   2          1  2
45-36-82-588683-001-03222222            1 3       0       0       0   2          15 2
30-37-49-818695-001-01222222            1         0       0       0   2          1  2
75-20-85-858695-001-03222222            1 2       0       0       0   2          1  2
51-33-72-028695-001-08222222            1 5       0       0       0   2          1  2
04-61-10-688695-001-18222222            1 6       0       0       0   2          1  2
17-60-11-048696-001-01222222            7 8       0       0  700000   2          1  1
81-34-52-538697-001-01222222            1 5       0       0       0   2          1  2
25-94-94-228698-001-01222222            1         0       0       0   2          1  2
22-97-15-548699-001-01222222            1 2       0       0       0   2          1  2
47-96-55-928699-001-0322122272211122224 5         0       0       0   2          1  1
88-32-17-248699-001-07222222            1         0       0       0   2          1  2
19-69-94-138699-001-08222222            1 5       0       0       0   2          7  2
34-08-91-558700-001-01222222            2 4       0       0       0   2          1  2
57-28-48-528701-001-0122122272221222224 1         0       0       0   2          1  1
52-97-80-708702-001-01222222            1         0       0       0   2          1  2
20-21-94-268714-001-01222222            1 5       0       0       0   2          1  2
38-17-06-968715-001-0122122272221222223 4 5       0       0       0   2          1  2
05-37-61-298717-001-01222222            1 6       0       0       0   2          1  2
64-74-01-698718-001-01222222            1         0       0       0   2          15 2
49-40-84-588722-001-0122122272221222224 8         0       0       0   2          5  2
83-36-25-608733-001-0122122272221222224 8         0       0       0   2          1  1
72-66-41-888733-001-0322212122211222223 5 6       0       0       0   2          3  2
41-44-46-088735-001-01222222            1 5       0       0       0   2          1  2
66-41-27-048736-001-011222227121122222410    840000       0       0   2          1  2
85-70-89-578737-001-0122122242211222224 1 6       0       0       0   2          1  1
88-15-22-558738-001-01222222           10    190000       0       0   2          1  2
82-64-61-508739-001-0112122241211222223 6         0       0       0   2          1  2
67-42-91-358753-001-01222222            1         0       0       0   2          1  2
95-95-94-938754-001-0122122272211122224 1 6       0       0       0   2          1  2
02-79-84-968755-001-01222222            1         0       0       0   2          1  2
46-85-75-768756-001-02222222            1         0       0       0   2          1  2
88-49-28-098757-001-0422122241221222224 1 5       0       0       0   2          1  2
12-87-63-118758-001-0122122272211222224 1 2       0       0       0   2          1  2
92-44-74-208758-001-0522122272211222223 6         0       0       0   2          1  2
54-52-22-568758-001-0822122242221222224 1 5       0       0       0   2          1  2
30-31-20-048758-001-1022122272211222224 1         0       0       0   2          1  2
10-52-36-658758-001-13222222            5         0       0       0   2          1  2
01-98-26-608759-001-01222222            1 2       0       0       0   2          1  2
19-54-84-678762-001-0122122221211222221 5     20000       0       0   116    2020   2
53-85-90-398762-001-0222122241211222223 5         0       0       0   2          1  2
74-88-09-728762-001-0412122241211222221 1         0       0       0   2          1  2
44-98-29-558771-001-0122122221211222221 1         0       0       0   2          1  2
75-70-23-898771-001-02222222            1         0       0       0   2          1  2
59-98-51-008772-001-0122122271211222224 1 5       0       0       0   116    2015   2
56-09-93-538773-001-01222222            1      7000       0       0   2          16 2
51-95-59-068774-001-0122112231211222221 2         0       0       0   2          1  2
85-86-06-248777-001-0122122272221222224 1         0       0       0   2          1  1
80-76-40-878778-001-0122222172221222224 8         0       0       0   2          1  2
58-34-75-838778-001-0222122271222222221 1         0       0       0   2          15 2
98-49-57-148790-001-01222222            1         0       0       0   2          1  2
64-16-53-758791-001-0122122221222222221 1         0       0       0   2          1  2
49-05-57-608791-001-0312122111111121221 1         0       0       0   116    2021   2
76-43-45-048792-001-0122122272211222223 1 2       0       0       0   2          1  2
88-02-51-978793-001-01222222            1 2       0       0       0   2          1  2
64-70-27-388794-001-01222222            5 6       0       0       0   2          51 1
89-93-94-748795-001-0122122142211222224 1         0       0       0   2          1  2
12-71-09-248796-001-0122122241211222223 1         0       0       0   2          1  2
93-26-99-808796-001-06222222            1         0       0       0   2          1  2
83-78-35-488797-001-0212222272212222223 1 2       0       0       0   2          5  2
88-68-84-468810-001-0122222141211222224 1 6       0       0       0   2          1  2
60-67-15-468812-001-0122122172211122223 1 5       0       0       0   2          15 2
67-02-07-008812-001-0222212171211122223 1 5  240000       0       0   2          1  2
59-90-81-838813-001-01222222            1         0       0       0   2          15 2
75-39-37-488814-001-0122122121211122221 1 5       0       0       0   2          1  2
33-22-78-308814-001-0222122272221222224 6     40000       0       0   2          1  1
60-69-97-348814-001-03222222            1         0       0       0   2          1  2
05-25-40-188815-001-0122122271211222221 5     70000       0       0   2          5  2
75-82-63-098816-001-0122122272212222223 5 6       0       0       0   2          1  2
59-25-84-218818-001-0122122241222222221 1         0       0       0   2          1  2
76-22-51-568828-001-0112122172211112123 1 5       0       0       0   2          15 2
60-54-49-648828-001-0322122142211222223 5         0       0       0   2          1  2
70-12-32-398828-001-0712122222222212226 6         0       0       0   2          1  2
32-69-81-918829-001-01222222            5         0       0       0   2          1  2
99-40-50-888830-001-01222222            1         0       0       0   2          1  2
19-04-56-408831-001-01222222            5 6       0       0       0   117    2015   2
36-06-15-778832-001-01222222            1 8       0       0       0   2          1  1
13-61-13-048832-001-0212222271211122224 5 6       0       0       0   2          1  2
85-05-30-548833-001-0112222272221222224 1         0       0       0   2          1  2
68-10-99-048834-001-01222222            1 6       0       0       0   2          1  2
29-15-63-798835-001-01222222            6         0       0       0   2          1  2
56-71-35-698835-001-0412222272211222224 5         0       0       0   2          1  1
31-30-48-408847-001-0122122272211222223 1 5       0       0       0   2          1  2
62-04-63-288848-001-01222222            1         0       0       0   2          1  2
74-14-90-848849-001-02222222            1         0       0       0   2          1  2
45-91-95-608849-001-06222222            1 2       0       0       0   2          1  2
93-90-40-468850-001-0222122272221222224 5 6       0       0       0   2          1  2
75-76-83-018851-001-01222222            1 2       0       0       0   2          1  2
26-48-07-998853-001-0212222272212222223 1         0       0       0   2          1  2
61-87-79-078854-001-0322222172211222223 1 2       0       0       0   2          1  2
22-63-43-478854-001-10222222            1         0       0       0   2          1  2
36-19-19-248854-001-13222222            1         0       0       0   2          1  2
17-04-37-998854-001-1422122242211222224 1         0       0       0   2          1  2
83-82-16-268857-001-0122122171211221221 1         0       0       0   2          7  2
48-50-38-148866-001-01222222            1 8       0       0       0   2          1  1
34-20-55-178867-001-0222122272211222224 1 4       0       0       0   2          1  2
00-21-28-798868-001-0122122141211211126 1 5       0       0       0   2          1  2
57-34-58-898869-001-0122122242212222223 1         0       0       0   2          1  2
73-42-86-918870-001-0112222272222222224 4 5       0       0       0   2          1  2
22-97-00-788871-001-0122112241211222213 1 5       0       0       0   2          1  2
15-25-93-238871-001-0312222272221222224 1 6       0       0       0   2          1  1
83-91-97-408872-001-0122112231222222221 1 2       0       0       0   2          1  2
35-01-49-378872-001-0312222272211222223 1 6       0       0       0   116    2018   2
89-21-49-778872-001-0412212241111111121 6         0       0       0   116    2014   2
23-87-83-618873-001-01222222            1 8       0       0       0   2          1  1
63-50-27-098885-001-0122212242221222224 5 8       0       0       0   2          1  1
89-55-89-928886-001-0122212242221222224 4         0       0       0   2          1  1
08-98-95-718887-001-0122212221211222221 4 5       0       0       0   2          1  2
71-60-85-768888-001-0122212221222222221 6         0       0       0   2          1  2
81-76-53-588889-001-0122212241221222224 1    240000       0       0   2          1  2
26-06-09-838891-001-0122212251211222224 1         0       0       0   116    2020   1
65-16-65-468891-001-0422112271211212223 5 6       0       0       0   2          1  2
20-33-59-338892-001-03222222            1 6       0       0  240000   2          1  1
63-82-17-438904-001-01222222            1 6       0       0       0   2          1  2
73-69-98-248905-001-0112122231211221211 1         0       0       0   2          1  1
51-60-07-558905-001-0322122271211111128 6         0       0       0   2          1  2
21-39-92-978906-001-0122212272221222224 1 6       0       0       0   2          1  1
24-41-62-678907-001-01222222            6         0       0       0   2          1  2
82-07-37-998908-001-01222222            6         0       0       0   2          1  2
08-47-41-248909-001-0222212242221222224 1         0       0       0   2          1  2
81-53-07-828910-001-01222222            6         0       0       0   2          1  2
84-71-12-078910-001-0222212272221222224 610       0       0       0   2          1  2
92-26-76-358911-001-0122212272221222224 4 5       0       0       0   2          1  2
33-18-58-718923-001-0122212271211222223 5 6       0       0       0   116    2006   2
47-29-44-828923-001-0222212171111111223 9         0       0       0   2          1  2
53-04-11-068924-001-0122212272221222224 5 9       0       0       0   2          1  2
75-55-83-598925-001-0122212272221222224 5 8  480000       0       0   2          1  1
69-49-99-588925-001-0322212242212222223 6         0       0       0   1 916  2018   1
71-90-17-248926-001-0112212222211222223 5 6       0       0       0   116    2010   2
68-09-87-598928-001-0122212251221122225 510       0       0       0   2          1  2
69-73-21-698928-001-0312212232211222224 6         0       0       0   2          1  2
34-37-17-558929-001-0122212222211222223 5 6       0       0       0   2          1  2
78-19-46-918929-001-0311212221211222221 5 6       0       0       0   1 816  2020   2
40-52-49-148930-001-0122212242212222223 5         0       0       0   2          1  1
00-80-16-378942-001-01222222            6 7       0       0       0   2          1  2
95-62-22-448944-001-0122112272212222223 5 6       0       0       0   2          1  2
36-99-86-888945-001-0122212272221222224 1 5       0       0       0   2          1  2
72-84-86-598946-001-01222222            1         0       0       0   2          1  2
42-71-75-988946-001-04222222            7         0       0       0   2          1  2
85-46-34-388947-001-0122212241222222221 6         0       0       0   2          1  2
21-73-42-328948-001-0122112221222122221 5 6       0       0       0   2          1  2
04-76-47-848949-001-0122112272221222224 5 8       0       0       0   2          1  1
99-79-50-978961-001-0122222112221222224 1         0       0       0   2          1  2
87-43-23-918962-001-02222222            1 5       0       0       0   2          1  2
33-89-23-908962-001-0322222132211222224 1 5       0       0       0   2          1  2
88-87-47-128963-001-03222222            6         0       0       0   2          1  2
60-72-02-088964-001-01222222            1 5       0       0       0   2          1  2
24-50-99-198964-001-0422222172221222224 6         0       0       0   2          1  1
16-35-68-638964-001-05222222            1 5       0       0       0   2          1  2
36-49-58-248965-001-01222222            6         0       0       0   2          1  2
81-43-70-458966-001-01222222            1 6       0       0       0   2          1  1
81-25-23-058967-001-0122212171211222223 1 6       0       0       0   2          1  1
55-40-99-938968-001-0122212272221222224 6         0       0       0   2          1  2
86-38-44-198968-001-02222222            5         0       0       0   2          1  2
59-07-66-559000-001-9912122272221222224 7   1440000 1200000       0   116    1997   2
29-18-72-739001-001-9912122221111222221 6         0       0       0   116    2014   2
02-83-27-499002-001-9912112221111222223 6         0       0       0   1 816  2010   2
55-12-99-149003-001-9912212271211112221 5 8  600000       0       0   2          1  1
00-82-29-309004-001-9912112211221122221 5         0       0       0   116    2017   1
61-64-53-369005-001-9912222242222212221 5         0       0       0   2          76 2
91-80-00-729006-001-9922212211111122128 5         0       0 5000000   1 8    2018   2
62-91-93-159007-001-9922112271211212226 6         0       0       0   2          1  2
20-10-90-489012-001-9912212272211222221 5 6       0       0       0   1 816  2013   2
80-12-29-559013-001-9922112221211222124 5 8       0       0       0   2          1  1
32-76-23-439014-001-9912212271212222223 6         0       0  3000001  1 810162008   2
82-65-86-319015-001-9912212242211222223 3 6       0       0       0   116    1990   2
13-46-18-869016-001-9912222232211212221 5 7       0       0       0   2          1  2
39-26-62-839018-001-9922112271211222224 5 6       0       0       0   1 8    2017   2
46-84-28-279020-001-9912222222211222224 5         0       0  7000001  116    2019   2
67-31-87-029021-001-9922212121211222211 6         0       0       0   1 8    2019   2
72-04-89-379024-001-9912212211222222224 5         0       0 1800000   2          1  2
41-80-78-019025-001-9912112271211122221 6         0       0       0   116    2009   2
41-85-06-209026-001-9922212122212222213 6         0       0       0   2          1  2
12-77-94-479027-001-9912212211111111126 61011400000       0       0   1 9    2018   2
33-85-76-689028-001-9922221242212212123 6         0       0       0   2          17 2
31-72-02-479029-001-9922112251211222224 8    720000  240000       0   1 816  2014   1
19-34-90-469030-001-9912212131211112125 6         0       0       0   1 8    2017   2
34-49-39-949031-001-9912212272211122223 5         0       0 4500000   1 8    2017   2
91-20-67-309036-001-9922212232221222224 1 5       0       0       0   116    1981   2
43-35-54-609037-001-9922212242222222224 8         0       0       0   2          1  2
01-30-19-759038-001-9922122221221222221 1         0       0       0   2          13 2
18-93-05-879039-001-99222222            6         0       0       0   2          15 2
43-54-40-929041-001-9922212242221222224 1 5       0       0       0   2          1  1
45-67-04-969042-001-9922112211211222221 5         0       0       0   2          13 2
59-19-77-039043-001-99222222            2 4   25000       0       0   2          1  2
94-79-82-899044-001-9912212272221122224 1 5       0       0       0   2          1  2
76-23-11-609048-001-9912212242211122224 5         0       0       0   116    2020   2
10-59-80-979049-001-9922112272211122225 5         0       0       0   2          1  2
62-63-16-539050-001-9912112272211222224 8    240000       0       0   116    2008   2
13-97-70-749052-001-9922122271221221224 4 6       0       0       0   2          1  2
12-70-33-599053-001-9912212221211222223 2 5 1440000       0       0   116    2007   2
26-32-90-689054-001-9912212241211212221 5 6       0       0       0   116    2020   2
50-69-66-449055-001-99222222            5 6       0       0       0   2          16 2
68-91-16-509057-001-9912212211211122221 3 5 2400000       0       0   2          31 2
37-02-22-149060-001-9912212272211222223 5         0       0       0   116    2020   2
54-67-96-769061-001-9912112111211222223 5         0       0       0   116    2019   1
16-96-62-889062-001-9912212272211222223 5 6       0       0       0   2          1  1
28-64-07-919063-001-9922212271222222221 5 6       0       0       0   2          1  2
93-07-61-879064-001-9912212221222222223 6         0       0       0   1 8    2014   1
76-03-88-489065-001-9912222272221222224 5         0       0       0   2          1  2
52-39-82-649066-001-9912212272212222223 6         0       0       0   2          1  2
99-06-65-199067-001-9922212272212222223 5         0       0       0   2          1  2
15-62-38-419072-001-9922212121221222221 1 5  300000       0       0   2          1  2
81-75-06-599073-001-99222222            5         0       0       0   2          1  1
89-77-60-669074-001-9922112231221222221 1 5       0       0       0   2          1  2
01-45-88-749075-001-9922212272211222224 1 5       0       0       0   2          1  2
91-25-87-989076-001-9922212242221222224 1 2       0       0       0   1 8    2017   1
36-69-32-279077-001-99222222            5         0       0       0   2          1252
12-33-80-339078-001-99222222            5         0       0       0   2          1  2
25-80-40-319079-001-99222222            6         0       0       0   2          1  2
40-22-07-339084-001-9922212211211222221 6         0       0       0   119    2017   2
04-06-45-359085-001-9912222212211222224 5 7 3480000       0  810000   1 8    2007   2
06-22-52-519086-001-9912112121111222223 5 6       0       0       0   116    2019   1
72-43-82-639087-001-9912112221111111226 4 5 3240000       0       0   2          1  2
03-11-20-989088-001-99222222            6 8       0       0       0   2          1  1
41-24-20-009089-001-9912212172211212226 6 7       0       0       0   2          1  2
92-61-37-659090-001-9922212272212222223 5 6  360000       0       0   2          1  2
17-27-34-699091-001-9922112241211222222 5 6 1200000       0       0   2          1  2
55-33-48-389096-001-9922212242212222223 6         0       0       0   1 8    2012   2
11-40-12-329097-001-9912122271221222214 5         0       0       0   11024  2016   2
97-20-20-949098-001-9912222271211121223 5 6       0       0       0   1 5    2017   2
09-35-31-699099-001-9912222222211222221 5 6       0       0       0   2          6  2
20-42-86-549100-001-9912112121211222223 6         0       0 3000000   117    2017   1
36-33-49-559101-001-9912122272221222224 6   5760000       0       0   2          1  2
75-06-10-659102-001-9912112251111212214 5         0       0 2500000   116    1999   2
04-53-69-099103-001-9922122231111222221 5   8400000       0       0   116    2013   1
33-06-61-079108-001-9912222271211211123 6         0       0       0   2          1  2
59-75-60-779109-001-9912222241211111116 5         0       0       0   2          1  2
30-85-93-389110-001-9922212241211112221 6         0       0       0   116    2014   1
32-31-87-869111-001-9912222241211222221 5         0       0       0   2          1  2
16-39-66-429112-001-9912122271111222221 6         0       0       0   116    2002   2
39-32-21-599113-001-9912112222212222223 6         0       0       0   1 821  2010   2
60-78-57-839114-001-9922122242211222224 6         0       0       0   2          1  2
69-94-87-909115-001-9912222242211222223 6         0       0       0   1 8    2017   2
78-63-49-959120-001-9922212271221222221 5         0       0       0   2          1  1
98-87-47-849121-001-9912122272221222227 3 5  480000       0       0   2          1  2
66-41-92-559122-001-9912222231211222223 5         0       0       0   2          1  2
97-08-40-369123-001-99222222            5         0       0       0   2          1  2
87-24-45-109124-001-9912122212221222224 5         0       0       0   1 3    2021   2
40-85-59-289125-001-99222222            6         0       0       0   2          1  2
48-86-47-399126-001-9912222211111112211 5 8  600000       0       0   2          1  1
12-70-14-529127-001-9912222242221222224 6         0       0       0   2          1  1
26-97-84-109132-001-9912222211211222221 5         0       0       0   119    2012   2
55-79-10-209133-001-9912222221212122224 6         0       0       0   2          1  2
15-01-81-769134-001-9912122272211222223 6         0       0       0   2          1  1
49-52-32-399135-001-9922112271211212223 6         0       0       0   2          1  2
88-25-74-019136-001-9912222141111111221 5 8       0       0       0   2          1  1
06-23-36-639137-001-9912212221211122221 2 6       0       0       0   116    2010   2
55-01-35-089138-001-9922212272221222224 5 8       0       0       0   2          1  1
62-83-58-729139-001-9912222272221222224 6         0       0       0   2          1  2
39-13-96-009144-001-9912122271222222221 6         0       0       0   2          1  2
00-36-09-349145-001-9922112241211122225 3         0   46000       0   11619  1982   2
85-82-24-369146-001-9912222271211222223 2 5       0       0       0   2          1  2
36-68-85-539147-001-9912112272211222223 6         0       0       0   2          1  2
43-75-94-149148-001-9912222242221222224 5         0       0       0   2          1  2
86-02-30-249149-001-9912222271211212213 5         0       0       0   2          1  2
55-39-06-129150-001-9922212141211212224 8         0       0       0   116    2017   1
67-52-25-839151-001-9912122211111111124 5 8       0       0       0   1 8    2018   1
27-36-89-939156-001-9912212222211222224 5         0       0  800000   1 8    2016   2
91-13-89-079157-001-9922112211211111114 5         0       0       0   110    2015   2
32-62-19-949158-001-9912222242211122213 5         0       0       0   116    2019   2
08-06-20-199159-001-9912222272211222224 5         0       0       0   2          1  2
57-24-06-889160-001-9912222272211222223 5 6       0       0       0   2          1  2
36-58-89-989161-001-9912222221111112221 6         0       0       0   116    2009   2
47-73-31-039162-001-9912212241111111213 5 6       0       0       0   2          1  1
94-10-83-749163-001-9912212231211222219 6         0       0       0   2          1  1
69-88-09-649168-001-99222222            8         0       0       0   2          1  2
86-76-49-709169-001-9912222252212222223 3 5       0       0       0   2          1  2
19-40-69-329170-001-9912222251221222214 3         0       0       0   2          1  2
52-82-22-749171-001-9922122111211222223 5         0       0       0   1 8    2017   2
34-29-08-869172-001-9912222222221222224 2 3       0       0       0   2          1  2
98-54-49-969173-001-9912222222211222224 3         0       0       0   2          1  2
91-95-63-229174-001-9912122241211222221 5         0       0       0   2          1  2
14-48-67-949175-001-9912222272211122225 5         0       0       0   2          1  1
77-18-35-979181-001-992221227121122222410         0 3900000       0   119    2017   2
03-32-08-679182-001-9912112211211211221 5 7       0 1800000       0   116    1997   2
06-97-31-249183-001-9922212221211     1 5         0       0       0   1 316  2012   2
80-77-64-609184-001-9922212211111112225 5         0       0       0   2          1  1
45-01-81-559187-001-9912112271112222223 6         0       0       0   116    2007   2
48-37-04-759188-001-9912212241111122224 5 7       0       0 1200000   2          16 2
62-72-86-059189-001-9922212241222112225 5         0       0       0   1 8    2001   2
81-77-78-649191-001-9912212211111112214 5         0       0 5000000   1 816  2001   1
30-49-80-989192-001-9922212242211222224 5 6       0       0       0   2          1  2
65-75-10-459193-001-9922212272211222224 1 5  480000       0       0   116    2011   2
99-76-28-489194-001-9921112211211211227 5 7       0       0       0   2          2  2
15-88-10-919195-001-99                                                               
64-31-19-379196-001-9922212212211222223 5         0       0       0   2          1  2
95-28-19-909197-001-9922212272221222224 610       0       0  150000   2          1  1
03-04-70-499198-001-9922212242212222223 5         0       0       0   2          1  1
00-32-93-019199-001-9912212141212121227 6         0       0       0   116    2004   2
80-66-55-499200-001-9922212221211212226 6         0       0       0   2          7  2
04-38-03-999204-001-9922112271211222224 5         0       0       0   2          1  2
71-28-42-939205-001-9922212242212222223 5         0       0       0   2          1  2
63-48-76-369206-001-9922212242211222214 6         0       0       0   116    2019   2
22-46-77-479207-001-9922122272212222223 6         0       0       0   2          1  2
40-93-52-499208-001-9922212241211222225 4         0       0       0   2          1  2
67-03-80-679209-001-9912112221211211121 5         0       0       0   2          1  2
77-10-70-959210-001-9922212241221222221 5         0       0       0   2          1  2
07-80-77-579211-001-9922112231211222224 5         0       0       0   2          1  2
08-04-02-229216-001-9922212242121122224 6 7       0       0       0   2          1  1
06-34-69-419217-001-9922212272221222224 6         0       0       0   2          1  2
14-20-37-379218-001-9922122272211222224 6         0       0       0   125    2020   2
37-10-17-359219-001-9922212132211222223 6         0       0       0   2          1  2
63-26-59-039220-001-9922112271221122224 6         0       0       0   2          1  1
38-75-36-579221-001-9922112272221222224 6         0       0       0   2          1  1
09-27-34-409222-001-9922211212211221224 5 6 1800000       0       0   11617  2004   2
71-62-69-449223-001-9922212232221122224 5         0       0       0   2          1632
07-44-70-569228-001-9922212252211222224 5         0       0       0   2          1  1
59-10-27-169229-001-9922212271211222221 5         0 1800000       0   1 816  1998   2
62-58-19-089230-001-9922212222221122225 5         0       0       0   2          5  2
22-99-34-959231-001-9912212221211122221 5         0       0       0   116    2010   2
85-58-95-019232-001-9922212242222122227 5         0       0       0   2          1  2
39-30-85-529233-001-99222222            6         0       0       0   2          1  1
73-39-01-279234-001-99222222            5         0       0       0   2          1  1
65-46-57-509235-001-9912222242212212226 5         0       0       0   2          1  2
67-85-75-769240-001-991222223   1     4 7         0       0       0   2          1  2
65-76-97-329241-001-9912222241211122225 5 6       0       0       0   2          1  2
26-68-57-019243-001-9922212211211222223 6         0       0       0   116    2017   2
76-50-41-749244-001-9912212251211222224 5 6  120000       0       0   2          1  1
63-72-00-389246-001-9912122111111111214 1 8       0       0  100000   2          1  1
60-55-92-759247-001-9912222272211222224 6 8  240000       0       0   2          1  1
78-28-76-599248-001-9912222242221222224 8    240000       0       0   2          1  2
29-49-71-069250-001-9912122241211221224 7 8       0       0       0   2          1  1
56-40-41-299252-001-9912112221111122225 6         0       0       0   1 8    2019   2
20-74-88-039254-001-9912212271211222221 5 6       0       0       0   2          1  2
38-09-42-459256-001-9912222222221212227 510       0       0  185000   2          1  2
98-18-70-319258-001-9912112221211222223 5         0       0       0   2          1  2
55-58-96-519259-001-9922212221211222224 5         0       0       0   116    2018   2
42-35-72-589260-001-9912222172        1 5 6       0       0       0   2          16 2
35-36-08-829261-001-9912222221221222221 5 7       0       0       0   116    2017   2
32-90-03-649262-001-9912122232 12     4 6         0       0       0   2          1  2
57-53-44-299264-001-9912212222212222223 5         0       0       0   2          1  2
26-88-91-539265-001-9912222272211222223 5         0       0       0   2          1  1
01-88-82-669266-001-9912222221211222221 5         0       0       0   2          1  1
79-42-48-219267-001-9912222272221222224 8         0       0       0   2          1  1
18-40-65-779268-001-991211224111121111410         0       0  600000   116    2016   2
49-56-33-029269-001-9912212242211112224 5 6   40000       0       0   2          1  1
81-05-08-379270-001-9912222272221222224 1         0       0   70000   2          1  2
80-43-44-579271-001-9912212221111222221 5 6       0       0       0   116    2006   2
78-76-44-059276-001-9912212121111111213 5 6       0       0       0   1 816  2014   2
65-25-50-749277-001-9912222221111112221 5         0       0   70000   2          1  2
66-74-21-159278-001-9912112221111211124 6         0       0       0   116    2005   1
32-81-93-839279-001-9912222242221222224 6         0       0       0   1 8    2019   2
90-42-19-689280-001-9912212272211222224 5 6       0       0       0   1 8    2010   2
16-15-87-969281-001-9922112241222222221 5         0       0  600000   116    2018   2
29-60-01-549282-001-9912112272211222223 6    720000       0       0   116    2012   2
51-77-23-089283-001-9912222272211222224 5 7 1080000 1920000       0   119    2014   1
81-90-92-949288-001-9912212271211112224 5 6  280000       0       0   2          1  2
09-03-54-399289-001-9912222221111212223 4 5       0       0 60000001  1 8    2016   2
43-03-37-139290-001-9912112272222212226 5 6       0       0       0   2          1  2
84-22-78-809291-001-9912222221211211224 8         0       0       0   2          1  1
27-76-38-229292-001-9922222172221222224 6         0       0       0   2          1  1
40-74-38-829293-001-9912222271211222221 7         0       0       0   2          1  2
40-93-03-259294-001-9912122131111111126 6         0       0       0   116    2019   2
08-82-98-669295-001-9912122272222222228 5         0       0       0   2          1  2
69-03-47-269300-001-9911222272221222224 610       0       0  500000   2          1  1
88-18-85-049301-001-9912112221211222224 5         0       0 10000001  116    2019   2
85-75-97-019302-001-9912122272211122223 5         0       0       0   2          1  2
40-73-21-769303-001-9912112242211222224 5 6       0       0       0   2          1  2
43-10-07-269304-001-9912212271221212226 1 5       0       0       0   2          1  2
86-01-82-029305-001-9912222242211222223 6         0       0       0   1 816  2013   2
34-12-92-299306-001-9912222121212222223 6         0       0       0   1 817  2010   2
64-82-51-279307-001-9912222171211222224 5         0       0       0   2          1  2
12-67-93-489312-001-9912212272211122224 510 3000000       0       0   116    2013   2
68-91-09-089313-001-9912212111212121221 6   4200000       0       0   1 819  2008   2
33-58-78-409314-001-9912212121222111121 6         0       0       0   1 816  2010   2
96-98-33-639315-001-9912222271111212213 1 6       0       0       0   1 8    2019   2
75-56-43-989316-001-9912112221211111114 5 6       0       0       0   11624  2015   2
64-53-44-929317-001-9912222141221222221 5 6 1200000       0       0   2          1  1
40-38-99-359318-001-9912212272221222224 5 8 3240000       0       0   116    2012   1
45-13-97-609319-001-9922212171111111123 6         0       0       0   1 916  2018   2
85-88-27-619324-001-9922212271211222221 1 6       0       0       0   2          1  1
64-64-87-239325-001-9912222272221222224 6         0       0       0   2          1  2
47-15-06-109326-001-99222222            5 7       0       0       0   2          1  2
43-89-06-659327-001-9922212271211222224 1 5       0       0       0   2          1  1
22-19-71-699328-001-99222222            5         0       0       0   2          1  2
85-49-55-659329-001-99222222            1 6       0       0  250000   2          1  2
28-38-12-329330-001-9911222272211222124 5         0       0       0   2          1  2
12-43-79-949331-001-99222222            5 8       0       0       0   2          1  2
79-95-44-989336-001-99222222            6 8       0       0   50000   2          1  2
06-04-01-409337-001-99222222            9         0       0       0   2          1  2
19-04-19-049338-001-9912222242222212226 5         0       0       0   2          1  2
99-60-91-449339-001-9912222271211222224 9         0       0       0   2          1  2
53-09-03-619340-001-9912222272221222224 6         0       0  264000   2          1  1
19-42-72-099341-001-9912122252212222223 5 6       0       0       0   2          1  2
08-28-19-769342-001-9912222252221222224 6         0       0       0   2          1  2
80-96-72-779344-001-9922122241211122221 6         0       0       0   2          1  2
25-01-70-509348-001-9912212242221222224 5         0       0       0   2          1  2
86-94-98-599349-001-9912222222222122227 5 6       0       0       0   2          1  2
67-34-06-299350-001-9912222272221222223 5 6       0       0       0   116    2016   2
90-76-99-379351-001-9912122231211222223 5         0       0       0   2          1  2
98-32-53-079352-001-9912222272211222223 5         0       0       0   1 1    2020   2
99-58-23-949353-001-9912222272221222224 9         0       0       0   2          1  2
03-46-94-279354-001-9912222241211112214 5         0       0       0   2          1  2
08-30-26-379355-001-99222222            5 8       0       0       0   2          1  1
33-65-33-889360-001-9912122272211222224 6         0       0       0   1 8    2010   2
91-50-62-839361-001-9912122222211121228 5         0       0       0   2          1  1
72-86-45-509362-001-9912222272212222223 5    240000       0       0   110    2014   2
48-82-01-529363-001-9912122271211222213 6         0       0       0   1 8    2018   2
88-25-01-449364-001-9922122272211222223 6         0       0       0   2          1  2
41-74-29-199365-001-99222222            5         0       0       0   1 8    1995   2
51-40-07-679366-001-99222222            6         0       0       0   2          1  2
51-80-49-919367-001-9912222242221222224 5 8  720000       0       0   2          7  1
48-38-38-809372-001-9912222242222221227 6 8       0       0       0   2          1  1
10-12-19-809373-001-9912122242211222224 5 6       0       0       0   2          1  2
03-72-31-229374-001-99222222            9         0       0       0   2          1  2
70-84-96-619375-001-9922122271221122225 5         0       0       0   2          1  2
15-20-05-089376-001-9912221221112222223 6         0       0       0   1 8    2014   2
96-58-30-669377-001-9912222271211222221 6         0       0       0   121    2019   2
23-40-74-609378-001-9912112171211222223 5         0       0       0   1 810  2015   2
60-94-15-529379-001-9912222271111222223 6         0       0       0   1 8    2012   2
54-64-12-329384-001-9912222241221212224 5 6       0       0       0   2          1  2
37-71-55-099385-001-9912222272222122225 5     28000       0       0   2          1  2
94-80-63-679386-001-9912222242221222224 8   2280000       0       0   2          7  1
43-73-77-939387-001-9912222272212222223 6         0       0       0   2          1  2
51-86-66-489388-001-99222222            5         0       0       0   2          1  2
26-46-48-179389-001-9922212272211222223 6         0       0       0   2          1  2
70-81-36-029390-001-9912222221111122224 5    240000       0       0   2          1  2
01-85-18-989391-001-9912222242221222224 1 6       0       0       0   2          1  1
95-88-36-329396-001-9912222241211222214 5         0       0       0   2          1  2
50-76-31-469397-001-9912222141221222224 5         0       0       0   2          1  2
68-52-75-149398-001-9912222221222222221 6         010860000       0   11619  2000   2
19-92-58-259399-001-99222222            5         0       0       0   2          1  1
82-64-37-669400-001-9912112211211212223 5         0       0       0   1 8    2013   2
02-90-83-329401-001-9912222272211222223 5 6       0       0       0   1 8    2016   2
37-30-04-689402-001-9912212111111222223 5 8       0       0       0   1 8    2017   1
37-25-87-899403-001-99222222            5         0       0       0   1 8    2020   2
58-61-04-259408-001-9912212271211222224 5         0       0       0   1 822  2018   2
34-28-72-349409-001-9922122222222112226 6         0       0       0   117    2020   2
61-50-78-969410-001-9912212242111222223 6         0       0       0   2          1  2
90-38-42-769411-001-99222222            6 8       0       0       0   116    2018   2
38-60-20-459412-001-9912222241111111213 5         0       0       0   116    2000   2
23-63-81-349413-001-9912212172211222224 8         0       0  400000   2          1  1
99-00-10-999414-001-99222222            6         0       0       0   2          1  2
40-51-89-809415-001-9912122252221222224 6 7 1200000       0       0   1 8    2019   2
28-58-96-949420-001-9912212221221221224 6 8   80000       0       0   110    2017   1
33-05-61-079421-001-9912212241211122128 5 6       0       0       0   2          7  2
61-83-07-209422-001-9912122221211221227 5 6       0       0       0   116    2010   2
33-05-54-659423-001-9912122221111211221 5 6 6000000       0 1000000   1 810162002   2
10-64-88-509424-001-9912222121221222221 3 5       0       0       0   117    2019   2
17-50-95-679425-001-9912122221111212213 1 6       0       0       0   11516  2016   1
98-20-97-559426-001-9922212212222221227 5 6       0       0       0   115    2018   2
10-60-80-589427-001-9912222272212122223 5 6   70000       0       0   2          15 2
44-41-61-469432-001-9922122121211111124 5   4500000       0       0   116    2008   2
38-64-91-809433-001-9922212222211122221 5         0       0       0   2          31 2
78-67-27-419434-001-9922112242222212226 1 5  400000       0       0   2          1  2
61-71-00-809435-001-9912212222211221223 4 7 2000000       0       0   116    2015   2
90-59-95-739436-001-9922112222222122225 1 5  720000       0       0   2          1  2
05-09-57-349437-001-9912212231211111224 2 5       0       0       0   2          5  1
55-37-21-879438-001-9922212122211222224 5 6  150000       0       0   2          1  2
14-10-85-099439-001-99222222            5 7 3150000       0       0   2          51 2
20-41-80-679444-001-9912222111211222223 5 6       0       0       0   11019  2019   2
77-17-99-909445-001-9912212241211222223 5         0       0       0   116    2019   2
36-20-42-749446-001-9922212221111112224 5 7 8400000       0       0   1 1    2013   2
32-16-19-029447-001-9912212141111112223 5   1200000       0       0   116    2008   2
08-14-85-169448-001-9922212272222112226 5 6       0       0       0   110    2019   2
43-39-09-929449-001-9922122272211222224 6         0       0       0   2          1  2
59-31-17-799450-001-9912212221221222221 5 7 3600000       0       0   2          1  2
71-17-31-559451-001-9912221221211222224 5 6       0       0       0   116    2020   2
00-84-61-919456-001-9922122272221112225 4 6       0       0       0   2          1  2
86-99-74-739457-001-99222222            8         0       0       0   2          1  1
35-71-56-609458-001-99222222            2 6       0       0       0   2          1  2
03-53-61-009459-001-9912112271111122221 2 4       0       0       0   2          1  2
25-95-43-759460-001-9912212221221222221 1         0       0       0   2          1  2
72-75-20-509461-001-9922122221221222221 1         0       0       0   2          1  1
57-81-59-319462-001-9922122272221222224 1 8       0       0       0   2          1  1
43-70-60-999463-001-99222222            8         0       0       0   2          1  1
10-34-44-399468-001-9912212211211112224 5    100000       0 3000000   2          1  2
86-58-31-019469-001-9922212272221212224 1 5       0       0       0   2          1  2
81-77-10-969470-001-9922112231211222221 1 5       0       0       0   2          1  2
17-52-31-829471-001-99222222            1 6       0       0       0   2          1  2
30-72-34-419472-001-99222222            5 6       0       0       0   2          1  2
09-12-57-049473-001-9922112241111112121 6         0       0       0   116    2019   2
81-10-36-179474-001-9922112231221222224 2 6       0       0       0   2          1  2
85-66-51-439475-001-9922122272211222223 5 6       0       0       0   2          1  2
55-29-52-519480-001-9922212271211222221 6         0       0       0   2          1  2
42-21-39-009481-001-9922212242221222224 6         0       0       0   2          1  2
53-88-33-239482-001-9912212221212222221 5 6       0       0       0   2          1  2
06-20-45-719483-001-9912212211211122224 5         0       0       0   1 116  2017   2
81-48-13-209484-001-9922212172211222214 5 6       0       0       0   2          1  1
97-78-87-499485-001-9922222111211211224 6         0       0       0   1 816  2008   2
38-78-94-689486-001-9912222242211122224 6         0       0       0   1 8    2018   2
49-49-21-219487-001-9912122211211222214 7   8400000 2160000       0   116    1988   2
12-97-18-429492-001-9912222231211212214 5 8       0       0       0   2          1  1
77-41-49-809493-001-9922122271211222223 5 6       0       0       0   116    2019   1
46-90-70-069494-001-99222222            5 6       0       0       0   116    2016   1
16-31-74-789495-001-9912212111211222221 5         0       0       0   110    2014   2
45-95-47-729496-001-9922122231111222224 5         0       0       0   2          1  2
16-52-14-199497-001-9922212172221222224 5         0       0       0   2          1  1
33-03-07-879498-001-9922121272221222224 6         0       0       0   2          1  2
43-62-65-819499-001-99222222            5         0       0       0   2          1  2
80-85-41-809504-001-9912122221211222221 6         0       0       0   2          1  2
40-87-26-729505-001-9912212251111222221 8   1200000       0       0   2          1  1
01-36-81-759506-001-9912222271222112225 5         0       0       0   2          1  2
15-13-36-269507-001-9922112241111211225 6         0       0       0   2          1  2
78-53-09-609508-001-9922212221221222221 5         0       0       0   2          1  2
50-59-06-599509-001-9922112272211222223 5 6       0       0       0   116    2019   2
77-58-19-809510-001-9922112272211222223 6         0       0       0   2          1  2
75-66-31-659511-001-9922112251211222224 5 6       0       0       0   2          1  1
87-82-51-669516-001-9922122131222222221 6         0       0       0   110    2012   2
83-99-35-009517-001-9912222221111211214 5         0       0       0   1 8    2019   1
19-47-08-909518-001-9912222121211212216 6         0       0       0   1 816  2020   2
09-91-08-559519-001-9912222242212222223 710 4200000 2100000       0   119    2017   2
59-38-15-339520-001-9912212211111111214 6         0       0 86400001  1 817  2005   2
93-01-56-599521-001-9912122221211222224 5         0       0       0   2          1  1
52-73-68-199522-001-9912222222211222224 5         0       0       0   2          1  2
12-42-24-269523-001-9912112221111112221 6         0       0       0   1 8    2019   1
93-09-66-689528-001-9912222271111222221 3         0       0  336000   2          1  2
83-89-49-849529-001-99222222            6         0       0       0   2          1  2
43-48-45-489530-001-9912112212111222224 5         0       0       0   2          1  2
93-87-72-479531-001-9912222272211222223 5         0       0       0   2          1  2
18-18-96-989532-001-9912222242211222223 6         0       0       0   116    2019   2
23-95-70-939533-001-9912122271212122223 3 5       0       0       0   116    2018   2
57-66-10-929534-001-9922122272221122224 6         0       0       0   2          1  1
58-35-59-939535-001-9912222252211222223 5         0       0       0   2          7  2
69-57-42-619540-001-9922122271221221221 6         0       0       0   116    2009   2
21-69-92-889541-001-9912222271211222223 6         0       0       0   116    2020   2
65-25-58-079542-001-9912122242211222224 5         0       0       0   2          1  2
56-58-40-619543-001-9912122231211122225 5         0       0       0   2          1  2
18-32-76-819544-001-9912222272221222224 6         0       0       0   2          1  2
88-45-34-309545-001-9912222272212222223 6         0       0       0   2          1  1
14-84-37-579546-001-9912222272211222223 5 6       0       0       0   116    2019   2
01-08-69-419547-001-9922122222211222224 5         0       0       0   2          6  2
58-17-88-689552-001-9912222241211222224 5 6       0       0       0   1 8    2020   2
21-71-29-999553-001-99222222            6         0       0       0   2          1  2
74-06-60-449554-001-9912122271211222211 5 6       0       0       0   2          1  2
54-18-49-989555-001-9912112221111111224 8         0       0       0   1 8    2020   2
33-31-92-819556-001-9922122272221222224 5 6  720000       0       0   2          1  1
67-78-91-439557-001-99222222            6         0       0       0   2          1  2
97-29-97-959558-001-99222222            5 8       0       0       0   2          1  1
61-57-16-329559-001-9912222272221222224 5         0       0       0   2          1  2
67-23-60-029564-001-9922112272221222224 5 8       0       0       0   2          1  1
78-43-50-879565-001-9922122212222222127 6         0       0       0   2          1  2
44-13-16-239566-001-9922122242221222224 6 8       0       0       0   2          1  1
49-51-35-879567-001-9922112271211222221 6         0       0       0   1 8 9  2016   2
23-24-64-989568-001-9912222271211222221 5         0       0       0   2          1  2
34-48-84-969569-001-9912212272212222223 5         0       0       0   2          1  2
15-09-90-989570-001-9912122171211122225 5         0       0       0   2          1  1
50-86-56-009571-001-9912122221111122221 5 6       0       0       0   2          1  2
71-52-40-729576-001-9912222241212122221 6         0       0       0   1 8    1988   1
95-23-80-359577-001-9922112241121122221 6         0       0       0   2          1  2
54-59-35-509578-001-99222222            3 5       0       0       0   2          1  2
96-02-61-389579-001-9922122271222222221 6         0       0       0   116    2019   2
38-61-20-059580-001-9912122272211222224 6         0       0       0   116    2020   2
89-80-44-559581-001-9912122271211222221 6         0       0       0   2          1  2
45-81-66-469582-001-9912222272221222224 6         0       0       0   2          1  2
72-11-59-809583-001-9922112272211122223 1 2       0       0       0   1 8    2006   1
43-07-73-719588-001-9912122242221222227 6         0       0       0   2          1  1
73-45-68-579589-001-9912222272211212223 6         0       0       0   2          1  2
22-23-13-149590-001-9912222241221121227 5         0       0       0   2          1  2
06-44-37-279591-001-9912122241211222221 5         0       0       0   2          1  2
96-51-42-449592-001-9912122272212221227 5         0       0       0   2          1  2
04-84-65-129593-001-9912212221211222221 6 8       0       0       0   116    2002   1
40-73-99-359594-001-9912222271211222221 6 7 1920000       0       0   2          1  2
93-47-40-089595-001-9912122231222222221 6         0       0       0   2          1  2
31-90-77-879601-001-9912112271111222221 6         0       0       0   116    2020   1
83-66-26-559602-001-9912212231211212224 5         0       0       0   2          1  2
30-66-72-469603-001-9922212271222222221 6         0       0       0   2          1  1
72-93-49-439606-001-9922212271211222224 5         0       0       0   2          1  2
71-50-61-729607-001-9922212272211222224 1         0       0       0   2          1  2
91-53-99-679609-001-9921212221111212225 5 6       0       0       0   116    2016   2
75-90-40-129610-001-9922112271111112226 5 6       0       0       0   1 8    2020   2
09-13-84-689611-001-992221227222112222410         0 1200000       0   116    1985   1
52-82-91-959612-001-99222222            8         0       0       0   116    2018   1
01-75-90-409613-001-9922212241211222224 5         0       0       0   2          1  2
67-42-66-099614-001-9921212272221222224 5         0       0       0   2          1  2
24-97-66-719615-001-9922212271211222223 5         0       0       0   2          1  2
36-42-81-209616-001-9922212272221122224 510       0 1200000       0   116    1991   1
88-41-52-539617-001-9922212252221222224 5         0       0       0   2          1  2
19-06-20-229618-001-9922112242211222224 6         0       0       0   2          6  2
33-45-53-789619-001-99222222            5         0       0       0   2          1  2
75-99-65-059624-001-9912212222211222223 7         0       0       0   1 816  2011   2
46-08-68-289625-001-9922112271222121225 6         0       0       0   2          1  2
00-59-62-059626-001-9922112241211212224 5         0       0       0   11216192010   2
15-65-02-509627-001-9912212221211112224 5 6 1000000       0       0   117    2016   1
44-50-63-069628-001-9922112142122122225 9         0       0       0   2          1  2
96-92-90-909629-001-9912212221211222221 6         0       0  300000   11617  2016   2
35-63-06-509630-001-99222222            6         0       0       0   2          1  2
45-36-59-569632-001-992221227222122222410         0       0  480000   2          1  2
45-22-42-309636-001-9922112271211222221 6         0       0       0   2          1  2
23-00-75-399637-001-9922212241111212216 6         0       0       0   2          1  2
85-69-13-379638-001-9922212241211222224 6         0       0       0   2          1  2
75-21-91-969639-001-99222222            1 6       0       0       0   2          1  2
54-58-52-299640-001-99222222            1         0       0       0   2          1  2
62-67-93-339641-001-9922212272211221123 2 5       0       0       0   2          1  2
36-25-85-209642-001-9922212271221222224 5 6       0       0       0   2          1  2
23-69-08-569643-001-9922212232211222224 4 6       0       0       0   2          1  2
36-49-52-599648-001-9912221242211222224 6         0       0       0   2          1  2
02-90-12-339649-001-99222222            5         0       0       0   2          1  2
51-75-71-539650-001-9912212222211222224 6         0       0       0   2          7  2
62-59-65-849651-001-9922212261221222221 5         0       0       0   2          1  2
08-51-40-059652-001-9922212221212222223 6         0       0       0   2          36 2
69-29-27-579653-001-9922212272221222224 5         0       0       0   2          1  2
68-07-53-889654-001-9922212241211122224 5         0       0       0   1 8    2014   2
47-26-98-909655-001-9922112212211222223 6         0       0       0   2          1  2
26-13-54-649660-001-9912122271221222224 1 6       0       0       0   2          1  1
40-29-19-469661-001-9912222272212222223 5         0       0       0   2          2  2
56-71-73-069662-001-9912222232221222224 1 5       0       0       0   2          1  1
82-03-22-329663-001-9912212241211122225 1 6       0       0   50000   2          1  1
40-69-25-229664-001-9912222272221222224 1 5       0       0       0   2          1  1
27-53-88-209665-001-9912222272221222224 1 6       0       0       0   2          1  2
03-94-37-409666-001-9912222272211222224 110       0       0       0   2          1  1
63-22-62-889667-001-99222222            6         0       0       0   2          1  1
60-89-04-059672-001-9922212221222222221 6         0       0       0   2          1  1
81-03-21-329673-001-9912222271211212224 1 5       0       0       0   2          1  1
24-94-13-929674-001-9922122142211222224 5 6       0       0       0   2          1  1
01-99-40-459675-001-9912212211211222224 6         0       0       0   1 8    2019   1
95-19-62-989676-001-9912222272212222223 5         0       0       0   116    2018   2
97-13-13-309677-001-9912222271221222221 4         0       0       0   2          1  2
74-99-59-749678-001-9912222272211222224 5         0       0       0   2          1  2
69-34-56-709679-001-9912222272221212224 510 1680000       0       0   2          1  1
50-72-02-109684-001-9912222261211222224 5         0       0       0   116    2016   2
26-63-99-979685-001-9912112221111222224 5 8 1800000       0       0   1 8    2004   1
31-74-90-369686-001-9912112271211222224 1 7  600000       0       0   116    2008   2
56-10-42-629687-001-9912222272221222224 2 8       0       0       0   2          1  1
10-25-36-999688-001-9912222242211222223 5         0       0       0   2          1  2
39-80-81-259689-001-9912112221111111223 3         0 4400000 2000000   116    1991   2
76-52-70-119690-001-9912111221111112123 5         0       0       0   1 816182004   2
02-55-06-259691-001-9922212272221222224 5 8       0       0       0   2          1  1
98-92-76-999696-001-9912222272211222224 5 8  900000       0       0   2          1  1
49-42-81-839697-001-9912222272221222224 5 8       0       0       0   2          1  1
89-96-24-819698-001-9922122241222222221 6         0       0       0   1 8    2019   2
71-52-25-989699-001-9912212171212222221 6         0       0       0   116    2020   2
64-47-08-139700-001-9912112221111122221 5   1440000       0       0   111    2016   2
11-00-69-589701-001-9912222271221222224 5         0       0       0   116    2020   1
69-39-91-479702-001-9912212272221222224 5 6       0       0       0   2          1  1
99-79-54-129703-001-9922122272221222224 5         0       0       0   2          1  2
94-31-69-079708-001-9912112121211112124 4 5       0       0       0   2          1  2
36-47-82-919709-001-9912112221111222224 5 6       0       0       0   2          1  1
11-57-47-009710-001-9912222272221222224 3 5  120000       0       0   2          1  1
19-66-51-649711-001-9912222272222221227 6         0       0       0   110    2019   2
30-84-43-029712-001-9922122271212222221 310       0 6000000       0   116    2000   2
03-73-09-219713-001-9912222272212222223 2 5       0       0       0   2          1  2
50-53-03-329714-001-9912212241111212224 1 8       0       0       0   11721  1996   1
07-90-24-769715-001-9922212242221222224 1 8       0       0       0   2          1  1
32-22-11-909720-001-9912222271211222224 6         0       0       0   2          1  1
69-91-82-539721-001-9912212221121122224 6 7 6120000 4800000       0   1 8    2002   1
39-37-74-479722-001-9912112271212222223 6         0       0       0   116    2012   2
25-71-64-419723-001-9912212221211222126 6 7       0       0 1200000   116    2020   1
28-08-01-069724-001-9922212221222122221 5         0       0       0   11617232015   2
69-99-67-859725-001-9912112271111211124 5 6 1940000       0       0   1 816  2019   1
80-28-71-849726-001-9922112211212222223 5 6       0       0       0   1 8    2017   2
30-02-37-559727-001-9912222211222221227 5 6       0       0       0   1 816  2014   1
05-90-69-089732-001-9912222172222122225 5         0       0       0   2          7  2
27-72-43-689733-001-9922122241211122221 5         0       0       0   2          7  2
04-71-14-269734-001-9912222272221222224 5 8       0       0       0   2          1  1
01-23-62-909735-001-9912222242212222223 5         0       0       0   116    2010   2
81-03-55-019736-001-9922122211212222223 4 5  500000       0       0   116    2015   2
82-81-94-299737-001-9912212221111112221 1 5       0       0       0   116    2005   2
28-36-58-799738-001-9912122242212222223 5         0       0       0   2          1  1
36-84-33-479739-001-9912222272221222224 5    150000       0       0   116    2019   1
14-15-07-419744-001-9912222222222122225 6         0       0       0   1 8    2016   2
71-25-43-349746-001-9912222272212222223 610       0       0       0   116    2018   2
17-36-90-019747-001-9922212272212222223 6         0       0       0   2          1  1
72-22-36-859748-001-9912222241111222221 6         0       0       0   2          1  2
94-94-49-979749-001-9912222272211212224 5         0       0       0   116    2006   2
87-96-81-349750-001-9912212271211222221 7         0       0       0   2          1  2
88-19-12-919751-001-9912222272212222223 6         0       0       0   2          1  2
05-83-74-469752-001-9912122271221222221 6         0       0       0   2          1  1
78-94-96-399756-001-9912222271111112224 5 6  360000       0       0   1 8    2020   2
65-43-30-379757-001-99222222            510  540000       0       0   2          6  2
03-71-05-539758-001-9912222272221222224 5 6       0       0       0   2          1  2
44-49-29-659759-001-9922122272221222224 6         0       0       0   2          1  1
86-00-09-019760-001-9912122271221222224 6         0       0       0   2          1  2
65-80-43-679761-001-9912222221221222223 5         0       0       0   2          1  2
82-04-17-479762-001-9912222272221222224 8         0       0       0   2          1  1
84-89-99-929763-001-9912122272211222224 6 8       0       0       0   2          1  1
97-13-36-539768-001-9912222272221211226 6         0       0       0   2          1  2
90-80-56-609769-001-9912222271211122225 5 6       0       0       0   1 8    2020   2
00-42-70-199770-001-99222222            5         0       0       0   2          1  2
17-81-03-349771-001-9912222271211222221 6         0       0       0   2          1  2
42-75-55-889772-001-9912222272221222224 6         0       0       0   2          1  2
28-41-86-329773-001-99222222            6         0       0       0   2          1  2
60-11-08-529774-001-9912122272211222221 5         0       0       0   2          1  2
59-52-95-149775-001-9912222141211222221 6         0       0       0   2          1  2
15-41-45-909780-001-9922122272211222223 5 7       0       0       0   2          1  2
66-10-45-079781-001-9922122272221222224 6         0       0   50000   2          1  1
19-31-52-909782-001-9912122221211222224 5 6       0       0       0   2          1  1
93-62-56-559783-001-9912222272221222214 6    480000       0       0   2          1  2
33-73-61-899784-001-9912122231211121126 5         0       0       0   2          6  2
77-51-67-909785-001-9912122171211111224 5 6       0       0       0   1 816  2006   2
53-69-68-739786-001-9922112271211222224 5         0       0       0   116    2019   2
77-84-56-439787-001-9912122241111222221 6         0       0       0   1 8    2014   2
98-86-77-989792-001-9912122221211111224 6         0       0       0   2          1  2
98-03-36-049793-001-9912222272221222224 5 6       0       0       0   2          1  2
69-79-11-489794-001-9922122142221222224 5 8       0       0       0   1 8    2020   2
71-95-93-919795-001-9922122272212222223 6 8       0       0       0   116    2017   1
74-29-17-179796-001-9912222272211222223 2 6       0       0       0   2          1  2
17-76-71-169797-001-9912222272212222223 6         0       0       0   2          1  2
34-27-07-409798-001-9912122271211222224 6         0       0       0   2          1  2
17-67-02-709799-001-9912122221111212221 1 6       0       0       0   2          1  2
37-31-85-089804-001-9912222272211222223 610  600000       0       0   111    2015   2
30-23-58-069805-001-9912122272222212226 5         0       0       0   116    2019   2
95-44-04-709806-001-9912222271112212126 1 5       0       0       0   2          7  2
95-36-33-739807-001-99222222            6         0       0       0   2          1  1
77-02-54-159808-001-99222222            6         0       0       0   1 8    2019   2
00-39-27-139809-001-99222222            6 8       0       0       0   2          1  1
74-40-98-589810-001-9912222241221222224 5         0       0       0   2          1  2
53-69-11-309811-001-9912122271212222223 4         0       0       0   2          1  2
